SRA_ID	Name	BioProject	SNPversity ID
ERR10235200	S50676	PRJEB56265	S50676_ERR10235200
ERR10235203	S68911	PRJEB56265	S68911_ERR10235203
ERR10238125	S160	PRJEB56265	S160_ERR10238125
ERR10288611	YU796NS	PRJEB56320	YU796NS_ERR10288611
ERR10288612	YELLOW3-4	PRJEB56320	YELLOW3-4_ERR10288612
ERR10288613	W816G	PRJEB56320	W816G_ERR10288613
ERR10288614	W818G	PRJEB56320	W818G_ERR10288614
ERR10288615	VA52	PRJEB56320	VA52_ERR10288615
ERR10288616	YONG28	PRJEB56320	YONG28_ERR10288616
ERR10288617	W601S	PRJEB56320	W601S_ERR10288617
ERR10288618	YANG	PRJEB56320	YANG_ERR10288618
ERR10288619	SD15	PRJEB56320	SD15_ERR10288619
ERR10288620	T141	PRJEB56320	T141_ERR10288620
ERR10288621	YE-CHI-HUNG	PRJEB56320	YE-CHI-HUNG_ERR10288621
ERR10288622	W802G	PRJEB56320	W802G_ERR10288622
ERR10288623	W703	PRJEB56320	W703_ERR10288623
ERR10288624	ZS1791	PRJEB56320	ZS1791_ERR10288624
ERR10288625	S-56	PRJEB56320	S-56_ERR10288625
ERR10288626	T146	PRJEB56320	T146_ERR10288626
ERR10288627	TR	PRJEB56320	TR_ERR10288627
ERR10288628	T9	PRJEB56320	T9_ERR10288628
ERR10288629	TZU-CHIAO-HSI-W	PRJEB56320	TZU-CHIAO-HSI-W_ERR10288629
ERR10288630	VA38	PRJEB56320	VA38_ERR10288630
ERR10288632	U-123	PRJEB56320	U-123_ERR10288632
ERR10288633	SG-30A	PRJEB56320	SG-30A_ERR10288633
ERR10288634	SEAGULLSEVENTEE	PRJEB56320	SEAGULLSEVENTEE_ERR10288634
ERR10288635	SD42	PRJEB56320	SD42_ERR10288635
ERR10288636	YE4	PRJEB56320	YE4_ERR10288636
ERR10288637	R30	PRJEB56320	R30_ERR10288637
ERR10288638	PHTD5	PRJEB56320	PHTD5_ERR10288638
ERR10288640	PHV07	PRJEB56320	PHV07_ERR10288640
ERR10288641	R197	PRJEB56320	R197_ERR10288641
ERR10288642	R134	PRJEB56320	R134_ERR10288642
ERR10289252	PHWRZ	PRJEB56320	PHWRZ_ERR10289252
ERR10289277	PHT73	PRJEB56320	PHT73_ERR10289277
ERR10289278	PHJ90	PRJEB56320	PHJ90_ERR10289278
ERR10289279	R101	PRJEB56320	R101_ERR10289279
ERR10289280	PHR61	PRJEB56320	PHR61_ERR10289280
ERR10289281	PHW06	PRJEB56320	PHW06_ERR10289281
ERR10289282	PHN18	PRJEB56320	PHN18_ERR10289282
ERR10289283	PHTE4	PRJEB56320	PHTE4_ERR10289283
ERR10289284	PHHB9	PRJEB56320	PHHB9_ERR10289284
ERR10289285	PHHB4	PRJEB56320	PHHB4_ERR10289285
ERR10289286	PHN41	PRJEB56320	PHN41_ERR10289286
ERR10289287	R53	PRJEB56320	R53_ERR10289287
ERR10289288	PHRE1	PRJEB56320	PHRE1_ERR10289288
ERR10289289	PHGG7	PRJEB56320	PHGG7_ERR10289289
ERR10289291	PHEM7	PRJEB56320	PHEM7_ERR10289291
ERR10289292	R225	PRJEB56320	R225_ERR10289292
ERR10289293	PHEW7	PRJEB56320	PHEW7_ERR10289293
ERR10289294	PHFA5	PRJEB56320	PHFA5_ERR10289294
ERR10289295	PHEM9	PRJEB56320	PHEM9_ERR10289295
ERR10289296	PHGV6	PRJEB56320	PHGV6_ERR10289296
ERR10289297	PHDD6	PRJEB56320	PHDD6_ERR10289297
ERR10289298	PHJ65	PRJEB56320	PHJ65_ERR10289298
ERR10289299	PHAW6	PRJEB56320	PHAW6_ERR10289299
ERR10289300	PA405	PRJEB56320	PA405_ERR10289300
ERR10289301	PA778	PRJEB56320	PA778_ERR10289301
ERR10289302	OQ601	PRJEB56320	OQ601_ERR10289302
ERR10289303	OQ101	PRJEB56320	OQ101_ERR10289303
ERR10289304	PA468	PRJEB56320	PA468_ERR10289304
ERR10289305	PH5HK	PRJEB56320	PH5HK_ERR10289305
ERR10289306	PA392	PRJEB56320	PA392_ERR10289306
ERR10289307	NY_166__NEVEH_Y	PRJEB56320	NY_166__NEVEH_Y_ERR10289307
ERR10289308	NY159_NEVEHYAAR	PRJEB56320	NY159_NEVEHYAAR_ERR10289308
ERR10289309	OH3167B	PRJEB56320	OH3167B_ERR10289309
ERR10289310	OS426	PRJEB56320	OS426_ERR10289310
ERR10289311	PA891	PRJEB56320	PA891_ERR10289311
ERR10289312	NP87	PRJEB56320	NP87_ERR10289312
ERR10289313	NQ402	PRJEB56320	NQ402_ERR10289313
ERR10289314	NO-380	PRJEB56320	NO-380_ERR10289314
ERR10289315	NORTH7	PRJEB56320	NORTH7_ERR10289315
ERR10289316	NKBCC03	PRJEB56320	NKBCC03_ERR10289316
ERR10289317	NKNP901	PRJEB56320	NKNP901_ERR10289317
ERR10289318	NK907	PRJEB56320	NK907_ERR10289318
ERR10289319	NK794	PRJEB56320	NK794_ERR10289319
ERR10289320	ND262	PRJEB56320	ND262_ERR10289320
ERR10289322	ND287	PRJEB56320	ND287_ERR10289322
ERR10289323	ND251	PRJEB56320	ND251_ERR10289323
ERR10289324	ND283	PRJEB56320	ND283_ERR10289324
ERR10289325	ND260	PRJEB56320	ND260_ERR10289325
ERR10289326	ND167	PRJEB56320	ND167_ERR10289326
ERR10289327	ND245	PRJEB56320	ND245_ERR10289327
ERR10289328	ND1	PRJEB56320	ND1_ERR10289328
ERR10289329	ND249	PRJEB56320	ND249_ERR10289329
ERR10289330	N216	PRJEB56320	N216_ERR10289330
ERR10289331	ND230	PRJEB56320	ND230_ERR10289331
ERR10289332	NC13	PRJEB56320	NC13_ERR10289332
ERR10289333	N538	PRJEB56320	N538_ERR10289333
ERR10289334	N545	PRJEB56320	N545_ERR10289334
ERR10289335	N534	PRJEB56320	N534_ERR10289335
ERR10289336	MS223	PRJEB56320	MS223_ERR10289336
ERR10289337	N540	PRJEB56320	N540_ERR10289337
ERR10289338	MS106	PRJEB56320	MS106_ERR10289338
ERR10289339	MS222	PRJEB56320	MS222_ERR10289339
ERR10289341	MO7	PRJEB56320	MO7_ERR10289341
ERR10289342	N199	PRJEB56320	N199_ERR10289342
ERR10289343	MS12	PRJEB56320	MS12_ERR10289343
ERR10289344	MO3	PRJEB56320	MO3_ERR10289344
ERR10289345	MO39	PRJEB56320	MO39_ERR10289345
ERR10289346	MS142	PRJEB56320	MS142_ERR10289346
ERR10289347	MO28W	PRJEB56320	MO28W_ERR10289347
ERR10289348	MO16W	PRJEB56320	MO16W_ERR10289348
ERR10289349	MO30W	PRJEB56320	MO30W_ERR10289349
ERR10289350	MO5	PRJEB56320	MO5_ERR10289350
ERR10289351	MO23W	PRJEB56320	MO23W_ERR10289351
ERR10289352	MO15W	PRJEB56320	MO15W_ERR10289352
ERR10289354	MO13	PRJEB56320	MO13_ERR10289354
ERR10289355	LP1NRHT	PRJEB56320	LP1NRHT_ERR10289355
ERR10289356	LH284	PRJEB56320	LH284_ERR10289356
ERR10289357	LH225	PRJEB56320	LH225_ERR10289357
ERR10289358	LH212HT	PRJEB56320	LH212HT_ERR10289358
ERR10289359	LH218	PRJEB56320	LH218_ERR10289359
ERR10289360	LH299	PRJEB56320	LH299_ERR10289360
ERR10289361	LH217	PRJEB56320	LH217_ERR10289361
ERR10289362	LH250	PRJEB56320	LH250_ERR10289362
ERR10289363	LH252	PRJEB56320	LH252_ERR10289363
ERR10289364	LH210	PRJEB56320	LH210_ERR10289364
ERR10289365	LH260	PRJEB56320	LH260_ERR10289365
ERR10289366	LH231	PRJEB56320	LH231_ERR10289366
ERR10289367	LH175	PRJEB56320	LH175_ERR10289367
ERR10289368	LH189HT	PRJEB56320	LH189HT_ERR10289368
ERR10289975	LH183	PRJEB56320	LH183_ERR10289975
ERR10289976	LH163	PRJEB56320	LH163_ERR10289976
ERR10289977	LH188	PRJEB56320	LH188_ERR10289977
ERR10289978	LH169HT	PRJEB56320	LH169HT_ERR10289978
ERR10290059	LH167	PRJEB56320	LH167_ERR10290059
ERR10290060	LH159	PRJEB56320	LH159_ERR10290060
ERR10290061	LH186	PRJEB56320	LH186_ERR10290061
ERR10290062	L222	PRJEB56320	L222_ERR10290062
ERR10290063	L155	PRJEB56320	L155_ERR10290063
ERR10290064	KO679Y	PRJEB56320	KO679Y_ERR10290064
ERR10290065	L289	PRJEB56320	L289_ERR10290065
ERR10290066	K155	PRJEB56320	K155_ERR10290066
ERR10290067	K201	PRJEB56320	K201_ERR10290067
ERR10290068	INBRED305	PRJEB56320	INBRED305_ERR10290068
ERR10290069	LH164	PRJEB56320	LH164_ERR10290069
ERR10290070	INBRED309	PRJEB56320	INBRED309_ERR10290070
ERR10290071	INBRED_321	PRJEB56320	INBRED_321_ERR10290071
ERR10290072	IL778D	PRJEB56320	IL778D_ERR10290072
ERR10290073	INBRED141	PRJEB56320	INBRED141_ERR10290073
ERR10290074	ICI986	PRJEB56320	ICI986_ERR10290074
ERR10290075	INBRED_109	PRJEB56320	INBRED_109_ERR10290075
ERR10290076	I159	PRJEB56320	I159_ERR10290076
ERR10290077	INBRED2-687	PRJEB56320	INBRED2-687_ERR10290077
ERR10290078	IL101T	PRJEB56320	IL101T_ERR10290078
ERR10290079	INBRED_100	PRJEB56320	INBRED_100_ERR10290079
ERR10290080	H124W	PRJEB56320	H124W_ERR10290080
ERR10290081	H52	PRJEB56320	H52_ERR10290081
ERR10290082	H122W	PRJEB56320	H122W_ERR10290082
ERR10290083	HI26	PRJEB56320	HI26_ERR10290083
ERR10290084	ICI740	PRJEB56320	ICI740_ERR10290084
ERR10290085	G22T122	PRJEB56320	G22T122_ERR10290085
ERR10290086	HI28	PRJEB56320	HI28_ERR10290086
ERR10290087	FE	PRJEB56320	FE_ERR10290087
ERR10290088	H14	PRJEB56320	H14_ERR10290088
ERR10290089	ICI893	PRJEB56320	ICI893_ERR10290089
ERR10290090	ICI441	PRJEB56320	ICI441_ERR10290090
ERR10290091	DK84BRQ4	PRJEB56320	DK84BRQ4_ERR10290091
ERR10290092	DK6F545	PRJEB56320	DK6F545_ERR10290092
ERR10290093	DK8F196	PRJEB56320	DK8F196_ERR10290093
ERR10290094	GE54	PRJEB56320	GE54_ERR10290094
ERR10290095	F44	PRJEB56320	F44_ERR10290095
ERR10290096	CO236	PRJEB56320	CO236_ERR10290096
ERR10290097	G3T5A	PRJEB56320	G3T5A_ERR10290097
ERR10290098	GE129	PRJEB56320	GE129_ERR10290098
ERR10290099	ENG-LICHIH	PRJEB56320	ENG-LICHIH_ERR10290099
ERR10290100	DKMFD-13D	PRJEB56320	DKMFD-13D_ERR10290100
ERR10290101	F115	PRJEB56320	F115_ERR10290101
ERR10290102	DKNL001	PRJEB56320	DKNL001_ERR10290102
ERR10290103	DK8M129	PRJEB56320	DK8M129_ERR10290103
ERR10290104	ICI193	PRJEB56320	ICI193_ERR10290104
ERR10290105	DKMBZA	PRJEB56320	DKMBZA_ERR10290105
ERR10290106	DKF274	PRJEB56320	DKF274_ERR10290106
ERR10290107	IA453	PRJEB56320	IA453_ERR10290107
ERR10290108	DKWDAD1	PRJEB56320	DKWDAD1_ERR10290108
ERR10290109	DK8M116	PRJEB56320	DK8M116_ERR10290109
ERR10290110	IA5125B	PRJEB56320	IA5125B_ERR10290110
ERR10290111	DK3IIH6	PRJEB56320	DK3IIH6_ERR10290111
ERR10290112	CSJ3	PRJEB56320	CSJ3_ERR10290112
ERR10290113	CL17	PRJEB56320	CL17_ERR10290113
ERR10290114	CQ806	PRJEB56320	CQ806_ERR10290114
ERR10290115	CI91B	PRJEB56320	CI91B_ERR10290115
ERR10290116	CO256	PRJEB56320	CO256_ERR10290116
ERR10290117	CI90C	PRJEB56320	CI90C_ERR10290117
ERR10290118	CS608	PRJEB56320	CS608_ERR10290118
ERR10290119	CO245	PRJEB56320	CO245_ERR10290119
ERR10290120	CO192	PRJEB56320	CO192_ERR10290120
ERR10290121	CO237	PRJEB56320	CO237_ERR10290121
ERR10290122	CO216	PRJEB56320	CO216_ERR10290122
ERR10290123	BEI10-NORTH10	PRJEB56320	BEI10-NORTH10_ERR10290123
ERR10290747	CM99	PRJEB56320	CM99_ERR10290747
ERR10290748	B99	PRJEB56320	B99_ERR10290748
ERR10290749	CML395	PRJEB56320	CML395_ERR10290749
ERR10290750	CO158	PRJEB56320	CO158_ERR10290750
ERR10290751	CL27	PRJEB56320	CL27_ERR10290751
ERR10290752	B42	PRJEB56320	B42_ERR10290752
ERR10290753	B54	PRJEB56320	B54_ERR10290753
ERR10290754	CM48	PRJEB56320	CM48_ERR10290754
ERR10290755	CO117	PRJEB56320	CO117_ERR10290755
ERR10290756	CI540	PRJEB56320	CI540_ERR10290756
ERR10290757	C42	PRJEB56320	C42_ERR10290757
ERR10290758	CG10	PRJEB56320	CG10_ERR10290758
ERR10290759	C68	PRJEB56320	C68_ERR10290759
ERR10290760	A96	PRJEB56320	A96_ERR10290760
ERR10290761	CHI-TAN120	PRJEB56320	CHI-TAN120_ERR10290761
ERR10290762	A651	PRJEB56320	A651_ERR10290762
ERR10290763	C102	PRJEB56320	C102_ERR10290763
ERR10290764	C15	PRJEB56320	C15_ERR10290764
ERR10290765	CI40H	PRJEB56320	CI40H_ERR10290765
ERR10290766	B91	PRJEB56320	B91_ERR10290766
ERR10290767	B90	PRJEB56320	B90_ERR10290767
ERR10290769	A171	PRJEB56320	A171_ERR10290769
ERR10290773	B101	PRJEB56320	B101_ERR10290773
ERR10290776	A155	PRJEB56320	A155_ERR10290776
ERR10290778	B-18_INBR_FR_SU	PRJEB56320	B-18_INBR_FR_SU_ERR10290778
ERR10290780	AM0776	PRJEB56320	AM0776_ERR10290780
ERR10290781	B106	PRJEB56320	B106_ERR10290781
ERR10290786	A15	PRJEB56320	A15_ERR10290786
ERR10290789	A673	PRJEB56320	A673_ERR10290789
ERR10290790	A12	PRJEB56320	A12_ERR10290790
ERR10290791	A662	PRJEB56320	A662_ERR10290791
ERR10290794	AR228	PRJEB56320	AR228_ERR10290794
ERR10290797	AH83	PRJEB56320	AH83_ERR10290797
ERR10290799	A508	PRJEB56320	A508_ERR10290799
ERR10290801	A3G-3-3-1-313	PRJEB56320	A3G-3-3-1-313_ERR10290801
ERR10290802	A415-1-3-INBRED	PRJEB56320	A415-1-3-INBRED_ERR10290802
ERR10290803	A344	PRJEB56320	A344_ERR10290803
ERR10290806	4F-234BX4	PRJEB56320	4F-234BX4_ERR10290806
ERR10290809	80-2	PRJEB56320	80-2_ERR10290809
ERR10290812	4F-306_108	PRJEB56320	4F-306_108_ERR10290812
ERR10290814	904	PRJEB56320	904_ERR10290814
ERR10290815	4554_INBRED	PRJEB56320	4554_INBRED_ERR10290815
ERR10290816	52220	PRJEB56320	52220_ERR10290816
ERR10290818	4578INBRED	PRJEB56320	4578INBRED_ERR10290818
ERR11202955	Par_N16	PRJEB61159	Par_N16_ERR11202955
ERR1462650	A374_inra	PRJEB14212	A374_inra_ERR1462650
ERR1462651	AR210_inra	PRJEB14212	AR210_inra_ERR1462651
ERR1462652	Ak3_inra	PRJEB14212	Ak3_inra_ERR1462652
ERR1462653	CH10-4_ethz	PRJEB14212	CH10-4_ethz_ERR1462653
ERR1462654	CH19-1_ethz	PRJEB14212	CH19-1_ethz_ERR1462654
ERR1462655	CH34_ethz	PRJEB14212	CH34_ethz_ERR1462655
ERR1462656	CH36_ethz	PRJEB14212	CH36_ethz_ERR1462656
ERR1462657	CH446A_ethz	PRJEB14212	CH446A_ethz_ERR1462657
ERR1462658	CO109_inra	PRJEB14212	CO109_inra_ERR1462658
ERR1462659	CQ502_inra	PRJEB14212	CQ502_inra_ERR1462659
ERR1462660	EP4_csic	PRJEB14212	EP4_csic_ERR1462660
ERR1462661	EP80_csic	PRJEB14212	EP80_csic_ERR1462661
ERR1462662	EV18_csic	PRJEB14212	EV18_csic_ERR1462662
ERR1462663	EZ4_csic	PRJEB14212	EZ4_csic_ERR1462663
ERR1462664	F48_inra	PRJEB14212	F48_inra_ERR1462664
ERR1462666	F759_inra	PRJEB14212	F759_inra_ERR1462666
ERR1462667	GA219_inra	PRJEB14212	GA219_inra_ERR1462667
ERR1462668	FV1_inra	PRJEB14212	FV1_inra_ERR1462668
ERR1462669	FV70_inra	PRJEB14212	FV70_inra_ERR1462669
ERR1462670	FV72_inra	PRJEB14212	FV72_inra_ERR1462670
ERR1462671	FV76_inra	PRJEB14212	FV76_inra_ERR1462671
ERR1462672	F39_inra	PRJEB14212	F39_inra_ERR1462672
ERR1462673	FC16_inra	PRJEB14212	FC16_inra_ERR1462673
ERR1462674	FC24_inra	PRJEB14212	FC24_inra_ERR1462674
ERR1462675	FC673_inra	PRJEB14212	FC673_inra_ERR1462675
ERR1462676	FC25_inra	PRJEB14212	FC25_inra_ERR1462676
ERR1462677	Mo15W_inra	PRJEB14212	Mo15W_inra_ERR1462677
ERR1462678	N22_inra	PRJEB14212	N22_inra_ERR1462678
ERR1462679	N6_inra	PRJEB14212	N6_inra_ERR1462679
ERR1462680	NC222_inra	PRJEB14212	NC222_inra_ERR1462680
ERR1462682	ND1_inra	PRJEB14212	ND1_inra_ERR1462682
ERR1462683	ND283_inra	PRJEB14212	ND283_inra_ERR1462683
ERR1462684	ND30_inra	PRJEB14212	ND30_inra_ERR1462684
ERR1462686	NY303_inra	PRJEB14212	NY303_inra_ERR1462686
ERR1462687	NYS302_inra	PRJEB14212	NYS302_inra_ERR1462687
ERR1462688	PB18_inra	PRJEB14212	PB18_inra_ERR1462688
ERR1462690	PB79-2_inra	PRJEB14212	PB79-2_inra_ERR1462690
ERR1462691	PB86_inra	PRJEB14212	PB86_inra_ERR1462691
ERR1462692	PLS14_inra	PRJEB14212	PLS14_inra_ERR1462692
ERR1462693	PP147_inra	PRJEB14212	PP147_inra_ERR1462693
ERR1462694	RT9_inra	PRJEB14212	RT9_inra_ERR1462694
ERR1462695	UH_FF0721H_uh	PRJEB14212	UH_FF0721H_uh_ERR1462695
ERR1462696	Wf9_inra	PRJEB14212	Wf9_inra_ERR1462696
ERR1462697	WJ_inra	PRJEB14212	WJ_inra_ERR1462697
ERR1462698	ARZM01097_CIMMYT	PRJEB14212	ARZM01097_CIMMYT_ERR1462698
ERR1462699	ARZM07086_CIMMYT	PRJEB14212	ARZM07086_CIMMYT_ERR1462699
ERR1462700	MR25_JDHMV2	PRJEB14212	MR25_JDHMV2_ERR1462700
ERR1462701	MR05_JDHMV2	PRJEB14212	MR05_JDHMV2_ERR1462701
ERR1462702	MR07_JDHMV2	PRJEB14212	MR07_JDHMV2_ERR1462702
ERR1462703	MR18_JDHMV2	PRJEB14212	MR18_JDHMV2_ERR1462703
ERR1462704	MR09_JDHMV2	PRJEB14212	MR09_JDHMV2_ERR1462704
ERR1462705	SNLP305_CIMMYT	PRJEB14212	SNLP305_CIMMYT_ERR1462705
ERR1462706	PDZ37_SSD23	PRJEB14212	PDZ37_SSD23_ERR1462706
ERR1462707	PDZ676-103	PRJEB14212	PDZ676-103_ERR1462707
ERR1462708	PDZ666-102	PRJEB14212	PDZ666-102_ERR1462708
ERR1462709	EM1197_inra	PRJEB14212	EM1197_inra_ERR1462709
ERR1462710	EM1433_inra	PRJEB14212	EM1433_inra_ERR1462710
ERR1462711	EM1712_inra	PRJEB14212	EM1712_inra_ERR1462711
ERR1462712	EM2000_inra	PRJEB14212	EM2000_inra_ERR1462712
ERR1462713	PDZ668-101	PRJEB14212	PDZ668-101_ERR1462713
ERR1462714	PDZ689-201	PRJEB14212	PDZ689-201_ERR1462714
ERR1462715	PDZ741-101	PRJEB14212	PDZ741-101_ERR1462715
ERR1462716	PDZ737-101	PRJEB14212	PDZ737-101_ERR1462716
ERR1462717	MR23_JDHMV2	PRJEB14212	MR23_JDHMV2_ERR1462717
ERR1462718	PDZ682-101	PRJEB14212	PDZ682-101_ERR1462718
ERR1462719	MR08_JDHMV2	PRJEB14212	MR08_JDHMV2_ERR1462719
ERR1462720	MR01_JDHMV2	PRJEB14212	MR01_JDHMV2_ERR1462720
ERR3155224	Tzi8	PRJEB31061	Tzi8_ERR3155224
ERR3155516	Tzi8	PRJEB31061	Tzi8_ERR3155516
ERR3155517	Tzi8	PRJEB31061	Tzi8_ERR3155517
ERR3155518	Tzi8	PRJEB31061	Tzi8_ERR3155518
ERR3288215	B73_v5rep1	PRJEB32225	B73_v5rep1_ERR3288215
ERR3288216	B73_v5rep2	PRJEB32225	B73_v5rep2_ERR3288216
ERR3288217	B73_v5rep3	PRJEB32225	B73_v5rep3_ERR3288217
ERR3288218	B73_v5rep4	PRJEB32225	B73_v5rep4_ERR3288218
ERR3307809	B97rep1	PRJEB31061	B97rep1_ERR3307809
ERR3307810	B97rep2	PRJEB31061	B97rep2_ERR3307810
ERR3307811	B97rep3	PRJEB31061	B97rep3_ERR3307811
ERR3307812	B97rep4	PRJEB31061	B97rep4_ERR3307812
ERR3307829	CML69	PRJEB31061	CML69_ERR3307829
ERR3307830	CML69	PRJEB31061	CML69_ERR3307830
ERR3307831	CML69	PRJEB31061	CML69_ERR3307831
ERR3307832	CML69	PRJEB31061	CML69_ERR3307832
ERR3307833	CML103	PRJEB31061	CML103_ERR3307833
ERR3307834	CML103	PRJEB31061	CML103_ERR3307834
ERR3307835	CML103	PRJEB31061	CML103_ERR3307835
ERR3307836	CML103	PRJEB31061	CML103_ERR3307836
ERR3307837	CML228	PRJEB31061	CML228_ERR3307837
ERR3307838	CML228	PRJEB31061	CML228_ERR3307838
ERR3307839	CML228	PRJEB31061	CML228_ERR3307839
ERR3307840	CML228	PRJEB31061	CML228_ERR3307840
ERR3307841	CML247	PRJEB31061	CML247_ERR3307841
ERR3307842	CML247	PRJEB31061	CML247_ERR3307842
ERR3307843	CML247	PRJEB31061	CML247_ERR3307843
ERR3307844	CML247	PRJEB31061	CML247_ERR3307844
ERR3307845	CML277	PRJEB31061	CML277_ERR3307845
ERR3307846	CML277	PRJEB31061	CML277_ERR3307846
ERR3307847	CML277	PRJEB31061	CML277_ERR3307847
ERR3307848	CML277	PRJEB31061	CML277_ERR3307848
ERR3307849	CML322	PRJEB31061	CML322_ERR3307849
ERR3307850	CML322	PRJEB31061	CML322_ERR3307850
ERR3307851	CML322	PRJEB31061	CML322_ERR3307851
ERR3307852	CML322	PRJEB31061	CML322_ERR3307852
ERR3307853	CML333	PRJEB31061	CML333_ERR3307853
ERR3307854	CML333	PRJEB31061	CML333_ERR3307854
ERR3307855	CML333	PRJEB31061	CML333_ERR3307855
ERR3307856	CML333	PRJEB31061	CML333_ERR3307856
ERR3307857	Hp301	PRJEB31061	Hp301_ERR3307857
ERR3307866	Il14H	PRJEB31061	Il14H_ERR3307866
ERR3307867	Il14H	PRJEB31061	Il14H_ERR3307867
ERR3307868	Il14H	PRJEB31061	Il14H_ERR3307868
ERR3307869	Il14H	PRJEB31061	Il14H_ERR3307869
ERR3307874	Ki3	PRJEB31061	Ki3_ERR3307874
ERR3307875	Ki3	PRJEB31061	Ki3_ERR3307875
ERR3307876	Ki3	PRJEB31061	Ki3_ERR3307876
ERR3307877	Ki3	PRJEB31061	Ki3_ERR3307877
ERR3307878	Ki11	PRJEB31061	Ki11_ERR3307878
ERR3307879	Ky21	PRJEB31061	Ky21_ERR3307879
ERR3307880	Ky21	PRJEB31061	Ky21_ERR3307880
ERR3307881	Ky21	PRJEB31061	Ky21_ERR3307881
ERR3307882	Ky21	PRJEB31061	Ky21_ERR3307882
ERR3307883	M162W	PRJEB31061	M162W_ERR3307883
ERR3307884	M37W	PRJEB31061	M37W_ERR3307884
ERR3307885	Mo18W	PRJEB31061	Mo18W_ERR3307885
ERR3307886	MS71	PRJEB31061	MS71_ERR3307886
ERR3307887	MS71	PRJEB31061	MS71_ERR3307887
ERR3307888	MS71	PRJEB31061	MS71_ERR3307888
ERR3307889	MS71	PRJEB31061	MS71_ERR3307889
ERR3307890	NC350	PRJEB31061	NC350_ERR3307890
ERR3307891	NC350	PRJEB31061	NC350_ERR3307891
ERR3307892	NC350	PRJEB31061	NC350_ERR3307892
ERR3307893	NC350	PRJEB31061	NC350_ERR3307893
ERR3307894	Oh43	PRJEB31061	Oh43_ERR3307894
ERR3307895	Oh43	PRJEB31061	Oh43_ERR3307895
ERR3307896	Oh43	PRJEB31061	Oh43_ERR3307896
ERR3307897	Oh43	PRJEB31061	Oh43_ERR3307897
ERR3307898	Oh7B	PRJEB31061	Oh7B_ERR3307898
ERR3307899	Oh7B	PRJEB31061	Oh7B_ERR3307899
ERR3307900	Oh7B	PRJEB31061	Oh7B_ERR3307900
ERR3307901	Oh7B	PRJEB31061	Oh7B_ERR3307901
ERR3307902	P39	PRJEB31061	P39_ERR3307902
ERR3307903	P39	PRJEB31061	P39_ERR3307903
ERR3307904	P39	PRJEB31061	P39_ERR3307904
ERR3307905	P39	PRJEB31061	P39_ERR3307905
ERR3307906	Tx303	PRJEB31061	Tx303_ERR3307906
ERR3307907	Tx303	PRJEB31061	Tx303_ERR3307907
ERR3307908	Tx303	PRJEB31061	Tx303_ERR3307908
ERR3307909	Tx303	PRJEB31061	Tx303_ERR3307909
SRR11301547	Dong46	PRJNA609577	Dong46_SRR11301547
SRR11301548	Dong46	PRJNA609577	Dong46_SRR11301548
SRR11301551	3IBZ2	PRJNA609577	3IBZ2_SRR11301551
SRR11301553	Lx9801	PRJNA609577	Lx9801_SRR11301553
SRR11301554	Lx9801	PRJNA609577	Lx9801_SRR11301554
SRR11301555	Lx9801	PRJNA609577	Lx9801_SRR11301555
SRR11301556	515	PRJNA609577	515_SRR11301556
SRR11301557	515	PRJNA609577	515_SRR11301557
SRR11301558	K12	PRJNA609577	K12_SRR11301558
SRR11301559	K12	PRJNA609577	K12_SRR11301559
SRR11301560	444	PRJNA609577	444_SRR11301560
SRR11301561	444	PRJNA609577	444_SRR11301561
SRR11301562	6F629	PRJNA609577	6F629_SRR11301562
SRR11301563	Jing7	PRJNA609577	Jing7_SRR11301563
SRR11301564	Jing7	PRJNA609577	Jing7_SRR11301564
SRR11301565	Ji853	PRJNA609577	Ji853_SRR11301565
SRR11301566	Ji853	PRJNA609577	Ji853_SRR11301566
SRR11301573	6F629	PRJNA609577	6F629_SRR11301573
SRR11301579	P138	PRJNA609577	P138_SRR11301579
SRR11301580	P138	PRJNA609577	P138_SRR11301580
SRR11301582	Shen137	PRJNA609577	Shen137_SRR11301582
SRR11301583	Shen137	PRJNA609577	Shen137_SRR11301583
SRR11301584	Qi319	PRJNA609577	Qi319_SRR11301584
SRR11301585	FBLA	PRJNA609577	FBLA_SRR11301585
SRR11301586	Qi319	PRJNA609577	Qi319_SRR11301586
SRR11301587	698_3	PRJNA609577	698_3_SRR11301587
SRR11301588	698_3	PRJNA609577	698_3_SRR11301588
SRR11301589	Longkang11	PRJNA609577	Longkang11_SRR11301589
SRR11301590	Longkang11	PRJNA609577	Longkang11_SRR11301590
SRR11301591	Huobai	PRJNA609577	Huobai_SRR11301591
SRR11301592	Huobai	PRJNA609577	Huobai_SRR11301592
SRR11301593	9058	PRJNA609577	9058_SRR11301593
SRR11301594	9058	PRJNA609577	9058_SRR11301594
SRR11301596	FBLA	PRJNA609577	FBLA_SRR11301596
SRR11301599	Huangyesi3	PRJNA609577	Huangyesi3_SRR11301599
SRR11301600	7884_7Ht	PRJNA609577	7884_7Ht_SRR11301600
SRR11301601	5005	PRJNA609577	5005_SRR11301601
SRR11301602	81162	PRJNA609577	81162_SRR11301602
SRR11301603	18_599	PRJNA609577	18_599_SRR11301603
SRR11301604	PHH93	PRJNA609577	PHH93_SRR11301604
SRR11301605	IBB14	PRJNA609577	IBB14_SRR11301605
SRR11301606	Aijin525	PRJNA609577	Aijin525_SRR11301606
SRR11301607	IBB14	PRJNA609577	IBB14_SRR11301607
SRR11301608	787	PRJNA609577	787_SRR11301608
SRR11301609	787	PRJNA609577	787_SRR11301609
SRR11301610	PHW30	PRJNA609577	PHW30_SRR11301610
SRR11301611	PHW30	PRJNA609577	PHW30_SRR11301611
SRR11301612	LH220Ht	PRJNA609577	LH220Ht_SRR11301612
SRR11301613	LH220Ht	PRJNA609577	LH220Ht_SRR11301613
SRR11301614	W23	PRJNA609577	W23_SRR11301614
SRR11301615	W23	PRJNA609577	W23_SRR11301615
SRR11301616	H84	PRJNA609577	H84_SRR11301616
SRR11301617	Yuanqi123	PRJNA609577	Yuanqi123_SRR11301617
SRR11301618	H84	PRJNA609577	H84_SRR11301618
SRR11301619	Va26	PRJNA609577	Va26_SRR11301619
SRR11301620	Va26	PRJNA609577	Va26_SRR11301620
SRR11301621	B76	PRJNA609577	B76_SRR11301621
SRR11301622	B76	PRJNA609577	B76_SRR11301622
SRR11301623	B95	PRJNA609577	B95_SRR11301623
SRR11301624	B95	PRJNA609577	B95_SRR11301624
SRR11301625	B100	PRJNA609577	B100_SRR11301625
SRR11301626	B100	PRJNA609577	B100_SRR11301626
SRR11301627	B73	PRJNA609577	B73_SRR11301627
SRR11301628	Qi35	PRJNA609577	Qi35_SRR11301628
SRR11301629	B73	PRJNA609577	B73_SRR11301629
SRR11301630	BZN	PRJNA609577	BZN_SRR11301630
SRR11301631	BZN	PRJNA609577	BZN_SRR11301631
SRR11301632	A632	PRJNA609577	A632_SRR11301632
SRR11301633	A632	PRJNA609577	A632_SRR11301633
SRR11301634	200B	PRJNA609577	200B_SRR11301634
SRR11301635	200B	PRJNA609577	200B_SRR11301635
SRR11301636	Zong3	PRJNA609577	Zong3_SRR11301636
SRR11301637	Zong3	PRJNA609577	Zong3_SRR11301637
SRR11301638	Zi330	PRJNA609577	Zi330_SRR11301638
SRR11301639	Yuanwu02	PRJNA609577	Yuanwu02_SRR11301639
SRR11301640	Zi330	PRJNA609577	Zi330_SRR11301640
SRR11301641	488	PRJNA609577	488_SRR11301641
SRR11301642	488	PRJNA609577	488_SRR11301642
SRR11301643	Xi14	PRJNA609577	Xi14_SRR11301643
SRR11301644	Xi14	PRJNA609577	Xi14_SRR11301644
SRR11301645	Tie7922	PRJNA609577	Tie7922_SRR11301645
SRR11301646	Tie7922	PRJNA609577	Tie7922_SRR11301646
SRR11301647	Ji842	PRJNA609577	Ji842_SRR11301647
SRR11301648	Ji842	PRJNA609577	Ji842_SRR11301648
SRR11301658	C102	PRJNA609577	C102_SRR11301658
SRR11301666	Tai184	PRJNA609577	Tai184_SRR11301666
SRR11301677	Hai1134	PRJNA609577	Hai1134_SRR11301677
SRR11301688	Cheng687	PRJNA609577	Cheng687_SRR11301688
SRR11301694	MS153	PRJNA609577	MS153_SRR11301694
SRR11301695	MS153	PRJNA609577	MS153_SRR11301695
SRR11301696	MS153	PRJNA609577	MS153_SRR11301696
SRR11301698	I159	PRJNA609577	I159_SRR11301698
SRR11301699	Xinaiguang10	PRJNA609577	Xinaiguang10_SRR11301699
SRR11301700	I159	PRJNA609577	I159_SRR11301700
SRR11301708	A334	PRJNA609577	A334_SRR11301708
SRR11301709	A334	PRJNA609577	A334_SRR11301709
SRR11301710	Dan341	PRJNA609577	Dan341_SRR11301710
SRR11301721	Dan99chang	PRJNA609577	Dan99chang_SRR11301721
SRR11301722	CM37	PRJNA609577	CM37_SRR11301722
SRR11301723	CM37	PRJNA609577	CM37_SRR11301723
SRR11301724	Mt42	PRJNA609577	Mt42_SRR11301724
SRR11301725	R168	PRJNA609577	R168_SRR11301725
SRR11301726	N28	PRJNA609577	N28_SRR11301726
SRR11301727	H95	PRJNA609577	H95_SRR11301727
SRR11301728	C123	PRJNA609577	C123_SRR11301728
SRR11301729	WF9	PRJNA609577	WF9_SRR11301729
SRR11301730	VA59	PRJNA609577	VA59_SRR11301730
SRR11301731	Va17	PRJNA609577	Va17_SRR11301731
SRR11301732	LD61	PRJNA609577	LD61_SRR11301732
SRR11301735	LH212Ht	PRJNA609577	LH212Ht_SRR11301735
SRR11301736	LH212Ht	PRJNA609577	LH212Ht_SRR11301736
SRR11301741	Wu105	PRJNA609577	Wu105_SRR11301741
SRR11301743	LH208	PRJNA609577	LH208_SRR11301743
SRR11301744	LH208	PRJNA609577	LH208_SRR11301744
SRR11301745	LH181	PRJNA609577	LH181_SRR11301745
SRR11301746	LH181	PRJNA609577	LH181_SRR11301746
SRR11301747	LH128	PRJNA609577	LH128_SRR11301747
SRR11301748	LH128	PRJNA609577	LH128_SRR11301748
SRR11301749	NL001	PRJNA609577	NL001_SRR11301749
SRR11301750	NL001	PRJNA609577	NL001_SRR11301750
SRR11301751	BCC03	PRJNA609577	BCC03_SRR11301751
SRR11301752	75_1	PRJNA609577	75_1_SRR11301752
SRR11301753	BCC03	PRJNA609577	BCC03_SRR11301753
SRR11301754	PHV07	PRJNA609577	PHV07_SRR11301754
SRR11301755	PHV07	PRJNA609577	PHV07_SRR11301755
SRR11301756	PHP76	PRJNA609577	PHP76_SRR11301756
SRR11301757	PHP76	PRJNA609577	PHP76_SRR11301757
SRR11301758	PHJ65	PRJNA609577	PHJ65_SRR11301758
SRR11301759	PHJ65	PRJNA609577	PHJ65_SRR11301759
SRR11301760	LH191	PRJNA609577	LH191_SRR11301760
SRR11301761	Nan21_3	PRJNA609577	Nan21_3_SRR11301761
SRR11301762	Zaodahuang	PRJNA609577	Zaodahuang_SRR11301762
SRR11301763	Chang72	PRJNA609577	Chang72_SRR11301763
SRR11301764	832	PRJNA609577	832_SRR11301764
SRR11301765	803	PRJNA609577	803_SRR11301765
SRR11301766	803	PRJNA609577	803_SRR11301766
SRR11301767	Wenhuang31413	PRJNA609577	Wenhuang31413_SRR11301767
SRR11301768	Wenhuang31413	PRJNA609577	Wenhuang31413_SRR11301768
SRR11301769	434	PRJNA609577	434_SRR11301769
SRR11301770	434	PRJNA609577	434_SRR11301770
SRR11301771	Hai014	PRJNA609577	Hai014_SRR11301771
SRR11301772	4112	PRJNA609577	4112_SRR11301772
SRR11301773	Ji876	PRJNA609577	Ji876_SRR11301773
SRR11301774	4F1	PRJNA609577	4F1_SRR11301774
SRR11301775	4F1	PRJNA609577	4F1_SRR11301775
SRR11301776	812	PRJNA609577	812_SRR11301776
SRR11301777	812	PRJNA609577	812_SRR11301777
SRR11301778	446	PRJNA609577	446_SRR11301778
SRR11301779	446	PRJNA609577	446_SRR11301779
SRR11301780	Yan414	PRJNA609577	Yan414_SRR11301780
SRR11301781	Yan414	PRJNA609577	Yan414_SRR11301781
SRR11301782	CI66	PRJNA609577	CI66_SRR11301782
SRR11301783	CI66	PRJNA609577	CI66_SRR11301783
SRR11301784	Dahuang46	PRJNA609577	Dahuang46_SRR11301784
SRR11301785	Oh7	PRJNA609577	Oh7_SRR11301785
SRR11301786	Oh7	PRJNA609577	Oh7_SRR11301786
SRR11301787	KY228	PRJNA609577	KY228_SRR11301787
SRR11301788	KY228	PRJNA609577	KY228_SRR11301788
SRR11301789	CM105	PRJNA609577	CM105_SRR11301789
SRR11301790	CM105	PRJNA609577	CM105_SRR11301790
SRR11301791	B57	PRJNA609577	B57_SRR11301791
SRR11301792	B57	PRJNA609577	B57_SRR11301792
SRR11301793	B69	PRJNA609577	B69_SRR11301793
SRR11301794	B69	PRJNA609577	B69_SRR11301794
SRR11301795	Hua94	PRJNA609577	Hua94_SRR11301795
SRR11301796	MO18W	PRJNA609577	MO18W_SRR11301796
SRR11301797	MO18W	PRJNA609577	MO18W_SRR11301797
SRR11301798	B64	PRJNA609577	B64_SRR11301798
SRR11301799	B64	PRJNA609577	B64_SRR11301799
SRR11301806	Liao2202	PRJNA609577	Liao2202_SRR11301806
SRR11301810	B8	PRJNA609577	B8_SRR11301810
SRR11301811	B8	PRJNA609577	B8_SRR11301811
SRR11301812	B8	PRJNA609577	B8_SRR11301812
SRR11301817	Lv10	PRJNA609577	Lv10_SRR11301817
SRR11301825	C46	PRJNA609577	C46_SRR11301825
SRR11301826	C46	PRJNA609577	C46_SRR11301826
SRR11301827	ND255	PRJNA609577	ND255_SRR11301827
SRR11301828	ND255	PRJNA609577	ND255_SRR11301828
SRR11301829	Baihe43	PRJNA609577	Baihe43_SRR11301829
SRR11301830	ND255	PRJNA609577	ND255_SRR11301830
SRR11301840	334_1	PRJNA609577	334_1_SRR11301840
SRR11301845	Qi205	PRJNA609577	Qi205_SRR11301845
SRR11301846	Qi205	PRJNA609577	Qi205_SRR11301846
SRR11301847	Zheng22	PRJNA609577	Zheng22_SRR11301847
SRR11301848	Zheng22	PRJNA609577	Zheng22_SRR11301848
SRR11301849	Dan340	PRJNA609577	Dan340_SRR11301849
SRR11301850	Dan340	PRJNA609577	Dan340_SRR11301850
SRR11301854	S37	PRJNA609577	S37_SRR11301854
SRR11301855	PHR30	PRJNA609577	PHR30_SRR11301855
SRR11301856	S37	PRJNA609577	S37_SRR11301856
SRR11301857	Ji63	PRJNA609577	Ji63_SRR11301857
SRR11301858	Ji63	PRJNA609577	Ji63_SRR11301858
SRR11301859	Dong237	PRJNA609577	Dong237_SRR11301859
SRR11301860	Dong237	PRJNA609577	Dong237_SRR11301860
SRR11301861	Chang3	PRJNA609577	Chang3_SRR11301861
SRR11301862	Chang3	PRJNA609577	Chang3_SRR11301862
SRR11301863	Lv9kuan	PRJNA609577	Lv9kuan_SRR11301863
SRR11301864	Lv9kuan	PRJNA609577	Lv9kuan_SRR11301864
SRR11301865	48_2	PRJNA609577	48_2_SRR11301865
SRR11301866	PHBA6	PRJNA609577	PHBA6_SRR11301866
SRR11301867	48_2	PRJNA609577	48_2_SRR11301867
SRR11301868	48_2	PRJNA609577	48_2_SRR11301868
SRR11301869	Luyuan92	PRJNA609577	Luyuan92_SRR11301869
SRR11301870	Luyuan92	PRJNA609577	Luyuan92_SRR11301870
SRR11301871	Luyuan92	PRJNA609577	Luyuan92_SRR11301871
SRR11301872	Dong46	PRJNA609577	Dong46_SRR11301872
SRR11301873	LH215	PRJNA609577	LH215_SRR11301873
SRR11301874	LH215	PRJNA609577	LH215_SRR11301874
SRR11301875	LH196	PRJNA609577	LH196_SRR11301875
SRR11301876	LH162	PRJNA609577	LH162_SRR11301876
SRR11301877	LH196	PRJNA609577	LH196_SRR11301877
SRR11301884	WIL_22	PRJNA609577	WIL_22_SRR11301884
SRR11301885	WIL_25	PRJNA609577	WIL_25_SRR11301885
SRR11301886	WIL_6	PRJNA609577	WIL_6_SRR11301886
SRR11301887	LH205	PRJNA609577	LH205_SRR11301887
SRR11301888	Lx03_2	PRJNA609577	Lx03_2_SRR11301888
SRR11301889	DH40	PRJNA609577	DH40_SRR11301889
SRR11301890	PH207	PRJNA609577	PH207_SRR11301890
SRR11301891	Y223	PRJNA609577	Y223_SRR11301891
SRR11301892	811A	PRJNA609577	811A_SRR11301892
SRR11301893	Fu8501	PRJNA609577	Fu8501_SRR11301893
SRR11301894	Luosu3	PRJNA609577	Luosu3_SRR11301894
SRR11301895	PHGG7	PRJNA609577	PHGG7_SRR11301895
SRR11301896	OQ101	PRJNA609577	OQ101_SRR11301896
SRR11301897	MQ305	PRJNA609577	MQ305_SRR11301897
SRR11301898	LH195	PRJNA609577	LH195_SRR11301898
SRR11301901	18_599	PRJNA609577	18_599_SRR11301901
SRR11301902	PHH93	PRJNA609577	PHH93_SRR11301902
SRR11301903	Lv28	PRJNA609577	Lv28_SRR11301903
SRR11301904	Lv28	PRJNA609577	Lv28_SRR11301904
SRR11301905	LH193	PRJNA609577	LH193_SRR11301905
SRR11301906	Zong31	PRJNA609577	Zong31_SRR11301906
SRR11301907	Zong31	PRJNA609577	Zong31_SRR11301907
SRR11301908	87_1	PRJNA609577	87_1_SRR11301908
SRR11301909	87_1	PRJNA609577	87_1_SRR11301909
SRR11301910	Wu109	PRJNA609577	Wu109_SRR11301910
SRR11301911	Wu109	PRJNA609577	Wu109_SRR11301911
SRR11301916	RS_710	PRJNA609577	RS_710_SRR11301916
SRR11301932	CS405	PRJNA609577	CS405_SRR11301932
SRR11301933	CS405	PRJNA609577	CS405_SRR11301933
SRR11301934	ICI_893	PRJNA609577	ICI_893_SRR11301934
SRR11301935	ICI_893	PRJNA609577	ICI_893_SRR11301935
SRR11301936	ICI_441	PRJNA609577	ICI_441_SRR11301936
SRR11301937	K14	PRJNA609577	K14_SRR11301937
SRR11301938	ICI_441	PRJNA609577	ICI_441_SRR11301938
SRR11301939	ICI_193	PRJNA609577	ICI_193_SRR11301939
SRR11301940	ICI_193	PRJNA609577	ICI_193_SRR11301940
SRR11301941	LH222	PRJNA609577	LH222_SRR11301941
SRR11301942	LH222	PRJNA609577	LH222_SRR11301942
SRR11301943	LH214	PRJNA609577	LH214_SRR11301943
SRR11301944	LH214	PRJNA609577	LH214_SRR11301944
SRR11301945	83IBI3	PRJNA609577	83IBI3_SRR11301945
SRR11301946	83IBI3	PRJNA609577	83IBI3_SRR11301946
SRR11301947	LIBC_4	PRJNA609577	LIBC_4_SRR11301947
SRR11301948	Weifeng322	PRJNA609577	Weifeng322_SRR11301948
SRR11301949	LIBC_4	PRJNA609577	LIBC_4_SRR11301949
SRR11301950	F118	PRJNA609577	F118_SRR11301950
SRR11301951	F118	PRJNA609577	F118_SRR11301951
SRR11301952	LH209	PRJNA609577	LH209_SRR11301952
SRR11301953	LH209	PRJNA609577	LH209_SRR11301953
SRR11301954	MBUB	PRJNA609577	MBUB_SRR11301954
SRR11301955	MBUB	PRJNA609577	MBUB_SRR11301955
SRR11301956	29MIBZ2	PRJNA609577	29MIBZ2_SRR11301956
SRR11301961	PHM81	PRJNA609577	PHM81_SRR11301961
SRR11301962	LH206	PRJNA609577	LH206_SRR11301962
SRR11301963	LH163	PRJNA609577	LH163_SRR11301963
SRR11301964	LH127	PRJNA609577	LH127_SRR11301964
SRR11301965	2FACC	PRJNA609577	2FACC_SRR11301965
SRR11301967	PHW43	PRJNA609577	PHW43_SRR11301967
SRR11301968	PHP55	PRJNA609577	PHP55_SRR11301968
SRR11301969	M14	PRJNA609577	M14_SRR11301969
SRR11301970	WIL_8	PRJNA609577	WIL_8_SRR11301970
SRR11301971	WIL_7	PRJNA609577	WIL_7_SRR11301971
SRR11301972	WIL_11	PRJNA609577	WIL_11_SRR11301972
SRR11301973	Baiye4	PRJNA609577	Baiye4_SRR11301973
SRR11301974	8723	PRJNA609577	8723_SRR11301974
SRR11301975	WIL_14	PRJNA609577	WIL_14_SRR11301975
SRR11301976	WIL_3	PRJNA609577	WIL_3_SRR11301976
SRR11301978	F42	PRJNA609577	F42_SRR11301978
SRR11301979	CT52C	PRJNA609577	CT52C_SRR11301979
SRR11301980	PHG35	PRJNA609577	PHG35_SRR11301980
SRR11301981	WIL_5	PRJNA609577	WIL_5_SRR11301981
SRR11301982	Mo24W	PRJNA609577	Mo24W_SRR11301982
SRR11301983	ML606	PRJNA609577	ML606_SRR11301983
SRR11301984	ML606	PRJNA609577	ML606_SRR11301984
SRR11301985	29MIBZ2	PRJNA609577	29MIBZ2_SRR11301985
SRR11301986	PHR58	PRJNA609577	PHR58_SRR11301986
SRR11301987	C103	PRJNA609577	C103_SRR11301987
SRR11301989	PHR58	PRJNA609577	PHR58_SRR11301989
SRR11301995	PHN66	PRJNA609577	PHN66_SRR11301995
SRR11301997	PHJ90	PRJNA609577	PHJ90_SRR11301997
SRR11301998	PHJ90	PRJNA609577	PHJ90_SRR11301998
SRR11301999	B14	PRJNA609577	B14_SRR11301999
SRR11302005	PHJ89	PRJNA609577	PHJ89_SRR11302005
SRR11302006	PHJ89	PRJNA609577	PHJ89_SRR11302006
SRR11302007	Lp215D	PRJNA609577	Lp215D_SRR11302007
SRR11302008	Lp215D	PRJNA609577	Lp215D_SRR11302008
SRR11302010	Aiji205	PRJNA609577	Aiji205_SRR11302010
SRR11302013	HuangC	PRJNA609577	HuangC_SRR11302013
SRR11302014	618	PRJNA609577	618_SRR11302014
SRR11302016	HuangC	PRJNA609577	HuangC_SRR11302016
SRR11302017	Ernan24	PRJNA609577	Ernan24_SRR11302017
SRR11302018	Ernan24	PRJNA609577	Ernan24_SRR11302018
SRR11302019	H21	PRJNA609577	H21_SRR11302019
SRR11302020	H21	PRJNA609577	H21_SRR11302020
SRR11302021	5237	PRJNA609577	5237_SRR11302021
SRR11302022	5237	PRJNA609577	5237_SRR11302022
SRR11302023	485	PRJNA609577	485_SRR11302023
SRR11302024	485	PRJNA609577	485_SRR11302024
SRR11302025	9010	PRJNA609577	9010_SRR11302025
SRR11302026	Longkang1	PRJNA609577	Longkang1_SRR11302026
SRR11302027	9010	PRJNA609577	9010_SRR11302027
SRR11302028	Dan360	PRJNA609577	Dan360_SRR11302028
SRR11302029	Dan360	PRJNA609577	Dan360_SRR11302029
SRR11302030	Liao9586	PRJNA609577	Liao9586_SRR11302030
SRR11302031	Liao9586	PRJNA609577	Liao9586_SRR11302031
SRR11302032	Si273	PRJNA609577	Si273_SRR11302032
SRR11302033	Si273	PRJNA609577	Si273_SRR11302033
SRR11302034	Ying64	PRJNA609577	Ying64_SRR11302034
SRR11302035	Ying64	PRJNA609577	Ying64_SRR11302035
SRR11302036	Dian11	PRJNA609577	Dian11_SRR11302036
SRR11302037	Diangu11A	PRJNA609577	Diangu11A_SRR11302037
SRR11302038	Dian11	PRJNA609577	Dian11_SRR11302038
SRR11302039	81565	PRJNA609577	81565_SRR11302039
SRR11302040	81565	PRJNA609577	81565_SRR11302040
SRR11302041	Ye8001	PRJNA609577	Ye8001_SRR11302041
SRR11302042	Ye8001	PRJNA609577	Ye8001_SRR11302042
SRR11302043	C8605_2	PRJNA609577	C8605_2_SRR11302043
SRR11302044	C8605_2	PRJNA609577	C8605_2_SRR11302044
SRR11302045	8902	PRJNA609577	8902_SRR11302045
SRR11302046	8902	PRJNA609577	8902_SRR11302046
SRR11302047	Huang428	PRJNA609577	Huang428_SRR11302047
SRR11302048	Ken44	PRJNA609577	Ken44_SRR11302048
SRR11302049	Huang428	PRJNA609577	Huang428_SRR11302049
SRR11302050	H152	PRJNA609577	H152_SRR11302050
SRR11302051	H152	PRJNA609577	H152_SRR11302051
SRR11302052	Danhuang02	PRJNA609577	Danhuang02_SRR11302052
SRR11302053	Danhuang02	PRJNA609577	Danhuang02_SRR11302053
SRR11302054	ZaC546	PRJNA609577	ZaC546_SRR11302054
SRR11302055	ZaC546	PRJNA609577	ZaC546_SRR11302055
SRR11302056	HZ85	PRJNA609577	HZ85_SRR11302056
SRR11302057	HZ85	PRJNA609577	HZ85_SRR11302057
SRR11302058	Dan599	PRJNA609577	Dan599_SRR11302058
SRR11302059	Dong17	PRJNA609577	Dong17_SRR11302059
SRR11302060	Oh43	PRJNA609577	Oh43_SRR11302060
SRR11302061	Cheng18	PRJNA609577	Cheng18_SRR11302061
SRR11302062	7327	PRJNA609577	7327_SRR11302062
SRR11302063	Ji533	PRJNA609577	Ji533_SRR11302063
SRR11302064	Suwan1611	PRJNA609577	Suwan1611_SRR11302064
SRR11302065	Suwan1611	PRJNA609577	Suwan1611_SRR11302065
SRR11302066	Ye52106	PRJNA609577	Ye52106_SRR11302066
SRR11302067	Ye52106	PRJNA609577	Ye52106_SRR11302067
SRR11302068	Nan21_3	PRJNA609577	Nan21_3_SRR11302068
SRR11302070	H49	PRJNA609577	H49_SRR11302070
SRR11302073	Dan598	PRJNA609577	Dan598_SRR11302073
SRR11302074	Dan598	PRJNA609577	Dan598_SRR11302074
SRR11302075	Dan598	PRJNA609577	Dan598_SRR11302075
SRR11302080	A801	PRJNA609577	A801_SRR11302080
SRR11302086	WIL_19	PRJNA609577	WIL_19_SRR11302086
SRR11302087	WIL_19	PRJNA609577	WIL_19_SRR11302087
SRR11302088	WIL_19	PRJNA609577	WIL_19_SRR11302088
SRR11302089	WIL_20	PRJNA609577	WIL_20_SRR11302089
SRR11302090	WIL_20	PRJNA609577	WIL_20_SRR11302090
SRR11302091	DH65232	PRJNA609577	DH65232_SRR11302091
SRR11302092	WIL_20	PRJNA609577	WIL_20_SRR11302092
SRR11302096	LY16F	PRJNA609577	LY16F_SRR11302096
SRR11302099	WIL_17	PRJNA609577	WIL_17_SRR11302099
SRR11302100	WIL_17	PRJNA609577	WIL_17_SRR11302100
SRR11302101	WIL_17	PRJNA609577	WIL_17_SRR11302101
SRR11302102	Baihunhuang	PRJNA609577	Baihunhuang_SRR11302102
SRR11302103	WIL_18	PRJNA609577	WIL_18_SRR11302103
SRR11302104	WIL_18	PRJNA609577	WIL_18_SRR11302104
SRR11302105	WIL_18	PRJNA609577	WIL_18_SRR11302105
SRR11302106	Jian1495b	PRJNA609577	Jian1495b_SRR11302106
SRR11302107	Jian1495b	PRJNA609577	Jian1495b_SRR11302107
SRR11302108	Jian1495b	PRJNA609577	Jian1495b_SRR11302108
SRR11302109	Jian1495a	PRJNA609577	Jian1495a_SRR11302109
SRR11302110	178	PRJNA609577	178_SRR11302110
SRR11302111	Huangzaosi	PRJNA609577	Huangzaosi_SRR11302111
SRR11302112	WIL_16	PRJNA609577	WIL_16_SRR11302112
SRR11302113	Xu052	PRJNA609577	Xu052_SRR11302113
SRR11302114	Xun92_8	PRJNA609577	Xun92_8_SRR11302114
SRR11302115	Xun92_8	PRJNA609577	Xun92_8_SRR11302115
SRR11302116	Q1261	PRJNA609577	Q1261_SRR11302116
SRR11302117	Q1261	PRJNA609577	Q1261_SRR11302117
SRR11302118	Denghai4866	PRJNA609577	Denghai4866_SRR11302118
SRR11302119	Denghai4866	PRJNA609577	Denghai4866_SRR11302119
SRR11302120	32	PRJNA609577	32_SRR11302120
SRR11302121	32	PRJNA609577	32_SRR11302121
SRR11302122	Ye107	PRJNA609577	Ye107_SRR11302122
SRR11302123	Ye107	PRJNA609577	Ye107_SRR11302123
SRR11302124	PHWG5	PRJNA609577	PHWG5_SRR11302124
SRR11302125	ICI_740	PRJNA609577	ICI_740_SRR11302125
SRR11302126	912	PRJNA609577	912_SRR11302126
SRR11302127	911	PRJNA609577	911_SRR11302127
SRR11302128	PHR55	PRJNA609577	PHR55_SRR11302128
SRR11302129	PHW51	PRJNA609577	PHW51_SRR11302129
SRR11302130	LH192	PRJNA609577	LH192_SRR11302130
SRR11302131	LH202	PRJNA609577	LH202_SRR11302131
SRR11302132	S7913	PRJNA609577	S7913_SRR11302132
SRR11302133	B12	PRJNA609577	B12_SRR11302133
SRR11302134	Ay420	PRJNA609577	Ay420_SRR11302134
SRR11302135	H105W	PRJNA609577	H105W_SRR11302135
SRR11302136	WIL_27	PRJNA609577	WIL_27_SRR11302136
SRR11302137	WIL_28	PRJNA609577	WIL_28_SRR11302137
SRR11302138	WIL_26	PRJNA609577	WIL_26_SRR11302138
SRR11302139	WIL_12	PRJNA609577	WIL_12_SRR11302139
SRR11302140	WIL_13	PRJNA609577	WIL_13_SRR11302140
SRR11302141	WIL_9	PRJNA609577	WIL_9_SRR11302141
SRR11302142	WIL_10	PRJNA609577	WIL_10_SRR11302142
SRR11302143	WIL_4	PRJNA609577	WIL_4_SRR11302143
SRR11302144	B37	PRJNA609577	B37_SRR11302144
SRR11302145	Ji53	PRJNA609577	Ji53_SRR11302145
SRR11302147	Ye502	PRJNA609577	Ye502_SRR11302147
SRR11302148	WIL_1	PRJNA609577	WIL_1_SRR11302148
SRR11302149	WIL_2	PRJNA609577	WIL_2_SRR11302149
SRR11302150	A659	PRJNA609577	A659_SRR11302150
SRR11302151	Shuang741	PRJNA609577	Shuang741_SRR11302151
SRR11302152	3H_2	PRJNA609577	3H_2_SRR11302152
SRR11302153	B98	PRJNA609577	B98_SRR11302153
SRR11302154	FusheA	PRJNA609577	FusheA_SRR11302154
SRR11302155	M9	PRJNA609577	M9_SRR11302155
SRR11302156	Yu82	PRJNA609577	Yu82_SRR11302156
SRR11302158	PHG39	PRJNA609577	PHG39_SRR11302158
SRR11302159	ZK11M	PRJNA609577	ZK11M_SRR11302159
SRR11302160	PHT73	PRJNA609577	PHT73_SRR11302160
SRR11302161	LH213	PRJNA609577	LH213_SRR11302161
SRR11302162	ZS01250	PRJNA609577	ZS01250_SRR11302162
SRR11302163	ZS01250	PRJNA609577	ZS01250_SRR11302163
SRR11302164	6M502A	PRJNA609577	6M502A_SRR11302164
SRR11302165	904	PRJNA609577	904_SRR11302165
SRR11302166	904	PRJNA609577	904_SRR11302166
SRR11302174	PHVA9	PRJNA609577	PHVA9_SRR11302174
SRR11302175	PHT55	PRJNA609577	PHT55_SRR11302175
SRR11302176	PHVA9	PRJNA609577	PHVA9_SRR11302176
SRR11302177	PHV53	PRJNA609577	PHV53_SRR11302177
SRR11302178	PHPR5	PRJNA609577	PHPR5_SRR11302178
SRR11302179	PHP85	PRJNA609577	PHP85_SRR11302179
SRR11302180	OS602	PRJNA609577	OS602_SRR11302180
SRR11302181	OS602	PRJNA609577	OS602_SRR11302181
SRR11302182	OQ403	PRJNA609577	OQ403_SRR11302182
SRR11302183	OQ403	PRJNA609577	OQ403_SRR11302183
SRR11302186	Tian4	PRJNA609577	Tian4_SRR11302186
SRR11302189	LH191	PRJNA609577	LH191_SRR11302189
SRR11302190	LH190	PRJNA609577	LH190_SRR11302190
SRR11302191	27_263	PRJNA609577	27_263_SRR11302191
SRR11302192	LH190	PRJNA609577	LH190_SRR11302192
SRR11302193	LH160	PRJNA609577	LH160_SRR11302193
SRR11302194	LH160	PRJNA609577	LH160_SRR11302194
SRR11302195	PHN82	PRJNA609577	PHN82_SRR11302195
SRR11302196	PHN82	PRJNA609577	PHN82_SRR11302196
SRR11302197	E8501	PRJNA609577	E8501_SRR11302197
SRR11302198	E8501	PRJNA609577	E8501_SRR11302198
SRR12460347	ACC.29778	PRJNA641489	ACC.29778_SRR12460347
SRR12460348	ACC.12825	PRJNA641489	ACC.12825_SRR12460348
SRR12460349	ACC.29777	PRJNA641489	ACC.29777_SRR12460349
SRR12460350	ACC.29776	PRJNA641489	ACC.29776_SRR12460350
SRR12460351	ACC.29774	PRJNA641489	ACC.29774_SRR12460351
SRR12460352	ACC.8768	PRJNA641489	ACC.8768_SRR12460352
SRR12460353	ACC.29772	PRJNA641489	ACC.29772_SRR12460353
SRR12460354	ACC.29771	PRJNA641489	ACC.29771_SRR12460354
SRR12460355	ACC.29770	PRJNA641489	ACC.29770_SRR12460355
SRR12460356	ACC.29769	PRJNA641489	ACC.29769_SRR12460356
SRR12460357	ACC.29783	PRJNA641489	ACC.29783_SRR12460357
SRR12460358	ACC.29780	PRJNA641489	ACC.29780_SRR12460358
SRR12460359	ACC.29779	PRJNA641489	ACC.29779_SRR12460359
SRR12460360	ACC.29768	PRJNA641489	ACC.29768_SRR12460360
SRR12460361	ACC.27495	PRJNA641489	ACC.27495_SRR12460361
SRR12460362	ACC.27494	PRJNA641489	ACC.27494_SRR12460362
SRR12460363	ACC.8767	PRJNA641489	ACC.8767_SRR12460363
SRR12460364	ACC.27493	PRJNA641489	ACC.27493_SRR12460364
SRR12460365	ACC.27492	PRJNA641489	ACC.27492_SRR12460365
SRR12460366	ACC.27491	PRJNA641489	ACC.27491_SRR12460366
SRR12460367	ACC.27490	PRJNA641489	ACC.27490_SRR12460367
SRR12460368	ACC.27489	PRJNA641489	ACC.27489_SRR12460368
SRR12460369	ACC.27488	PRJNA641489	ACC.27488_SRR12460369
SRR12460370	ACC.27479b	PRJNA641489	ACC.27479b_SRR12460370
SRR12460371	ACC.27481b	PRJNA641489	ACC.27481b_SRR12460371
SRR12460372	ACC.27487	PRJNA641489	ACC.27487_SRR12460372
SRR12460373	ACC.27483	PRJNA641489	ACC.27483_SRR12460373
SRR12460374	ACC.8766	PRJNA641489	ACC.8766_SRR12460374
SRR12460375	ACC.27482	PRJNA641489	ACC.27482_SRR12460375
SRR12460376	ACC.8758	PRJNA641489	ACC.8758_SRR12460376
SRR12460377	ACC.8759	PRJNA641489	ACC.8759_SRR12460377
SRR12460378	ACC.8749	PRJNA641489	ACC.8749_SRR12460378
SRR12460379	ACC.11397	PRJNA641489	ACC.11397_SRR12460379
SRR12460380	ACC.11407	PRJNA641489	ACC.11407_SRR12460380
SRR12460381	ACC.11406	PRJNA641489	ACC.11406_SRR12460381
SRR12460382	ACC.11405	PRJNA641489	ACC.11405_SRR12460382
SRR12460383	ACC.11396	PRJNA641489	ACC.11396_SRR12460383
SRR12460384	ACC.8755	PRJNA641489	ACC.8755_SRR12460384
SRR12460385	ACC.11392	PRJNA641489	ACC.11392_SRR12460385
SRR12460386	ACC.11391	PRJNA641489	ACC.11391_SRR12460386
SRR12460387	ACC.11390	PRJNA641489	ACC.11390_SRR12460387
SRR12460388	ACC.11389	PRJNA641489	ACC.11389_SRR12460388
SRR12460389	ACC.11388	PRJNA641489	ACC.11388_SRR12460389
SRR12460390	ACC.11387	PRJNA641489	ACC.11387_SRR12460390
SRR12460391	ACC.11386	PRJNA641489	ACC.11386_SRR12460391
SRR12460392	ACC.11385	PRJNA641489	ACC.11385_SRR12460392
SRR12460393	ACC.11395	PRJNA641489	ACC.11395_SRR12460393
SRR12460394	ACC.11394	PRJNA641489	ACC.11394_SRR12460394
SRR12460395	ACC.8754	PRJNA641489	ACC.8754_SRR12460395
SRR12460396	ACC.11393	PRJNA641489	ACC.11393_SRR12460396
SRR12460397	ACC.11384	PRJNA641489	ACC.11384_SRR12460397
SRR12460398	ACC.11376	PRJNA641489	ACC.11376_SRR12460398
SRR12460399	ACC.11375	PRJNA641489	ACC.11375_SRR12460399
SRR12460400	ACC.11374	PRJNA641489	ACC.11374_SRR12460400
SRR12460401	ACC.11373	PRJNA641489	ACC.11373_SRR12460401
SRR12460402	ACC.11372	PRJNA641489	ACC.11372_SRR12460402
SRR12460403	ACC.11371	PRJNA641489	ACC.11371_SRR12460403
SRR12460404	ACC.11370	PRJNA641489	ACC.11370_SRR12460404
SRR12460405	ACC.11369	PRJNA641489	ACC.11369_SRR12460405
SRR12460406	ACC.8753	PRJNA641489	ACC.8753_SRR12460406
SRR12460407	ACC.11383	PRJNA641489	ACC.11383_SRR12460407
SRR12460408	ACC.11378	PRJNA641489	ACC.11378_SRR12460408
SRR12460409	ACC.11377	PRJNA641489	ACC.11377_SRR12460409
SRR12460410	ACC.11368	PRJNA641489	ACC.11368_SRR12460410
SRR12460411	ACC.11364	PRJNA641489	ACC.11364_SRR12460411
SRR12460412	ACC.11363	PRJNA641489	ACC.11363_SRR12460412
SRR12460413	ACC.11362	PRJNA641489	ACC.11362_SRR12460413
SRR12460414	ACC.11361	PRJNA641489	ACC.11361_SRR12460414
SRR12460415	ACC.11360	PRJNA641489	ACC.11360_SRR12460415
SRR12460416	ACC.11359	PRJNA641489	ACC.11359_SRR12460416
SRR12460417	ACC.8752	PRJNA641489	ACC.8752_SRR12460417
SRR12460418	ACC.11358	PRJNA641489	ACC.11358_SRR12460418
SRR12460419	ACC.11357	PRJNA641489	ACC.11357_SRR12460419
SRR12460420	ACC.11367	PRJNA641489	ACC.11367_SRR12460420
SRR12460421	ACC.11366	PRJNA641489	ACC.11366_SRR12460421
SRR12460422	ACC.11365	PRJNA641489	ACC.11365_SRR12460422
SRR12460423	ACC.11356	PRJNA641489	ACC.11356_SRR12460423
SRR12460424	ACC.11352	PRJNA641489	ACC.11352_SRR12460424
SRR12460425	ACC.11083	PRJNA641489	ACC.11083_SRR12460425
SRR12460426	ACC.10003	PRJNA641489	ACC.10003_SRR12460426
SRR12460427	ACC.9479	PRJNA641489	ACC.9479_SRR12460427
SRR12460428	ACC.8751	PRJNA641489	ACC.8751_SRR12460428
SRR12460429	ACC.9478	PRJNA641489	ACC.9478_SRR12460429
SRR12460430	ACC.9477	PRJNA641489	ACC.9477_SRR12460430
SRR12460431	ACC.9476	PRJNA641489	ACC.9476_SRR12460431
SRR12460432	ACC.9475	PRJNA641489	ACC.9475_SRR12460432
SRR12460433	ACC.11355	PRJNA641489	ACC.11355_SRR12460433
SRR12460434	ACC.11354	PRJNA641489	ACC.11354_SRR12460434
SRR12460435	ACC.12824	PRJNA641489	ACC.12824_SRR12460435
SRR12460436	ACC.12823	PRJNA641489	ACC.12823_SRR12460436
SRR12460437	ACC.11410	PRJNA641489	ACC.11410_SRR12460437
SRR12460438	ACC.11409	PRJNA641489	ACC.11409_SRR12460438
SRR12460439	ACC.13793	PRJNA641489	ACC.13793_SRR12460439
SRR12460440	ACC.13792	PRJNA641489	ACC.13792_SRR12460440
SRR12460441	ACC.13791	PRJNA641489	ACC.13791_SRR12460441
SRR12460442	ACC.11408	PRJNA641489	ACC.11408_SRR12460442
SRR12460443	ACC.11404	PRJNA641489	ACC.11404_SRR12460443
SRR12460444	ACC.11403	PRJNA641489	ACC.11403_SRR12460444
SRR12460445	ACC.8756	PRJNA641489	ACC.8756_SRR12460445
SRR12460446	ACC.11402	PRJNA641489	ACC.11402_SRR12460446
SRR12460447	ACC.11401	PRJNA641489	ACC.11401_SRR12460447
SRR12460448	ACC.11400	PRJNA641489	ACC.11400_SRR12460448
SRR12460449	ACC.11399	PRJNA641489	ACC.11399_SRR12460449
SRR12460450	ACC.11398	PRJNA641489	ACC.11398_SRR12460450
SRR12460451	ACC.11353	PRJNA641489	ACC.11353_SRR12460451
SRR12460452	ACC.8837	PRJNA641489	ACC.8837_SRR12460452
SRR12460453	ACC.8782	PRJNA641489	ACC.8782_SRR12460453
SRR12460454	ACC.8781	PRJNA641489	ACC.8781_SRR12460454
SRR12460455	ACC.8750	PRJNA641489	ACC.8750_SRR12460455
SRR12460456	ACC.8780	PRJNA641489	ACC.8780_SRR12460456
SRR12460457	ACC.8779	PRJNA641489	ACC.8779_SRR12460457
SRR12460458	ACC.8778	PRJNA641489	ACC.8778_SRR12460458
SRR12460459	ACC.8777	PRJNA641489	ACC.8777_SRR12460459
SRR12460460	ACC.8776	PRJNA641489	ACC.8776_SRR12460460
SRR12460461	ACC.8775	PRJNA641489	ACC.8775_SRR12460461
SRR12460462	ACC.8785	PRJNA641489	ACC.8785_SRR12460462
SRR12460463	ACC.8784	PRJNA641489	ACC.8784_SRR12460463
SRR12460464	ACC.8783	PRJNA641489	ACC.8783_SRR12460464
SRR12460465	ACC.8774	PRJNA641489	ACC.8774_SRR12460465
SRR12460466	ACC.8760	PRJNA641489	ACC.8760_SRR12460466
SRR12460467	ACC.8770	PRJNA641489	ACC.8770_SRR12460467
SRR12460469	ACC.29798	PRJNA641489	ACC.29798_SRR12460469
SRR12460470	ACC.29796	PRJNA641489	ACC.29796_SRR12460470
SRR12460471	ACC.29793	PRJNA641489	ACC.29793_SRR12460471
SRR12460472	ACC.8769	PRJNA641489	ACC.8769_SRR12460472
SRR12460473	ACC.29792	PRJNA641489	ACC.29792_SRR12460473
SRR12460474	ACC.29791	PRJNA641489	ACC.29791_SRR12460474
SRR12460475	ACC.29788	PRJNA641489	ACC.29788_SRR12460475
SRR12460476	ACC.29787	PRJNA641489	ACC.29787_SRR12460476
SRR12460477	ACC.29786	PRJNA641489	ACC.29786_SRR12460477
SRR12460478	ACC.29785	PRJNA641489	ACC.29785_SRR12460478
SRR12460479	ACC.27481a	PRJNA641489	ACC.27481a_SRR12460479
SRR12460480	ACC.27479a	PRJNA641489	ACC.27479a_SRR12460480
SRR12460481	ACC.27477	PRJNA641489	ACC.27477_SRR12460481
SRR12460482	ACC.27476	PRJNA641489	ACC.27476_SRR12460482
SRR12460483	ACC.27475	PRJNA641489	ACC.27475_SRR12460483
SRR12460484	ACC.27486	PRJNA641489	ACC.27486_SRR12460484
SRR12460485	ACC.27485	PRJNA641489	ACC.27485_SRR12460485
SRR12460486	ACC.27484	PRJNA641489	ACC.27484_SRR12460486
SRR12460487	ACC.27473	PRJNA641489	ACC.27473_SRR12460487
SRR12460488	ACC.8765	PRJNA641489	ACC.8765_SRR12460488
SRR12460489	ACC.27469	PRJNA641489	ACC.27469_SRR12460489
SRR12460490	ACC.27468	PRJNA641489	ACC.27468_SRR12460490
SRR12460491	ACC.27462	PRJNA641489	ACC.27462_SRR12460491
SRR12460492	ACC.27461	PRJNA641489	ACC.27461_SRR12460492
SRR12460493	ACC.27460	PRJNA641489	ACC.27460_SRR12460493
SRR12460494	ACC.27243	PRJNA641489	ACC.27243_SRR12460494
SRR12460495	ACC.27242	PRJNA641489	ACC.27242_SRR12460495
SRR12460496	ACC.27241	PRJNA641489	ACC.27241_SRR12460496
SRR12460497	ACC.27472	PRJNA641489	ACC.27472_SRR12460497
SRR12460498	ACC.27471	PRJNA641489	ACC.27471_SRR12460498
SRR12460499	ACC.8764	PRJNA641489	ACC.8764_SRR12460499
SRR12460500	ACC.27470	PRJNA641489	ACC.27470_SRR12460500
SRR12460501	ACC.27240	PRJNA641489	ACC.27240_SRR12460501
SRR12460502	ACC.27235	PRJNA641489	ACC.27235_SRR12460502
SRR12460503	ACC.27234	PRJNA641489	ACC.27234_SRR12460503
SRR12460504	ACC.27233	PRJNA641489	ACC.27233_SRR12460504
SRR12460505	ACC.27232	PRJNA641489	ACC.27232_SRR12460505
SRR12460506	ACC.27231	PRJNA641489	ACC.27231_SRR12460506
SRR12460507	ACC.27230	PRJNA641489	ACC.27230_SRR12460507
SRR12460508	ACC.27229	PRJNA641489	ACC.27229_SRR12460508
SRR12460509	ACC.27228	PRJNA641489	ACC.27228_SRR12460509
SRR12460510	ACC.8763	PRJNA641489	ACC.8763_SRR12460510
SRR12460511	ACC.27239	PRJNA641489	ACC.27239_SRR12460511
SRR12460512	ACC.27237	PRJNA641489	ACC.27237_SRR12460512
SRR12460513	ACC.27236	PRJNA641489	ACC.27236_SRR12460513
SRR12460514	ACC.27227	PRJNA641489	ACC.27227_SRR12460514
SRR12460515	ACC.27223	PRJNA641489	ACC.27223_SRR12460515
SRR12460516	ACC.27222	PRJNA641489	ACC.27222_SRR12460516
SRR12460517	ACC.27221	PRJNA641489	ACC.27221_SRR12460517
SRR12460518	ACC.27220	PRJNA641489	ACC.27220_SRR12460518
SRR12460519	ACC.27219	PRJNA641489	ACC.27219_SRR12460519
SRR12460520	ACC.27218	PRJNA641489	ACC.27218_SRR12460520
SRR12460521	ACC.8762	PRJNA641489	ACC.8762_SRR12460521
SRR12460522	ACC.27217	PRJNA641489	ACC.27217_SRR12460522
SRR12460523	ACC.27216	PRJNA641489	ACC.27216_SRR12460523
SRR12460524	ACC.27226	PRJNA641489	ACC.27226_SRR12460524
SRR12460525	ACC.27225	PRJNA641489	ACC.27225_SRR12460525
SRR12460526	ACC.27224	PRJNA641489	ACC.27224_SRR12460526
SRR12460527	ACC.27215	PRJNA641489	ACC.27215_SRR12460527
SRR12460528	ACC.13790	PRJNA641489	ACC.13790_SRR12460528
SRR12460529	ACC.13789	PRJNA641489	ACC.13789_SRR12460529
SRR12460530	ACC.13788	PRJNA641489	ACC.13788_SRR12460530
SRR1575495	B73	PRJNA260788	B73_SRR1575495
SRR1575496	CH10	PRJNA260788	CH10_SRR1575496
SRR1575497	D06	PRJNA260788	D06_SRR1575497
SRR1575498	D09	PRJNA260788	D09_SRR1575498
SRR1575499	D152	PRJNA260788	D152_SRR1575499
SRR1575500	DK105	PRJNA260788	DK105_SRR1575500
SRR1575501	EC169	PRJNA260788	EC169_SRR1575501
SRR1575502	EC49A	PRJNA260788	EC49A_SRR1575502
SRR1575503	EP1	PRJNA260788	EP1_SRR1575503
SRR1575504	EP44	PRJNA260788	EP44_SRR1575504
SRR1575505	EZ5	PRJNA260788	EZ5_SRR1575505
SRR1575506	F03802	PRJNA260788	F03802_SRR1575506
SRR1575507	F2	PRJNA260788	F2_SRR1575507
SRR1575508	F252	PRJNA260788	F252_SRR1575508
SRR1575509	F283	PRJNA260788	F283_SRR1575509
SRR1575510	F353	PRJNA260788	F353_SRR1575510
SRR1575511	F618	PRJNA260788	F618_SRR1575511
SRR1575512	F64	PRJNA260788	F64_SRR1575512
SRR1575513	F7	PRJNA260788	F7_SRR1575513
SRR1575514	F98902	PRJNA260788	F98902_SRR1575514
SRR1575515	FF0721H-7	PRJNA260788	FF0721H-7_SRR1575515
SRR1575516	Lo11	PRJNA260788	Lo11_SRR1575516
SRR1575517	Mo17	PRJNA260788	Mo17_SRR1575517
SRR1575518	PH207	PRJNA260788	PH207_SRR1575518
SRR1575519	Teosinte	PRJNA260788	Teosinte_SRR1575519
SRR1575520	UH006	PRJNA260788	UH006_SRR1575520
SRR1575521	UH007	PRJNA260788	UH007_SRR1575521
SRR1575522	UH009	PRJNA260788	UH009_SRR1575522
SRR1575523	UH250	PRJNA260788	UH250_SRR1575523
SRR1575524	UH304	PRJNA260788	UH304_SRR1575524
SRR1575525	W117	PRJNA260788	W117_SRR1575525
SRR17045840	1014	PRJNA783885	1014_SRR17045840
SRR17045841	1013	PRJNA783885	1013_SRR17045841
SRR17045842	1012	PRJNA783885	1012_SRR17045842
SRR17045843	1011	PRJNA783885	1011_SRR17045843
SRR17045844	1010	PRJNA783885	1010_SRR17045844
SRR17045845	838	PRJNA783885	838_SRR17045845
SRR17045846	1009	PRJNA783885	1009_SRR17045846
SRR17045847	1008	PRJNA783885	1008_SRR17045847
SRR17045848	1007	PRJNA783885	1007_SRR17045848
SRR17045849	1006	PRJNA783885	1006_SRR17045849
SRR17045850	1005	PRJNA783885	1005_SRR17045850
SRR17045851	1004	PRJNA783885	1004_SRR17045851
SRR17045852	1003	PRJNA783885	1003_SRR17045852
SRR17045853	1946	PRJNA783885	1946_SRR17045853
SRR17045854	1898	PRJNA783885	1898_SRR17045854
SRR17045855	1868	PRJNA783885	1868_SRR17045855
SRR17045856	837	PRJNA783885	837_SRR17045856
SRR17045857	1867	PRJNA783885	1867_SRR17045857
SRR17045858	1862	PRJNA783885	1862_SRR17045858
SRR17045859	1859	PRJNA783885	1859_SRR17045859
SRR17045860	1810	PRJNA783885	1810_SRR17045860
SRR17045861	1777	PRJNA783885	1777_SRR17045861
SRR17045862	1759	PRJNA783885	1759_SRR17045862
SRR17045863	1755	PRJNA783885	1755_SRR17045863
SRR17045864	1754	PRJNA783885	1754_SRR17045864
SRR17045865	1740	PRJNA783885	1740_SRR17045865
SRR17045866	1727	PRJNA783885	1727_SRR17045866
SRR17045867	836	PRJNA783885	836_SRR17045867
SRR17045868	1629	PRJNA783885	1629_SRR17045868
SRR17045869	1605	PRJNA783885	1605_SRR17045869
SRR17045870	1602	PRJNA783885	1602_SRR17045870
SRR17045871	1582	PRJNA783885	1582_SRR17045871
SRR17045872	1213	PRJNA783885	1213_SRR17045872
SRR17045873	1212	PRJNA783885	1212_SRR17045873
SRR17045874	1211	PRJNA783885	1211_SRR17045874
SRR17045875	1210	PRJNA783885	1210_SRR17045875
SRR17045876	1209	PRJNA783885	1209_SRR17045876
SRR17045877	14	PRJNA783885	14_SRR17045877
SRR17045878	1208	PRJNA783885	1208_SRR17045878
SRR17045879	1207	PRJNA783885	1207_SRR17045879
SRR17045880	1206	PRJNA783885	1206_SRR17045880
SRR17045881	1205	PRJNA783885	1205_SRR17045881
SRR17045882	1204	PRJNA783885	1204_SRR17045882
SRR17045883	1203	PRJNA783885	1203_SRR17045883
SRR17045884	1202	PRJNA783885	1202_SRR17045884
SRR17045885	1201	PRJNA783885	1201_SRR17045885
SRR17045886	1200	PRJNA783885	1200_SRR17045886
SRR17045887	1199	PRJNA783885	1199_SRR17045887
SRR17045888	13	PRJNA783885	13_SRR17045888
SRR17045889	1198	PRJNA783885	1198_SRR17045889
SRR17045890	1197	PRJNA783885	1197_SRR17045890
SRR17045891	1196	PRJNA783885	1196_SRR17045891
SRR17045892	1195	PRJNA783885	1195_SRR17045892
SRR17045893	1194	PRJNA783885	1194_SRR17045893
SRR17045894	1193	PRJNA783885	1193_SRR17045894
SRR17045895	1192	PRJNA783885	1192_SRR17045895
SRR17045896	1191	PRJNA783885	1191_SRR17045896
SRR17045897	1190	PRJNA783885	1190_SRR17045897
SRR17045898	1189	PRJNA783885	1189_SRR17045898
SRR17045899	12	PRJNA783885	12_SRR17045899
SRR17045900	1188	PRJNA783885	1188_SRR17045900
SRR17045901	1187	PRJNA783885	1187_SRR17045901
SRR17045902	1186	PRJNA783885	1186_SRR17045902
SRR17045903	1185	PRJNA783885	1185_SRR17045903
SRR17045904	1184	PRJNA783885	1184_SRR17045904
SRR17045905	1183	PRJNA783885	1183_SRR17045905
SRR17045906	1182	PRJNA783885	1182_SRR17045906
SRR17045907	1181	PRJNA783885	1181_SRR17045907
SRR17045908	1180	PRJNA783885	1180_SRR17045908
SRR17045909	1179	PRJNA783885	1179_SRR17045909
SRR17045910	11	PRJNA783885	11_SRR17045910
SRR17045911	1178	PRJNA783885	1178_SRR17045911
SRR17045912	1177	PRJNA783885	1177_SRR17045912
SRR17045913	1176	PRJNA783885	1176_SRR17045913
SRR17045914	1175	PRJNA783885	1175_SRR17045914
SRR17045915	1174	PRJNA783885	1174_SRR17045915
SRR17045916	1171	PRJNA783885	1171_SRR17045916
SRR17045917	1170	PRJNA783885	1170_SRR17045917
SRR17045918	1169	PRJNA783885	1169_SRR17045918
SRR17045919	1168	PRJNA783885	1168_SRR17045919
SRR17045920	1167	PRJNA783885	1167_SRR17045920
SRR17045921	1060	PRJNA783885	1060_SRR17045921
SRR17045922	1166	PRJNA783885	1166_SRR17045922
SRR17045923	1165	PRJNA783885	1165_SRR17045923
SRR17045924	1164	PRJNA783885	1164_SRR17045924
SRR17045925	1163	PRJNA783885	1163_SRR17045925
SRR17045926	1162	PRJNA783885	1162_SRR17045926
SRR17045927	1161	PRJNA783885	1161_SRR17045927
SRR17045928	1160	PRJNA783885	1160_SRR17045928
SRR17045929	1159	PRJNA783885	1159_SRR17045929
SRR17045930	1158	PRJNA783885	1158_SRR17045930
SRR17045931	1157	PRJNA783885	1157_SRR17045931
SRR17045932	10	PRJNA783885	10_SRR17045932
SRR17045933	1156	PRJNA783885	1156_SRR17045933
SRR17045934	1155	PRJNA783885	1155_SRR17045934
SRR17045935	1154	PRJNA783885	1154_SRR17045935
SRR17045936	1123	PRJNA783885	1123_SRR17045936
SRR17045937	1121	PRJNA783885	1121_SRR17045937
SRR17045938	1120	PRJNA783885	1120_SRR17045938
SRR17045939	1119	PRJNA783885	1119_SRR17045939
SRR17045940	1118	PRJNA783885	1118_SRR17045940
SRR17045941	1117	PRJNA783885	1117_SRR17045941
SRR17045942	1116	PRJNA783885	1116_SRR17045942
SRR17045943	1115	PRJNA783885	1115_SRR17045943
SRR17045944	1114	PRJNA783885	1114_SRR17045944
SRR17045945	848	PRJNA783885	848_SRR17045945
SRR17045946	1113	PRJNA783885	1113_SRR17045946
SRR17045947	1112	PRJNA783885	1112_SRR17045947
SRR17045948	1111	PRJNA783885	1111_SRR17045948
SRR17045949	1110	PRJNA783885	1110_SRR17045949
SRR17045950	1109	PRJNA783885	1109_SRR17045950
SRR17045951	1108	PRJNA783885	1108_SRR17045951
SRR17045952	1107	PRJNA783885	1107_SRR17045952
SRR17045953	1106	PRJNA783885	1106_SRR17045953
SRR17045954	1105	PRJNA783885	1105_SRR17045954
SRR17045955	1104	PRJNA783885	1104_SRR17045955
SRR17045956	847	PRJNA783885	847_SRR17045956
SRR17045957	1103	PRJNA783885	1103_SRR17045957
SRR17045958	1102	PRJNA783885	1102_SRR17045958
SRR17045959	1101	PRJNA783885	1101_SRR17045959
SRR17045960	1100	PRJNA783885	1100_SRR17045960
SRR17045961	1099	PRJNA783885	1099_SRR17045961
SRR17045962	1098	PRJNA783885	1098_SRR17045962
SRR17045963	1097	PRJNA783885	1097_SRR17045963
SRR17045964	1096	PRJNA783885	1096_SRR17045964
SRR17045965	1095	PRJNA783885	1095_SRR17045965
SRR17045966	1094	PRJNA783885	1094_SRR17045966
SRR17045967	846	PRJNA783885	846_SRR17045967
SRR17045968	1546	PRJNA783885	1546_SRR17045968
SRR17045969	1513	PRJNA783885	1513_SRR17045969
SRR17045970	1506	PRJNA783885	1506_SRR17045970
SRR17045971	1475	PRJNA783885	1475_SRR17045971
SRR17045972	1413	PRJNA783885	1413_SRR17045972
SRR17045973	1407	PRJNA783885	1407_SRR17045973
SRR17045974	835	PRJNA783885	835_SRR17045974
SRR17045975	1394	PRJNA783885	1394_SRR17045975
SRR17045976	1385	PRJNA783885	1385_SRR17045976
SRR17045977	1383	PRJNA783885	1383_SRR17045977
SRR17045978	1371	PRJNA783885	1371_SRR17045978
SRR17045979	1335	PRJNA783885	1335_SRR17045979
SRR17045980	1329	PRJNA783885	1329_SRR17045980
SRR17045981	1322	PRJNA783885	1322_SRR17045981
SRR17045982	9	PRJNA783885	9_SRR17045982
SRR17045983	8	PRJNA783885	8_SRR17045983
SRR17045984	7	PRJNA783885	7_SRR17045984
SRR17045985	834	PRJNA783885	834_SRR17045985
SRR17045986	6	PRJNA783885	6_SRR17045986
SRR17045987	5	PRJNA783885	5_SRR17045987
SRR17045988	4	PRJNA783885	4_SRR17045988
SRR17045989	3	PRJNA783885	3_SRR17045989
SRR17045990	21	PRJNA783885	21_SRR17045990
SRR17045991	20	PRJNA783885	20_SRR17045991
SRR17045992	2666	PRJNA783885	2666_SRR17045992
SRR17045993	1282	PRJNA783885	1282_SRR17045993
SRR17045994	1280	PRJNA783885	1280_SRR17045994
SRR17045995	1279	PRJNA783885	1279_SRR17045995
SRR17045996	1278	PRJNA783885	1278_SRR17045996
SRR17045997	1277	PRJNA783885	1277_SRR17045997
SRR17045998	1276	PRJNA783885	1276_SRR17045998
SRR17045999	1274	PRJNA783885	1274_SRR17045999
SRR17046000	1273	PRJNA783885	1273_SRR17046000
SRR17046001	1272	PRJNA783885	1272_SRR17046001
SRR17046002	2	PRJNA783885	2_SRR17046002
SRR17046003	1271	PRJNA783885	1271_SRR17046003
SRR17046004	1270	PRJNA783885	1270_SRR17046004
SRR17046005	1268	PRJNA783885	1268_SRR17046005
SRR17046006	1267	PRJNA783885	1267_SRR17046006
SRR17046007	1266	PRJNA783885	1266_SRR17046007
SRR17046008	1265	PRJNA783885	1265_SRR17046008
SRR17046009	1264	PRJNA783885	1264_SRR17046009
SRR17046010	1263	PRJNA783885	1263_SRR17046010
SRR17046011	1262	PRJNA783885	1262_SRR17046011
SRR17046012	1261	PRJNA783885	1261_SRR17046012
SRR17046013	19	PRJNA783885	19_SRR17046013
SRR17046014	1260	PRJNA783885	1260_SRR17046014
SRR17046015	1259	PRJNA783885	1259_SRR17046015
SRR17046016	1258	PRJNA783885	1258_SRR17046016
SRR17046017	1257	PRJNA783885	1257_SRR17046017
SRR17046018	1256	PRJNA783885	1256_SRR17046018
SRR17046019	1255	PRJNA783885	1255_SRR17046019
SRR17046020	1254	PRJNA783885	1254_SRR17046020
SRR17046021	1253	PRJNA783885	1253_SRR17046021
SRR17046022	1252	PRJNA783885	1252_SRR17046022
SRR17046023	1251	PRJNA783885	1251_SRR17046023
SRR17046024	18	PRJNA783885	18_SRR17046024
SRR17046025	1250	PRJNA783885	1250_SRR17046025
SRR17046026	1249	PRJNA783885	1249_SRR17046026
SRR17046027	1248	PRJNA783885	1248_SRR17046027
SRR17046028	1247	PRJNA783885	1247_SRR17046028
SRR17046029	1246	PRJNA783885	1246_SRR17046029
SRR17046030	1245	PRJNA783885	1245_SRR17046030
SRR17046031	1244	PRJNA783885	1244_SRR17046031
SRR17046032	1243	PRJNA783885	1243_SRR17046032
SRR17046033	1242	PRJNA783885	1242_SRR17046033
SRR17046034	1241	PRJNA783885	1241_SRR17046034
SRR17046035	17	PRJNA783885	17_SRR17046035
SRR17046036	833	PRJNA783885	833_SRR17046036
SRR17046037	1240	PRJNA783885	1240_SRR17046037
SRR17046038	1239	PRJNA783885	1239_SRR17046038
SRR17046039	1238	PRJNA783885	1238_SRR17046039
SRR17046040	1237	PRJNA783885	1237_SRR17046040
SRR17046041	1236	PRJNA783885	1236_SRR17046041
SRR17046042	1235	PRJNA783885	1235_SRR17046042
SRR17046043	1234	PRJNA783885	1234_SRR17046043
SRR17046044	1233	PRJNA783885	1233_SRR17046044
SRR17046045	1232	PRJNA783885	1232_SRR17046045
SRR17046046	1231	PRJNA783885	1231_SRR17046046
SRR17046047	16	PRJNA783885	16_SRR17046047
SRR17046048	1230	PRJNA783885	1230_SRR17046048
SRR17046049	1229	PRJNA783885	1229_SRR17046049
SRR17046050	1228	PRJNA783885	1228_SRR17046050
SRR17046051	1227	PRJNA783885	1227_SRR17046051
SRR17046052	1226	PRJNA783885	1226_SRR17046052
SRR17046053	1225	PRJNA783885	1225_SRR17046053
SRR17046054	1223	PRJNA783885	1223_SRR17046054
SRR17046055	1221	PRJNA783885	1221_SRR17046055
SRR17046056	1220	PRJNA783885	1220_SRR17046056
SRR17046057	1219	PRJNA783885	1219_SRR17046057
SRR17046058	15	PRJNA783885	15_SRR17046058
SRR17046059	1218	PRJNA783885	1218_SRR17046059
SRR17046060	1217	PRJNA783885	1217_SRR17046060
SRR17046061	1216	PRJNA783885	1216_SRR17046061
SRR17046062	1215	PRJNA783885	1215_SRR17046062
SRR17046063	1214	PRJNA783885	1214_SRR17046063
SRR17046064	1093	PRJNA783885	1093_SRR17046064
SRR17046065	1092	PRJNA783885	1092_SRR17046065
SRR17046066	1091	PRJNA783885	1091_SRR17046066
SRR17046067	1090	PRJNA783885	1090_SRR17046067
SRR17046068	1089	PRJNA783885	1089_SRR17046068
SRR17046069	1088	PRJNA783885	1088_SRR17046069
SRR17046070	1087	PRJNA783885	1087_SRR17046070
SRR17046071	1086	PRJNA783885	1086_SRR17046071
SRR17046072	1085	PRJNA783885	1085_SRR17046072
SRR17046073	1084	PRJNA783885	1084_SRR17046073
SRR17046074	845	PRJNA783885	845_SRR17046074
SRR17046075	1083	PRJNA783885	1083_SRR17046075
SRR17046076	1082	PRJNA783885	1082_SRR17046076
SRR17046077	1081	PRJNA783885	1081_SRR17046077
SRR17046078	1080	PRJNA783885	1080_SRR17046078
SRR17046079	1079	PRJNA783885	1079_SRR17046079
SRR17046080	1078	PRJNA783885	1078_SRR17046080
SRR17046081	1077	PRJNA783885	1077_SRR17046081
SRR17046082	1076	PRJNA783885	1076_SRR17046082
SRR17046083	1075	PRJNA783885	1075_SRR17046083
SRR17046084	1073	PRJNA783885	1073_SRR17046084
SRR17046085	844	PRJNA783885	844_SRR17046085
SRR17046086	1072	PRJNA783885	1072_SRR17046086
SRR17046087	1070	PRJNA783885	1070_SRR17046087
SRR17046088	1069	PRJNA783885	1069_SRR17046088
SRR17046089	1068	PRJNA783885	1068_SRR17046089
SRR17046090	1067	PRJNA783885	1067_SRR17046090
SRR17046091	1066	PRJNA783885	1066_SRR17046091
SRR17046092	1065	PRJNA783885	1065_SRR17046092
SRR17046093	1064	PRJNA783885	1064_SRR17046093
SRR17046094	1063	PRJNA783885	1063_SRR17046094
SRR17046095	1062	PRJNA783885	1062_SRR17046095
SRR17046096	1030	PRJNA783885	1030_SRR17046096
SRR17046097	1029	PRJNA783885	1029_SRR17046097
SRR17046098	1028	PRJNA783885	1028_SRR17046098
SRR17046099	1027	PRJNA783885	1027_SRR17046099
SRR17046100	1026	PRJNA783885	1026_SRR17046100
SRR17046101	1025	PRJNA783885	1025_SRR17046101
SRR17046102	1024	PRJNA783885	1024_SRR17046102
SRR17046103	1023	PRJNA783885	1023_SRR17046103
SRR17046104	1022	PRJNA783885	1022_SRR17046104
SRR17046105	1021	PRJNA783885	1021_SRR17046105
SRR17046106	839	PRJNA783885	839_SRR17046106
SRR17046107	1019	PRJNA783885	1019_SRR17046107
SRR17046108	1018	PRJNA783885	1018_SRR17046108
SRR17046109	1017	PRJNA783885	1017_SRR17046109
SRR17046110	1016	PRJNA783885	1016_SRR17046110
SRR17046111	1015	PRJNA783885	1015_SRR17046111
SRR17046112	1153	PRJNA783885	1153_SRR17046112
SRR17046113	1152	PRJNA783885	1152_SRR17046113
SRR17046114	1151	PRJNA783885	1151_SRR17046114
SRR17046115	1150	PRJNA783885	1150_SRR17046115
SRR17046116	1149	PRJNA783885	1149_SRR17046116
SRR17046117	1148	PRJNA783885	1148_SRR17046117
SRR17046118	1147	PRJNA783885	1147_SRR17046118
SRR17046119	1	PRJNA783885	1_SRR17046119
SRR17046120	1145	PRJNA783885	1145_SRR17046120
SRR17046121	1144	PRJNA783885	1144_SRR17046121
SRR17046122	1143	PRJNA783885	1143_SRR17046122
SRR17046123	1142	PRJNA783885	1142_SRR17046123
SRR17046124	1141	PRJNA783885	1141_SRR17046124
SRR17046125	1140	PRJNA783885	1140_SRR17046125
SRR17046126	1139	PRJNA783885	1139_SRR17046126
SRR17046127	1138	PRJNA783885	1138_SRR17046127
SRR17046128	1136	PRJNA783885	1136_SRR17046128
SRR17046129	1135	PRJNA783885	1135_SRR17046129
SRR17046130	850	PRJNA783885	850_SRR17046130
SRR17046131	832	PRJNA783885	832_SRR17046131
SRR17046132	1134	PRJNA783885	1134_SRR17046132
SRR17046133	1133	PRJNA783885	1133_SRR17046133
SRR17046134	1132	PRJNA783885	1132_SRR17046134
SRR17046135	1131	PRJNA783885	1131_SRR17046135
SRR17046136	1130	PRJNA783885	1130_SRR17046136
SRR17046137	1129	PRJNA783885	1129_SRR17046137
SRR17046138	1128	PRJNA783885	1128_SRR17046138
SRR17046139	1127	PRJNA783885	1127_SRR17046139
SRR17046140	1126	PRJNA783885	1126_SRR17046140
SRR17046141	1125	PRJNA783885	1125_SRR17046141
SRR17046142	849	PRJNA783885	849_SRR17046142
SRR17046143	1124	PRJNA783885	1124_SRR17046143
SRR17046144	843	PRJNA783885	843_SRR17046144
SRR17046145	1061	PRJNA783885	1061_SRR17046145
SRR17046146	1059	PRJNA783885	1059_SRR17046146
SRR17046147	1058	PRJNA783885	1058_SRR17046147
SRR17046148	1057	PRJNA783885	1057_SRR17046148
SRR17046149	1056	PRJNA783885	1056_SRR17046149
SRR17046150	1055	PRJNA783885	1055_SRR17046150
SRR17046151	1054	PRJNA783885	1054_SRR17046151
SRR17046152	1053	PRJNA783885	1053_SRR17046152
SRR17046153	1052	PRJNA783885	1052_SRR17046153
SRR17046154	1051	PRJNA783885	1051_SRR17046154
SRR17046155	842	PRJNA783885	842_SRR17046155
SRR17046156	1050	PRJNA783885	1050_SRR17046156
SRR17046157	1049	PRJNA783885	1049_SRR17046157
SRR17046158	1048	PRJNA783885	1048_SRR17046158
SRR17046159	1047	PRJNA783885	1047_SRR17046159
SRR17046160	1046	PRJNA783885	1046_SRR17046160
SRR17046161	1045	PRJNA783885	1045_SRR17046161
SRR17046162	1044	PRJNA783885	1044_SRR17046162
SRR17046163	1043	PRJNA783885	1043_SRR17046163
SRR17046164	1042	PRJNA783885	1042_SRR17046164
SRR17046165	1041	PRJNA783885	1041_SRR17046165
SRR17046166	841	PRJNA783885	841_SRR17046166
SRR17046167	1040	PRJNA783885	1040_SRR17046167
SRR17046168	1039	PRJNA783885	1039_SRR17046168
SRR17046169	1038	PRJNA783885	1038_SRR17046169
SRR17046170	1037	PRJNA783885	1037_SRR17046170
SRR17046171	1036	PRJNA783885	1036_SRR17046171
SRR17046172	1035	PRJNA783885	1035_SRR17046172
SRR17046173	1034	PRJNA783885	1034_SRR17046173
SRR17046174	1033	PRJNA783885	1033_SRR17046174
SRR17046175	1032	PRJNA783885	1032_SRR17046175
SRR17046176	1031	PRJNA783885	1031_SRR17046176
SRR17046177	840	PRJNA783885	840_SRR17046177
SRR17046178	831	PRJNA783885	831_SRR17046178
SRR17046179	830	PRJNA783885	830_SRR17046179
SRR18441530	PI 306617	PRJNA816255	PI 306617_SRR18441530
SRR18441531	PI 306615	PRJNA816255	PI 306615_SRR18441531
SRR18441532	Ames 21879	PRJNA816255	Ames 21879_SRR18441532
SRR18441533	Ames 21878	PRJNA816255	Ames 21878_SRR18441533
SRR18441534	Ames 21877	PRJNA816255	Ames 21877_SRR18441534
SRR18441535	Ames 21867	PRJNA816255	Ames 21867_SRR18441535
SRR18441536	RIMH001	PRJNA816255	RIMH001_SRR18441536
SRR18441537	RRA-14	PRJNA816255	RRA-14_SRR18441537
SRR18441538	RID0009	PRJNA816255	RID0009_SRR18441538
SRR18441539	Ames 21865	PRJNA816255	Ames 21865_SRR18441539
SRR18441540	RID0008	PRJNA816255	RID0008_SRR18441540
SRR18441541	RID0007	PRJNA816255	RID0007_SRR18441541
SRR18441542	RID0006	PRJNA816255	RID0006_SRR18441542
SRR18441543	RID0005	PRJNA816255	RID0005_SRR18441543
SRR18441544	PI 462368	PRJNA816255	PI 462368_SRR18441544
SRR18441545	PI 441932	PRJNA816255	PI 441932_SRR18441545
SRR18441546	PI 441931	PRJNA816255	PI 441931_SRR18441546
SRR18441547	PI 441929	PRJNA816255	PI 441929_SRR18441547
SRR18441548	Ames 2317	PRJNA816255	Ames 2317_SRR18441548
SRR18441549	Ames 21884	PRJNA816255	Ames 21884_SRR18441549
SRR18441550	Ames 21864	PRJNA816255	Ames 21864_SRR18441550
SRR18441551	Ames 21882	PRJNA816255	Ames 21882_SRR18441551
SRR18441552	Ames 21875	PRJNA816255	Ames 21875_SRR18441552
SRR18441553	Ames 21874	PRJNA816255	Ames 21874_SRR18441553
SRR18441554	Ames 21873	PRJNA816255	Ames 21873_SRR18441554
SRR18441555	Ames 21872	PRJNA816255	Ames 21872_SRR18441555
SRR18441556	Ames 21871	PRJNA816255	Ames 21871_SRR18441556
SRR18441557	Ames 21870	PRJNA816255	Ames 21870_SRR18441557
SRR18441558	RIN1	PRJNA816255	RIN1_SRR18441558
SRR18441559	RIL2	PRJNA816255	RIL2_SRR18441559
SRR18441560	RIL003	PRJNA816255	RIL003_SRR18441560
SRR18441561	Ames 21863	PRJNA816255	Ames 21863_SRR18441561
SRR18458783	5D3_2	PRJNA816255	5D3_2_SRR18458783
SRR18458784	5D2_5	PRJNA816255	5D2_5_SRR18458784
SRR18458785	5D2_3	PRJNA816255	5D2_3_SRR18458785
SRR18458786	5D2_2	PRJNA816255	5D2_2_SRR18458786
SRR18458787	5D1_5	PRJNA816255	5D1_5_SRR18458787
SRR18458788	5D1_3	PRJNA816255	5D1_3_SRR18458788
SRR18458789	5D1_2	PRJNA816255	5D1_2_SRR18458789
SRR18458790	Hmes-21875	PRJNA816255	Hmes-21875_SRR18458790
SRR18458791	5D2	PRJNA816255	5D2_SRR18458791
SRR18458792	5D1	PRJNA816255	5D1_SRR18458792
SRR18458793	6.00E+06	PRJNA816255	6.00E+06_SRR18458793
SRR18458794	5D7_5	PRJNA816255	5D7_5_SRR18458794
SRR18458795	6E6_5	PRJNA816255	6E6_5_SRR18458795
SRR18458796	5D7_3	PRJNA816255	5D7_3_SRR18458796
SRR18458797	5D7_2	PRJNA816255	5D7_2_SRR18458797
SRR18458798	5D6_5	PRJNA816255	5D6_5_SRR18458798
SRR18458799	5D6_3	PRJNA816255	5D6_3_SRR18458799
SRR18458800	5D6_2	PRJNA816255	5D6_2_SRR18458800
SRR18458801	5D5_5	PRJNA816255	5D5_5_SRR18458801
SRR18458802	5D5_3	PRJNA816255	5D5_3_SRR18458802
SRR18458803	5D5_2	PRJNA816255	5D5_2_SRR18458803
SRR18458804	5D3_5	PRJNA816255	5D3_5_SRR18458804
SRR18458805	5D3_3	PRJNA816255	5D3_3_SRR18458805
SRR18458806	6E6_3	PRJNA816255	6E6_3_SRR18458806
SRR18458807	6E6_2	PRJNA816255	6E6_2_SRR18458807
SRR2527695	F283	PRJNA260788	F283_SRR2527695
SRR2527696	F353	PRJNA260788	F353_SRR2527696
SRR2858648	RIMMA0383	PRJNA300309	RIMMA0383_SRR2858648
SRR2858657	RIMMA0383	PRJNA300309	RIMMA0383_SRR2858657
SRR2859791	RIMMA0384	PRJNA300309	RIMMA0384_SRR2859791
SRR2859793	RIMMA0384	PRJNA300309	RIMMA0384_SRR2859793
SRR2859795	RIMMA0387	PRJNA300309	RIMMA0387_SRR2859795
SRR2859796	RIMMA0387	PRJNA300309	RIMMA0387_SRR2859796
SRR2886831	RIMMA0415	PRJNA300309	RIMMA0415_SRR2886831
SRR2886832	RIMMA0415	PRJNA300309	RIMMA0415_SRR2886832
SRR2886833	RIMMA0670	PRJNA300309	RIMMA0670_SRR2886833
SRR2886834	RIMMA0670	PRJNA300309	RIMMA0670_SRR2886834
SRR2886856	RIMMA0672	PRJNA300309	RIMMA0672_SRR2886856
SRR2886869	RIMMA0672	PRJNA300309	RIMMA0672_SRR2886869
SRR2886873	RIMMA0720	PRJNA300309	RIMMA0720_SRR2886873
SRR2886874	RIMMA0720	PRJNA300309	RIMMA0720_SRR2886874
SRR2886875	RIMMA1007	PRJNA300309	RIMMA1007_SRR2886875
SRR2886876	RIMMA1007	PRJNA300309	RIMMA1007_SRR2886876
SRR2886877	RIMMA1012	PRJNA300309	RIMMA1012_SRR2886877
SRR2886878	RIMMA1012	PRJNA300309	RIMMA1012_SRR2886878
SRR2886904	RIMMA0390	PRJNA300309	RIMMA0390_SRR2886904
SRR2886906	RIMMA0390	PRJNA300309	RIMMA0390_SRR2886906
SRR2889568	RIMMA0392	PRJNA300309	RIMMA0392_SRR2889568
SRR2889569	RIMMA0392	PRJNA300309	RIMMA0392_SRR2889569
SRR2889570	RIMMA0393	PRJNA300309	RIMMA0393_SRR2889570
SRR2889571	RIMMA0393	PRJNA300309	RIMMA0393_SRR2889571
SRR2889573	RIMMA0409	PRJNA300309	RIMMA0409_SRR2889573
SRR2889574	RIMMA0409	PRJNA300309	RIMMA0409_SRR2889574
SRR2889575	RIMMA0421	PRJNA300309	RIMMA0421_SRR2889575
SRR2889576	RIMMA0421	PRJNA300309	RIMMA0421_SRR2889576
SRR2889577	RIMMA0662	PRJNA300309	RIMMA0662_SRR2889577
SRR2889578	RIMMA0662	PRJNA300309	RIMMA0662_SRR2889578
SRR2889579	RIMMA0703	PRJNA300309	RIMMA0703_SRR2889579
SRR2889580	RIMMA0703	PRJNA300309	RIMMA0703_SRR2889580
SRR2889581	RIMMA0399	PRJNA300309	RIMMA0399_SRR2889581
SRR2889583	RIMMA0399	PRJNA300309	RIMMA0399_SRR2889583
SRR2889669	RIMMA0395	PRJNA300309	RIMMA0395_SRR2889669
SRR2889672	RIMMA0395	PRJNA300309	RIMMA0395_SRR2889672
SRR2889676	RIMMA0398	PRJNA300309	RIMMA0398_SRR2889676
SRR2889677	RIMMA0398	PRJNA300309	RIMMA0398_SRR2889677
SRR2889678	RIMMA0398	PRJNA300309	RIMMA0398_SRR2889678
SRR2889688	RIMMA0466	PRJNA300309	RIMMA0466_SRR2889688
SRR2889689	RIMMA0466	PRJNA300309	RIMMA0466_SRR2889689
SRR2889690	RIMMA0466	PRJNA300309	RIMMA0466_SRR2889690
SRR2889702	RIMMA0625	PRJNA300309	RIMMA0625_SRR2889702
SRR2889704	RIMMA0625	PRJNA300309	RIMMA0625_SRR2889704
SRR2889705	RIMMA0625	PRJNA300309	RIMMA0625_SRR2889705
SRR2889706	RIMMA0438	PRJNA300309	RIMMA0438_SRR2889706
SRR2889707	RIMMA0438	PRJNA300309	RIMMA0438_SRR2889707
SRR2889708	RIMMA0438	PRJNA300309	RIMMA0438_SRR2889708
SRR2889709	RIMMA0438	PRJNA300309	RIMMA0438_SRR2889709
SRR2889710	RIMMA1008	PRJNA300309	RIMMA1008_SRR2889710
SRR2889711	RIMMA1008	PRJNA300309	RIMMA1008_SRR2889711
SRR2890159	RIMMA0626	PRJNA300309	RIMMA0626_SRR2890159
SRR2890160	RIMMA0626	PRJNA300309	RIMMA0626_SRR2890160
SRR2890161	RIMMA0677	PRJNA300309	RIMMA0677_SRR2890161
SRR2890162	RIMMA0677	PRJNA300309	RIMMA0677_SRR2890162
SRR2890163	RIMMA0733	PRJNA300309	RIMMA0733_SRR2890163
SRR2890164	RIMMA0733	PRJNA300309	RIMMA0733_SRR2890164
SRR2890165	RIMMA1010	PRJNA300309	RIMMA1010_SRR2890165
SRR2890166	RIMMA1010	PRJNA300309	RIMMA1010_SRR2890166
SRR2890167	RIMMA0468	PRJNA300309	RIMMA0468_SRR2890167
SRR2890168	RIMMA0468	PRJNA300309	RIMMA0468_SRR2890168
SRR2890169	RIMMA0665	PRJNA300309	RIMMA0665_SRR2890169
SRR2890171	RIMMA0665	PRJNA300309	RIMMA0665_SRR2890171
SRR2890172	RIMMA0385	PRJNA300309	RIMMA0385_SRR2890172
SRR2890173	RIMMA0385	PRJNA300309	RIMMA0385_SRR2890173
SRR2891010	RIMMA0703	PRJNA300309	RIMMA0703_SRR2891010
SRR2891011	RIMMA0703	PRJNA300309	RIMMA0703_SRR2891011
SRR4999771	Tehuacan162	PRJNA352392	Tehuacan162_SRR4999771
SRR5663770	282set_Ms71	PRJNA389800	282set_Ms71_SRR5663770
SRR5663782	282set_VaW6	PRJNA389800	282set_VaW6_SRR5663782
SRR5664041	282set_B57	PRJNA389800	282set_B57_SRR5664041
SRR5725631	282set_B103	PRJNA389800	282set_B103_SRR5725631
SRR5725639	282set_VA102	PRJNA389800	282set_VA102_SRR5725639
SRR5725654	282set_H91	PRJNA389800	282set_H91_SRR5725654
SRR5725655	282set_H95	PRJNA389800	282set_H95_SRR5725655
SRR5725657	282set_HP301	PRJNA389800	282set_HP301_SRR5725657
SRR5725663	282set_A679	PRJNA389800	282set_A679_SRR5725663
SRR5725665	282set_A654	PRJNA389800	282set_A654_SRR5725665
SRR5725666	282set_A641	PRJNA389800	282set_A641_SRR5725666
SRR5725669	282set_A632	PRJNA389800	282set_A632_SRR5725669
SRR5725672	282set_A634	PRJNA389800	282set_A634_SRR5725672
SRR5725675	282set_T8	PRJNA389800	282set_T8_SRR5725675
SRR5725679	282set_NC336	PRJNA389800	282set_NC336_SRR5725679
SRR5725680	282set_NC328	PRJNA389800	282set_NC328_SRR5725680
SRR5725688	282set_IDS91	PRJNA389800	282set_IDS91_SRR5725688
SRR5725689	282set_IDS69	PRJNA389800	282set_IDS69_SRR5725689
SRR5725694	282set_4722	PRJNA389800	282set_4722_SRR5725694
SRR5725707	282set_Ki21	PRJNA389800	282set_Ki21_SRR5725707
SRR5725723	282set_R177	PRJNA389800	282set_R177_SRR5725723
SRR5725735	282set_CML158Q	PRJNA389800	282set_CML158Q_SRR5725735
SRR5725749	282set_L578	PRJNA389800	282set_L578_SRR5725749
SRR5725763	282set_Os420	PRJNA389800	282set_Os420_SRR5725763
SRR5725787	282set_Tzi18	PRJNA389800	282set_Tzi18_SRR5725787
SRR5725795	282set_A441-5	PRJNA389800	282set_A441-5_SRR5725795
SRR5725796	282set_A239	PRJNA389800	282set_A239_SRR5725796
SRR5725801	282set_38-11Goodman-Buckler	PRJNA389800	282set_38-11Goodman-Buckler_SRR5725801
SRR5725803	282set_CML331	PRJNA389800	282set_CML331_SRR5725803
SRR5725812	282set_VaW6	PRJNA389800	282set_VaW6_SRR5725812
SRR5725822	282set_Mt42	PRJNA389800	282set_Mt42_SRR5725822
SRR5725823	282set_Ms71	PRJNA389800	282set_Ms71_SRR5725823
SRR5725824	282set_Ms71	PRJNA389800	282set_Ms71_SRR5725824
SRR5725829	282set_Sg1533	PRJNA389800	282set_Sg1533_SRR5725829
SRR5725844	282set_CML77	PRJNA389800	282set_CML77_SRR5725844
SRR5725845	282set_CML69	PRJNA389800	282set_CML69_SRR5725845
SRR5725848	282set_B79	PRJNA389800	282set_B79_SRR5725848
SRR5725852	282set_C103	PRJNA389800	282set_C103_SRR5725852
SRR5725853	282set_B84	PRJNA389800	282set_B84_SRR5725853
SRR5725855	282set_C123	PRJNA389800	282set_C123_SRR5725855
SRR5725858	282set_CI187-2	PRJNA389800	282set_CI187-2_SRR5725858
SRR5725873	282set_D940Y	PRJNA389800	282set_D940Y_SRR5725873
SRR5725877	282set_CO255	PRJNA389800	282set_CO255_SRR5725877
SRR5725887	282set_Va59	PRJNA389800	282set_Va59_SRR5725887
SRR5725891	282set_B57	PRJNA389800	282set_B57_SRR5725891
SRR5725900	282set_NC262	PRJNA389800	282set_NC262_SRR5725900
SRR5725902	282set_NC258	PRJNA389800	282set_NC258_SRR5725902
SRR5725906	282set_CML311	PRJNA389800	282set_CML311_SRR5725906
SRR5725930	282set_A682	PRJNA389800	282set_A682_SRR5725930
SRR5962624	hmp3_ZEAxppRDLDIAAPEI-2	PRJNA399729	hmp3_ZEAxppRDLDIAAPEI-2_SRR5962624
SRR5962636	hmp3_MAIdgiRAWDIAAPEI-5	PRJNA399729	hmp3_MAIdgiRAWDIAAPEI-5_SRR5962636
SRR5962637	hmp3_MAIdgiRAXDIAAPEI-6	PRJNA399729	hmp3_MAIdgiRAXDIAAPEI-6_SRR5962637
SRR5962639	hmp3_MAIdgiRAYDIAAPEI-7	PRJNA399729	hmp3_MAIdgiRAYDIAAPEI-7_SRR5962639
SRR5962641	hmp3_MAIdgiRAYDIAAPEI-7	PRJNA399729	hmp3_MAIdgiRAYDIAAPEI-7_SRR5962641
SRR5962647	hmp3_ZEAxppRDHDIAAPEI-12	PRJNA399729	hmp3_ZEAxppRDHDIAAPEI-12_SRR5962647
SRR5962665	hmp3_MAIdgiRCIDIAAPEI-7	PRJNA399729	hmp3_MAIdgiRCIDIAAPEI-7_SRR5962665
SRR5962671	hmp3_ZEAxppRCWDIAAPEI-3	PRJNA399729	hmp3_ZEAxppRCWDIAAPEI-3_SRR5962671
SRR5962672	hmp3_ZEAxppRCXDIAAPEI-4	PRJNA399729	hmp3_ZEAxppRCXDIAAPEI-4_SRR5962672
SRR5962673	hmp3_ZEAxppRCXDIAAPEI-4	PRJNA399729	hmp3_ZEAxppRCXDIAAPEI-4_SRR5962673
SRR5962675	hmp3_ZEAxppRCUDIAAPEI-1	PRJNA399729	hmp3_ZEAxppRCUDIAAPEI-1_SRR5962675
SRR5962677	hmp3_ZEAxppRCVDIAAPEI-2	PRJNA399729	hmp3_ZEAxppRCVDIAAPEI-2_SRR5962677
SRR5962679	hmp3_ZEAxppRCYDIAAPEI-5	PRJNA399729	hmp3_ZEAxppRCYDIAAPEI-5_SRR5962679
SRR5962681	hmp3_MAIdgiRCKDIAAPEI-9	PRJNA399729	hmp3_MAIdgiRCKDIAAPEI-9_SRR5962681
SRR5962682	hmp3_ZEAxujRBCDIBAPE	PRJNA399729	hmp3_ZEAxujRBCDIBAPE_SRR5962682
SRR5962693	hmp3_MAIdgiRAPDIAAPEI-12	PRJNA399729	hmp3_MAIdgiRAPDIAAPEI-12_SRR5962693
SRR5962694	hmp3_MAIdgiRAPDIAAPEI-12	PRJNA399729	hmp3_MAIdgiRAPDIAAPEI-12_SRR5962694
SRR5962700	hmp3_MAIdgiRAMDIAAPEI-10	PRJNA399729	hmp3_MAIdgiRAMDIAAPEI-10_SRR5962700
SRR5962709	hmp3_MAIdgiRABDIAAPEI-2	PRJNA399729	hmp3_MAIdgiRABDIAAPEI-2_SRR5962709
SRR5962714	hmp3_ZEAxppRCODIAAPEI-9	PRJNA399729	hmp3_ZEAxppRCODIAAPEI-9_SRR5962714
SRR5962715	hmp3_ZEAxppRCODIAAPEI-9	PRJNA399729	hmp3_ZEAxppRCODIAAPEI-9_SRR5962715
SRR5962716	hmp3_ZEAxppRCODIAAPEI-9	PRJNA399729	hmp3_ZEAxppRCODIAAPEI-9_SRR5962716
SRR5962717	hmp3_ZEAxppRCJDIAAPEI-7	PRJNA399729	hmp3_ZEAxppRCJDIAAPEI-7_SRR5962717
SRR5962719	hmp3_ZEAxppRCPDIAAPEI-10	PRJNA399729	hmp3_ZEAxppRCPDIAAPEI-10_SRR5962719
SRR5962720	hmp3_ZEAxppRCPDIAAPEI-10	PRJNA399729	hmp3_ZEAxppRCPDIAAPEI-10_SRR5962720
SRR5962721	hmp3_ZEAxppRCPDIAAPEI-10	PRJNA399729	hmp3_ZEAxppRCPDIAAPEI-10_SRR5962721
SRR5962738	hmp3_MAIdgiRAWDIAAPEI-5	PRJNA399729	hmp3_MAIdgiRAWDIAAPEI-5_SRR5962738
SRR5962739	hmp3_MAIdgiRARDIAAPEI-1	PRJNA399729	hmp3_MAIdgiRARDIAAPEI-1_SRR5962739
SRR5962742	hmp3_ZEAxujRAWDIAAPE	PRJNA399729	hmp3_ZEAxujRAWDIAAPE_SRR5962742
SRR5962745	hmp3_MAIdgiRAVDIAAPEI-4	PRJNA399729	hmp3_MAIdgiRAVDIAAPEI-4_SRR5962745
SRR5962746	hmp3_MAIdgiRAVDIAAPEI-4	PRJNA399729	hmp3_MAIdgiRAVDIAAPEI-4_SRR5962746
SRR5962747	hmp3_ZEAxppRCHDIAAPEI-6	PRJNA399729	hmp3_ZEAxppRCHDIAAPEI-6_SRR5962747
SRR5962749	hmp3_ZEAxppRCGDIAAPEI-5	PRJNA399729	hmp3_ZEAxppRCGDIAAPEI-5_SRR5962749
SRR5962750	hmp3_ZEAxppRCHDIAAPEI-6	PRJNA399729	hmp3_ZEAxppRCHDIAAPEI-6_SRR5962750
SRR5962751	hmp3_ZEAxppRCFDIAAPEI-4	PRJNA399729	hmp3_ZEAxppRCFDIAAPEI-4_SRR5962751
SRR5962752	hmp3_ZEAxppRCGDIAAPEI-5	PRJNA399729	hmp3_ZEAxppRCGDIAAPEI-5_SRR5962752
SRR5962755	hmp3_ZEAxppRCBDIAAPEI-3	PRJNA399729	hmp3_ZEAxppRCBDIAAPEI-3_SRR5962755
SRR5962756	hmp3_ZEAxppRCDDIAAPEI-12	PRJNA399729	hmp3_ZEAxppRCDDIAAPEI-12_SRR5962756
SRR5962764	hmp3_ZEAxppRAZDIAAPEI-7	PRJNA399729	hmp3_ZEAxppRAZDIAAPEI-7_SRR5962764
SRR5962766	hmp3_ZEAxppRBCDIAAPEI-2	PRJNA399729	hmp3_ZEAxppRBCDIAAPEI-2_SRR5962766
SRR5962780	hmp3_ZEAxppRCBDIAAPEI-3	PRJNA399729	hmp3_ZEAxppRCBDIAAPEI-3_SRR5962780
SRR5962785	hmp3_ZEAxppRBYDIAAPEI-2	PRJNA399729	hmp3_ZEAxppRBYDIAAPEI-2_SRR5962785
SRR5962788	hmp3_ZEAxppRBUDIAAPEI-5	PRJNA399729	hmp3_ZEAxppRBUDIAAPEI-5_SRR5962788
SRR5962818	hmp3_MAIdgiRAKDIAAPEI-9	PRJNA399729	hmp3_MAIdgiRAKDIAAPEI-9_SRR5962818
SRR5962819	hmp3_MAIdgiRAKDIAAPEI-9	PRJNA399729	hmp3_MAIdgiRAKDIAAPEI-9_SRR5962819
SRR5962830	hmp3_ZEAxppRAFDIAAPEI-5	PRJNA399729	hmp3_ZEAxppRAFDIAAPEI-5_SRR5962830
SRR5962836	hmp3_ZEAxppRAHDIAAPEI-6	PRJNA399729	hmp3_ZEAxppRAHDIAAPEI-6_SRR5962836
SRR5962862	hmp3_ZEAxppRATDIAAPEI-12	PRJNA399729	hmp3_ZEAxppRATDIAAPEI-12_SRR5962862
SRR5962864	hmp3_ZEAxppRAUDIAAPEI-1	PRJNA399729	hmp3_ZEAxppRAUDIAAPEI-1_SRR5962864
SRR5962866	hmp3_ZEAxppRANDIAAPEI-10	PRJNA399729	hmp3_ZEAxppRANDIAAPEI-10_SRR5962866
SRR5976220	A272	PRJNA399729	A272_SRR5976220
SRR5976229	CML103	PRJNA399729	CML103_SRR5976229
SRR5976250	CML69	PRJNA399729	CML69_SRR5976250
SRR5976252	CML69	PRJNA399729	CML69_SRR5976252
SRR5976253	CML69	PRJNA399729	CML69_SRR5976253
SRR5976255	CML69	PRJNA399729	CML69_SRR5976255
SRR5976276	Oh40B	PRJNA399729	Oh40B_SRR5976276
SRR5976302	Mo17	PRJNA399729	Mo17_SRR5976302
SRR5976309	TIL15	PRJNA399729	TIL15_SRR5976309
SRR5976310	TIL25-TIP489.2	PRJNA399729	TIL25-TIP489.2_SRR5976310
SRR5976317	M37W	PRJNA399729	M37W_SRR5976317
SRR5976322	MM-1A	PRJNA399729	MM-1A_SRR5976322
SRR5976325	W22	PRJNA399729	W22_SRR5976325
SRR5976354	Tx601	PRJNA399729	Tx601_SRR5976354
SRR5976424	Ki3	PRJNA399729	Ki3_SRR5976424
SRR5976469	Ki21	PRJNA399729	Ki21_SRR5976469
SRR5976474	N6	PRJNA399729	N6_SRR5976474
SRR5976491	TIL14-TIP498.2	PRJNA399729	TIL14-TIP498.2_SRR5976491
SRR5976492	TIL09	PRJNA399729	TIL09_SRR5976492
SRR5976493	TIL10	PRJNA399729	TIL10_SRR5976493
SRR5976494	TIL03	PRJNA399729	TIL03_SRR5976494
SRR5976495	TIL05	PRJNA399729	TIL05_SRR5976495
SRR5976496	RIMMA0438	PRJNA399729	RIMMA0438_SRR5976496
SRR5976497	TIL01	PRJNA399729	TIL01_SRR5976497
SRR5976511	TIL11	PRJNA399729	TIL11_SRR5976511
SRR5991979	B73	PRJNA399729	B73_SRR5991979
SRR7477667	Z66	PRJNA479960	Z66_SRR7477667
SRR7477668	Z65	PRJNA479960	Z65_SRR7477668
SRR7477670	Z67	PRJNA479960	Z67_SRR7477670
SRR7477671	Arica5	PRJNA479960	Arica5_SRR7477671
SRR7477672	Arica4	PRJNA479960	Arica4_SRR7477672
SRR7477673	Z6	PRJNA479960	Z6_SRR7477673
SRR7477674	Z2	PRJNA479960	Z2_SRR7477674
SRR8906635	526018	PRJNA531553	526018_SRR8906635
SRR8906636	CML229	PRJNA531553	CML229_SRR8906636
SRR8906637	CIMBL29	PRJNA531553	CIMBL29_SRR8906637
SRR8906638	CML480	PRJNA531553	CML480_SRR8906638
SRR8906639	CIMBL111	PRJNA531553	CIMBL111_SRR8906639
SRR8906640	BT1	PRJNA531553	BT1_SRR8906640
SRR8906641	CML168	PRJNA531553	CML168_SRR8906641
SRR8906642	CML360	PRJNA531553	CML360_SRR8906642
SRR8906643	CML426	PRJNA531553	CML426_SRR8906643
SRR8906644	CML223	PRJNA531553	CML223_SRR8906644
SRR8906645	SW1611	PRJNA531553	SW1611_SRR8906645
SRR8906646	CIMBL146	PRJNA531553	CIMBL146_SRR8906646
SRR8906647	CML163	PRJNA531553	CML163_SRR8906647
SRR8906648	CIMBL51	PRJNA531553	CIMBL51_SRR8906648
SRR8906649	CIMBL16	PRJNA531553	CIMBL16_SRR8906649
SRR8906650	CML189	PRJNA531553	CML189_SRR8906650
SRR8906651	CML497	PRJNA531553	CML497_SRR8906651
SRR8906652	P138	PRJNA531553	P138_SRR8906652
SRR8906653	CIMBL155	PRJNA531553	CIMBL155_SRR8906653
SRR8906654	CIMBL15	PRJNA531553	CIMBL15_SRR8906654
SRR8906655	CIMBL39	PRJNA531553	CIMBL39_SRR8906655
SRR8906656	PH4VC	PRJNA531553	PH4VC_SRR8906656
SRR8906657	04K5702	PRJNA531553	04K5702_SRR8906657
SRR8906658	GEMS55	PRJNA531553	GEMS55_SRR8906658
SRR8906659	TX5	PRJNA531553	TX5_SRR8906659
SRR8906660	ZHENG58	PRJNA531553	ZHENG58_SRR8906660
SRR8906661	JI846	PRJNA531553	JI846_SRR8906661
SRR8906662	9642	PRJNA531553	9642_SRR8906662
SRR8906663	GEMS36	PRJNA531553	GEMS36_SRR8906663
SRR8906664	BY815	PRJNA531553	BY815_SRR8906664
SRR8906665	W138	PRJNA531553	W138_SRR8906665
SRR8906666	H21	PRJNA531553	H21_SRR8906666
SRR8906667	CIMBL137	PRJNA531553	CIMBL137_SRR8906667
SRR8906668	BK	PRJNA531553	BK_SRR8906668
SRR8906669	CIMBL149	PRJNA531553	CIMBL149_SRR8906669
SRR8906670	CIMBL37	PRJNA531553	CIMBL37_SRR8906670
SRR8906671	CML433	PRJNA531553	CML433_SRR8906671
SRR8906672	CIMBL18	PRJNA531553	CIMBL18_SRR8906672
SRR8906673	CIMBL140	PRJNA531553	CIMBL140_SRR8906673
SRR8906674	CIMBL135	PRJNA531553	CIMBL135_SRR8906674
SRR8906675	CIMBL28	PRJNA531553	CIMBL28_SRR8906675
SRR8906676	CIMBL109	PRJNA531553	CIMBL109_SRR8906676
SRR8906677	CIMBL31	PRJNA531553	CIMBL31_SRR8906677
SRR8906678	CIMBL110	PRJNA531553	CIMBL110_SRR8906678
SRR8906679	CIMBL92	PRJNA531553	CIMBL92_SRR8906679
SRR8906680	ZHENG653	PRJNA531553	ZHENG653_SRR8906680
SRR8906681	ZHI41	PRJNA531553	ZHI41_SRR8906681
SRR8906682	LIAO5114	PRJNA531553	LIAO5114_SRR8906682
SRR8906683	JI63	PRJNA531553	JI63_SRR8906683
SRR8906684	LY	PRJNA531553	LY_SRR8906684
SRR8906685	TY1	PRJNA531553	TY1_SRR8906685
SRR8906686	R08	PRJNA531553	R08_SRR8906686
SRR8906687	GEMS56	PRJNA531553	GEMS56_SRR8906687
SRR8906688	04K5686	PRJNA531553	04K5686_SRR8906688
SRR8906689	SY1035	PRJNA531553	SY1035_SRR8906689
SRR8906690	8902	PRJNA531553	8902_SRR8906690
SRR8906691	FCD0602	PRJNA531553	FCD0602_SRR8906691
SRR8906692	GEMS30	PRJNA531553	GEMS30_SRR8906692
SRR8906693	ZONG31	PRJNA531553	ZONG31_SRR8906693
SRR8906694	GEMS21	PRJNA531553	GEMS21_SRR8906694
SRR8906695	RY737	PRJNA531553	RY737_SRR8906695
SRR8906696	DSB	PRJNA531553	DSB_SRR8906696
SRR8906697	JIAO51	PRJNA531553	JIAO51_SRR8906697
SRR8906698	177	PRJNA531553	177_SRR8906698
SRR8906699	GEMS40	PRJNA531553	GEMS40_SRR8906699
SRR8906700	GEMS45	PRJNA531553	GEMS45_SRR8906700
SRR8906701	GEMS12	PRJNA531553	GEMS12_SRR8906701
SRR8906702	SHEN5003	PRJNA531553	SHEN5003_SRR8906702
SRR8906703	GEMS32	PRJNA531553	GEMS32_SRR8906703
SRR8906704	GEMS35	PRJNA531553	GEMS35_SRR8906704
SRR8906705	XI502	PRJNA531553	XI502_SRR8906705
SRR8906706	B77	PRJNA531553	B77_SRR8906706
SRR8906707	GEMS49	PRJNA531553	GEMS49_SRR8906707
SRR8906708	RY713	PRJNA531553	RY713_SRR8906708
SRR8906709	WU109	PRJNA531553	WU109_SRR8906709
SRR8906710	CIMBL96	PRJNA531553	CIMBL96_SRR8906710
SRR8906711	CIMBL53	PRJNA531553	CIMBL53_SRR8906711
SRR8906712	CML134	PRJNA531553	CML134_SRR8906712
SRR8906713	CIMBL131	PRJNA531553	CIMBL131_SRR8906713
SRR8906714	CML300	PRJNA531553	CML300_SRR8906714
SRR8906715	CML51	PRJNA531553	CML51_SRR8906715
SRR8906716	S37	PRJNA531553	S37_SRR8906716
SRR8906717	CML29	PRJNA531553	CML29_SRR8906717
SRR8906718	CIMBL25	PRJNA531553	CIMBL25_SRR8906718
SRR8906719	CIMBL11	PRJNA531553	CIMBL11_SRR8906719
SRR8906720	CML290	PRJNA531553	CML290_SRR8906720
SRR8906721	CIMBL54	PRJNA531553	CIMBL54_SRR8906721
SRR8906722	CML172	PRJNA531553	CML172_SRR8906722
SRR8906723	CIMBL33	PRJNA531553	CIMBL33_SRR8906723
SRR8906724	SHEN137	PRJNA531553	SHEN137_SRR8906724
SRR8906725	CML451	PRJNA531553	CML451_SRR8906725
SRR8906726	CIMBL10	PRJNA531553	CIMBL10_SRR8906726
SRR8906727	CML486	PRJNA531553	CML486_SRR8906727
SRR8906728	CML493	PRJNA531553	CML493_SRR8906728
SRR8906729	CIMBL127	PRJNA531553	CIMBL127_SRR8906729
SRR8906730	CML364	PRJNA531553	CML364_SRR8906730
SRR8906731	CIMBL132	PRJNA531553	CIMBL132_SRR8906731
SRR8906732	CML454	PRJNA531553	CML454_SRR8906732
SRR8906733	CIMBL59	PRJNA531553	CIMBL59_SRR8906733
SRR8906734	CML113	PRJNA531553	CML113_SRR8906734
SRR8906735	CML415	PRJNA531553	CML415_SRR8906735
SRR8906736	CIMBL45	PRJNA531553	CIMBL45_SRR8906736
SRR8906737	CIMBL7	PRJNA531553	CIMBL7_SRR8906737
SRR8906738	CML423	PRJNA531553	CML423_SRR8906738
SRR8906739	CIMBL70	PRJNA531553	CIMBL70_SRR8906739
SRR8906740	CIMBL46	PRJNA531553	CIMBL46_SRR8906740
SRR8906741	238	PRJNA531553	238_SRR8906741
SRR8906742	GEMS14	PRJNA531553	GEMS14_SRR8906742
SRR8906743	GEMS60	PRJNA531553	GEMS60_SRR8906743
SRR8906744	EN25	PRJNA531553	EN25_SRR8906744
SRR8906745	CY72	PRJNA531553	CY72_SRR8906745
SRR8906746	BZN	PRJNA531553	BZN_SRR8906746
SRR8906747	GEMS52	PRJNA531553	GEMS52_SRR8906747
SRR8906748	JH59	PRJNA531553	JH59_SRR8906748
SRR8906749	DH3732	PRJNA531553	DH3732_SRR8906749
SRR8906750	CIMBL87	PRJNA531553	CIMBL87_SRR8906750
SRR8906751	150	PRJNA531553	150_SRR8906751
SRR8906752	GY386	PRJNA531553	GY386_SRR8906752
SRR8906753	CIMBL24	PRJNA531553	CIMBL24_SRR8906753
SRR8906754	CIMBL153	PRJNA531553	CIMBL153_SRR8906754
SRR8906755	CIMBL143	PRJNA531553	CIMBL143_SRR8906755
SRR8906756	CIMBL65	PRJNA531553	CIMBL65_SRR8906756
SRR8906757	M97	PRJNA531553	M97_SRR8906757
SRR8906758	R15	PRJNA531553	R15_SRR8906758
SRR8906759	ZHENG32	PRJNA531553	ZHENG32_SRR8906759
SRR8906760	TY4	PRJNA531553	TY4_SRR8906760
SRR8906761	BS16	PRJNA531553	BS16_SRR8906761
SRR8906762	B111	PRJNA531553	B111_SRR8906762
SRR8906763	BY807	PRJNA531553	BY807_SRR8906763
SRR8906764	U8112	PRJNA531553	U8112_SRR8906764
SRR8906765	GEMS29	PRJNA531553	GEMS29_SRR8906765
SRR8906766	1323	PRJNA531553	1323_SRR8906766
SRR8906767	TY5	PRJNA531553	TY5_SRR8906767
SRR8906768	RY697	PRJNA531553	RY697_SRR8906768
SRR8906769	SY1077	PRJNA531553	SY1077_SRR8906769
SRR8906770	K12	PRJNA531553	K12_SRR8906770
SRR8906771	JI842	PRJNA531553	JI842_SRR8906771
SRR8906772	GEMS66	PRJNA531553	GEMS66_SRR8906772
SRR8906773	ZHENG35	PRJNA531553	ZHENG35_SRR8906773
SRR8906774	GY386B	PRJNA531553	GY386B_SRR8906774
SRR8906775	GEMS51	PRJNA531553	GEMS51_SRR8906775
SRR8906776	CIMBL21	PRJNA531553	CIMBL21_SRR8906776
SRR8906777	CIMBL118	PRJNA531553	CIMBL118_SRR8906777
SRR8906778	CIMBL99	PRJNA531553	CIMBL99_SRR8906778
SRR8906779	CML286	PRJNA531553	CML286_SRR8906779
SRR8906780	CML169	PRJNA531553	CML169_SRR8906780
SRR8906781	CIMBL56	PRJNA531553	CIMBL56_SRR8906781
SRR8906782	CIMBL49	PRJNA531553	CIMBL49_SRR8906782
SRR8906783	CIMBL154	PRJNA531553	CIMBL154_SRR8906783
SRR8906784	CML228	PRJNA531553	CML228_SRR8906784
SRR8906785	CML165	PRJNA531553	CML165_SRR8906785
SRR8906786	K22	PRJNA531553	K22_SRR8906786
SRR8906787	18-599	PRJNA531553	18-599_SRR8906787
SRR8906788	ZHENG28	PRJNA531553	ZHENG28_SRR8906788
SRR8906789	CIMBL84	PRJNA531553	CIMBL84_SRR8906789
SRR8906790	CML31	PRJNA531553	CML31_SRR8906790
SRR8906791	CIMBL77	PRJNA531553	CIMBL77_SRR8906791
SRR8906792	CML324	PRJNA531553	CML324_SRR8906792
SRR8906793	CIMBL124	PRJNA531553	CIMBL124_SRR8906793
SRR8906794	CIMBL68	PRJNA531553	CIMBL68_SRR8906794
SRR8906795	CIMBL71	PRJNA531553	CIMBL71_SRR8906795
SRR8906796	CIMBL34	PRJNA531553	CIMBL34_SRR8906796
SRR8906797	CIMBL69	PRJNA531553	CIMBL69_SRR8906797
SRR8906798	CIMBL23	PRJNA531553	CIMBL23_SRR8906798
SRR8906799	CIMBL121	PRJNA531553	CIMBL121_SRR8906799
SRR8906800	CML118	PRJNA531553	CML118_SRR8906800
SRR8906801	CIMBL156	PRJNA531553	CIMBL156_SRR8906801
SRR8906802	CML470	PRJNA531553	CML470_SRR8906802
SRR8906803	CML411	PRJNA531553	CML411_SRR8906803
SRR8906804	CIMBL107	PRJNA531553	CIMBL107_SRR8906804
SRR8906805	CIMBL98	PRJNA531553	CIMBL98_SRR8906805
SRR8906806	CIMBL100	PRJNA531553	CIMBL100_SRR8906806
SRR8906807	CIMBL150	PRJNA531553	CIMBL150_SRR8906807
SRR8906808	CIMBL35	PRJNA531553	CIMBL35_SRR8906808
SRR8906809	CML428	PRJNA531553	CML428_SRR8906809
SRR8906810	CIMBL115	PRJNA531553	CIMBL115_SRR8906810
SRR8906811	CML305	PRJNA531553	CML305_SRR8906811
SRR8906812	CIMBL82	PRJNA531553	CIMBL82_SRR8906812
SRR8906813	CIMBL57	PRJNA531553	CIMBL57_SRR8906813
SRR8906814	CIMBL91	PRJNA531553	CIMBL91_SRR8906814
SRR8906815	CIMBL43	PRJNA531553	CIMBL43_SRR8906815
SRR8906816	CML121	PRJNA531553	CML121_SRR8906816
SRR8906817	CIMBL27	PRJNA531553	CIMBL27_SRR8906817
SRR8906818	CIMBL102	PRJNA531553	CIMBL102_SRR8906818
SRR8906819	TY9	PRJNA531553	TY9_SRR8906819
SRR8906820	GEMS3	PRJNA531553	GEMS3_SRR8906820
SRR8906821	9782	PRJNA531553	9782_SRR8906821
SRR8906822	303WX	PRJNA531553	303WX_SRR8906822
SRR8906823	GEMS10	PRJNA531553	GEMS10_SRR8906823
SRR8906824	GEMS62	PRJNA531553	GEMS62_SRR8906824
SRR8906825	7381	PRJNA531553	7381_SRR8906825
SRR8906826	GEMS4	PRJNA531553	GEMS4_SRR8906826
SRR8906827	K10	PRJNA531553	K10_SRR8906827
SRR8906828	1462	PRJNA531553	1462_SRR8906828
SRR8906829	ZHENG29	PRJNA531553	ZHENG29_SRR8906829
SRR8906830	K14	PRJNA531553	K14_SRR8906830
SRR8906831	LIAO5262	PRJNA531553	LIAO5262_SRR8906831
SRR8906832	GEMS31	PRJNA531553	GEMS31_SRR8906832
SRR8906833	GY923	PRJNA531553	GY923_SRR8906833
SRR8906834	TY6	PRJNA531553	TY6_SRR8906834
SRR8906835	384-2	PRJNA531553	384-2_SRR8906835
SRR8906836	HYS	PRJNA531553	HYS_SRR8906836
SRR8906837	LY042	PRJNA531553	LY042_SRR8906837
SRR8906838	5311	PRJNA531553	5311_SRR8906838
SRR8906839	BY843	PRJNA531553	BY843_SRR8906839
SRR8906840	DAN340	PRJNA531553	DAN340_SRR8906840
SRR8906841	CF3	PRJNA531553	CF3_SRR8906841
SRR8906842	ZAC546	PRJNA531553	ZAC546_SRR8906842
SRR8906843	GEMS24	PRJNA531553	GEMS24_SRR8906843
SRR8906844	975-12	PRJNA531553	975-12_SRR8906844
SRR8906845	4F1	PRJNA531553	4F1_SRR8906845
SRR8906846	GEMS23	PRJNA531553	GEMS23_SRR8906846
SRR8906847	TY8	PRJNA531553	TY8_SRR8906847
SRR8906848	R15X1141	PRJNA531553	R15X1141_SRR8906848
SRR8906849	GEMS18	PRJNA531553	GEMS18_SRR8906849
SRR8906850	SI446	PRJNA531553	SI446_SRR8906850
SRR8906851	GEMS63	PRJNA531553	GEMS63_SRR8906851
SRR8906852	GEMS44	PRJNA531553	GEMS44_SRR8906852
SRR8906853	CML432	PRJNA531553	CML432_SRR8906853
SRR8906854	SI273	PRJNA531553	SI273_SRR8906854
SRR8906855	SY999	PRJNA531553	SY999_SRR8906855
SRR8906856	ZH68	PRJNA531553	ZH68_SRR8906856
SRR8906857	TIE7922	PRJNA531553	TIE7922_SRR8906857
SRR8906858	CML408	PRJNA531553	CML408_SRR8906858
SRR8906859	DONG46	PRJNA531553	DONG46_SRR8906859
SRR8906860	05W002	PRJNA531553	05W002_SRR8906860
SRR8906861	YE478	PRJNA531553	YE478_SRR8906861
SRR8906862	HZS	PRJNA531553	HZS_SRR8906862
SRR8906863	CIMBL41	PRJNA531553	CIMBL41_SRR8906863
SRR8906864	CIMBL85	PRJNA531553	CIMBL85_SRR8906864
SRR8906865	CML192	PRJNA531553	CML192_SRR8906865
SRR8906866	CIMBL44	PRJNA531553	CIMBL44_SRR8906866
SRR8906867	CIMBL40	PRJNA531553	CIMBL40_SRR8906867
SRR8906868	CML115	PRJNA531553	CML115_SRR8906868
SRR8906869	CIMBL1	PRJNA531553	CIMBL1_SRR8906869
SRR8906870	CIMBL95	PRJNA531553	CIMBL95_SRR8906870
SRR8906871	CML170	PRJNA531553	CML170_SRR8906871
SRR8906872	CIMBL152	PRJNA531553	CIMBL152_SRR8906872
SRR8906873	CIMBL74	PRJNA531553	CIMBL74_SRR8906873
SRR8906874	CML338	PRJNA531553	CML338_SRR8906874
SRR8906875	CIMBL120	PRJNA531553	CIMBL120_SRR8906875
SRR8906876	CML28	PRJNA531553	CML28_SRR8906876
SRR8906877	CIMBL38	PRJNA531553	CIMBL38_SRR8906877
SRR8906878	CIMBL26	PRJNA531553	CIMBL26_SRR8906878
SRR8906879	CML40	PRJNA531553	CML40_SRR8906879
SRR8906880	CIMBL128	PRJNA531553	CIMBL128_SRR8906880
SRR8906881	CML162	PRJNA531553	CML162_SRR8906881
SRR8906882	CIMBL104	PRJNA531553	CIMBL104_SRR8906882
SRR8906883	GEMS1	PRJNA531553	GEMS1_SRR8906883
SRR8906884	CIMBL106	PRJNA531553	CIMBL106_SRR8906884
SRR8906885	CIMBL125	PRJNA531553	CIMBL125_SRR8906885
SRR8906886	CML496	PRJNA531553	CML496_SRR8906886
SRR8906887	CML130	PRJNA531553	CML130_SRR8906887
SRR8906888	CML307	PRJNA531553	CML307_SRR8906888
SRR8906889	CIMBL9	PRJNA531553	CIMBL9_SRR8906889
SRR8906890	CIMBL122	PRJNA531553	CIMBL122_SRR8906890
SRR8906891	CIMBL134	PRJNA531553	CIMBL134_SRR8906891
SRR8906892	CIMBL20	PRJNA531553	CIMBL20_SRR8906892
SRR8906893	GEMS59	PRJNA531553	GEMS59_SRR8906893
SRR8906894	SY1052	PRJNA531553	SY1052_SRR8906894
SRR8906895	GEMS16	PRJNA531553	GEMS16_SRR8906895
SRR8906896	CML171	PRJNA531553	CML171_SRR8906896
SRR8906897	DH29	PRJNA531553	DH29_SRR8906897
SRR8906898	NMJT	PRJNA531553	NMJT_SRR8906898
SRR8906899	ZHENG30	PRJNA531553	ZHENG30_SRR8906899
SRR8906900	WH413	PRJNA531553	WH413_SRR8906900
SRR8906901	GEMS43	PRJNA531553	GEMS43_SRR8906901
SRR8906902	QI205	PRJNA531553	QI205_SRR8906902
SRR8906903	DAN360	PRJNA531553	DAN360_SRR8906903
SRR8906904	LXN	PRJNA531553	LXN_SRR8906904
SRR8906905	CHANG3	PRJNA531553	CHANG3_SRR8906905
SRR8906906	GY1032	PRJNA531553	GY1032_SRR8906906
SRR8906907	CI7	PRJNA531553	CI7_SRR8906907
SRR8906908	GEMS53	PRJNA531553	GEMS53_SRR8906908
SRR8906909	CIMBL83	PRJNA531553	CIMBL83_SRR8906909
SRR8906910	CIMBL101	PRJNA531553	CIMBL101_SRR8906910
SRR8906911	CIMBL67	PRJNA531553	CIMBL67_SRR8906911
SRR8906912	P178	PRJNA531553	P178_SRR8906912
SRR8906913	CIMBL113	PRJNA531553	CIMBL113_SRR8906913
SRR8906914	CIMBL62	PRJNA531553	CIMBL62_SRR8906914
SRR8906915	ZZ01	PRJNA531553	ZZ01_SRR8906915
SRR8906916	CML50	PRJNA531553	CML50_SRR8906916
SRR8906917	CIMBL19	PRJNA531553	CIMBL19_SRR8906917
SRR8906918	CIMBL88	PRJNA531553	CIMBL88_SRR8906918
SRR8906919	CIMBL66	PRJNA531553	CIMBL66_SRR8906919
SRR8906920	CIMBL94	PRJNA531553	CIMBL94_SRR8906920
SRR8906921	CML323	PRJNA531553	CML323_SRR8906921
SRR8906922	CIMBL93	PRJNA531553	CIMBL93_SRR8906922
SRR8906923	CIMBL117	PRJNA531553	CIMBL117_SRR8906923
SRR8906924	CML473	PRJNA531553	CML473_SRR8906924
SRR8906925	CIMBL58	PRJNA531553	CIMBL58_SRR8906925
SRR8906926	YE52106	PRJNA531553	YE52106_SRR8906926
SRR8906927	XUN971	PRJNA531553	XUN971_SRR8906927
SRR8906928	WMR	PRJNA531553	WMR_SRR8906928
SRR8906929	D863F	PRJNA531553	D863F_SRR8906929
SRR8906930	CHUAN48-2	PRJNA531553	CHUAN48-2_SRR8906930
SRR8906931	05WN230	PRJNA531553	05WN230_SRR8906931
SRR8906932	BY4839	PRJNA531553	BY4839_SRR8906932
SRR8906933	B114	PRJNA531553	B114_SRR8906933
SRR8906934	501	PRJNA531553	501_SRR8906934
SRR8906935	YE488	PRJNA531553	YE488_SRR8906935
SRR8906936	3H-2	PRJNA531553	3H-2_SRR8906936
SRR8906937	CHENG698	PRJNA531553	CHENG698_SRR8906937
SRR8906938	LK11	PRJNA531553	LK11_SRR8906938
SRR8906939	CML27	PRJNA531553	CML27_SRR8906939
SRR8906940	CML225	PRJNA531553	CML225_SRR8906940
SRR8906941	TY2	PRJNA531553	TY2_SRR8906941
SRR8906942	81162	PRJNA531553	81162_SRR8906942
SRR8906943	RY729	PRJNA531553	RY729_SRR8906943
SRR8906944	CIMBL145	PRJNA531553	CIMBL145_SRR8906944
SRR8906945	CML327	PRJNA531553	CML327_SRR8906945
SRR8906946	CIMBL32	PRJNA531553	CIMBL32_SRR8906946
SRR8906947	CIMBL48	PRJNA531553	CIMBL48_SRR8906947
SRR8906948	CIMBL108	PRJNA531553	CIMBL108_SRR8906948
SRR8906949	CIMBL2	PRJNA531553	CIMBL2_SRR8906949
SRR8906950	CIMBL75	PRJNA531553	CIMBL75_SRR8906950
SRR8906951	CML287	PRJNA531553	CML287_SRR8906951
SRR8906952	CML226	PRJNA531553	CML226_SRR8906952
SRR8906953	CML298	PRJNA531553	CML298_SRR8906953
SRR8906954	CIMBL50	PRJNA531553	CIMBL50_SRR8906954
SRR8906955	HUANGC	PRJNA531553	HUANGC_SRR8906955
SRR8906956	CIMBL144	PRJNA531553	CIMBL144_SRR8906956
SRR8906957	CIMBL139	PRJNA531553	CIMBL139_SRR8906957
SRR8906958	CIMBL72	PRJNA531553	CIMBL72_SRR8906958
SRR8906959	CIMBL105	PRJNA531553	CIMBL105_SRR8906959
SRR8906960	CML304	PRJNA531553	CML304_SRR8906960
SRR8906961	CML471	PRJNA531553	CML471_SRR8906961
SRR8906962	CML361	PRJNA531553	CML361_SRR8906962
SRR8906963	CML69	PRJNA531553	CML69_SRR8906963
SRR8906964	CIMBL116	PRJNA531553	CIMBL116_SRR8906964
SRR8906965	DAN599	PRJNA531553	DAN599_SRR8906965
SRR8906966	CIMBL36	PRJNA531553	CIMBL36_SRR8906966
SRR8906967	CML289	PRJNA531553	CML289_SRR8906967
SRR8906968	CIMBL89	PRJNA531553	CIMBL89_SRR8906968
SRR8906969	SC55	PRJNA531553	SC55_SRR8906969
SRR8906970	CML114	PRJNA531553	CML114_SRR8906970
SRR8906971	CIMBL76	PRJNA531553	CIMBL76_SRR8906971
SRR8906972	CML431	PRJNA531553	CML431_SRR8906972
SRR8906973	CML282	PRJNA531553	CML282_SRR8906973
SRR8906974	CIMBL151	PRJNA531553	CIMBL151_SRR8906974
SRR8906975	CIMBL141	PRJNA531553	CIMBL141_SRR8906975
SRR8906976	CIMBL90	PRJNA531553	CIMBL90_SRR8906976
SRR8906977	CIMBL79	PRJNA531553	CIMBL79_SRR8906977
SRR8906978	CIMBL112	PRJNA531553	CIMBL112_SRR8906978
SRR8906979	YAN414	PRJNA531553	YAN414_SRR8906979
SRR8906980	BY855	PRJNA531553	BY855_SRR8906980
SRR8906981	Z2018F	PRJNA531553	Z2018F_SRR8906981
SRR8906982	YE515	PRJNA531553	YE515_SRR8906982
SRR8906983	MO113	PRJNA531553	MO113_SRR8906983
SRR8906984	BY813	PRJNA531553	BY813_SRR8906984
SRR8906985	JI53	PRJNA531553	JI53_SRR8906985
SRR8906986	GEMS15	PRJNA531553	GEMS15_SRR8906986
SRR8906987	SI434	PRJNA531553	SI434_SRR8906987
SRR8906988	B151	PRJNA531553	B151_SRR8906988
SRR8906989	TY11	PRJNA531553	TY11_SRR8906989
SRR8906990	IRF314	PRJNA531553	IRF314_SRR8906990
SRR8906991	L3180	PRJNA531553	L3180_SRR8906991
SRR8906992	GY462	PRJNA531553	GY462_SRR8906992
SRR8906993	SY1032	PRJNA531553	SY1032_SRR8906993
SRR8906994	GEMS9	PRJNA531553	GEMS9_SRR8906994
SRR8906995	GEMS17	PRJNA531553	GEMS17_SRR8906995
SRR8906996	HU803	PRJNA531553	HU803_SRR8906996
SRR8906997	GEMS41	PRJNA531553	GEMS41_SRR8906997
SRR8906998	GEMS58	PRJNA531553	GEMS58_SRR8906998
SRR8906999	CIMBL123	PRJNA531553	CIMBL123_SRR8906999
SRR8907000	GEMS50	PRJNA531553	GEMS50_SRR8907000
SRR8907001	M153	PRJNA531553	M153_SRR8907001
SRR8907002	LIAO5263	PRJNA531553	LIAO5263_SRR8907002
SRR8907003	C8605	PRJNA531553	C8605_SRR8907003
SRR8907004	ZHONG69	PRJNA531553	ZHONG69_SRR8907004
SRR8907005	GEMS27	PRJNA531553	GEMS27_SRR8907005
SRR8907006	DAN598	PRJNA531553	DAN598_SRR8907006
SRR8907007	7327	PRJNA531553	7327_SRR8907007
SRR8907008	GEMS13	PRJNA531553	GEMS13_SRR8907008
SRR8907009	GEMS54	PRJNA531553	GEMS54_SRR8907009
SRR8907010	GEMS37	PRJNA531553	GEMS37_SRR8907010
SRR8907011	MN	PRJNA531553	MN_SRR8907011
SRR8907012	04K5672	PRJNA531553	04K5672_SRR8907012
SRR8907013	JY01	PRJNA531553	JY01_SRR8907013
SRR8907014	GEMS28	PRJNA531553	GEMS28_SRR8907014
SRR8907015	GEMS42	PRJNA531553	GEMS42_SRR8907015
SRR8907016	GEMS61	PRJNA531553	GEMS61_SRR8907016
SRR8907017	SK_resequencing	PRJNA531553	SK_resequencing_SRR8907017
SRR8907018	TY10	PRJNA531553	TY10_SRR8907018
SRR8907019	GEMS19	PRJNA531553	GEMS19_SRR8907019
SRR8907020	BY4944	PRJNA531553	BY4944_SRR8907020
SRR8907021	SI444	PRJNA531553	SI444_SRR8907021
SRR8907022	BGY	PRJNA531553	BGY_SRR8907022
SRR8907023	SW92E114	PRJNA531553	SW92E114_SRR8907023
SRR8907024	BY809	PRJNA531553	BY809_SRR8907024
SRR8907025	DONG237	PRJNA531553	DONG237_SRR8907025
SRR8907026	SY3073	PRJNA531553	SY3073_SRR8907026
SRR8907027	CIMBL52	PRJNA531553	CIMBL52_SRR8907027
SRR8907028	CIMBL63	PRJNA531553	CIMBL63_SRR8907028
SRR8907029	CIMBL157	PRJNA531553	CIMBL157_SRR8907029
SRR8907030	CIMBL142	PRJNA531553	CIMBL142_SRR8907030
SRR8907031	CML122	PRJNA531553	CML122_SRR8907031
SRR8907032	CIMBL136	PRJNA531553	CIMBL136_SRR8907032
SRR8907033	CIMBL3	PRJNA531553	CIMBL3_SRR8907033
SRR8907034	CIMBL130	PRJNA531553	CIMBL130_SRR8907034
SRR8907035	CML32	PRJNA531553	CML32_SRR8907035
SRR8907036	CIMBL4	PRJNA531553	CIMBL4_SRR8907036
SRR8907037	B113	PRJNA531553	B113_SRR8907037
SRR8907038	CML326	PRJNA531553	CML326_SRR8907038
SRR8907039	LIAO138	PRJNA531553	LIAO138_SRR8907039
SRR8907040	DAN3130	PRJNA531553	DAN3130_SRR8907040
SRR8907041	ZB648	PRJNA531553	ZB648_SRR8907041
SRR8907042	CML139	PRJNA531553	CML139_SRR8907042
SRR8907043	CIMBL148	PRJNA531553	CIMBL148_SRR8907043
SRR8907044	CIMBL133	PRJNA531553	CIMBL133_SRR8907044
SRR8907045	CIMBL5	PRJNA531553	CIMBL5_SRR8907045
SRR8907046	CIMBL8	PRJNA531553	CIMBL8_SRR8907046
SRR8907047	QI319	PRJNA531553	QI319_SRR8907047
SRR8907048	CIMBL42	PRJNA531553	CIMBL42_SRR8907048
SRR8907049	CIMBL17	PRJNA531553	CIMBL17_SRR8907049
SRR8907050	CIMBL126	PRJNA531553	CIMBL126_SRR8907050
SRR8907051	CML412	PRJNA531553	CML412_SRR8907051
SRR8907052	CIMBL147	PRJNA531553	CIMBL147_SRR8907052
SRR8907053	CML479	PRJNA531553	CML479_SRR8907053
SRR8907054	CIMBL13	PRJNA531553	CIMBL13_SRR8907054
SRR8907055	CIMBL22	PRJNA531553	CIMBL22_SRR8907055
SRR8907056	B11	PRJNA531553	B11_SRR8907056
SRR8907057	CML422	PRJNA531553	CML422_SRR8907057
SRR8907058	CML20	PRJNA531553	CML20_SRR8907058
SRR8907059	CIMBL78	PRJNA531553	CIMBL78_SRR8907059
SRR8907060	CML465	PRJNA531553	CML465_SRR8907060
SRR8907061	CIMBL47	PRJNA531553	CIMBL47_SRR8907061
SRR8907062	HSBN	PRJNA531553	HSBN_SRR8907062
SRR8907063	GEMS64	PRJNA531553	GEMS64_SRR8907063
SRR8907064	B110	PRJNA531553	B110_SRR8907064
SRR8907065	Q1261	PRJNA531553	Q1261_SRR8907065
SRR8907066	GEMS20	PRJNA531553	GEMS20_SRR8907066
SRR8907067	A619	PRJNA531553	A619_SRR8907067
SRR8907068	ZHENG22	PRJNA531553	ZHENG22_SRR8907068
SRR8907069	GEMS6	PRJNA531553	GEMS6_SRR8907069
SRR8907070	268	PRJNA531553	268_SRR8907070
SRR8907071	SY998	PRJNA531553	SY998_SRR8907071
SRR8907072	GEMS57	PRJNA531553	GEMS57_SRR8907072
SRR8907073	GEMS65	PRJNA531553	GEMS65_SRR8907073
SRR8907074	D047	PRJNA531553	D047_SRR8907074
SRR8907075	DE.EX	PRJNA531553	DE.EX_SRR8907075
SRR8907076	JI853	PRJNA531553	JI853_SRR8907076
SRR8907077	835B	PRJNA531553	835B_SRR8907077
SRR8907078	P6WC	PRJNA531553	P6WC_SRR8907078
SRR8907079	JING724	PRJNA531553	JING724_SRR8907079
SRR8907080	MO17	PRJNA531553	MO17_SRR8907080
SRR8907081	3411	PRJNA531553	3411_SRR8907081
SRR8907082	JING24	PRJNA531553	JING24_SRR8907082
SRR8907083	E28	PRJNA531553	E28_SRR8907083
SRR8907084	812	PRJNA531553	812_SRR8907084
SRR8907085	TIAN77	PRJNA531553	TIAN77_SRR8907085
SRR8907086	CHANG7-2	PRJNA531553	CHANG7-2_SRR8907086
SRR8907087	YE107	PRJNA531553	YE107_SRR8907087
SRR8907088	GY220	PRJNA531553	GY220_SRR8907088
SRR8907089	M165	PRJNA531553	M165_SRR8907089
SRR8907090	TT16	PRJNA531553	TT16_SRR8907090
SRR8907091	LV28	PRJNA531553	LV28_SRR8907091
SRR8907092	07KS4	PRJNA531553	07KS4_SRR8907092
SRR8907093	832	PRJNA531553	832_SRR8907093
SRR8907094	7884-4HT	PRJNA531553	7884-4HT_SRR8907094
SRR8907095	SY1128	PRJNA531553	SY1128_SRR8907095
SRR8907096	GEMS39	PRJNA531553	GEMS39_SRR8907096
SRR8907097	GEMS5	PRJNA531553	GEMS5_SRR8907097
SRR8907098	CIMBL61	PRJNA531553	CIMBL61_SRR8907098
SRR8907099	CML325	PRJNA531553	CML325_SRR8907099
SRR8907100	NAN21-3	PRJNA531553	NAN21-3_SRR8907100
SRR8907101	CML191	PRJNA531553	CML191_SRR8907101
SRR8907102	CIMBL14	PRJNA531553	CIMBL14_SRR8907102
SRR8907103	CIMBL60	PRJNA531553	CIMBL60_SRR8907103
SRR8907104	CIMBL114	PRJNA531553	CIMBL114_SRR8907104
SRR8907105	CML285	PRJNA531553	CML285_SRR8907105
SRR8907106	CIMBL119	PRJNA531553	CIMBL119_SRR8907106
SRR8907107	CIMBL73	PRJNA531553	CIMBL73_SRR8907107
SRR8907108	IRF291	PRJNA531553	IRF291_SRR8907108
SRR8907109	CML468	PRJNA531553	CML468_SRR8907109
SRR8907110	CIMBL97	PRJNA531553	CIMBL97_SRR8907110
SRR8907111	CIMBL6	PRJNA531553	CIMBL6_SRR8907111
SRR8907112	CIMBL30	PRJNA531553	CIMBL30_SRR8907112
SRR8907113	CIMBL138	PRJNA531553	CIMBL138_SRR8907113
SRR8907114	CIMBL129	PRJNA531553	CIMBL129_SRR8907114
SRR8907115	CIMBL81	PRJNA531553	CIMBL81_SRR8907115
SRR8907116	647	PRJNA531553	647_SRR8907116
SRR8907117	CIMBL86	PRJNA531553	CIMBL86_SRR8907117
SRR8907118	CIMBL80	PRJNA531553	CIMBL80_SRR8907118
SRR8907119	YU374	PRJNA531553	YU374_SRR8907119
SRR8907120	ZONG3	PRJNA531553	ZONG3_SRR8907120
SRR8907121	GEMS11	PRJNA531553	GEMS11_SRR8907121
SRR8907122	5237	PRJNA531553	5237_SRR8907122
SRR8907123	BY804	PRJNA531553	BY804_SRR8907123
SRR8907124	LIAO159	PRJNA531553	LIAO159_SRR8907124
SRR8907125	RY732	PRJNA531553	RY732_SRR8907125
SRR8907126	GY798	PRJNA531553	GY798_SRR8907126
SRR8907127	YE8001	PRJNA531553	YE8001_SRR8907127
SRR8907128	XZ698	PRJNA531553	XZ698_SRR8907128
SRR8907129	GY237	PRJNA531553	GY237_SRR8907129
SRR8907130	SY1039	PRJNA531553	SY1039_SRR8907130
SRR8907131	YU87-1	PRJNA531553	YU87-1_SRR8907131
SRR8907132	TY3	PRJNA531553	TY3_SRR8907132
SRR8907133	DAN4245	PRJNA531553	DAN4245_SRR8907133
SRR8907134	GEMS2	PRJNA531553	GEMS2_SRR8907134
SRR8907135	GEMS46	PRJNA531553	GEMS46_SRR8907135
SRR8907136	GEMS33	PRJNA531553	GEMS33_SRR8907136
SRR8907137	ZI330	PRJNA531553	ZI330_SRR8907137
SRR8907138	HB	PRJNA531553	HB_SRR8907138
SRR8907139	GEMS48	PRJNA531553	GEMS48_SRR8907139
SRR8907140	HTH-17	PRJNA531553	HTH-17_SRR8907140
SRR8907141	BEM	PRJNA531553	BEM_SRR8907141
SRR8907142	B73	PRJNA531553	B73_SRR8907142
SRR8907143	4019	PRJNA531553	4019_SRR8907143
SRR8907144	ES40	PRJNA531553	ES40_SRR8907144
SRR8907145	ZZ03	PRJNA531553	ZZ03_SRR8907145
SRR8907146	GEMS25	PRJNA531553	GEMS25_SRR8907146
SRR8907147	RY684	PRJNA531553	RY684_SRR8907147
SRR8907148	JH96C	PRJNA531553	JH96C_SRR8907148
SRR8907149	DAN9046	PRJNA531553	DAN9046_SRR8907149
SRR8907150	HUA83-2	PRJNA531553	HUA83-2_SRR8907150
SRR8907151	TY7	PRJNA531553	TY7_SRR8907151
SRR8907152	GEMS47	PRJNA531553	GEMS47_SRR8907152
SRR8907153	BY4960	PRJNA531553	BY4960_SRR8907153
SRR8907154	S22	PRJNA531553	S22_SRR8907154
SRR8907155	LG001	PRJNA531553	LG001_SRR8907155
CRR504155	8941	PRJCA009749	8941_CRR504155
CRR504156	81162	PRJCA009749	81162_CRR504156
CRR504157	4F1	PRJCA009749	4F1_CRR504157
CRR504158	C8605_2	PRJCA009749	C8605_2_CRR504158
CRR504161	Dongbeihu	PRJCA009749	Dongbeihu_CRR504161
CRR504164	Jing388	PRJCA009749	Jing388_CRR504164
CRR504172	Longxi65	PRJCA009749	Longxi65_CRR504172
CRR504174	Hai9818	PRJCA009749	Hai9818_CRR504174
CRR504182	Ji4112	PRJCA009749	Ji4112_CRR504182
CRR504183	W499	PRJCA009749	W499_CRR504183
CRR504185	NC268	PRJCA009749	NC268_CRR504185
CRR504186	Zhongzi01	PRJCA009749	Zhongzi01_CRR504186
CRR504189	Jinghuang59	PRJCA009749	Jinghuang59_CRR504189
CRR504190	JN15	PRJCA009749	JN15_CRR504190
CRR504194	J0045	PRJCA009749	J0045_CRR504194
CRR504202	Hai1134	PRJCA009749	Hai1134_CRR504202
CRR504203	H9442	PRJCA009749	H9442_CRR504203
CRR504206	1205A	PRJCA009749	1205A_CRR504206
CRR504212	Shen977	PRJCA009749	Shen977_CRR504212
CRR504213	68122	PRJCA009749	68122_CRR504213
CRR504214	D869	PRJCA009749	D869_CRR504214
CRR504215	K21	PRJCA009749	K21_CRR504215
CRR504217	D886	PRJCA009749	D886_CRR504217
CRR504227	MC6179	PRJCA009749	MC6179_CRR504227
CRR504235	MC9269	PRJCA009749	MC9269_CRR504235
CRR504236	MC9270	PRJCA009749	MC9270_CRR504236
CRR504237	MC9274	PRJCA009749	MC9274_CRR504237
CRR504238	MC9282	PRJCA009749	MC9282_CRR504238
CRR504239	MC9287	PRJCA009749	MC9287_CRR504239
CRR504240	MC9288	PRJCA009749	MC9288_CRR504240
CRR504243	MC9300	PRJCA009749	MC9300_CRR504243
CRR504244	T5107	PRJCA009749	T5107_CRR504244
CRR504247	T5588	PRJCA009749	T5588_CRR504247
CRR504256	T33169	PRJCA009749	T33169_CRR504256
CRR504262	T33336	PRJCA009749	T33336_CRR504262
CRR504264	T33362	PRJCA009749	T33362_CRR504264
CRR504265	T24223	PRJCA009749	T24223_CRR504265
CRR504273	Jia6	PRJCA009749	Jia6_CRR504273
CRR504280	833	PRJCA009749	833_CRR504280
CRR504281	T116	PRJCA009749	T116_CRR504281
CRR504285	Suixi608	PRJCA009749	Suixi608_CRR504285
CRR504287	Suixi613	PRJCA009749	Suixi613_CRR504287
CRR504288	Suixi703	PRJCA009749	Suixi703_CRR504288
CRR504290	Suixi707	PRJCA009749	Suixi707_CRR504290
CRR504291	Suixi708	PRJCA009749	Suixi708_CRR504291
CRR504292	Suixi709	PRJCA009749	Suixi709_CRR504292
CRR504296	An441A	PRJCA009749	An441A_CRR504296
CRR504297	Nan5	PRJCA009749	Nan5_CRR504297
CRR504301	HR30	PRJCA009749	HR30_CRR504301
CRR504304	KL45	PRJCA009749	KL45_CRR504304
CRR504305	HB410	PRJCA009749	HB410_CRR504305
CRR504311	HB322	PRJCA009749	HB322_CRR504311
CRR504314	DN139	PRJCA009749	DN139_CRR504314
CRR504315	DN1722	PRJCA009749	DN1722_CRR504315
CRR504319	DN4402	PRJCA009749	DN4402_CRR504319
CRR504333	HRB16038	PRJCA009749	HRB16038_CRR504333
CRR504340	HRB16055	PRJCA009749	HRB16055_CRR504340
CRR504342	HRB16061	PRJCA009749	HRB16061_CRR504342
CRR504344	HRB16072	PRJCA009749	HRB16072_CRR504344
CRR504345	HRB16073	PRJCA009749	HRB16073_CRR504345
CRR504348	HRB16085	PRJCA009749	HRB16085_CRR504348
CRR504354	HRWC1	PRJCA009749	HRWC1_CRR504354
CRR504355	DKM8	PRJCA009749	DKM8_CRR504355
CRR504360	HR73	PRJCA009749	HR73_CRR504360
CRR504368	HRM8	PRJCA009749	HRM8_CRR504368
CRR504375	Mo113	PRJCA009749	Mo113_CRR504375
CRR504383	Dong96	PRJCA009749	Dong96_CRR504383
CRR504390	HRB16179	PRJCA009749	HRB16179_CRR504390
CRR504391	HRB16193	PRJCA009749	HRB16193_CRR504391
CRR504393	Zhe931	PRJCA009749	Zhe931_CRR504393
CRR504394	Zhe969	PRJCA009749	Zhe969_CRR504394
CRR504395	Zhe461	PRJCA009749	Zhe461_CRR504395
CRR504398	SCML202	PRJCA009749	SCML202_CRR504398
CRR504399	SCML205Rel	PRJCA009749	SCML205Rel_CRR504399
CRR504401	Ji9_033	PRJCA009749	Ji9_033_CRR504401
CRR504402	JiZ_S24_9	PRJCA009749	JiZ_S24_9_CRR504402
CRR504404	Zheng60	PRJCA009749	Zheng60_CRR504404
CRR504405	Jizi1006	PRJCA009749	Jizi1006_CRR504405
CRR504407	Jizi1018	PRJCA009749	Jizi1018_CRR504407
CRR504408	Jizi1023	PRJCA009749	Jizi1023_CRR504408
CRR504409	Jizi1034	PRJCA009749	Jizi1034_CRR504409
CRR504410	Jizi1039	PRJCA009749	Jizi1039_CRR504410
CRR504418	Jizi1058	PRJCA009749	Jizi1058_CRR504418
CRR504419	Jizi1082	PRJCA009749	Jizi1082_CRR504419
CRR504421	Jizi1092	PRJCA009749	Jizi1092_CRR504421
CRR504422	Jizi1134	PRJCA009749	Jizi1134_CRR504422
CRR504423	Jizi1138	PRJCA009749	Jizi1138_CRR504423
CRR504424	Jizi1140	PRJCA009749	Jizi1140_CRR504424
CRR504429	9083	PRJCA009749	9083_CRR504429
CRR504440	444_1	PRJCA009749	444_1_CRR504440
CRR504447	JLXH_4	PRJCA009749	JLXH_4_CRR504447
CRR504450	JLXH_12	PRJCA009749	JLXH_12_CRR504450
CRR504452	JLXH_17	PRJCA009749	JLXH_17_CRR504452
CRR504455	PHW51	PRJCA009749	PHW51_CRR504455
CRR504462	Liao51	PRJCA009749	Liao51_CRR504462
CRR504464	Liao785	PRJCA009749	Liao785_CRR504464
CRR504465	Liao8022	PRJCA009749	Liao8022_CRR504465
CRR504466	Liao428	PRJCA009749	Liao428_CRR504466
CRR504467	Shen161	PRJCA009749	Shen161_CRR504467
CRR504472	Dan598whitecob	PRJCA009749	Dan598whitecob_CRR504472
CRR504477	Tie9010	PRJCA009749	Tie9010_CRR504477
CRR504479	Ming2325	PRJCA009749	Ming2325_CRR504479
CRR504480	G285	PRJCA009749	G285_CRR504480
CRR504483	Liao1A407	PRJCA009749	Liao1A407_CRR504483
CRR504484	Liao63024	PRJCA009749	Liao63024_CRR504484
CRR504485	Liao20358	PRJCA009749	Liao20358_CRR504485
CRR504486	Liao2572	PRJCA009749	Liao2572_CRR504486
CRR504487	Liao3348	PRJCA009749	Liao3348_CRR504487
CRR504494	Liao0513	PRJCA009749	Liao0513_CRR504494
CRR504497	Liao0567	PRJCA009749	Liao0567_CRR504497
CRR504501	Shen5003	PRJCA009749	Shen5003_CRR504501
CRR504507	Liao6027	PRJCA009749	Liao6027_CRR504507
CRR504508	Shen501	PRJCA009749	Shen501_CRR504508
CRR504511	CAW4w	PRJCA009749	CAW4w_CRR504511
CRR504512	9626	PRJCA009749	9626_CRR504512
CRR504516	9534	PRJCA009749	9534_CRR504516
CRR504517	9580	PRJCA009749	9580_CRR504517
CRR504525	TD282	PRJCA009749	TD282_CRR504525
CRR504526	TE322	PRJCA009749	TE322_CRR504526
CRR504529	TE350	PRJCA009749	TE350_CRR504529
CRR504534	W_25	PRJCA009749	W_25_CRR504534
CRR504537	HH4	PRJCA009749	HH4_CRR504537
CRR504538	H446	PRJCA009749	H446_CRR504538
CRR504542	L98	PRJCA009749	L98_CRR504542
CRR504543	H81	PRJCA009749	H81_CRR504543
CRR504547	Chang98	PRJCA009749	Chang98_CRR504547
CRR504548	Jizi4658	PRJCA009749	Jizi4658_CRR504548
CRR504549	B17	PRJCA009749	B17_CRR504549
CRR504551	Jizi147048	PRJCA009749	Jizi147048_CRR504551
CRR504553	Jizi13L115	PRJCA009749	Jizi13L115_CRR504553
CRR504557	Jizi13L377	PRJCA009749	Jizi13L377_CRR504557
CRR504560	JiziB154	PRJCA009749	JiziB154_CRR504560
CRR504561	JiziA150	PRJCA009749	JiziA150_CRR504561
CRR504562	JiziA199	PRJCA009749	JiziA199_CRR504562
CRR504563	ZhengT22	PRJCA009749	ZhengT22_CRR504563
CRR504566	Xun313	PRJCA009749	Xun313_CRR504566
CRR504567	Xun5872	PRJCA009749	Xun5872_CRR504567
CRR504568	ZK02_1	PRJCA009749	ZK02_1_CRR504568
CRR504569	Luo1223	PRJCA009749	Luo1223_CRR504569
CRR504571	A1393	PRJCA009749	A1393_CRR504571
CRR504572	Zhu07	PRJCA009749	Zhu07_CRR504572
CRR504575	5N65	PRJCA009749	5N65_CRR504575
CRR504576	5N74	PRJCA009749	5N74_CRR504576
CRR504578	5N78	PRJCA009749	5N78_CRR504578
CRR504580	5N545	PRJCA009749	5N545_CRR504580
CRR504589	Zheng600	PRJCA009749	Zheng600_CRR504589
CRR504591	Zheng603	PRJCA009749	Zheng603_CRR504591
CRR504592	Zheng561	PRJCA009749	Zheng561_CRR504592
CRR504593	lx00_1	PRJCA009749	lx00_1_CRR504593
CRR504595	16SD007	PRJCA009749	16SD007_CRR504595
CRR504600	16SD034	PRJCA009749	16SD034_CRR504600
CRR504603	16SD044	PRJCA009749	16SD044_CRR504603
CRR504608	16SD088	PRJCA009749	16SD088_CRR504608
CRR504620	50034	PRJCA009749	50034_CRR504620
CRR504621	50035	PRJCA009749	50035_CRR504621
CRR504624	50073	PRJCA009749	50073_CRR504624
CRR504631	5660	PRJCA009749	5660_CRR504631
CRR504632	5661	PRJCA009749	5661_CRR504632
CRR504634	41006	PRJCA009749	41006_CRR504634
CRR504638	M08N171	PRJCA009749	M08N171_CRR504638
CRR504639	MZ_315	PRJCA009749	MZ_315_CRR504639
CRR504643	M09N041	PRJCA009749	M09N041_CRR504643
CRR504644	M05N32	PRJCA009749	M05N32_CRR504644
CRR504648	M75	PRJCA009749	M75_CRR504648
CRR504651	M6021C546	PRJCA009749	M6021C546_CRR504651
CRR504653	M08N144	PRJCA009749	M08N144_CRR504653
CRR504654	M9N165	PRJCA009749	M9N165_CRR504654
CRR504659	M09N160	PRJCA009749	M09N160_CRR504659
CRR504668	M45589	PRJCA009749	M45589_CRR504668
CRR504669	M45172	PRJCA009749	M45172_CRR504669
CRR504670	M15044	PRJCA009749	M15044_CRR504670
CRR504671	M35119	PRJCA009749	M35119_CRR504671
CRR504672	M15208	PRJCA009749	M15208_CRR504672
CRR504673	M35457	PRJCA009749	M35457_CRR504673
CRR504675	M45199	PRJCA009749	M45199_CRR504675
CRR504678	M35124	PRJCA009749	M35124_CRR504678
CRR504680	M15131	PRJCA009749	M15131_CRR504680
CRR504690	ly328	PRJCA009749	ly328_CRR504690
CRR504691	LY2211	PRJCA009749	LY2211_CRR504691
CRR504693	Wu9086	PRJCA009749	Wu9086_CRR504693
CRR504694	5172	PRJCA009749	5172_CRR504694
CRR504696	Wu6127	PRJCA009749	Wu6127_CRR504696
CRR504697	Wu6006	PRJCA009749	Wu6006_CRR504697
CRR504700	XD973	PRJCA009749	XD973_CRR504700
CRR504701	J398	PRJCA009749	J398_CRR504701
CRR504702	Z78	PRJCA009749	Z78_CRR504702
CRR504703	Jin103	PRJCA009749	Jin103_CRR504703
CRR504708	Y687	PRJCA009749	Y687_CRR504708
CRR504709	Y3_2	PRJCA009749	Y3_2_CRR504709
CRR504710	806	PRJCA009749	806_CRR504710
CRR504711	950	PRJCA009749	950_CRR504711
CRR504713	ly5405	PRJCA009749	ly5405_CRR504713
CRR504714	ly5502	PRJCA009749	ly5502_CRR504714
CRR504716	ly5901	PRJCA009749	ly5901_CRR504716
CRR504721	KW4M029	PRJCA009749	KW4M029_CRR504721
CRR504725	W08	PRJCA009749	W08_CRR504725
CRR504730	Nan7041_5	PRJCA009749	Nan7041_5_CRR504730
CRR504745	Y1642	PRJCA009749	Y1642_CRR504745
CRR504747	Y1665	PRJCA009749	Y1665_CRR504747
CRR504748	Y1674	PRJCA009749	Y1674_CRR504748
CRR504755	Y1697	PRJCA009749	Y1697_CRR504755
CRR504758	Y1703	PRJCA009749	Y1703_CRR504758
CRR504759	Y1704	PRJCA009749	Y1704_CRR504759
CRR504761	Y1706	PRJCA009749	Y1706_CRR504761
CRR504768	Y1745	PRJCA009749	Y1745_CRR504768
CRR504770	Y1751	PRJCA009749	Y1751_CRR504770
CRR504772	Y1754	PRJCA009749	Y1754_CRR504772
CRR504773	Y1755	PRJCA009749	Y1755_CRR504773
CRR504775	Y1757	PRJCA009749	Y1757_CRR504775
CRR504787	TD5937	PRJCA009749	TD5937_CRR504787
CRR504796	Jindan35M	PRJCA009749	Jindan35M_CRR504796
CRR504797	T276	PRJCA009749	T276_CRR504797
CRR504798	Jinyu811F	PRJCA009749	Jinyu811F_CRR504798
CRR504799	C822	PRJCA009749	C822_CRR504799
CRR504801	X232	PRJCA009749	X232_CRR504801
CRR504802	Ds_12a	PRJCA009749	Ds_12a_CRR504802
CRR504805	178_1	PRJCA009749	178_1_CRR504805
CRR504812	Jin0_3	PRJCA009749	Jin0_3_CRR504812
CRR504813	X8531	PRJCA009749	X8531_CRR504813
CRR504814	X48B	PRJCA009749	X48B_CRR504814
CRR504819	DXA095	PRJCA009749	DXA095_CRR504819
CRR504820	DXA105	PRJCA009749	DXA105_CRR504820
CRR504826	DXB007	PRJCA009749	DXB007_CRR504826
CRR504828	DXB060	PRJCA009749	DXB060_CRR504828
CRR504831	DXB161	PRJCA009749	DXB161_CRR504831
CRR504833	DXB165	PRJCA009749	DXB165_CRR504833
CRR504834	DXB167	PRJCA009749	DXB167_CRR504834
CRR504835	DXB171	PRJCA009749	DXB171_CRR504835
CRR504837	DXB198	PRJCA009749	DXB198_CRR504837
CRR504843	XF063	PRJCA009749	XF063_CRR504843
CRR504845	LK58_8	PRJCA009749	LK58_8_CRR504845
CRR504850	ly5711	PRJCA009749	ly5711_CRR504850
CRR504851	LongF0202	PRJCA009749	LongF0202_CRR504851
CRR504853	LongF0402	PRJCA009749	LongF0402_CRR504853
CRR504855	LongF1011	PRJCA009749	LongF1011_CRR504855
CRR504857	LongF2224	PRJCA009749	LongF2224_CRR504857
CRR504858	B97	PRJCA009749	B97_CRR504858
CRR504861	CML322	PRJCA009749	CML322_CRR504861
CRR504862	CML333	PRJCA009749	CML333_CRR504862
CRR504878	72_125	PRJCA009749	72_125_CRR504878
CRR504879	HR962	PRJCA009749	HR962_CRR504879
CRR504884	Luyuan133	PRJCA009749	Luyuan133_CRR504884
CRR504885	897	PRJCA009749	897_CRR504885
CRR504887	Chang7_2	PRJCA009749	Chang7_2_CRR504887
CRR504889	196	PRJCA009749	196_CRR504889
CRR504891	Ji35	PRJCA009749	Ji35_CRR504891
CRR504893	8723	PRJCA009749	8723_CRR504893
CRR504894	5237	PRJCA009749	5237_CRR504894
CRR504895	75_14Gao	PRJCA009749	75_14Gao_CRR504895
CRR504899	Shuangtaiwu	PRJCA009749	Shuangtaiwu_CRR504899
CRR504903	Ji856	PRJCA009749	Ji856_CRR504903
CRR504906	CML61	PRJCA009749	CML61_CRR504906
CRR504908	Zhongyin10	PRJCA009749	Zhongyin10_CRR504908
CRR504909	OO6	PRJCA009749	OO6_CRR504909
CRR504910	Jiu138_5	PRJCA009749	Jiu138_5_CRR504910
CRR504912	Ning36	PRJCA009749	Ning36_CRR504912
CRR504917	Ning37	PRJCA009749	Ning37_CRR504917
CRR504919	707	PRJCA009749	707_CRR504919
CRR504926	Feng263	PRJCA009749	Feng263_CRR504926
CRR504930	91Huang5	PRJCA009749	91Huang5_CRR504930
CRR504932	Gan41	PRJCA009749	Gan41_CRR504932
CRR504944	Jinruo	PRJCA009749	Jinruo_CRR504944
CRR504953	Zhangjin6	PRJCA009749	Zhangjin6_CRR504953
CRR504957	Yue20_3	PRJCA009749	Yue20_3_CRR504957
CRR504959	Chengbei711	PRJCA009749	Chengbei711_CRR504959
CRR504965	Lan766_4_2	PRJCA009749	Lan766_4_2_CRR504965
CRR504970	Tai1_Lg	PRJCA009749	Tai1_Lg_CRR504970
CRR504977	Danhuang02	PRJCA009749	Danhuang02_CRR504977
CRR504979	Ziduosui	PRJCA009749	Ziduosui_CRR504979
CRR504982	Duo229	PRJCA009749	Duo229_CRR504982
CRR504985	Fu8529	PRJCA009749	Fu8529_CRR504985
CRR504988	B12	PRJCA009749	B12_CRR504988
CRR504996	Cheng435	PRJCA009749	Cheng435_CRR504996
CRR505003	Ji876	PRJCA009749	Ji876_CRR505003
CRR505005	Zongxi241	PRJCA009749	Zongxi241_CRR505005
CRR505008	Guangyou5	PRJCA009749	Guangyou5_CRR505008
CRR505012	Lv28	PRJCA009749	Lv28_CRR505012
CRR505019	91Huang15	PRJCA009749	91Huang15_CRR505019
CRR505020	Yuanwu02	PRJCA009749	Yuanwu02_CRR505020
CRR505023	Qi319	PRJCA009749	Qi319_CRR505023
CRR505032	Zhong128	PRJCA009749	Zhong128_CRR505032
CRR505036	Ye488	PRJCA009749	Ye488_CRR505036
CRR505040	32	PRJCA009749	32_CRR505040
CRR505041	Ye8112	PRJCA009749	Ye8112_CRR505041
CRR505045	FR218	PRJCA009749	FR218_CRR505045
CRR505047	Zheng58	PRJCA009749	Zheng58_CRR505047
CRR505054	75_322	PRJCA009749	75_322_CRR505054
CRR505058	L069	PRJCA009749	L069_CRR505058
CRR505060	L005	PRJCA009749	L005_CRR505060
CRR505061	Shen135	PRJCA009749	Shen135_CRR505061
CRR505065	Zun90110	PRJCA009749	Zun90110_CRR505065
CRR505068	ShuangM9B_1	PRJCA009749	ShuangM9B_1_CRR505068
CRR505072	Yue267_3_1	PRJCA009749	Yue267_3_1_CRR505072
CRR505073	CN165	PRJCA009749	CN165_CRR505073
CRR505081	P39_su	PRJCA009749	P39_su_CRR505081
CRR505087	Guan17_1	PRJCA009749	Guan17_1_CRR505087
CRR505090	RW64A	PRJCA009749	RW64A_CRR505090
CRR505104	112_O2	PRJCA009749	112_O2_CRR505104
CRR505105	BaiU8112	PRJCA009749	BaiU8112_CRR505105
CRR505110	Daqiu36	PRJCA009749	Daqiu36_CRR505110
CRR505113	Jing404	PRJCA009749	Jing404_CRR505113
CRR505114	Tianya4	PRJCA009749	Tianya4_CRR505114
CRR505117	55113_3_3_5	PRJCA009749	55113_3_3_5_CRR505117
CRR505119	De811	PRJCA009749	De811_CRR505119
CRR505121	Lo1125	PRJCA009749	Lo1125_CRR505121
CRR505124	Zong31	PRJCA009749	Zong31_CRR505124
CRR505125	Zong3	PRJCA009749	Zong3_CRR505125
CRR505129	CIMBL58	PRJCA009749	CIMBL58_CRR505129
CRR505130	975_12	PRJCA009749	975_12_CRR505130
CRR505131	526018	PRJCA009749	526018_CRR505131
CRR505134	GEMS3	PRJCA009749	GEMS3_CRR505134
CRR505138	GEMS28	PRJCA009749	GEMS28_CRR505138
CRR505139	GEMS54	PRJCA009749	GEMS54_CRR505139
CRR505140	GEMS65	PRJCA009749	GEMS65_CRR505140
CRR505143	Z001E0010	PRJCA009749	Z001E0010_CRR505143
CRR505144	Z004E0173	PRJCA009749	Z004E0173_CRR505144
CRR505147	Z013E0072	PRJCA009749	Z013E0072_CRR505147
CRR505153	Z021E0138	PRJCA009749	Z021E0138_CRR505153
CRR505156	Z026E0069	PRJCA009749	Z026E0069_CRR505156
CRR505158	PHJ75	PRJCA009749	PHJ75_CRR505158
CRR505159	792	PRJCA009749	792_CRR505159
CRR505163	78002A	PRJCA009749	78002A_CRR505163
CRR505165	LH194	PRJCA009749	LH194_CRR505165
CRR505166	LH195	PRJCA009749	LH195_CRR505166
CRR505167	LH202	PRJCA009749	LH202_CRR505167
CRR505169	NC292	PRJCA009749	NC292_CRR505169
CRR505179	PHJ65	PRJCA009749	PHJ65_CRR505179
CRR505180	LH128	PRJCA009749	LH128_CRR505180
CRR505182	LH215	PRJCA009749	LH215_CRR505182
CRR505184	A059	PRJCA009749	A059_CRR505184
CRR505185	A072	PRJCA009749	A072_CRR505185
CRR505190	C052	PRJCA009749	C052_CRR505190
CRR505191	C061	PRJCA009749	C061_CRR505191
CRR505193	E101	PRJCA009749	E101_CRR505193
CRR505197	J006	PRJCA009749	J006_CRR505197
CRR505199	Suixi704	PRJCA009749	Suixi704_CRR505199
CRR505209	NC294	PRJCA009749	NC294_CRR505209
CRR505210	NC310	PRJCA009749	NC310_CRR505210
CRR505212	Oh43E	PRJCA009749	Oh43E_CRR505212
CRR505216	A619	PRJCA009749	A619_CRR505216
CRR505222	LH210	PRJCA009749	LH210_CRR505222
CRR505223	LH211	PRJCA009749	LH211_CRR505223
CRR505224	LH196	PRJCA009749	LH196_CRR505224
CRR505228	PHP76	PRJCA009749	PHP76_CRR505228
CRR505229	PHW06	PRJCA009749	PHW06_CRR505229
CRR505233	NL001	PRJCA009749	NL001_CRR505233
CRR505235	Lp215D	PRJCA009749	Lp215D_CRR505235
CRR505236	PHJ89	PRJCA009749	PHJ89_CRR505236
CRR505238	PHR61	PRJCA009749	PHR61_CRR505238
CRR505239	PHT11	PRJCA009749	PHT11_CRR505239
CRR505240	MBSJ	PRJCA009749	MBSJ_CRR505240
CRR505242	LH209	PRJCA009749	LH209_CRR505242
CRR505243	MM402A	PRJCA009749	MM402A_CRR505243
CRR505245	LH197	PRJCA009749	LH197_CRR505245
CRR505247	LH216	PRJCA009749	LH216_CRR505247
CRR505248	LH222	PRJCA009749	LH222_CRR505248
CRR505251	ICI893	PRJCA009749	ICI893_CRR505251
CRR505252	ICI986	PRJCA009749	ICI986_CRR505252
CRR505257	PHPR5	PRJCA009749	PHPR5_CRR505257
CRR505265	LH200	PRJCA009749	LH200_CRR505265
CRR505269	3IJI1	PRJCA009749	3IJI1_CRR505269
CRR505275	PHMK0	PRJCA009749	PHMK0_CRR505275
CRR505280	LH185	PRJCA009749	LH185_CRR505280
CRR505283	ZS1791	PRJCA009749	ZS1791_CRR505283
CRR505284	SeagullSeventeen	PRJCA009749	SeagullSeventeen_CRR505284
CRR505285	LH38	PRJCA009749	LH38_CRR505285
CRR505288	LH132	PRJCA009749	LH132_CRR505288
CRR505293	6103	PRJCA009749	6103_CRR505293
CRR505298	78010	PRJCA009749	78010_CRR505298
CRR505303	778	PRJCA009749	778_CRR505303
CRR505306	NS701	PRJCA009749	NS701_CRR505306
CRR505307	78371A	PRJCA009749	78371A_CRR505307
CRR505308	IBB15	PRJCA009749	IBB15_CRR505308
CRR505311	740	PRJCA009749	740_CRR505311
CRR505312	787	PRJCA009749	787_CRR505312
CRR505313	793	PRJCA009749	793_CRR505313
CRR505314	LH65	PRJCA009749	LH65_CRR505314
CRR505316	W8304	PRJCA009749	W8304_CRR505316
CRR505317	11430	PRJCA009749	11430_CRR505317
CRR505319	2MA22	PRJCA009749	2MA22_CRR505319
CRR505320	78551S	PRJCA009749	78551S_CRR505320
CRR505321	87916W	PRJCA009749	87916W_CRR505321
CRR505322	HB8229	PRJCA009749	HB8229_CRR505322
CRR505323	MBST	PRJCA009749	MBST_CRR505323
CRR505324	PHH93	PRJCA009749	PHH93_CRR505324
CRR505325	PHP02	PRJCA009749	PHP02_CRR505325
CRR505327	PHT60	PRJCA009749	PHT60_CRR505327
CRR505329	NS501	PRJCA009749	NS501_CRR505329
CRR505330	OQ603	PRJCA009749	OQ603_CRR505330
CRR505332	1538	PRJCA009749	1538_CRR505332
CRR505333	WIL903	PRJCA009749	WIL903_CRR505333
CRR505335	L139	PRJCA009749	L139_CRR505335
CRR505337	PHJ70	PRJCA009749	PHJ70_CRR505337
CRR505339	PHN37	PRJCA009749	PHN37_CRR505339
CRR505341	PHT22	PRJCA009749	PHT22_CRR505341
CRR505343	PHW43	PRJCA009749	PHW43_CRR505343
CRR505345	LH127	PRJCA009749	LH127_CRR505345
CRR505349	F118	PRJCA009749	F118_CRR505349
CRR505354	2FAD8	PRJCA009749	2FAD8_CRR505354
CRR505360	CQ702RC	PRJCA009749	CQ702RC_CRR505360
CRR505363	PHBB3	PRJCA009749	PHBB3_CRR505363
CRR505366	ML606	PRJCA009749	ML606_CRR505366
CRR505368	LH54	PRJCA009749	LH54_CRR505368
CRR505369	LH52	PRJCA009749	LH52_CRR505369
CRR505375	H8431	PRJCA009749	H8431_CRR505375
CRR505377	PHP55	PRJCA009749	PHP55_CRR505377
CRR505380	Hai268	PRJCA009749	Hai268_CRR505380
CRR505387	Sheng62	PRJCA009749	Sheng62_CRR505387
CRR505389	6107A_2	PRJCA009749	6107A_2_CRR505389
CRR505392	T0403	PRJCA009749	T0403_CRR505392
CRR505393	485	PRJCA009749	485_CRR505393
CRR505394	489	PRJCA009749	489_CRR505394
CRR505395	L201	PRJCA009749	L201_CRR505395
CRR505397	WK858	PRJCA009749	WK858_CRR505397
CRR505403	Xun92_8	PRJCA009749	Xun92_8_CRR505403
CRR505405	Dong62072	PRJCA009749	Dong62072_CRR505405
CRR505406	L203	PRJCA009749	L203_CRR505406
CRR505407	842	PRJCA009749	842_CRR505407
CRR505410	Si_287	PRJCA009749	Si_287_CRR505410
CRR505412	Shen137	PRJCA009749	Shen137_CRR505412
CRR505413	Shen3265	PRJCA009749	Shen3265_CRR505413
CRR505415	Tie7922	PRJCA009749	Tie7922_CRR505415
CRR505418	lx08_8	PRJCA009749	lx08_8_CRR505418
CRR505419	lx03_2	PRJCA009749	lx03_2_CRR505419
CRR505421	PHV78	PRJCA009749	PHV78_CRR505421
CRR505427	PHG84	PRJCA009749	PHG84_CRR505427
CRR505429	LH149	PRJCA009749	LH149_CRR505429
CRR505431	HC2_CGJ	PRJCA009749	HC2_CGJ_CRR505431
CRR505438	PHN46	PRJCA009749	PHN46_CRR505438
CRR505440	PHV07	PRJCA009749	PHV07_CRR505440
CRR505442	LH213	PRJCA009749	LH213_CRR505442
CRR505446	ICI441	PRJCA009749	ICI441_CRR505446
CRR505448	PHAW6	PRJCA009749	PHAW6_CRR505448
CRR505449	PHHB9	PRJCA009749	PHHB9_CRR505449
CRR505450	PHEG9	PRJCA009749	PHEG9_CRR505450
CRR505451	PHHB4	PRJCA009749	PHHB4_CRR505451
CRR505453	LH39	PRJCA009749	LH39_CRR505453
CRR505454	PHG50	PRJCA009749	PHG50_CRR505454
CRR505455	B47	PRJCA009749	B47_CRR505455
CRR505461	LH60	PRJCA009749	LH60_CRR505461
CRR505464	PB80	PRJCA009749	PB80_CRR505464
CRR505470	PHW52	PRJCA009749	PHW52_CRR505470
CRR505471	WIL900	PRJCA009749	WIL900_CRR505471
CRR505482	FAPW	PRJCA009749	FAPW_CRR505482
CRR505483	PHG39	PRJCA009749	PHG39_CRR505483
CRR505485	LH82	PRJCA009749	LH82_CRR505485
CRR505488	CNH3754	PRJCA009749	CNH3754_CRR505488
CRR505490	F62	PRJCA009749	F62_CRR505490
CRR505492	150_4	PRJCA009749	150_4_CRR505492
CRR505498	GM406	PRJCA009749	GM406_CRR505498
CRR505501	17MC3255	PRJCA009749	17MC3255_CRR505501
CRR505502	17MC2621	PRJCA009749	17MC2621_CRR505502
CRR505503	17MC2622	PRJCA009749	17MC2622_CRR505503
CRR505504	17MC2623	PRJCA009749	17MC2623_CRR505504
CRR505505	17MC2624	PRJCA009749	17MC2624_CRR505505
CRR505506	17MC2627	PRJCA009749	17MC2627_CRR505506
CRR505507	17MC2629	PRJCA009749	17MC2629_CRR505507
CRR505508	17MC2630	PRJCA009749	17MC2630_CRR505508
CRR505517	XF_1	PRJCA009749	XF_1_CRR505517
CRR505523	T58765	PRJCA009749	T58765_CRR505523
CRR505529	161223	PRJCA009749	161223_CRR505529
CRR505531	YD7922	PRJCA009749	YD7922_CRR505531
CRR505536	85123	PRJCA009749	85123_CRR505536
CRR505540	Si_144Gai	PRJCA009749	Si_144Gai_CRR505540
CRR505546	F0903	PRJCA009749	F0903_CRR505546
CRR505547	6NH372	PRJCA009749	6NH372_CRR505547
CRR505556	6NH717	PRJCA009749	6NH717_CRR505556
CRR505559	6NH769	PRJCA009749	6NH769_CRR505559
CRR505564	ZhengX959	PRJCA009749	ZhengX959_CRR505564
CRR505569	Zheng578	PRJCA009749	Zheng578_CRR505569
CRR505573	16NS545	PRJCA009749	16NS545_CRR505573
CRR505575	P28	PRJCA009749	P28_CRR505575
CRR505576	R107	PRJCA009749	R107_CRR505576
CRR505583	HRB16219	PRJCA009749	HRB16219_CRR505583
CRR505584	HRB16221	PRJCA009749	HRB16221_CRR505584
CRR505586	HRB16225	PRJCA009749	HRB16225_CRR505586
CRR505588	HRB16244	PRJCA009749	HRB16244_CRR505588
CRR505593	M54Rel	PRJCA009749	M54Rel_CRR505593
CRR505595	Liao0369	PRJCA009749	Liao0369_CRR505595
CRR505600	JLXH_27	PRJCA009749	JLXH_27_CRR505600
CRR505603	1007_3	PRJCA009749	1007_3_CRR505603
CRR505608	16Y673_7	PRJCA009749	16Y673_7_CRR505608
CRR505609	16Y685_6	PRJCA009749	16Y685_6_CRR505609
CRR505613	271	PRJCA009749	271_CRR505613
CRR505616	267	PRJCA009749	267_CRR505616
CRR505619	Tx149	PRJCA009749	Tx149_CRR505619
CRR505620	17CPB04	PRJCA009749	17CPB04_CRR505620
CRR505622	Meng17j07	PRJCA009749	Meng17j07_CRR505622
CRR505624	SD192	PRJCA009749	SD192_CRR505624
CRR505626	SD198	PRJCA009749	SD198_CRR505626
CRR505627	SD202	PRJCA009749	SD202_CRR505627
CRR505634	Liao0619	PRJCA009749	Liao0619_CRR505634
CRR505636	Zhongxi09102	PRJCA009749	Zhongxi09102_CRR505636
CRR505640	121494	PRJCA009749	121494_CRR505640
CRR505641	XF38P05F	PRJCA009749	XF38P05F_CRR505641
CRR505643	Meng17j29	PRJCA009749	Meng17j29_CRR505643
CRR505647	HD568	PRJCA009749	HD568_CRR505647
CRR505649	Jing7huang	PRJCA009749	Jing7huang_CRR505649
CRR505651	Wenhuang31413	PRJCA009749	Wenhuang31413_CRR505651
CRR505654	Lx9801	PRJCA009749	Lx9801_CRR505654
CRR505655	Xun926	PRJCA009749	Xun926_CRR505655
CRR505656	Liao6082	PRJCA009749	Liao6082_CRR505656
CRR505657	L5895	PRJCA009749	L5895_CRR505657
CRR505658	S122	PRJCA009749	S122_CRR505658
CRR505660	DH382	PRJCA009749	DH382_CRR505660
CRR505661	Xun9058	PRJCA009749	Xun9058_CRR505661
CRR505663	M340x	PRJCA009749	M340x_CRR505663
CRR505667	SX3821	PRJCA009749	SX3821_CRR505667
CRR505670	148	PRJCA009749	148_CRR505670
CRR505674	D185	PRJCA009749	D185_CRR505674
CRR505677	Tie98033_1	PRJCA009749	Tie98033_1_CRR505677
CRR505679	Zhongzi03	PRJCA009749	Zhongzi03_CRR505679
CRR505688	N42	PRJCA009749	N42_CRR505688
CRR505689	W172	PRJCA009749	W172_CRR505689
CRR505698	Chen322	PRJCA009749	Chen322_CRR505698
CRR505706	S7913	PRJCA009749	S7913_CRR505706
CRR505710	Shen151	PRJCA009749	Shen151_CRR505710
CRR505711	Liao3162	PRJCA009749	Liao3162_CRR505711
CRR505714	LX3999	PRJCA009749	LX3999_CRR505714
CRR505715	D183	PRJCA009749	D183_CRR505715
CRR505717	H95	PRJCA009749	H95_CRR505717
CRR505719	MC5831	PRJCA009749	MC5831_CRR505719
CRR505720	MC5832	PRJCA009749	MC5832_CRR505720
CRR505724	MC5837	PRJCA009749	MC5837_CRR505724
CRR505728	MC5841	PRJCA009749	MC5841_CRR505728
CRR505729	MC5842	PRJCA009749	MC5842_CRR505729
CRR505730	MC5843	PRJCA009749	MC5843_CRR505730
CRR505731	MC5844	PRJCA009749	MC5844_CRR505731
CRR505733	MC5846	PRJCA009749	MC5846_CRR505733
CRR505737	MC6231	PRJCA009749	MC6231_CRR505737
CRR505740	MC6235	PRJCA009749	MC6235_CRR505740
CRR505741	MC6236	PRJCA009749	MC6236_CRR505741
CRR505742	MC3361	PRJCA009749	MC3361_CRR505742
CRR505743	MC3362	PRJCA009749	MC3362_CRR505743
CRR505745	MC3366	PRJCA009749	MC3366_CRR505745
CRR505746	MC3367	PRJCA009749	MC3367_CRR505746
CRR505748	GEMS18	PRJCA009749	GEMS18_CRR505748
CRR505750	GEMS1	PRJCA009749	GEMS1_CRR505750
CRR505752	Dan360	PRJCA009749	Dan360_CRR505752
