project_id,study_title,sample_accession,run_accession,accession,PLANT_NAME,n_traits,in_snptools,collection,x_cov_sample,library_strategy,instrument_platform,library_layout,url,file_bytes,fastq_md5
PRJEB31061,Genome sequence and assembly of the twenty-five founder lines of the the Nested Association Mapping (NAM) population.,SAMEA5313299,ERR3307814,PI 595561,CML 52,21.0,False,Maize.Set.Inbred.Diversity.282.Plus.NAM.Parents,138.9,WGA,ILLUMINA,PAIRED,ftp://ftp.sra.ebi.ac.uk/vol1/fastq/ERR330/004/ERR3307814/ERR3307814_1.fastq.gz,2531316093,8ca5dab8d54eb31775be05fe2eb9fbd0
PRJEB31061,Genome sequence and assembly of the twenty-five founder lines of the the Nested Association Mapping (NAM) population.,SAMEA5313299,ERR3307814,PI 595561,CML 52,21.0,False,Maize.Set.Inbred.Diversity.282.Plus.NAM.Parents,138.9,WGA,ILLUMINA,PAIRED,ftp://ftp.sra.ebi.ac.uk/vol1/fastq/ERR330/004/ERR3307814/ERR3307814_2.fastq.gz,2632162255,7b53e93f8356235602a84468f5736cb6
PRJEB31061,Genome sequence and assembly of the twenty-five founder lines of the the Nested Association Mapping (NAM) population.,SAMEA5313299,ERR3307821,PI 595561,CML 52,21.0,False,Maize.Set.Inbred.Diversity.282.Plus.NAM.Parents,138.9,WGA,ILLUMINA,PAIRED,ftp://ftp.sra.ebi.ac.uk/vol1/fastq/ERR330/001/ERR3307821/ERR3307821_1.fastq.gz,1933032406,ef6883df701bcb054735792ffa290fc5
PRJEB31061,Genome sequence and assembly of the twenty-five founder lines of the the Nested Association Mapping (NAM) population.,SAMEA5313299,ERR3307821,PI 595561,CML 52,21.0,False,Maize.Set.Inbred.Diversity.282.Plus.NAM.Parents,138.9,WGA,ILLUMINA,PAIRED,ftp://ftp.sra.ebi.ac.uk/vol1/fastq/ERR330/001/ERR3307821/ERR3307821_2.fastq.gz,2003344289,62d0295f67b2383141e9ad61977bd4ce
PRJEB31061,Genome sequence and assembly of the twenty-five founder lines of the the Nested Association Mapping (NAM) population.,SAMEA5313299,ERR3307822,PI 595561,CML 52,21.0,False,Maize.Set.Inbred.Diversity.282.Plus.NAM.Parents,138.9,WGA,ILLUMINA,PAIRED,ftp://ftp.sra.ebi.ac.uk/vol1/fastq/ERR330/002/ERR3307822/ERR3307822_1.fastq.gz,1841681832,e2a477bb452a6dc789f028dd3f791820
PRJEB31061,Genome sequence and assembly of the twenty-five founder lines of the the Nested Association Mapping (NAM) population.,SAMEA5313299,ERR3307822,PI 595561,CML 52,21.0,False,Maize.Set.Inbred.Diversity.282.Plus.NAM.Parents,138.9,WGA,ILLUMINA,PAIRED,ftp://ftp.sra.ebi.ac.uk/vol1/fastq/ERR330/002/ERR3307822/ERR3307822_2.fastq.gz,1913853742,8a39f803329fa0ef3ee0f174cbea54de
PRJEB31061,Genome sequence and assembly of the twenty-five founder lines of the the Nested Association Mapping (NAM) population.,SAMEA5313299,ERR3307823,PI 595561,CML 52,21.0,False,Maize.Set.Inbred.Diversity.282.Plus.NAM.Parents,138.9,WGA,ILLUMINA,PAIRED,ftp://ftp.sra.ebi.ac.uk/vol1/fastq/ERR330/003/ERR3307823/ERR3307823_1.fastq.gz,1870250921,958805cec64011367d675e393cdc4a46
PRJEB31061,Genome sequence and assembly of the twenty-five founder lines of the the Nested Association Mapping (NAM) population.,SAMEA5313299,ERR3307823,PI 595561,CML 52,21.0,False,Maize.Set.Inbred.Diversity.282.Plus.NAM.Parents,138.9,WGA,ILLUMINA,PAIRED,ftp://ftp.sra.ebi.ac.uk/vol1/fastq/ERR330/003/ERR3307823/ERR3307823_2.fastq.gz,1933697664,3359b0115c7dd88f21a1bd2b6f1caa1a
PRJEB31061,Genome sequence and assembly of the twenty-five founder lines of the the Nested Association Mapping (NAM) population.,SAMEA5313299,ERR3307825,PI 595561,CML 52,21.0,False,Maize.Set.Inbred.Diversity.282.Plus.NAM.Parents,138.9,WGA,ILLUMINA,PAIRED,ftp://ftp.sra.ebi.ac.uk/vol1/fastq/ERR330/005/ERR3307825/ERR3307825_1.fastq.gz,2347928512,982bc0d057c6e287ba8dbb48779be495
PRJEB31061,Genome sequence and assembly of the twenty-five founder lines of the the Nested Association Mapping (NAM) population.,SAMEA5313299,ERR3307825,PI 595561,CML 52,21.0,False,Maize.Set.Inbred.Diversity.282.Plus.NAM.Parents,138.9,WGA,ILLUMINA,PAIRED,ftp://ftp.sra.ebi.ac.uk/vol1/fastq/ERR330/005/ERR3307825/ERR3307825_2.fastq.gz,2438681038,5a8502fdb7aae4bd4630b49df83c76fe
PRJEB31061,Genome sequence and assembly of the twenty-five founder lines of the the Nested Association Mapping (NAM) population.,SAMEA5313299,ERR3307828,PI 595561,CML 52,21.0,False,Maize.Set.Inbred.Diversity.282.Plus.NAM.Parents,138.9,WGA,ILLUMINA,PAIRED,ftp://ftp.sra.ebi.ac.uk/vol1/fastq/ERR330/008/ERR3307828/ERR3307828_1.fastq.gz,2165169664,7fbeb2d3058fb09bf6d19491a5b15f88
PRJEB31061,Genome sequence and assembly of the twenty-five founder lines of the the Nested Association Mapping (NAM) population.,SAMEA5313299,ERR3307828,PI 595561,CML 52,21.0,False,Maize.Set.Inbred.Diversity.282.Plus.NAM.Parents,138.9,WGA,ILLUMINA,PAIRED,ftp://ftp.sra.ebi.ac.uk/vol1/fastq/ERR330/008/ERR3307828/ERR3307828_2.fastq.gz,2249913028,effb7b9d954dbec7c595276d89e708b3
PRJEB44462,"Sequencing, Assembly and Annotation of B104",SAMEA8718246,ERR6056757,PI 594047,B104,35.0,False,Maize.Set.Inbred.Diversity.282.Plus.NAM.Parents,73.1,WGA,ILLUMINA,PAIRED,ftp://ftp.sra.ebi.ac.uk/vol1/fastq/ERR605/007/ERR6056757/ERR6056757_1.fastq.gz,709703877,6a5529c79cb9e98392b138fcca521abb
PRJEB44462,"Sequencing, Assembly and Annotation of B104",SAMEA8718246,ERR6056757,PI 594047,B104,35.0,False,Maize.Set.Inbred.Diversity.282.Plus.NAM.Parents,73.1,WGA,ILLUMINA,PAIRED,ftp://ftp.sra.ebi.ac.uk/vol1/fastq/ERR605/007/ERR6056757/ERR6056757_2.fastq.gz,749225084,4de22f6e83eae87e16d6d52a87d0adc2
PRJEB44462,"Sequencing, Assembly and Annotation of B104",SAMEA8718246,ERR6056760,PI 594047,B104,35.0,False,Maize.Set.Inbred.Diversity.282.Plus.NAM.Parents,73.1,WGA,ILLUMINA,PAIRED,ftp://ftp.sra.ebi.ac.uk/vol1/fastq/ERR605/000/ERR6056760/ERR6056760_1.fastq.gz,1227418253,e8fea8cddef1bdae0a2766f2d5d9dc9f
PRJEB44462,"Sequencing, Assembly and Annotation of B104",SAMEA8718246,ERR6056760,PI 594047,B104,35.0,False,Maize.Set.Inbred.Diversity.282.Plus.NAM.Parents,73.1,WGA,ILLUMINA,PAIRED,ftp://ftp.sra.ebi.ac.uk/vol1/fastq/ERR605/000/ERR6056760/ERR6056760_2.fastq.gz,1294521419,51f5a8f2ecf9ea2d9d247d8fa8d69d21
PRJEB44462,"Sequencing, Assembly and Annotation of B104",SAMEA8718246,ERR6056761,PI 594047,B104,35.0,False,Maize.Set.Inbred.Diversity.282.Plus.NAM.Parents,73.1,WGA,ILLUMINA,PAIRED,ftp://ftp.sra.ebi.ac.uk/vol1/fastq/ERR605/001/ERR6056761/ERR6056761_1.fastq.gz,1223344414,723194545a442c455f929825477b9638
PRJEB44462,"Sequencing, Assembly and Annotation of B104",SAMEA8718246,ERR6056761,PI 594047,B104,35.0,False,Maize.Set.Inbred.Diversity.282.Plus.NAM.Parents,73.1,WGA,ILLUMINA,PAIRED,ftp://ftp.sra.ebi.ac.uk/vol1/fastq/ERR605/001/ERR6056761/ERR6056761_2.fastq.gz,1292083198,9784c5a27ede78c121c9da0b7fc5ef15
PRJEB44462,"Sequencing, Assembly and Annotation of B104",SAMEA8718246,ERR6056762,PI 594047,B104,35.0,False,Maize.Set.Inbred.Diversity.282.Plus.NAM.Parents,73.1,WGA,ILLUMINA,PAIRED,ftp://ftp.sra.ebi.ac.uk/vol1/fastq/ERR605/002/ERR6056762/ERR6056762_1.fastq.gz,1226236025,1afc810da2a0f6fd75574c1685300fdc
PRJEB44462,"Sequencing, Assembly and Annotation of B104",SAMEA8718246,ERR6056762,PI 594047,B104,35.0,False,Maize.Set.Inbred.Diversity.282.Plus.NAM.Parents,73.1,WGA,ILLUMINA,PAIRED,ftp://ftp.sra.ebi.ac.uk/vol1/fastq/ERR605/002/ERR6056762/ERR6056762_2.fastq.gz,1296298356,88a93d2fd25598165478b058ae882e36
PRJEB44462,"Sequencing, Assembly and Annotation of B104",SAMEA8718246,ERR6056763,PI 594047,B104,35.0,False,Maize.Set.Inbred.Diversity.282.Plus.NAM.Parents,73.1,WGA,ILLUMINA,PAIRED,ftp://ftp.sra.ebi.ac.uk/vol1/fastq/ERR605/003/ERR6056763/ERR6056763_1.fastq.gz,208945614,95871cbf32cab309bca19561b199500d
PRJEB44462,"Sequencing, Assembly and Annotation of B104",SAMEA8718246,ERR6056763,PI 594047,B104,35.0,False,Maize.Set.Inbred.Diversity.282.Plus.NAM.Parents,73.1,WGA,ILLUMINA,PAIRED,ftp://ftp.sra.ebi.ac.uk/vol1/fastq/ERR605/003/ERR6056763/ERR6056763_2.fastq.gz,221020444,b3749574f7f474dd60c48d6db427e0ce
PRJEB44462,"Sequencing, Assembly and Annotation of B104",SAMEA8718246,ERR6056765,PI 594047,B104,35.0,False,Maize.Set.Inbred.Diversity.282.Plus.NAM.Parents,73.1,WGA,ILLUMINA,PAIRED,ftp://ftp.sra.ebi.ac.uk/vol1/fastq/ERR605/005/ERR6056765/ERR6056765_1.fastq.gz,1300666478,e0df894c0e1d89751ff08504d0b0c7fb
PRJEB44462,"Sequencing, Assembly and Annotation of B104",SAMEA8718246,ERR6056765,PI 594047,B104,35.0,False,Maize.Set.Inbred.Diversity.282.Plus.NAM.Parents,73.1,WGA,ILLUMINA,PAIRED,ftp://ftp.sra.ebi.ac.uk/vol1/fastq/ERR605/005/ERR6056765/ERR6056765_2.fastq.gz,1313055866,7ee71319cbeb8dc6caa8d31545d77979
PRJEB44462,"Sequencing, Assembly and Annotation of B104",SAMEA8718246,ERR6056767,PI 594047,B104,35.0,False,Maize.Set.Inbred.Diversity.282.Plus.NAM.Parents,73.1,WGA,ILLUMINA,PAIRED,ftp://ftp.sra.ebi.ac.uk/vol1/fastq/ERR605/007/ERR6056767/ERR6056767_1.fastq.gz,1312331628,70ce30b3ac86cd2e0824c6caeb945736
PRJEB44462,"Sequencing, Assembly and Annotation of B104",SAMEA8718246,ERR6056767,PI 594047,B104,35.0,False,Maize.Set.Inbred.Diversity.282.Plus.NAM.Parents,73.1,WGA,ILLUMINA,PAIRED,ftp://ftp.sra.ebi.ac.uk/vol1/fastq/ERR605/007/ERR6056767/ERR6056767_2.fastq.gz,1314841212,55afa75a79538ae5065bfc46a10ab55c
PRJEB44462,"Sequencing, Assembly and Annotation of B104",SAMEA8718246,ERR6056770,PI 594047,B104,35.0,False,Maize.Set.Inbred.Diversity.282.Plus.NAM.Parents,73.1,WGA,ILLUMINA,PAIRED,ftp://ftp.sra.ebi.ac.uk/vol1/fastq/ERR605/000/ERR6056770/ERR6056770_1.fastq.gz,1233314578,1201ab5f61f1faa42ebf693f6583c326
PRJEB44462,"Sequencing, Assembly and Annotation of B104",SAMEA8718246,ERR6056770,PI 594047,B104,35.0,False,Maize.Set.Inbred.Diversity.282.Plus.NAM.Parents,73.1,WGA,ILLUMINA,PAIRED,ftp://ftp.sra.ebi.ac.uk/vol1/fastq/ERR605/000/ERR6056770/ERR6056770_2.fastq.gz,1300897899,588c323d471a69ff9e87707fe37e673b
PRJNA661271,Maize Wisconsin Diversity Panel Resequencing Project,SAMN16053183,SRR12633335,PI 391662,KUNG-70,20.0,False,Maize.Group.Ames.Panel.2010,19.4,WGA,ILLUMINA,PAIRED,ftp://ftp.sra.ebi.ac.uk/vol1/fastq/SRR126/035/SRR12633335/SRR12633335_1.fastq.gz,10299070976,8513cec9b3f7794b341552ee22b9a833
PRJNA661271,Maize Wisconsin Diversity Panel Resequencing Project,SAMN16053183,SRR12633335,PI 391662,KUNG-70,20.0,False,Maize.Group.Ames.Panel.2010,19.4,WGA,ILLUMINA,PAIRED,ftp://ftp.sra.ebi.ac.uk/vol1/fastq/SRR126/035/SRR12633335/SRR12633335_2.fastq.gz,10632426017,758548a41f9a9f608fe05006f5b6cc75
PRJNA661271,Maize Wisconsin Diversity Panel Resequencing Project,SAMN16053172,SRR12633350,PI 698975,H71,28.0,False,Maize.Group.Ames.Panel.2010,24.8,WGA,ILLUMINA,PAIRED,ftp://ftp.sra.ebi.ac.uk/vol1/fastq/SRR126/050/SRR12633350/SRR12633350_1.fastq.gz,13781148510,6cc48283f93854c45abc316347416676
PRJNA661271,Maize Wisconsin Diversity Panel Resequencing Project,SAMN16053172,SRR12633350,PI 698975,H71,28.0,False,Maize.Group.Ames.Panel.2010,24.8,WGA,ILLUMINA,PAIRED,ftp://ftp.sra.ebi.ac.uk/vol1/fastq/SRR126/050/SRR12633350/SRR12633350_2.fastq.gz,14152301812,658e7ec14becf22bf2206078e47e429c
PRJNA661271,Maize Wisconsin Diversity Panel Resequencing Project,SAMN16053166,SRR12633353,Ames 27053,CO258,26.0,False,Maize.Group.Ames.Panel.2010,26.7,WGA,ILLUMINA,PAIRED,ftp://ftp.sra.ebi.ac.uk/vol1/fastq/SRR126/053/SRR12633353/SRR12633353_1.fastq.gz,14477780236,1488a4d18efafb82be493b82d1b84d12
PRJNA661271,Maize Wisconsin Diversity Panel Resequencing Project,SAMN16053166,SRR12633353,Ames 27053,CO258,26.0,False,Maize.Group.Ames.Panel.2010,26.7,WGA,ILLUMINA,PAIRED,ftp://ftp.sra.ebi.ac.uk/vol1/fastq/SRR126/053/SRR12633353/SRR12633353_2.fastq.gz,15113468281,b68b1243b155091af5f57505eace908d
PRJNA661271,Maize Wisconsin Diversity Panel Resequencing Project,SAMN16053164,SRR12633355,PI 693356,CH701-30,28.0,False,Maize.Set.Inbred.Diversity.282.Plus.NAM.Parents,23.4,WGA,ILLUMINA,PAIRED,ftp://ftp.sra.ebi.ac.uk/vol1/fastq/SRR126/055/SRR12633355/SRR12633355_1.fastq.gz,12573410491,de66a6348069ef95158845c00de4aea5
PRJNA661271,Maize Wisconsin Diversity Panel Resequencing Project,SAMN16053164,SRR12633355,PI 693356,CH701-30,28.0,False,Maize.Set.Inbred.Diversity.282.Plus.NAM.Parents,23.4,WGA,ILLUMINA,PAIRED,ftp://ftp.sra.ebi.ac.uk/vol1/fastq/SRR126/055/SRR12633355/SRR12633355_2.fastq.gz,12903846287,efc598598e54025221e8efe25309f1c7
PRJNA661271,Maize Wisconsin Diversity Panel Resequencing Project,SAMN16053158,SRR12633362,PI 693353,B164,31.0,False,Maize.Set.Inbred.Diversity.282.Plus.NAM.Parents,23.2,WGA,ILLUMINA,PAIRED,ftp://ftp.sra.ebi.ac.uk/vol1/fastq/SRR126/062/SRR12633362/SRR12633362_1.fastq.gz,12908187302,125a88a86b1bf9d5cf5dec0bec7ddbac
PRJNA661271,Maize Wisconsin Diversity Panel Resequencing Project,SAMN16053158,SRR12633362,PI 693353,B164,31.0,False,Maize.Set.Inbred.Diversity.282.Plus.NAM.Parents,23.2,WGA,ILLUMINA,PAIRED,ftp://ftp.sra.ebi.ac.uk/vol1/fastq/SRR126/062/SRR12633362/SRR12633362_2.fastq.gz,13130454521,10d09ec1831c8ae814a7e4a0f270e035
PRJNA661271,Maize Wisconsin Diversity Panel Resequencing Project,SAMN16053154,SRR12633364,PI 634213,B119,28.0,False,Maize.Group.Ames.Panel.2010,22.0,WGA,ILLUMINA,PAIRED,ftp://ftp.sra.ebi.ac.uk/vol1/fastq/SRR126/064/SRR12633364/SRR12633364_1.fastq.gz,11673647388,67e239c237a4e4fe4dc6fab2cf216fa3
PRJNA661271,Maize Wisconsin Diversity Panel Resequencing Project,SAMN16053154,SRR12633364,PI 634213,B119,28.0,False,Maize.Group.Ames.Panel.2010,22.0,WGA,ILLUMINA,PAIRED,ftp://ftp.sra.ebi.ac.uk/vol1/fastq/SRR126/064/SRR12633364/SRR12633364_2.fastq.gz,12029197927,8e222892096385681efc499a7df0ecf8
PRJNA661271,Maize Wisconsin Diversity Panel Resequencing Project,SAMN16053150,SRR12633369,Ames 23421,A321,18.0,False,Maize.Group.Ames.Panel.2010,25.4,WGA,ILLUMINA,PAIRED,ftp://ftp.sra.ebi.ac.uk/vol1/fastq/SRR126/069/SRR12633369/SRR12633369_1.fastq.gz,13975742338,da9ad8b63112fc3009646c17e734f36d
PRJNA661271,Maize Wisconsin Diversity Panel Resequencing Project,SAMN16053150,SRR12633369,Ames 23421,A321,18.0,False,Maize.Group.Ames.Panel.2010,25.4,WGA,ILLUMINA,PAIRED,ftp://ftp.sra.ebi.ac.uk/vol1/fastq/SRR126/069/SRR12633369/SRR12633369_2.fastq.gz,14331368181,85b5c822d1c6fa0023fe71855ff262b9
PRJNA661271,Maize Wisconsin Diversity Panel Resequencing Project,SAMN16053144,SRR12633375,PI 574393,ZS365,29.0,False,Maize.Group.PVP,47.9,WGA,ILLUMINA,PAIRED,ftp://ftp.sra.ebi.ac.uk/vol1/fastq/SRR126/075/SRR12633375/SRR12633375_1.fastq.gz,25797195611,c042510e9f18de365d0d3a8500ea80f0
PRJNA661271,Maize Wisconsin Diversity Panel Resequencing Project,SAMN16053144,SRR12633375,PI 574393,ZS365,29.0,False,Maize.Group.PVP,47.9,WGA,ILLUMINA,PAIRED,ftp://ftp.sra.ebi.ac.uk/vol1/fastq/SRR126/075/SRR12633375/SRR12633375_2.fastq.gz,26341900067,f516d8bb49e2b83aa9c0068c43b81c00
PRJNA661271,Maize Wisconsin Diversity Panel Resequencing Project,SAMN16052894,SRR12633376,PI 559951,PHTM9,30.0,False,Maize.Group.PVP,24.2,WGA,ILLUMINA,PAIRED,ftp://ftp.sra.ebi.ac.uk/vol1/fastq/SRR126/076/SRR12633376/SRR12633376_1.fastq.gz,13661869461,305761884ec4ca25337c538012e8e3ca
PRJNA661271,Maize Wisconsin Diversity Panel Resequencing Project,SAMN16052894,SRR12633376,PI 559951,PHTM9,30.0,False,Maize.Group.PVP,24.2,WGA,ILLUMINA,PAIRED,ftp://ftp.sra.ebi.ac.uk/vol1/fastq/SRR126/076/SRR12633376/SRR12633376_2.fastq.gz,14490500106,23967049659a1020eb0916d822485af1
PRJNA661271,Maize Wisconsin Diversity Panel Resequencing Project,SAMN16053142,SRR12633377,Ames 30578,W821G,27.0,False,Maize.Group.Ames.Panel.Post.2010,21.2,WGA,ILLUMINA,PAIRED,ftp://ftp.sra.ebi.ac.uk/vol1/fastq/SRR126/077/SRR12633377/SRR12633377_1.fastq.gz,10977155632,34bac48f1b2505bd941dd535c3791632
PRJNA661271,Maize Wisconsin Diversity Panel Resequencing Project,SAMN16053142,SRR12633377,Ames 30578,W821G,27.0,False,Maize.Group.Ames.Panel.Post.2010,21.2,WGA,ILLUMINA,PAIRED,ftp://ftp.sra.ebi.ac.uk/vol1/fastq/SRR126/077/SRR12633377/SRR12633377_2.fastq.gz,11090244054,930167e2e5631c4c44dcb827f5f321ba
PRJNA661271,Maize Wisconsin Diversity Panel Resequencing Project,SAMN16053137,SRR12633381,PI 391678,TZU-CHIAO-HSI-WU 105,21.0,False,Maize.Group.Ames.Panel.2010,21.7,WGA,ILLUMINA,PAIRED,ftp://ftp.sra.ebi.ac.uk/vol1/fastq/SRR126/081/SRR12633381/SRR12633381_1.fastq.gz,11558509163,42e61fba17073229dda2ce16f34fcd27
PRJNA661271,Maize Wisconsin Diversity Panel Resequencing Project,SAMN16053137,SRR12633381,PI 391678,TZU-CHIAO-HSI-WU 105,21.0,False,Maize.Group.Ames.Panel.2010,21.7,WGA,ILLUMINA,PAIRED,ftp://ftp.sra.ebi.ac.uk/vol1/fastq/SRR126/081/SRR12633381/SRR12633381_2.fastq.gz,11724327690,a5c12043546ab5520ba56b73c74bcbd1
PRJNA661271,Maize Wisconsin Diversity Panel Resequencing Project,SAMN16053131,SRR12633387,PI 601572,PHR47,31.0,False,Maize.Group.PVP,23.1,WGA,ILLUMINA,PAIRED,ftp://ftp.sra.ebi.ac.uk/vol1/fastq/SRR126/087/SRR12633387/SRR12633387_1.fastq.gz,12462730542,04b64bffa7426057ae3dcb76fb6d6748
PRJNA661271,Maize Wisconsin Diversity Panel Resequencing Project,SAMN16053131,SRR12633387,PI 601572,PHR47,31.0,False,Maize.Group.PVP,23.1,WGA,ILLUMINA,PAIRED,ftp://ftp.sra.ebi.ac.uk/vol1/fastq/SRR126/087/SRR12633387/SRR12633387_2.fastq.gz,12880539301,5f64232fbab19a7a144b8ccfd6c711e1
PRJNA661271,Maize Wisconsin Diversity Panel Resequencing Project,SAMN16053121,SRR12633397,PI 593038,LH227,26.0,False,Maize.Group.PVP,22.3,WGA,ILLUMINA,PAIRED,ftp://ftp.sra.ebi.ac.uk/vol1/fastq/SRR126/097/SRR12633397/SRR12633397_1.fastq.gz,11879750974,b7b363f0985debb48225c5df874e3601
PRJNA661271,Maize Wisconsin Diversity Panel Resequencing Project,SAMN16053121,SRR12633397,PI 593038,LH227,26.0,False,Maize.Group.PVP,22.3,WGA,ILLUMINA,PAIRED,ftp://ftp.sra.ebi.ac.uk/vol1/fastq/SRR126/097/SRR12633397/SRR12633397_2.fastq.gz,11997450257,935bb811f92fb0664d08d643c84823b5
PRJNA661271,Maize Wisconsin Diversity Panel Resequencing Project,SAMN16053112,SRR12633404,PI 606768,SD40,33.0,False,Maize.Set.Inbred.Diversity.282.Plus.NAM.Parents,24.7,WGA,ILLUMINA,PAIRED,ftp://ftp.sra.ebi.ac.uk/vol1/fastq/SRR126/004/SRR12633404/SRR12633404_1.fastq.gz,13425296688,48a7a6b728fc9937b5715c60eae37f5d
PRJNA661271,Maize Wisconsin Diversity Panel Resequencing Project,SAMN16053112,SRR12633404,PI 606768,SD40,33.0,False,Maize.Set.Inbred.Diversity.282.Plus.NAM.Parents,24.7,WGA,ILLUMINA,PAIRED,ftp://ftp.sra.ebi.ac.uk/vol1/fastq/SRR126/004/SRR12633404/SRR12633404_2.fastq.gz,13666273539,6ba07bc40e64af2bd8193304cd57c55c
PRJNA661271,Maize Wisconsin Diversity Panel Resequencing Project,SAMN16053111,SRR12633405,PI 538243,SD107,27.0,False,,23.3,WGA,ILLUMINA,PAIRED,ftp://ftp.sra.ebi.ac.uk/vol1/fastq/SRR126/005/SRR12633405/SRR12633405_1.fastq.gz,12735615382,3026b958d2ff5dc3ac0a45fda57dc0ad
PRJNA661271,Maize Wisconsin Diversity Panel Resequencing Project,SAMN16053111,SRR12633405,PI 538243,SD107,27.0,False,,23.3,WGA,ILLUMINA,PAIRED,ftp://ftp.sra.ebi.ac.uk/vol1/fastq/SRR126/005/SRR12633405/SRR12633405_2.fastq.gz,13180406984,0aa29ec1c8694250cf6b6845f0995bed
PRJNA661271,Maize Wisconsin Diversity Panel Resequencing Project,SAMN16053110,SRR12633409,NSL 30896,R181B,27.0,False,Maize.Group.Ames.Panel.2010,25.3,WGA,ILLUMINA,PAIRED,ftp://ftp.sra.ebi.ac.uk/vol1/fastq/SRR126/009/SRR12633409/SRR12633409_1.fastq.gz,13504335816,63276053fad10ca8c61a44ea11bf70cf
PRJNA661271,Maize Wisconsin Diversity Panel Resequencing Project,SAMN16053110,SRR12633409,NSL 30896,R181B,27.0,False,Maize.Group.Ames.Panel.2010,25.3,WGA,ILLUMINA,PAIRED,ftp://ftp.sra.ebi.ac.uk/vol1/fastq/SRR126/009/SRR12633409/SRR12633409_2.fastq.gz,13845522894,15b675d409030c54ef53ec977df9e6e9
PRJNA661271,Maize Wisconsin Diversity Panel Resequencing Project,SAMN16053101,SRR12633414,NSL 28965,Oh33,28.0,False,Maize.Group.Ames.Panel.2010,22.4,WGA,ILLUMINA,PAIRED,ftp://ftp.sra.ebi.ac.uk/vol1/fastq/SRR126/014/SRR12633414/SRR12633414_1.fastq.gz,11838326727,4c486d3a86fd922dc855647881b6bcb4
PRJNA661271,Maize Wisconsin Diversity Panel Resequencing Project,SAMN16053101,SRR12633414,NSL 28965,Oh33,28.0,False,Maize.Group.Ames.Panel.2010,22.4,WGA,ILLUMINA,PAIRED,ftp://ftp.sra.ebi.ac.uk/vol1/fastq/SRR126/014/SRR12633414/SRR12633414_2.fastq.gz,12006237553,7be28736b644e38bfc0d4f00af2a5233
PRJNA661271,Maize Wisconsin Diversity Panel Resequencing Project,SAMN16053097,SRR12633419,Ames 24751,MS226,19.0,False,Maize.Group.Ames.Panel.2010,28.4,WGA,ILLUMINA,PAIRED,ftp://ftp.sra.ebi.ac.uk/vol1/fastq/SRR126/019/SRR12633419/SRR12633419_1.fastq.gz,15132968031,4da3865bc698c9b24a13ceac13898dc8
PRJNA661271,Maize Wisconsin Diversity Panel Resequencing Project,SAMN16053097,SRR12633419,Ames 24751,MS226,19.0,False,Maize.Group.Ames.Panel.2010,28.4,WGA,ILLUMINA,PAIRED,ftp://ftp.sra.ebi.ac.uk/vol1/fastq/SRR126/019/SRR12633419/SRR12633419_2.fastq.gz,15445864828,e448ec2d4f569e491ffb9138331d7184
PRJNA661271,Maize Wisconsin Diversity Panel Resequencing Project,SAMN16053096,SRR12633420,Ames 24742,MS211,28.0,False,Maize.Group.Ames.Panel.2010,21.2,WGA,ILLUMINA,PAIRED,ftp://ftp.sra.ebi.ac.uk/vol1/fastq/SRR126/020/SRR12633420/SRR12633420_1.fastq.gz,11635816486,3b9f9e7e696e004a80fed9265265b379
PRJNA661271,Maize Wisconsin Diversity Panel Resequencing Project,SAMN16053096,SRR12633420,Ames 24742,MS211,28.0,False,Maize.Group.Ames.Panel.2010,21.2,WGA,ILLUMINA,PAIRED,ftp://ftp.sra.ebi.ac.uk/vol1/fastq/SRR126/020/SRR12633420/SRR12633420_2.fastq.gz,11825805473,6ae16511e857e672c7c4fcd64f4f7d06
PRJNA661271,Maize Wisconsin Diversity Panel Resequencing Project,SAMN16052886,SRR12633421,PI 601727,L 135,30.0,False,Maize.Group.PVP,21.6,WGA,ILLUMINA,PAIRED,ftp://ftp.sra.ebi.ac.uk/vol1/fastq/SRR126/021/SRR12633421/SRR12633421_1.fastq.gz,12221864867,afbdb964d8e40a0b5acea51b769b0e05
PRJNA661271,Maize Wisconsin Diversity Panel Resequencing Project,SAMN16052886,SRR12633421,PI 601727,L 135,30.0,False,Maize.Group.PVP,21.6,WGA,ILLUMINA,PAIRED,ftp://ftp.sra.ebi.ac.uk/vol1/fastq/SRR126/021/SRR12633421/SRR12633421_2.fastq.gz,12963602574,f73a6ad6a54e9410b7d3bfbdef2556f2
PRJNA661271,Maize Wisconsin Diversity Panel Resequencing Project,SAMN16053095,SRR12633422,Ames 24730,MS132,19.0,False,Maize.Group.Ames.Panel.2010,23.9,WGA,ILLUMINA,PAIRED,ftp://ftp.sra.ebi.ac.uk/vol1/fastq/SRR126/022/SRR12633422/SRR12633422_1.fastq.gz,12716715634,0a260d27ce17d5d954156c21b9113d18
PRJNA661271,Maize Wisconsin Diversity Panel Resequencing Project,SAMN16053095,SRR12633422,Ames 24730,MS132,19.0,False,Maize.Group.Ames.Panel.2010,23.9,WGA,ILLUMINA,PAIRED,ftp://ftp.sra.ebi.ac.uk/vol1/fastq/SRR126/022/SRR12633422/SRR12633422_2.fastq.gz,12843393324,bd28a3b88a1cc929ba6b71d74806bd07
PRJNA661271,Maize Wisconsin Diversity Panel Resequencing Project,SAMN16053086,SRR12633428,PI 698967,H42,28.0,False,Maize.Group.Ames.Panel.2010,19.9,WGA,ILLUMINA,PAIRED,ftp://ftp.sra.ebi.ac.uk/vol1/fastq/SRR126/028/SRR12633428/SRR12633428_1.fastq.gz,10541346821,aed3d9150f3e0b612a5649dd1dee8b26
PRJNA661271,Maize Wisconsin Diversity Panel Resequencing Project,SAMN16053086,SRR12633428,PI 698967,H42,28.0,False,Maize.Group.Ames.Panel.2010,19.9,WGA,ILLUMINA,PAIRED,ftp://ftp.sra.ebi.ac.uk/vol1/fastq/SRR126/028/SRR12633428/SRR12633428_2.fastq.gz,10757399005,1911d19dfd66392a0fb88e0d80f942c3
PRJNA661271,Maize Wisconsin Diversity Panel Resequencing Project,SAMN16052867,SRR12633432,Ames 23451,A572,19.0,False,Maize.Group.Ames.Panel.2010,23.8,WGA,ILLUMINA,PAIRED,ftp://ftp.sra.ebi.ac.uk/vol1/fastq/SRR126/032/SRR12633432/SRR12633432_1.fastq.gz,13498959784,eea47f7ff3f2972ffe84a25a48668b50
PRJNA661271,Maize Wisconsin Diversity Panel Resequencing Project,SAMN16052867,SRR12633432,Ames 23451,A572,19.0,False,Maize.Group.Ames.Panel.2010,23.8,WGA,ILLUMINA,PAIRED,ftp://ftp.sra.ebi.ac.uk/vol1/fastq/SRR126/032/SRR12633432/SRR12633432_2.fastq.gz,14445457915,6afecca83f4227882eab065afee4f1ec
PRJNA661271,Maize Wisconsin Diversity Panel Resequencing Project,SAMN16053078,SRR12633437,PI 340860,B-28,29.0,False,Maize.Group.Ames.Panel.2010,20.7,WGA,ILLUMINA,PAIRED,ftp://ftp.sra.ebi.ac.uk/vol1/fastq/SRR126/037/SRR12633437/SRR12633437_1.fastq.gz,11088978517,0ed0978bdd51102b48a5411969efb4ab
PRJNA661271,Maize Wisconsin Diversity Panel Resequencing Project,SAMN16053078,SRR12633437,PI 340860,B-28,29.0,False,Maize.Group.Ames.Panel.2010,20.7,WGA,ILLUMINA,PAIRED,ftp://ftp.sra.ebi.ac.uk/vol1/fastq/SRR126/037/SRR12633437/SRR12633437_2.fastq.gz,11477551334,df4d8139054770c6262b80bf65f9a6de
PRJNA661271,Maize Wisconsin Diversity Panel Resequencing Project,SAMN16053074,SRR12633440,NSL 81597,A648,27.0,False,Maize.Group.Ames.Panel.2010,22.1,WGA,ILLUMINA,PAIRED,ftp://ftp.sra.ebi.ac.uk/vol1/fastq/SRR126/040/SRR12633440/SRR12633440_1.fastq.gz,11936634816,b0f49b1202d8828e7d0bb4d2b8ad0418
PRJNA661271,Maize Wisconsin Diversity Panel Resequencing Project,SAMN16053074,SRR12633440,NSL 81597,A648,27.0,False,Maize.Group.Ames.Panel.2010,22.1,WGA,ILLUMINA,PAIRED,ftp://ftp.sra.ebi.ac.uk/vol1/fastq/SRR126/040/SRR12633440/SRR12633440_2.fastq.gz,12176164396,b2c6b9fc05120bb3298b0813a62cb4fc
PRJNA661271,Maize Wisconsin Diversity Panel Resequencing Project,SAMN16052970,SRR12633445,Ames 22441,CH157,18.0,False,Maize.Group.Ames.Panel.2010,24.8,WGA,ILLUMINA,PAIRED,ftp://ftp.sra.ebi.ac.uk/vol1/fastq/SRR126/045/SRR12633445/SRR12633445_1.fastq.gz,13881120836,76a5fd848ee2425413ee1e3e028c0e2c
PRJNA661271,Maize Wisconsin Diversity Panel Resequencing Project,SAMN16052970,SRR12633445,Ames 22441,CH157,18.0,False,Maize.Group.Ames.Panel.2010,24.8,WGA,ILLUMINA,PAIRED,ftp://ftp.sra.ebi.ac.uk/vol1/fastq/SRR126/045/SRR12633445/SRR12633445_2.fastq.gz,14043231614,299194063dea1fcb89c67c50c206a234
PRJNA661271,Maize Wisconsin Diversity Panel Resequencing Project,SAMN16052969,SRR12633448,PI 608768,B87,25.0,False,Maize.Group.Ames.Panel.2010,21.5,WGA,ILLUMINA,PAIRED,ftp://ftp.sra.ebi.ac.uk/vol1/fastq/SRR126/048/SRR12633448/SRR12633448_1.fastq.gz,11789609756,356f96d2c3b6b1878672a19e16be43c8
PRJNA661271,Maize Wisconsin Diversity Panel Resequencing Project,SAMN16052969,SRR12633448,PI 608768,B87,25.0,False,Maize.Group.Ames.Panel.2010,21.5,WGA,ILLUMINA,PAIRED,ftp://ftp.sra.ebi.ac.uk/vol1/fastq/SRR126/048/SRR12633448/SRR12633448_2.fastq.gz,12101731708,5f2835a43dcd033eb4c6ed1f8bb56e95
PRJNA661271,Maize Wisconsin Diversity Panel Resequencing Project,SAMN16053070,SRR12633449,Ames 23430,A401,27.0,False,Maize.Group.Ames.Panel.2010,22.2,WGA,ILLUMINA,PAIRED,ftp://ftp.sra.ebi.ac.uk/vol1/fastq/SRR126/049/SRR12633449/SRR12633449_1.fastq.gz,12176575068,830cef0520f564d5063521ffdd2e6ebe
PRJNA661271,Maize Wisconsin Diversity Panel Resequencing Project,SAMN16053070,SRR12633449,Ames 23430,A401,27.0,False,Maize.Group.Ames.Panel.2010,22.2,WGA,ILLUMINA,PAIRED,ftp://ftp.sra.ebi.ac.uk/vol1/fastq/SRR126/049/SRR12633449/SRR12633449_2.fastq.gz,12486094691,b299745c7c5d4864ebf5aec5981c5a31
PRJNA661271,Maize Wisconsin Diversity Panel Resequencing Project,SAMN16053053,SRR12633465,PI 533658,SD101,28.0,False,Maize.Group.Ames.Panel.2010,22.7,WGA,ILLUMINA,PAIRED,ftp://ftp.sra.ebi.ac.uk/vol1/fastq/SRR126/065/SRR12633465/SRR12633465_1.fastq.gz,12407383404,515054a95959066565b81c40d33efb13
PRJNA661271,Maize Wisconsin Diversity Panel Resequencing Project,SAMN16053053,SRR12633465,PI 533658,SD101,28.0,False,Maize.Group.Ames.Panel.2010,22.7,WGA,ILLUMINA,PAIRED,ftp://ftp.sra.ebi.ac.uk/vol1/fastq/SRR126/065/SRR12633465/SRR12633465_2.fastq.gz,12583524057,c6b4b62ee9989098b717a80ef2a7d9bd
PRJNA661271,Maize Wisconsin Diversity Panel Resequencing Project,SAMN16052966,SRR12633470,PI 587143,A682,36.0,False,Maize.Set.Inbred.Diversity.282.Plus.NAM.Parents,22.7,WGA,ILLUMINA,PAIRED,ftp://ftp.sra.ebi.ac.uk/vol1/fastq/SRR126/070/SRR12633470/SRR12633470_1.fastq.gz,12246151392,415a824ac1604f6ffd806bc3ea0ea7ef
PRJNA661271,Maize Wisconsin Diversity Panel Resequencing Project,SAMN16052966,SRR12633470,PI 587143,A682,36.0,False,Maize.Set.Inbred.Diversity.282.Plus.NAM.Parents,22.7,WGA,ILLUMINA,PAIRED,ftp://ftp.sra.ebi.ac.uk/vol1/fastq/SRR126/070/SRR12633470/SRR12633470_2.fastq.gz,12707009524,566dbe412dd49c8fd7e4e88584988c59
PRJNA661271,Maize Wisconsin Diversity Panel Resequencing Project,SAMN16052958,SRR12633479,PI 574394,ZS635,30.0,False,Maize.Group.PVP,26.6,WGA,ILLUMINA,PAIRED,ftp://ftp.sra.ebi.ac.uk/vol1/fastq/SRR126/079/SRR12633479/SRR12633479_1.fastq.gz,14414259593,c03f013c721d8c6d7cb7da518c3d3036
PRJNA661271,Maize Wisconsin Diversity Panel Resequencing Project,SAMN16052958,SRR12633479,PI 574394,ZS635,30.0,False,Maize.Group.PVP,26.6,WGA,ILLUMINA,PAIRED,ftp://ftp.sra.ebi.ac.uk/vol1/fastq/SRR126/079/SRR12633479/SRR12633479_2.fastq.gz,14708684222,86e243c9c57f3f4b8d2c623bf3f8b05b
PRJNA661271,Maize Wisconsin Diversity Panel Resequencing Project,SAMN16052956,SRR12633481,PI 601790,PHW03,31.0,False,Maize.Group.PVP,23.7,WGA,ILLUMINA,PAIRED,ftp://ftp.sra.ebi.ac.uk/vol1/fastq/SRR126/081/SRR12633481/SRR12633481_1.fastq.gz,12969135644,38c269cd1f4f1bbae07c7f3bc30c8b9b
PRJNA661271,Maize Wisconsin Diversity Panel Resequencing Project,SAMN16052956,SRR12633481,PI 601790,PHW03,31.0,False,Maize.Group.PVP,23.7,WGA,ILLUMINA,PAIRED,ftp://ftp.sra.ebi.ac.uk/vol1/fastq/SRR126/081/SRR12633481/SRR12633481_2.fastq.gz,13299658744,7c31a181df6f55c571186ebbb72bca42
PRJNA661271,Maize Wisconsin Diversity Panel Resequencing Project,SAMN16052873,SRR12633487,PI 340830,T242,20.0,False,Maize.Group.Ames.Panel.2010,21.7,WGA,ILLUMINA,PAIRED,ftp://ftp.sra.ebi.ac.uk/vol1/fastq/SRR126/087/SRR12633487/SRR12633487_1.fastq.gz,11729350532,16f1885c7a4063260ac0e02fefaa34c3
PRJNA661271,Maize Wisconsin Diversity Panel Resequencing Project,SAMN16052873,SRR12633487,PI 340830,T242,20.0,False,Maize.Group.Ames.Panel.2010,21.7,WGA,ILLUMINA,PAIRED,ftp://ftp.sra.ebi.ac.uk/vol1/fastq/SRR126/087/SRR12633487/SRR12633487_2.fastq.gz,12391572369,e05ba2191dfed56e9eb596548d6923e7
PRJNA661271,Maize Wisconsin Diversity Panel Resequencing Project,SAMN16052943,SRR12633493,Ames 22755,N197,19.0,False,Maize.Group.Ames.Panel.2010,23.7,WGA,ILLUMINA,PAIRED,ftp://ftp.sra.ebi.ac.uk/vol1/fastq/SRR126/093/SRR12633493/SRR12633493_1.fastq.gz,12852789413,a7df95e78fa6ee6366475facfb8f3e96
PRJNA661271,Maize Wisconsin Diversity Panel Resequencing Project,SAMN16052943,SRR12633493,Ames 22755,N197,19.0,False,Maize.Group.Ames.Panel.2010,23.7,WGA,ILLUMINA,PAIRED,ftp://ftp.sra.ebi.ac.uk/vol1/fastq/SRR126/093/SRR12633493/SRR12633493_2.fastq.gz,13127594914,c2ee48e4cf12830898b00fefcf2af9c0
PRJNA661271,Maize Wisconsin Diversity Panel Resequencing Project,SAMN16052941,SRR12633495,PI 601378,LP5,30.0,False,Maize.Group.PVP,22.9,WGA,ILLUMINA,PAIRED,ftp://ftp.sra.ebi.ac.uk/vol1/fastq/SRR126/095/SRR12633495/SRR12633495_1.fastq.gz,12484413694,e483bc5fee31185e57e1c77ea0889c6c
PRJNA661271,Maize Wisconsin Diversity Panel Resequencing Project,SAMN16052941,SRR12633495,PI 601378,LP5,30.0,False,Maize.Group.PVP,22.9,WGA,ILLUMINA,PAIRED,ftp://ftp.sra.ebi.ac.uk/vol1/fastq/SRR126/095/SRR12633495/SRR12633495_2.fastq.gz,12917124373,4242d1e01402c5a249772c7e8d7928a9
PRJNA661271,Maize Wisconsin Diversity Panel Resequencing Project,SAMN16052933,SRR12633504,PI 601459,IBC2,20.0,False,Maize.Group.PVP,22.3,WGA,ILLUMINA,PAIRED,ftp://ftp.sra.ebi.ac.uk/vol1/fastq/SRR126/004/SRR12633504/SRR12633504_1.fastq.gz,12115347818,495b82163a51c7d5fdd0b911a4efbf0c
PRJNA661271,Maize Wisconsin Diversity Panel Resequencing Project,SAMN16052933,SRR12633504,PI 601459,IBC2,20.0,False,Maize.Group.PVP,22.3,WGA,ILLUMINA,PAIRED,ftp://ftp.sra.ebi.ac.uk/vol1/fastq/SRR126/004/SRR12633504/SRR12633504_2.fastq.gz,12413027997,6728ea4c4f09fc1a3348ff30efc15671
PRJNA661271,Maize Wisconsin Diversity Panel Resequencing Project,SAMN16052930,SRR12633506,PI 267165,CR 22 INBRED,25.0,False,Maize.Group.Ames.Panel.2010,22.1,WGA,ILLUMINA,PAIRED,ftp://ftp.sra.ebi.ac.uk/vol1/fastq/SRR126/006/SRR12633506/SRR12633506_1.fastq.gz,11524421161,90c6dc04e94cf4309f4837a38a819224
PRJNA661271,Maize Wisconsin Diversity Panel Resequencing Project,SAMN16052930,SRR12633506,PI 267165,CR 22 INBRED,25.0,False,Maize.Group.Ames.Panel.2010,22.1,WGA,ILLUMINA,PAIRED,ftp://ftp.sra.ebi.ac.uk/vol1/fastq/SRR126/006/SRR12633506/SRR12633506_2.fastq.gz,11693471417,bfbdd070f3fbb50378fe16aa689af1ad
PRJNA661271,Maize Wisconsin Diversity Panel Resequencing Project,SAMN16053045,SRR12633512,PI 559941,PHHV4,30.0,False,Maize.Group.PVP,24.2,WGA,ILLUMINA,PAIRED,ftp://ftp.sra.ebi.ac.uk/vol1/fastq/SRR126/012/SRR12633512/SRR12633512_1.fastq.gz,13197842486,346e88eb1ee0cc450a93d68908cf70e1
PRJNA661271,Maize Wisconsin Diversity Panel Resequencing Project,SAMN16053045,SRR12633512,PI 559941,PHHV4,30.0,False,Maize.Group.PVP,24.2,WGA,ILLUMINA,PAIRED,ftp://ftp.sra.ebi.ac.uk/vol1/fastq/SRR126/012/SRR12633512/SRR12633512_2.fastq.gz,13466904099,803134acdf3d422cd7379ed302fe71c0
PRJNA661271,Maize Wisconsin Diversity Panel Resequencing Project,SAMN16053038,SRR12633518,PI 531085,NC262,30.0,False,Maize.Set.Inbred.Diversity.282.Plus.NAM.Parents,24.8,WGA,ILLUMINA,PAIRED,ftp://ftp.sra.ebi.ac.uk/vol1/fastq/SRR126/018/SRR12633518/SRR12633518_1.fastq.gz,13555905403,80d96fddd0bf8fc5f8004db1b0d0ee85
PRJNA661271,Maize Wisconsin Diversity Panel Resequencing Project,SAMN16053038,SRR12633518,PI 531085,NC262,30.0,False,Maize.Set.Inbred.Diversity.282.Plus.NAM.Parents,24.8,WGA,ILLUMINA,PAIRED,ftp://ftp.sra.ebi.ac.uk/vol1/fastq/SRR126/018/SRR12633518/SRR12633518_2.fastq.gz,14126825595,e0c7db8790153589873aadd6dd0a32df
PRJNA661271,Maize Wisconsin Diversity Panel Resequencing Project,SAMN16053034,SRR12633522,PI 601317,LH57,32.0,False,Maize.Group.PVP,22.9,WGA,ILLUMINA,PAIRED,ftp://ftp.sra.ebi.ac.uk/vol1/fastq/SRR126/022/SRR12633522/SRR12633522_1.fastq.gz,12243793937,1b9428f248f510952e538b3c3e403671
PRJNA661271,Maize Wisconsin Diversity Panel Resequencing Project,SAMN16053034,SRR12633522,PI 601317,LH57,32.0,False,Maize.Group.PVP,22.9,WGA,ILLUMINA,PAIRED,ftp://ftp.sra.ebi.ac.uk/vol1/fastq/SRR126/022/SRR12633522/SRR12633522_2.fastq.gz,12546618112,01a0bd7d44a3a6744540bbc2ae2689c5
PRJNA661271,Maize Wisconsin Diversity Panel Resequencing Project,SAMN16053037,SRR12633523,PI 550567,N193,29.0,False,Maize.Group.Ames.Panel.2010,25.5,WGA,ILLUMINA,PAIRED,ftp://ftp.sra.ebi.ac.uk/vol1/fastq/SRR126/023/SRR12633523/SRR12633523_1.fastq.gz,13629838429,d515775e45f5ca50d78b3d7be8cb58b6
PRJNA661271,Maize Wisconsin Diversity Panel Resequencing Project,SAMN16053037,SRR12633523,PI 550567,N193,29.0,False,Maize.Group.Ames.Panel.2010,25.5,WGA,ILLUMINA,PAIRED,ftp://ftp.sra.ebi.ac.uk/vol1/fastq/SRR126/023/SRR12633523/SRR12633523_2.fastq.gz,14320206671,3b0c0a46bbb2b88b30ab01a2d000fa19
PRJNA661271,Maize Wisconsin Diversity Panel Resequencing Project,SAMN16053030,SRR12633527,PI 685986,LH143 (Maintainer),31.0,False,Maize.Group.Ames.Panel.2010,20.2,WGA,ILLUMINA,PAIRED,ftp://ftp.sra.ebi.ac.uk/vol1/fastq/SRR126/027/SRR12633527/SRR12633527_1.fastq.gz,11052449011,3e8d9b71753b80f6ff957e3a28acc2ac
PRJNA661271,Maize Wisconsin Diversity Panel Resequencing Project,SAMN16053030,SRR12633527,PI 685986,LH143 (Maintainer),31.0,False,Maize.Group.Ames.Panel.2010,20.2,WGA,ILLUMINA,PAIRED,ftp://ftp.sra.ebi.ac.uk/vol1/fastq/SRR126/027/SRR12633527/SRR12633527_2.fastq.gz,11261185339,35037e1c43d35dbde34c734ae7abe2c6
PRJNA661271,Maize Wisconsin Diversity Panel Resequencing Project,SAMN16052981,SRR12633534,PI 564542,LH184,29.0,False,Maize.Group.PVP,22.2,WGA,ILLUMINA,PAIRED,ftp://ftp.sra.ebi.ac.uk/vol1/fastq/SRR126/034/SRR12633534/SRR12633534_1.fastq.gz,12151045733,315dc315324c47a598b7084a1dcf1ad3
PRJNA661271,Maize Wisconsin Diversity Panel Resequencing Project,SAMN16052981,SRR12633534,PI 564542,LH184,29.0,False,Maize.Group.PVP,22.2,WGA,ILLUMINA,PAIRED,ftp://ftp.sra.ebi.ac.uk/vol1/fastq/SRR126/034/SRR12633534/SRR12633534_2.fastq.gz,12342689723,afedf115ba784fd5b8ae7277790ac57a
PRJNA661271,Maize Wisconsin Diversity Panel Resequencing Project,SAMN16052971,SRR12633542,PI 601683,CR14,21.0,False,Maize.Group.PVP,26.3,WGA,ILLUMINA,PAIRED,ftp://ftp.sra.ebi.ac.uk/vol1/fastq/SRR126/042/SRR12633542/SRR12633542_1.fastq.gz,14607390314,ef19447b8ef15b00eba920a4c34b88f3
PRJNA661271,Maize Wisconsin Diversity Panel Resequencing Project,SAMN16052971,SRR12633542,PI 601683,CR14,21.0,False,Maize.Group.PVP,26.3,WGA,ILLUMINA,PAIRED,ftp://ftp.sra.ebi.ac.uk/vol1/fastq/SRR126/042/SRR12633542/SRR12633542_2.fastq.gz,14788410493,6aa92b77f19c52a932c5ce25b7c57e5e
PRJNA661271,Maize Wisconsin Diversity Panel Resequencing Project,SAMN16053321,SRR12633570,Ames 26745,WXB6,28.0,False,Maize.Group.Ames.Panel.2010,25.7,WGA,ILLUMINA,PAIRED,ftp://ftp.sra.ebi.ac.uk/vol1/fastq/SRR126/070/SRR12633570/SRR12633570_1.fastq.gz,13734488810,9163b5ef67a450e82f6cee8b45ab0cf7
PRJNA661271,Maize Wisconsin Diversity Panel Resequencing Project,SAMN16053321,SRR12633570,Ames 26745,WXB6,28.0,False,Maize.Group.Ames.Panel.2010,25.7,WGA,ILLUMINA,PAIRED,ftp://ftp.sra.ebi.ac.uk/vol1/fastq/SRR126/070/SRR12633570/SRR12633570_2.fastq.gz,14144345159,e9ff8ff7eb50da4240f46d016a95338b
PRJNA661271,Maize Wisconsin Diversity Panel Resequencing Project,SAMN16053319,SRR12633572,Ames 30576,W819G,25.0,False,Maize.Group.Ames.Panel.Post.2010,20.3,WGA,ILLUMINA,PAIRED,ftp://ftp.sra.ebi.ac.uk/vol1/fastq/SRR126/072/SRR12633572/SRR12633572_1.fastq.gz,11487518542,6d909049c44118a4c392575c7c41b63b
PRJNA661271,Maize Wisconsin Diversity Panel Resequencing Project,SAMN16053319,SRR12633572,Ames 30576,W819G,25.0,False,Maize.Group.Ames.Panel.Post.2010,20.3,WGA,ILLUMINA,PAIRED,ftp://ftp.sra.ebi.ac.uk/vol1/fastq/SRR126/072/SRR12633572/SRR12633572_2.fastq.gz,12561375785,ca81decb5b4749dbaf8e4a16d76b940a
PRJNA661271,Maize Wisconsin Diversity Panel Resequencing Project,SAMN16052910,SRR12633577,Ames 27021,CH753-4,27.0,False,Maize.Group.Ames.Panel.2010,20.4,WGA,ILLUMINA,PAIRED,ftp://ftp.sra.ebi.ac.uk/vol1/fastq/SRR126/077/SRR12633577/SRR12633577_1.fastq.gz,11643520372,5f4ac39b51e89bd14fe266add2e6caab
PRJNA661271,Maize Wisconsin Diversity Panel Resequencing Project,SAMN16052910,SRR12633577,Ames 27021,CH753-4,27.0,False,Maize.Group.Ames.Panel.2010,20.4,WGA,ILLUMINA,PAIRED,ftp://ftp.sra.ebi.ac.uk/vol1/fastq/SRR126/077/SRR12633577/SRR12633577_2.fastq.gz,12637734002,635de67772191b93507fe37118fb29b7
PRJNA661271,Maize Wisconsin Diversity Panel Resequencing Project,SAMN16053315,SRR12633578,Ames 30560,W803G,25.0,False,Maize.Group.Ames.Panel.Post.2010,22.0,WGA,ILLUMINA,PAIRED,ftp://ftp.sra.ebi.ac.uk/vol1/fastq/SRR126/078/SRR12633578/SRR12633578_1.fastq.gz,12458720228,470af225d3789912cf35b5d7468edc0b
PRJNA661271,Maize Wisconsin Diversity Panel Resequencing Project,SAMN16053315,SRR12633578,Ames 30560,W803G,25.0,False,Maize.Group.Ames.Panel.Post.2010,22.0,WGA,ILLUMINA,PAIRED,ftp://ftp.sra.ebi.ac.uk/vol1/fastq/SRR126/078/SRR12633578/SRR12633578_2.fastq.gz,13867766500,73d3de0967dd1124e3ee0defd4d60d05
PRJNA661271,Maize Wisconsin Diversity Panel Resequencing Project,SAMN16053312,SRR12633581,PI 693324,VaW6,34.0,False,Maize.Set.Inbred.Diversity.282.Plus.NAM.Parents,22.6,WGA,ILLUMINA,PAIRED,ftp://ftp.sra.ebi.ac.uk/vol1/fastq/SRR126/081/SRR12633581/SRR12633581_1.fastq.gz,13185635930,07ac947dce259ba80f81c4bfb55e70de
PRJNA661271,Maize Wisconsin Diversity Panel Resequencing Project,SAMN16053312,SRR12633581,PI 693324,VaW6,34.0,False,Maize.Set.Inbred.Diversity.282.Plus.NAM.Parents,22.6,WGA,ILLUMINA,PAIRED,ftp://ftp.sra.ebi.ac.uk/vol1/fastq/SRR126/081/SRR12633581/SRR12633581_2.fastq.gz,14442194619,69872ccbedda80e0d43bce52ec6b3d59
PRJNA661271,Maize Wisconsin Diversity Panel Resequencing Project,SAMN16053301,SRR12633591,PI 601786,PHR62,31.0,False,Maize.Group.PVP,21.7,WGA,ILLUMINA,PAIRED,ftp://ftp.sra.ebi.ac.uk/vol1/fastq/SRR126/091/SRR12633591/SRR12633591_1.fastq.gz,11328936471,7f4b719cfbebd895875fa418a4ce027f
PRJNA661271,Maize Wisconsin Diversity Panel Resequencing Project,SAMN16053301,SRR12633591,PI 601786,PHR62,31.0,False,Maize.Group.PVP,21.7,WGA,ILLUMINA,PAIRED,ftp://ftp.sra.ebi.ac.uk/vol1/fastq/SRR126/091/SRR12633591/SRR12633591_2.fastq.gz,11501450658,3f22eff265279d4ce4b7a215f9db8d34
PRJNA661271,Maize Wisconsin Diversity Panel Resequencing Project,SAMN16053297,SRR12633595,PI 601468,PHK29,31.0,False,Maize.Group.PVP,20.8,WGA,ILLUMINA,PAIRED,ftp://ftp.sra.ebi.ac.uk/vol1/fastq/SRR126/095/SRR12633595/SRR12633595_1.fastq.gz,10983523091,1e18c32ca87d941b3d8a98e7e778d1df
PRJNA661271,Maize Wisconsin Diversity Panel Resequencing Project,SAMN16053297,SRR12633595,PI 601468,PHK29,31.0,False,Maize.Group.PVP,20.8,WGA,ILLUMINA,PAIRED,ftp://ftp.sra.ebi.ac.uk/vol1/fastq/SRR126/095/SRR12633595/SRR12633595_2.fastq.gz,11008285957,76592518186a05ff582a961952b6a923
PRJNA661271,Maize Wisconsin Diversity Panel Resequencing Project,SAMN16053296,SRR12633596,PI 601774,PHJ33,31.0,False,Maize.Group.PVP,19.4,WGA,ILLUMINA,PAIRED,ftp://ftp.sra.ebi.ac.uk/vol1/fastq/SRR126/096/SRR12633596/SRR12633596_1.fastq.gz,10171123425,1cedf7ed0fcf900e416f881a8393998e
PRJNA661271,Maize Wisconsin Diversity Panel Resequencing Project,SAMN16053296,SRR12633596,PI 601774,PHJ33,31.0,False,Maize.Group.PVP,19.4,WGA,ILLUMINA,PAIRED,ftp://ftp.sra.ebi.ac.uk/vol1/fastq/SRR126/096/SRR12633596/SRR12633596_2.fastq.gz,10387887170,e91b4609bcae8ecfa4ab5fec1b9b8e17
PRJNA661271,Maize Wisconsin Diversity Panel Resequencing Project,SAMN16053295,SRR12633597,PI 517974,Pa880,34.0,False,Maize.Set.Inbred.Diversity.282.Plus.NAM.Parents,24.3,WGA,ILLUMINA,PAIRED,ftp://ftp.sra.ebi.ac.uk/vol1/fastq/SRR126/097/SRR12633597/SRR12633597_1.fastq.gz,13177731715,c702408cb2b7bc001a754361e78be72a
PRJNA661271,Maize Wisconsin Diversity Panel Resequencing Project,SAMN16053295,SRR12633597,PI 517974,Pa880,34.0,False,Maize.Set.Inbred.Diversity.282.Plus.NAM.Parents,24.3,WGA,ILLUMINA,PAIRED,ftp://ftp.sra.ebi.ac.uk/vol1/fastq/SRR126/097/SRR12633597/SRR12633597_2.fastq.gz,13342554441,7b96727032d50282ef4e8864786146fc
PRJNA661271,Maize Wisconsin Diversity Panel Resequencing Project,SAMN16053294,SRR12633598,Ames 27184,Pa762,22.0,False,Maize.Set.Inbred.Diversity.282.Plus.NAM.Parents,22.0,WGA,ILLUMINA,PAIRED,ftp://ftp.sra.ebi.ac.uk/vol1/fastq/SRR126/098/SRR12633598/SRR12633598_1.fastq.gz,11552447660,79fee7b343a814907fd6edaaa62e217c
PRJNA661271,Maize Wisconsin Diversity Panel Resequencing Project,SAMN16053294,SRR12633598,Ames 27184,Pa762,22.0,False,Maize.Set.Inbred.Diversity.282.Plus.NAM.Parents,22.0,WGA,ILLUMINA,PAIRED,ftp://ftp.sra.ebi.ac.uk/vol1/fastq/SRR126/098/SRR12633598/SRR12633598_2.fastq.gz,11784394465,c24b58235e44a53c938c7348a0ec9ac3
PRJNA661271,Maize Wisconsin Diversity Panel Resequencing Project,SAMN16052880,SRR12633611,PI 564749,AQA3,29.0,False,Maize.Group.PVP,21.7,WGA,ILLUMINA,PAIRED,ftp://ftp.sra.ebi.ac.uk/vol1/fastq/SRR126/011/SRR12633611/SRR12633611_1.fastq.gz,12274985324,912ad2009de7e4e89f69f5f73cc1adb6
PRJNA661271,Maize Wisconsin Diversity Panel Resequencing Project,SAMN16052880,SRR12633611,PI 564749,AQA3,29.0,False,Maize.Group.PVP,21.7,WGA,ILLUMINA,PAIRED,ftp://ftp.sra.ebi.ac.uk/vol1/fastq/SRR126/011/SRR12633611/SRR12633611_2.fastq.gz,13131451658,94e652402bb88a20b2b791af7e5b53bf
PRJNA661271,Maize Wisconsin Diversity Panel Resequencing Project,SAMN16053016,SRR12633620,PI 594046,B103,24.0,False,Maize.Set.Inbred.Diversity.282.Plus.NAM.Parents,27.5,WGA,ILLUMINA,PAIRED,ftp://ftp.sra.ebi.ac.uk/vol1/fastq/SRR126/020/SRR12633620/SRR12633620_1.fastq.gz,15086526476,f2056ea03154934ed15ef2d8eea1a41e
PRJNA661271,Maize Wisconsin Diversity Panel Resequencing Project,SAMN16053016,SRR12633620,PI 594046,B103,24.0,False,Maize.Set.Inbred.Diversity.282.Plus.NAM.Parents,27.5,WGA,ILLUMINA,PAIRED,ftp://ftp.sra.ebi.ac.uk/vol1/fastq/SRR126/020/SRR12633620/SRR12633620_2.fastq.gz,15338996688,601d7797f89e63b4e38dc314e996c769
PRJNA661271,Maize Wisconsin Diversity Panel Resequencing Project,SAMN16052879,SRR12633621,Ames 23498,A674,28.0,False,Maize.Group.Ames.Panel.2010,23.8,WGA,ILLUMINA,PAIRED,ftp://ftp.sra.ebi.ac.uk/vol1/fastq/SRR126/021/SRR12633621/SRR12633621_1.fastq.gz,12643348387,3d35ce9c95c7aa47c4c780ae5f73e4fb
PRJNA661271,Maize Wisconsin Diversity Panel Resequencing Project,SAMN16052879,SRR12633621,Ames 23498,A674,28.0,False,Maize.Group.Ames.Panel.2010,23.8,WGA,ILLUMINA,PAIRED,ftp://ftp.sra.ebi.ac.uk/vol1/fastq/SRR126/021/SRR12633621/SRR12633621_2.fastq.gz,12971866224,b110ea24d175df1d0ea4bbe3e6fab229
PRJNA661271,Maize Wisconsin Diversity Panel Resequencing Project,SAMN16053014,SRR12633624,NSL 42875,A71,18.0,False,Maize.Group.Ames.Panel.2010,20.9,WGA,ILLUMINA,PAIRED,ftp://ftp.sra.ebi.ac.uk/vol1/fastq/SRR126/024/SRR12633624/SRR12633624_1.fastq.gz,11404933595,36d9e2fbb6f939f2c0a46863b43c05a4
PRJNA661271,Maize Wisconsin Diversity Panel Resequencing Project,SAMN16053014,SRR12633624,NSL 42875,A71,18.0,False,Maize.Group.Ames.Panel.2010,20.9,WGA,ILLUMINA,PAIRED,ftp://ftp.sra.ebi.ac.uk/vol1/fastq/SRR126/024/SRR12633624/SRR12633624_2.fastq.gz,11605077373,0e3e91fde0f05f4159010996ef8dda0b
PRJNA661271,Maize Wisconsin Diversity Panel Resequencing Project,SAMN16053283,SRR12633631,PI 558520,Mo1W,33.0,False,Maize.Set.Inbred.Diversity.282.Plus.NAM.Parents,21.1,WGA,ILLUMINA,PAIRED,ftp://ftp.sra.ebi.ac.uk/vol1/fastq/SRR126/031/SRR12633631/SRR12633631_1.fastq.gz,11919160708,e6d6dff9b121a1a996db5d7241722b09
PRJNA661271,Maize Wisconsin Diversity Panel Resequencing Project,SAMN16053283,SRR12633631,PI 558520,Mo1W,33.0,False,Maize.Set.Inbred.Diversity.282.Plus.NAM.Parents,21.1,WGA,ILLUMINA,PAIRED,ftp://ftp.sra.ebi.ac.uk/vol1/fastq/SRR126/031/SRR12633631/SRR12633631_2.fastq.gz,12528853427,4a8fbd678db48f59a1ac486176a191c6
PRJNA661271,Maize Wisconsin Diversity Panel Resequencing Project,SAMN16053282,SRR12633633,PI 601440,MBPM,30.0,False,Maize.Group.PVP,21.7,WGA,ILLUMINA,PAIRED,ftp://ftp.sra.ebi.ac.uk/vol1/fastq/SRR126/033/SRR12633633/SRR12633633_1.fastq.gz,12274654118,c21c4fadea76a211ed2a97927cbd8c2d
PRJNA661271,Maize Wisconsin Diversity Panel Resequencing Project,SAMN16053282,SRR12633633,PI 601440,MBPM,30.0,False,Maize.Group.PVP,21.7,WGA,ILLUMINA,PAIRED,ftp://ftp.sra.ebi.ac.uk/vol1/fastq/SRR126/033/SRR12633633/SRR12633633_2.fastq.gz,12910679772,9917f41fbfa43d68881b2f781e1ab472
PRJNA661271,Maize Wisconsin Diversity Panel Resequencing Project,SAMN16053276,SRR12633639,PI 154379,K 41,28.0,False,,21.2,WGA,ILLUMINA,PAIRED,ftp://ftp.sra.ebi.ac.uk/vol1/fastq/SRR126/039/SRR12633639/SRR12633639_1.fastq.gz,12233072155,5a244178a8c6a91a8ae10eec9ca71fc1
PRJNA661271,Maize Wisconsin Diversity Panel Resequencing Project,SAMN16053276,SRR12633639,PI 154379,K 41,28.0,False,,21.2,WGA,ILLUMINA,PAIRED,ftp://ftp.sra.ebi.ac.uk/vol1/fastq/SRR126/039/SRR12633639/SRR12633639_2.fastq.gz,13028268557,e23cc946e9268a0ac21cf1945203be77
PRJNA661271,Maize Wisconsin Diversity Panel Resequencing Project,SAMN16053273,SRR12633642,PI 686063,IDS91,39.0,False,Maize.Set.Inbred.Diversity.282.Plus.NAM.Parents,21.2,WGA,ILLUMINA,PAIRED,ftp://ftp.sra.ebi.ac.uk/vol1/fastq/SRR126/042/SRR12633642/SRR12633642_1.fastq.gz,12804073589,706878e2b81d10176e93c773118b6173
PRJNA661271,Maize Wisconsin Diversity Panel Resequencing Project,SAMN16053273,SRR12633642,PI 686063,IDS91,39.0,False,Maize.Set.Inbred.Diversity.282.Plus.NAM.Parents,21.2,WGA,ILLUMINA,PAIRED,ftp://ftp.sra.ebi.ac.uk/vol1/fastq/SRR126/042/SRR12633642/SRR12633642_2.fastq.gz,13059917035,1ee0a9f2d7a04d9c07275d70178f6b93
PRJNA661271,Maize Wisconsin Diversity Panel Resequencing Project,SAMN16052905,SRR12633654,Ames 23424,A340,18.0,False,Maize.Group.Ames.Panel.2010,24.1,WGA,ILLUMINA,PAIRED,ftp://ftp.sra.ebi.ac.uk/vol1/fastq/SRR126/054/SRR12633654/SRR12633654_1.fastq.gz,13400117184,57c4cf7a10900031eb163b993bf549d5
PRJNA661271,Maize Wisconsin Diversity Panel Resequencing Project,SAMN16052905,SRR12633654,Ames 23424,A340,18.0,False,Maize.Group.Ames.Panel.2010,24.1,WGA,ILLUMINA,PAIRED,ftp://ftp.sra.ebi.ac.uk/vol1/fastq/SRR126/054/SRR12633654/SRR12633654_2.fastq.gz,13971035536,3c93855c3052f4f3f2b01caf41019c4e
PRJNA661271,Maize Wisconsin Diversity Panel Resequencing Project,SAMN16053257,SRR12633658,PI 550469,B46,29.0,False,Maize.Set.Inbred.Diversity.282.Plus.NAM.Parents,22.9,WGA,ILLUMINA,PAIRED,ftp://ftp.sra.ebi.ac.uk/vol1/fastq/SRR126/058/SRR12633658/SRR12633658_1.fastq.gz,12693830207,70efa88327e8cfe55c52738860404aee
PRJNA661271,Maize Wisconsin Diversity Panel Resequencing Project,SAMN16053257,SRR12633658,PI 550469,B46,29.0,False,Maize.Set.Inbred.Diversity.282.Plus.NAM.Parents,22.9,WGA,ILLUMINA,PAIRED,ftp://ftp.sra.ebi.ac.uk/vol1/fastq/SRR126/058/SRR12633658/SRR12633658_2.fastq.gz,13013926307,c0e7dc68b2235a7ed0eeec9672508f1b
PRJNA661271,Maize Wisconsin Diversity Panel Resequencing Project,SAMN16053259,SRR12633660,PI 550463,B65,19.0,False,Maize.Group.Ames.Panel.2010,21.1,WGA,ILLUMINA,PAIRED,ftp://ftp.sra.ebi.ac.uk/vol1/fastq/SRR126/060/SRR12633660/SRR12633660_1.fastq.gz,11472698856,9d42070e7128fc59d9396710fb985796
PRJNA661271,Maize Wisconsin Diversity Panel Resequencing Project,SAMN16053259,SRR12633660,PI 550463,B65,19.0,False,Maize.Group.Ames.Panel.2010,21.1,WGA,ILLUMINA,PAIRED,ftp://ftp.sra.ebi.ac.uk/vol1/fastq/SRR126/060/SRR12633660/SRR12633660_2.fastq.gz,11633798236,5cc8e3402c08638f952d50c0f7521e6e
PRJNA661271,Maize Wisconsin Diversity Panel Resequencing Project,SAMN16053254,SRR12633662,PI 597926,B108,30.0,False,Maize.Group.Ames.Panel.2010,23.0,WGA,ILLUMINA,PAIRED,ftp://ftp.sra.ebi.ac.uk/vol1/fastq/SRR126/062/SRR12633662/SRR12633662_1.fastq.gz,12719403925,709e1e3db43a5d07cea4452ca13b5a12
PRJNA661271,Maize Wisconsin Diversity Panel Resequencing Project,SAMN16053254,SRR12633662,PI 597926,B108,30.0,False,Maize.Group.Ames.Panel.2010,23.0,WGA,ILLUMINA,PAIRED,ftp://ftp.sra.ebi.ac.uk/vol1/fastq/SRR126/062/SRR12633662/SRR12633662_2.fastq.gz,13112403128,6441987815f2c001e9f0cae444182d2c
PRJNA661271,Maize Wisconsin Diversity Panel Resequencing Project,SAMN16053253,SRR12633663,PI 702849,AusTRCF 306238,28.0,False,Maize.Group.Ames.Panel.2010,24.6,WGA,ILLUMINA,PAIRED,ftp://ftp.sra.ebi.ac.uk/vol1/fastq/SRR126/063/SRR12633663/SRR12633663_1.fastq.gz,13625126282,556b4488c7e07a969ca643f0f6293bad
PRJNA661271,Maize Wisconsin Diversity Panel Resequencing Project,SAMN16053253,SRR12633663,PI 702849,AusTRCF 306238,28.0,False,Maize.Group.Ames.Panel.2010,24.6,WGA,ILLUMINA,PAIRED,ftp://ftp.sra.ebi.ac.uk/vol1/fastq/SRR126/063/SRR12633663/SRR12633663_2.fastq.gz,13898976343,574f3b0f19c0733950abbefe076254f7
PRJNA661271,Maize Wisconsin Diversity Panel Resequencing Project,SAMN16053240,SRR12633676,NSL 30064,W24,28.0,False,Maize.Group.Ames.Panel.2010,21.4,WGA,ILLUMINA,PAIRED,ftp://ftp.sra.ebi.ac.uk/vol1/fastq/SRR126/076/SRR12633676/SRR12633676_1.fastq.gz,11446314798,67128f1fccb2c0d9e5a14c6e04500c6d
PRJNA661271,Maize Wisconsin Diversity Panel Resequencing Project,SAMN16053240,SRR12633676,NSL 30064,W24,28.0,False,Maize.Group.Ames.Panel.2010,21.4,WGA,ILLUMINA,PAIRED,ftp://ftp.sra.ebi.ac.uk/vol1/fastq/SRR126/076/SRR12633676/SRR12633676_2.fastq.gz,11810097590,a33598aa09e3cf3c55a03afd329605d5
PRJNA661271,Maize Wisconsin Diversity Panel Resequencing Project,SAMN16053225,SRR12633689,PI 559947,PHR31,30.0,False,Maize.Group.PVP,21.1,WGA,ILLUMINA,PAIRED,ftp://ftp.sra.ebi.ac.uk/vol1/fastq/SRR126/089/SRR12633689/SRR12633689_1.fastq.gz,12163083931,ccf5562acdc8ddf4cd963f098aba49af
PRJNA661271,Maize Wisconsin Diversity Panel Resequencing Project,SAMN16053225,SRR12633689,PI 559947,PHR31,30.0,False,Maize.Group.PVP,21.1,WGA,ILLUMINA,PAIRED,ftp://ftp.sra.ebi.ac.uk/vol1/fastq/SRR126/089/SRR12633689/SRR12633689_2.fastq.gz,13256197473,70f7c0212eaee254d587ff2066ae861f
PRJNA661271,Maize Wisconsin Diversity Panel Resequencing Project,SAMN16053215,SRR12633698,PI 200184,NY 166 (Neveh Yaar),28.0,False,Maize.Group.Ames.Panel.2010,21.8,WGA,ILLUMINA,PAIRED,ftp://ftp.sra.ebi.ac.uk/vol1/fastq/SRR126/098/SRR12633698/SRR12633698_1.fastq.gz,12226460431,429fb7fc3f5450876ae0d68877e54d46
PRJNA661271,Maize Wisconsin Diversity Panel Resequencing Project,SAMN16053215,SRR12633698,PI 200184,NY 166 (Neveh Yaar),28.0,False,Maize.Group.Ames.Panel.2010,21.8,WGA,ILLUMINA,PAIRED,ftp://ftp.sra.ebi.ac.uk/vol1/fastq/SRR126/098/SRR12633698/SRR12633698_2.fastq.gz,12975679642,0ea5ebecdb4d4e339e7fbf1b11a41a80
PRJNA661271,Maize Wisconsin Diversity Panel Resequencing Project,SAMN16053006,SRR12633702,PI 693355,CH9,28.0,False,Maize.Set.Inbred.Diversity.282.Plus.NAM.Parents,24.4,WGA,ILLUMINA,PAIRED,ftp://ftp.sra.ebi.ac.uk/vol1/fastq/SRR126/002/SRR12633702/SRR12633702_1.fastq.gz,13059496588,967d91c702445a4a491f89f2b9b707c1
PRJNA661271,Maize Wisconsin Diversity Panel Resequencing Project,SAMN16053006,SRR12633702,PI 693355,CH9,28.0,False,Maize.Set.Inbred.Diversity.282.Plus.NAM.Parents,24.4,WGA,ILLUMINA,PAIRED,ftp://ftp.sra.ebi.ac.uk/vol1/fastq/SRR126/002/SRR12633702/SRR12633702_2.fastq.gz,13262844246,0fb4818466b6366d46994b09435bf9d5
PRJNA661271,Maize Wisconsin Diversity Panel Resequencing Project,SAMN16052878,SRR12633703,Ames 23417,A305,18.0,False,Maize.Group.Ames.Panel.2010,21.5,WGA,ILLUMINA,PAIRED,ftp://ftp.sra.ebi.ac.uk/vol1/fastq/SRR126/003/SRR12633703/SRR12633703_1.fastq.gz,11492640949,1310d7522fc4d21113329e1dcc27cd60
PRJNA661271,Maize Wisconsin Diversity Panel Resequencing Project,SAMN16052878,SRR12633703,Ames 23417,A305,18.0,False,Maize.Group.Ames.Panel.2010,21.5,WGA,ILLUMINA,PAIRED,ftp://ftp.sra.ebi.ac.uk/vol1/fastq/SRR126/003/SRR12633703/SRR12633703_2.fastq.gz,11947879925,91bbe4b4ebf43892ef1b98de245feea0
PRJNA661271,Maize Wisconsin Diversity Panel Resequencing Project,SAMN16053235,SRR12633720,NSL 30876,R78,20.0,False,Maize.Group.Ames.Panel.2010,20.0,WGA,ILLUMINA,PAIRED,ftp://ftp.sra.ebi.ac.uk/vol1/fastq/SRR126/020/SRR12633720/SRR12633720_1.fastq.gz,10788754370,ec7cbcdf95dc4c940c75b333de918208
PRJNA661271,Maize Wisconsin Diversity Panel Resequencing Project,SAMN16053235,SRR12633720,NSL 30876,R78,20.0,False,Maize.Group.Ames.Panel.2010,20.0,WGA,ILLUMINA,PAIRED,ftp://ftp.sra.ebi.ac.uk/vol1/fastq/SRR126/020/SRR12633720/SRR12633720_2.fastq.gz,11036290409,585b9987886c86231260530d4090bc6f
PRJNA661271,Maize Wisconsin Diversity Panel Resequencing Project,SAMN16053211,SRR12633723,PI 594088,N542,29.0,False,Maize.Group.Ames.Panel.2010,23.2,WGA,ILLUMINA,PAIRED,ftp://ftp.sra.ebi.ac.uk/vol1/fastq/SRR126/023/SRR12633723/SRR12633723_1.fastq.gz,13250980273,880ce3fcb4e9a4653a17cb1f223e6a8b
PRJNA661271,Maize Wisconsin Diversity Panel Resequencing Project,SAMN16053211,SRR12633723,PI 594088,N542,29.0,False,Maize.Group.Ames.Panel.2010,23.2,WGA,ILLUMINA,PAIRED,ftp://ftp.sra.ebi.ac.uk/vol1/fastq/SRR126/023/SRR12633723/SRR12633723_2.fastq.gz,13815772982,3cb6990ce577c4c57451287d760e69a6
PRJNA661271,Maize Wisconsin Diversity Panel Resequencing Project,SAMN16053203,SRR12633732,Ames 24710,MS67,18.0,False,Maize.Group.Ames.Panel.2010,23.8,WGA,ILLUMINA,PAIRED,ftp://ftp.sra.ebi.ac.uk/vol1/fastq/SRR126/032/SRR12633732/SRR12633732_1.fastq.gz,12640622089,063cf784fd2b60c358c53a13c2e42fb2
PRJNA661271,Maize Wisconsin Diversity Panel Resequencing Project,SAMN16053203,SRR12633732,Ames 24710,MS67,18.0,False,Maize.Group.Ames.Panel.2010,23.8,WGA,ILLUMINA,PAIRED,ftp://ftp.sra.ebi.ac.uk/vol1/fastq/SRR126/032/SRR12633732/SRR12633732_2.fastq.gz,12747253439,f88fbb69e5eab5e4cf9194b1cf311261
PRJNA661271,Maize Wisconsin Diversity Panel Resequencing Project,SAMN16053201,SRR12633733,PI 583351,Mo46,33.0,False,Maize.Set.Inbred.Diversity.282.Plus.NAM.Parents,25.1,WGA,ILLUMINA,PAIRED,ftp://ftp.sra.ebi.ac.uk/vol1/fastq/SRR126/033/SRR12633733/SRR12633733_1.fastq.gz,14035508108,2edb6af62ecbf8fe546dc614d316c54b
PRJNA661271,Maize Wisconsin Diversity Panel Resequencing Project,SAMN16053201,SRR12633733,PI 583351,Mo46,33.0,False,Maize.Set.Inbred.Diversity.282.Plus.NAM.Parents,25.1,WGA,ILLUMINA,PAIRED,ftp://ftp.sra.ebi.ac.uk/vol1/fastq/SRR126/033/SRR12633733/SRR12633733_2.fastq.gz,14305985917,2f9653dee80d87da04414d569df3bace
PRJNA661271,Maize Wisconsin Diversity Panel Resequencing Project,SAMN16053202,SRR12633736,Ames 24746,MS221,19.0,False,Maize.Group.Ames.Panel.2010,26.8,WGA,ILLUMINA,PAIRED,ftp://ftp.sra.ebi.ac.uk/vol1/fastq/SRR126/036/SRR12633736/SRR12633736_1.fastq.gz,14473243576,6224d5e21dde71428823fff9334ac6ff
PRJNA661271,Maize Wisconsin Diversity Panel Resequencing Project,SAMN16053202,SRR12633736,Ames 24746,MS221,19.0,False,Maize.Group.Ames.Panel.2010,26.8,WGA,ILLUMINA,PAIRED,ftp://ftp.sra.ebi.ac.uk/vol1/fastq/SRR126/036/SRR12633736/SRR12633736_2.fastq.gz,15217595515,ad979aa5246ac2627304b6648b88f035
PRJNA661271,Maize Wisconsin Diversity Panel Resequencing Project,SAMN16053195,SRR12633739,PI 562381,LH224,29.0,False,Maize.Group.PVP,22.0,WGA,ILLUMINA,PAIRED,ftp://ftp.sra.ebi.ac.uk/vol1/fastq/SRR126/039/SRR12633739/SRR12633739_1.fastq.gz,11868332764,97dbacabd7a5ca5adee603b152b3aa7f
PRJNA661271,Maize Wisconsin Diversity Panel Resequencing Project,SAMN16053195,SRR12633739,PI 562381,LH224,29.0,False,Maize.Group.PVP,22.0,WGA,ILLUMINA,PAIRED,ftp://ftp.sra.ebi.ac.uk/vol1/fastq/SRR126/039/SRR12633739/SRR12633739_2.fastq.gz,12374254500,cb9ae708f8b030e483a24f151a9d13ec
PRJNA661271,Maize Wisconsin Diversity Panel Resequencing Project,SAMN16052899,SRR12633740,PI 693322,W117HT,30.0,False,Maize.Set.Inbred.Diversity.282.Plus.NAM.Parents,21.4,WGA,ILLUMINA,PAIRED,ftp://ftp.sra.ebi.ac.uk/vol1/fastq/SRR126/040/SRR12633740/SRR12633740_1.fastq.gz,12008632753,3d8bdf72a9fd2483a2201bd1a663a339
PRJNA661271,Maize Wisconsin Diversity Panel Resequencing Project,SAMN16052899,SRR12633740,PI 693322,W117HT,30.0,False,Maize.Set.Inbred.Diversity.282.Plus.NAM.Parents,21.4,WGA,ILLUMINA,PAIRED,ftp://ftp.sra.ebi.ac.uk/vol1/fastq/SRR126/040/SRR12633740/SRR12633740_2.fastq.gz,12695141562,8f064a2973d5a75a8646184d28b41ced
PRJNA661271,Maize Wisconsin Diversity Panel Resequencing Project,SAMN16052868,SRR12633741,Ames 19311,A641,28.0,False,Maize.Group.Ames.Panel.2010,25.8,WGA,ILLUMINA,PAIRED,ftp://ftp.sra.ebi.ac.uk/vol1/fastq/SRR126/041/SRR12633741/SRR12633741_1.fastq.gz,14647089867,f9cec502e03e1c5c6a3ea7d71ff4aa4f
PRJNA661271,Maize Wisconsin Diversity Panel Resequencing Project,SAMN16052868,SRR12633741,Ames 19311,A641,28.0,False,Maize.Group.Ames.Panel.2010,25.8,WGA,ILLUMINA,PAIRED,ftp://ftp.sra.ebi.ac.uk/vol1/fastq/SRR126/041/SRR12633741/SRR12633741_2.fastq.gz,15437419666,67796632247bce22e3ff344c3e4b5954
PRJNA661271,Maize Wisconsin Diversity Panel Resequencing Project,SAMN16053344,SRR12633753,PI 706566,K47,28.0,False,Maize.Group.Ames.Panel.2010,20.6,WGA,ILLUMINA,PAIRED,ftp://ftp.sra.ebi.ac.uk/vol1/fastq/SRR126/053/SRR12633753/SRR12633753_1.fastq.gz,10843957214,b79ae78f7feb9f07c2c080659105b3b9
PRJNA661271,Maize Wisconsin Diversity Panel Resequencing Project,SAMN16053344,SRR12633753,PI 706566,K47,28.0,False,Maize.Group.Ames.Panel.2010,20.6,WGA,ILLUMINA,PAIRED,ftp://ftp.sra.ebi.ac.uk/vol1/fastq/SRR126/053/SRR12633753/SRR12633753_2.fastq.gz,11059359979,15c5f6e1896583df352a7287708ab0ca
PRJNA661271,Maize Wisconsin Diversity Panel Resequencing Project,SAMN16052926,SRR12633755,PI 520770,W552,19.0,False,Maize.Group.Ames.Panel.2010,66.6,WGA,ILLUMINA,PAIRED,ftp://ftp.sra.ebi.ac.uk/vol1/fastq/SRR126/055/SRR12633755/SRR12633755_1.fastq.gz,35427385075,32d09ea80bfbae186e6a5bcf5a6d42a1
PRJNA661271,Maize Wisconsin Diversity Panel Resequencing Project,SAMN16052926,SRR12633755,PI 520770,W552,19.0,False,Maize.Group.Ames.Panel.2010,66.6,WGA,ILLUMINA,PAIRED,ftp://ftp.sra.ebi.ac.uk/vol1/fastq/SRR126/055/SRR12633755/SRR12633755_2.fastq.gz,36429559354,84e736e92ae974485405294e50132fac
PRJNA661271,Maize Wisconsin Diversity Panel Resequencing Project,SAMN16052921,SRR12633760,PI 550503,ND247,29.0,False,Maize.Group.Ames.Panel.2010,24.6,WGA,ILLUMINA,PAIRED,ftp://ftp.sra.ebi.ac.uk/vol1/fastq/SRR126/060/SRR12633760/SRR12633760_1.fastq.gz,13382882001,dc46b7d94ffc7b61f994f7e2703c9812
PRJNA661271,Maize Wisconsin Diversity Panel Resequencing Project,SAMN16052921,SRR12633760,PI 550503,ND247,29.0,False,Maize.Group.Ames.Panel.2010,24.6,WGA,ILLUMINA,PAIRED,ftp://ftp.sra.ebi.ac.uk/vol1/fastq/SRR126/060/SRR12633760/SRR12633760_2.fastq.gz,13479816006,44824d88ae4565e2a4532ba14401c1ee
PRJNA661271,Maize Wisconsin Diversity Panel Resequencing Project,SAMN16052917,SRR12633765,PI 562379,LH172,29.0,False,Maize.Group.PVP,19.8,WGA,ILLUMINA,PAIRED,ftp://ftp.sra.ebi.ac.uk/vol1/fastq/SRR126/065/SRR12633765/SRR12633765_1.fastq.gz,10536595591,d25f4e278b27591916308635bd00ef28
PRJNA661271,Maize Wisconsin Diversity Panel Resequencing Project,SAMN16052917,SRR12633765,PI 562379,LH172,29.0,False,Maize.Group.PVP,19.8,WGA,ILLUMINA,PAIRED,ftp://ftp.sra.ebi.ac.uk/vol1/fastq/SRR126/065/SRR12633765/SRR12633765_2.fastq.gz,10719833776,49f6e89840910e72e24da10fef72e248
PRJNA661271,Maize Wisconsin Diversity Panel Resequencing Project,SAMN16053359,SRR12633774,PI 543843,PHN34,29.0,False,Maize.Group.PVP,20.7,WGA,ILLUMINA,PAIRED,ftp://ftp.sra.ebi.ac.uk/vol1/fastq/SRR126/074/SRR12633774/SRR12633774_1.fastq.gz,10982366241,f1cf53782c424d0a6354d7caa7b143d5
PRJNA661271,Maize Wisconsin Diversity Panel Resequencing Project,SAMN16053359,SRR12633774,PI 543843,PHN34,29.0,False,Maize.Group.PVP,20.7,WGA,ILLUMINA,PAIRED,ftp://ftp.sra.ebi.ac.uk/vol1/fastq/SRR126/074/SRR12633774/SRR12633774_2.fastq.gz,11387846775,0da17a6a8821fab8bcb175961fceeb8a
PRJNA661271,Maize Wisconsin Diversity Panel Resequencing Project,SAMN16053352,SRR12633780,PI 550555,NC250,32.0,False,Maize.Set.Inbred.Diversity.282.Plus.NAM.Parents,19.2,WGA,ILLUMINA,PAIRED,ftp://ftp.sra.ebi.ac.uk/vol1/fastq/SRR126/080/SRR12633780/SRR12633780_1.fastq.gz,10235334401,5d2c0d23ae1c064fde228e1e3fba99a3
PRJNA661271,Maize Wisconsin Diversity Panel Resequencing Project,SAMN16053352,SRR12633780,PI 550555,NC250,32.0,False,Maize.Set.Inbred.Diversity.282.Plus.NAM.Parents,19.2,WGA,ILLUMINA,PAIRED,ftp://ftp.sra.ebi.ac.uk/vol1/fastq/SRR126/080/SRR12633780/SRR12633780_2.fastq.gz,10600175925,99453027d7b25341b4101d7431800fec
PRJNA272385,Zea mays subsp. mays Genome sequencing,SAMN03281113,SRR1754233,PI 587154,W153R,37.0,False,Maize.Set.Inbred.Diversity.282.Plus.NAM.Parents,20.4,WGA,ILLUMINA,PAIRED,ftp://ftp.sra.ebi.ac.uk/vol1/fastq/SRR175/003/SRR1754233/SRR1754233_1.fastq.gz,1143278540,64fd2b7a664cde473124c87884d255bb
PRJNA272385,Zea mays subsp. mays Genome sequencing,SAMN03281113,SRR1754233,PI 587154,W153R,37.0,False,Maize.Set.Inbred.Diversity.282.Plus.NAM.Parents,20.4,WGA,ILLUMINA,PAIRED,ftp://ftp.sra.ebi.ac.uk/vol1/fastq/SRR175/003/SRR1754233/SRR1754233_2.fastq.gz,1142876668,8f0d2ae1958108d9b4134db74b9a55e6
PRJNA272385,Zea mays subsp. mays Genome sequencing,SAMN03281113,SRR1781594,PI 587154,W153R,37.0,False,Maize.Set.Inbred.Diversity.282.Plus.NAM.Parents,20.4,WGA,ILLUMINA,PAIRED,ftp://ftp.sra.ebi.ac.uk/vol1/fastq/SRR178/004/SRR1781594/SRR1781594_1.fastq.gz,1659701524,8574b179790bb87c1f7f45d9831ce7c1
PRJNA272385,Zea mays subsp. mays Genome sequencing,SAMN03281113,SRR1781594,PI 587154,W153R,37.0,False,Maize.Set.Inbred.Diversity.282.Plus.NAM.Parents,20.4,WGA,ILLUMINA,PAIRED,ftp://ftp.sra.ebi.ac.uk/vol1/fastq/SRR178/004/SRR1781594/SRR1781594_2.fastq.gz,1657804455,7caa5236d3601301639995afe1db7f6d
PRJNA701650,Zea mays PHB47 Standard Draft genome sequencing,SAMN17901048,SRR13735369,PI 601009,PHB47,35.0,False,Maize.Group.PVP,144.2,OTHER,PACBIO_SMRT,SINGLE,ftp://ftp.sra.ebi.ac.uk/vol1/fastq/SRR137/069/SRR13735369/SRR13735369_subreads.fastq.gz,1614557693,d7819aede78d3a4913e8c6d6c93c525e
PRJNA701650,Zea mays PHB47 Standard Draft genome sequencing,SAMN17901048,SRR13735372,PI 601009,PHB47,35.0,False,Maize.Group.PVP,144.2,OTHER,PACBIO_SMRT,SINGLE,ftp://ftp.sra.ebi.ac.uk/vol1/fastq/SRR137/072/SRR13735372/SRR13735372_subreads.fastq.gz,1620789734,ed84b87f2c457cbb65a249dd737976c9
PRJNA701650,Zea mays PHB47 Standard Draft genome sequencing,SAMN17901048,SRR13735373,PI 601009,PHB47,35.0,False,Maize.Group.PVP,144.2,OTHER,PACBIO_SMRT,SINGLE,ftp://ftp.sra.ebi.ac.uk/vol1/fastq/SRR137/073/SRR13735373/SRR13735373_subreads.fastq.gz,1583131796,265ddc855b6f812674e4de6cfef1764f
PRJNA701650,Zea mays PHB47 Standard Draft genome sequencing,SAMN17901048,SRR13735374,PI 601009,PHB47,35.0,False,Maize.Group.PVP,144.2,OTHER,PACBIO_SMRT,SINGLE,ftp://ftp.sra.ebi.ac.uk/vol1/fastq/SRR137/074/SRR13735374/SRR13735374_subreads.fastq.gz,1527896035,8ed78c2f22f7690af229cf3b49f3c367
PRJNA701650,Zea mays PHB47 Standard Draft genome sequencing,SAMN17901048,SRR13735383,PI 601009,PHB47,35.0,False,Maize.Group.PVP,144.2,OTHER,PACBIO_SMRT,SINGLE,ftp://ftp.sra.ebi.ac.uk/vol1/fastq/SRR137/083/SRR13735383/SRR13735383_subreads.fastq.gz,1570470375,30baafd466c577e18ee9b7dcdacf6565
PRJNA701650,Zea mays PHB47 Standard Draft genome sequencing,SAMN17901048,SRR13735385,PI 601009,PHB47,35.0,False,Maize.Group.PVP,144.2,OTHER,PACBIO_SMRT,SINGLE,ftp://ftp.sra.ebi.ac.uk/vol1/fastq/SRR137/085/SRR13735385/SRR13735385_subreads.fastq.gz,1432918086,a079248721045c40ff14995eea77552b
PRJNA701650,Zea mays PHB47 Standard Draft genome sequencing,SAMN17901048,SRR13735387,PI 601009,PHB47,35.0,False,Maize.Group.PVP,144.2,OTHER,PACBIO_SMRT,SINGLE,ftp://ftp.sra.ebi.ac.uk/vol1/fastq/SRR137/087/SRR13735387/SRR13735387_subreads.fastq.gz,1266368069,377a726b3e0dcb472bfd37962c0fe263
PRJNA701650,Zea mays PHB47 Standard Draft genome sequencing,SAMN17901048,SRR13735390,PI 601009,PHB47,35.0,False,Maize.Group.PVP,144.2,OTHER,PACBIO_SMRT,SINGLE,ftp://ftp.sra.ebi.ac.uk/vol1/fastq/SRR137/090/SRR13735390/SRR13735390_subreads.fastq.gz,2179132191,f5663c00534f30264ee2cea34a852e41
PRJNA701650,Zea mays PHB47 Standard Draft genome sequencing,SAMN17901048,SRR13735392,PI 601009,PHB47,35.0,False,Maize.Group.PVP,144.2,OTHER,PACBIO_SMRT,SINGLE,ftp://ftp.sra.ebi.ac.uk/vol1/fastq/SRR137/092/SRR13735392/SRR13735392_subreads.fastq.gz,628266137,2514b192386475fb47016fda1994f96f
PRJNA701650,Zea mays PHB47 Standard Draft genome sequencing,SAMN17901048,SRR13735395,PI 601009,PHB47,35.0,False,Maize.Group.PVP,144.2,OTHER,PACBIO_SMRT,SINGLE,ftp://ftp.sra.ebi.ac.uk/vol1/fastq/SRR137/095/SRR13735395/SRR13735395_subreads.fastq.gz,674162136,1ef8898316495de26f7d0772f45ca56e
PRJNA701650,Zea mays PHB47 Standard Draft genome sequencing,SAMN17901048,SRR13735397,PI 601009,PHB47,35.0,False,Maize.Group.PVP,144.2,OTHER,PACBIO_SMRT,SINGLE,ftp://ftp.sra.ebi.ac.uk/vol1/fastq/SRR137/097/SRR13735397/SRR13735397_subreads.fastq.gz,494553235,24fe297f7361ada36eeba409294ae9bd
PRJNA701650,Zea mays PHB47 Standard Draft genome sequencing,SAMN17901048,SRR13735404,PI 601009,PHB47,35.0,False,Maize.Group.PVP,144.2,OTHER,PACBIO_SMRT,SINGLE,ftp://ftp.sra.ebi.ac.uk/vol1/fastq/SRR137/004/SRR13735404/SRR13735404_subreads.fastq.gz,2025338943,7795bf627b62b9a13f5da547b32cb130
PRJNA701650,Zea mays PHB47 Standard Draft genome sequencing,SAMN17901048,SRR13735405,PI 601009,PHB47,35.0,False,Maize.Group.PVP,144.2,OTHER,PACBIO_SMRT,SINGLE,ftp://ftp.sra.ebi.ac.uk/vol1/fastq/SRR137/005/SRR13735405/SRR13735405_subreads.fastq.gz,1648927779,898db3f98e550397d6151ef800b131c9
PRJNA701650,Zea mays PHB47 Standard Draft genome sequencing,SAMN17901048,SRR13735408,PI 601009,PHB47,35.0,False,Maize.Group.PVP,144.2,OTHER,PACBIO_SMRT,SINGLE,ftp://ftp.sra.ebi.ac.uk/vol1/fastq/SRR137/008/SRR13735408/SRR13735408_subreads.fastq.gz,2041141274,579fcc344d30c5e21d77240466963741
PRJNA701650,Zea mays PHB47 Standard Draft genome sequencing,SAMN17901048,SRR13735409,PI 601009,PHB47,35.0,False,Maize.Group.PVP,144.2,OTHER,ILLUMINA,PAIRED,ftp://ftp.sra.ebi.ac.uk/vol1/fastq/SRR137/009/SRR13735409/SRR13735409_1.fastq.gz,23138836539,bc7e48a51b43831fee55d748e856447b
PRJNA701650,Zea mays PHB47 Standard Draft genome sequencing,SAMN17901048,SRR13735409,PI 601009,PHB47,35.0,False,Maize.Group.PVP,144.2,OTHER,ILLUMINA,PAIRED,ftp://ftp.sra.ebi.ac.uk/vol1/fastq/SRR137/009/SRR13735409/SRR13735409_2.fastq.gz,22594621775,e9081a6a0febb7e333e934746d977fbe
PRJNA701650,Zea mays PHB47 Standard Draft genome sequencing,SAMN17901048,SRR13735410,PI 601009,PHB47,35.0,False,Maize.Group.PVP,144.2,OTHER,ILLUMINA,PAIRED,ftp://ftp.sra.ebi.ac.uk/vol1/fastq/SRR137/010/SRR13735410/SRR13735410_1.fastq.gz,24792634699,783fd946efbfb739635e5c607a7df291
PRJNA701650,Zea mays PHB47 Standard Draft genome sequencing,SAMN17901048,SRR13735410,PI 601009,PHB47,35.0,False,Maize.Group.PVP,144.2,OTHER,ILLUMINA,PAIRED,ftp://ftp.sra.ebi.ac.uk/vol1/fastq/SRR137/010/SRR13735410/SRR13735410_2.fastq.gz,24539710410,8229606072c9c9554f87b45f04f59301
PRJNA701651,Zea mays LH145 Standard Draft genome sequencing,SAMN17901044,SRR13735441,PI 600959,LH145,36.0,False,Maize.Group.PVP,181.4,OTHER,PACBIO_SMRT,SINGLE,ftp://ftp.sra.ebi.ac.uk/vol1/fastq/SRR137/041/SRR13735441/SRR13735441_subreads.fastq.gz,660435568,42526f638d0e84f423b6e9e073666e72
PRJNA701651,Zea mays LH145 Standard Draft genome sequencing,SAMN17901044,SRR13735442,PI 600959,LH145,36.0,False,Maize.Group.PVP,181.4,OTHER,PACBIO_SMRT,SINGLE,ftp://ftp.sra.ebi.ac.uk/vol1/fastq/SRR137/042/SRR13735442/SRR13735442_subreads.fastq.gz,249394486,48d8a0f0edb0117291cfdec8a22901c7
PRJNA701651,Zea mays LH145 Standard Draft genome sequencing,SAMN17901044,SRR13735446,PI 600959,LH145,36.0,False,Maize.Group.PVP,181.4,OTHER,PACBIO_SMRT,SINGLE,ftp://ftp.sra.ebi.ac.uk/vol1/fastq/SRR137/046/SRR13735446/SRR13735446_subreads.fastq.gz,1121269539,2eea1cf8253b82f43c16213b772cd119
PRJNA701651,Zea mays LH145 Standard Draft genome sequencing,SAMN17901044,SRR13735447,PI 600959,LH145,36.0,False,Maize.Group.PVP,181.4,OTHER,PACBIO_SMRT,SINGLE,ftp://ftp.sra.ebi.ac.uk/vol1/fastq/SRR137/047/SRR13735447/SRR13735447_subreads.fastq.gz,873268017,56fc1e93c38cdea171b79d0911b04eda
PRJNA701651,Zea mays LH145 Standard Draft genome sequencing,SAMN17901044,SRR13735450,PI 600959,LH145,36.0,False,Maize.Group.PVP,181.4,OTHER,PACBIO_SMRT,SINGLE,ftp://ftp.sra.ebi.ac.uk/vol1/fastq/SRR137/050/SRR13735450/SRR13735450_subreads.fastq.gz,175552036,0c9d2601f94d6ad4b6bf83074f7386dc
PRJNA701651,Zea mays LH145 Standard Draft genome sequencing,SAMN17901044,SRR13735452,PI 600959,LH145,36.0,False,Maize.Group.PVP,181.4,OTHER,PACBIO_SMRT,SINGLE,ftp://ftp.sra.ebi.ac.uk/vol1/fastq/SRR137/052/SRR13735452/SRR13735452_subreads.fastq.gz,1156502021,01579444052cd9d0cb4514a21e16c7d0
PRJNA701651,Zea mays LH145 Standard Draft genome sequencing,SAMN17901044,SRR13735456,PI 600959,LH145,36.0,False,Maize.Group.PVP,181.4,OTHER,PACBIO_SMRT,SINGLE,ftp://ftp.sra.ebi.ac.uk/vol1/fastq/SRR137/056/SRR13735456/SRR13735456_subreads.fastq.gz,1258926624,1b8f3fbdee3cf02139de87ee085d268d
PRJNA701651,Zea mays LH145 Standard Draft genome sequencing,SAMN17901044,SRR13735460,PI 600959,LH145,36.0,False,Maize.Group.PVP,181.4,OTHER,PACBIO_SMRT,SINGLE,ftp://ftp.sra.ebi.ac.uk/vol1/fastq/SRR137/060/SRR13735460/SRR13735460_subreads.fastq.gz,1107605690,a4981f53c119344ee70ae4a8c0d3e5ec
PRJNA701651,Zea mays LH145 Standard Draft genome sequencing,SAMN17901044,SRR13735462,PI 600959,LH145,36.0,False,Maize.Group.PVP,181.4,OTHER,PACBIO_SMRT,SINGLE,ftp://ftp.sra.ebi.ac.uk/vol1/fastq/SRR137/062/SRR13735462/SRR13735462_subreads.fastq.gz,1738636355,0ae159b6337ebc559ddc6a8499be0635
PRJNA701651,Zea mays LH145 Standard Draft genome sequencing,SAMN17901044,SRR13735464,PI 600959,LH145,36.0,False,Maize.Group.PVP,181.4,OTHER,PACBIO_SMRT,SINGLE,ftp://ftp.sra.ebi.ac.uk/vol1/fastq/SRR137/064/SRR13735464/SRR13735464_subreads.fastq.gz,1589482443,658dc9db088c5e5904bfd104a74537a7
PRJNA701651,Zea mays LH145 Standard Draft genome sequencing,SAMN17901044,SRR13735468,PI 600959,LH145,36.0,False,Maize.Group.PVP,181.4,OTHER,PACBIO_SMRT,SINGLE,ftp://ftp.sra.ebi.ac.uk/vol1/fastq/SRR137/068/SRR13735468/SRR13735468_subreads.fastq.gz,1755623660,684bc39ec0a537f189e25c0296af121b
PRJNA701651,Zea mays LH145 Standard Draft genome sequencing,SAMN17901044,SRR13735471,PI 600959,LH145,36.0,False,Maize.Group.PVP,181.4,OTHER,PACBIO_SMRT,SINGLE,ftp://ftp.sra.ebi.ac.uk/vol1/fastq/SRR137/071/SRR13735471/SRR13735471_subreads.fastq.gz,970045455,c5a72e78bce1507d15c7cf21ac2edb4d
PRJNA701651,Zea mays LH145 Standard Draft genome sequencing,SAMN17901044,SRR13735473,PI 600959,LH145,36.0,False,Maize.Group.PVP,181.4,OTHER,PACBIO_SMRT,SINGLE,ftp://ftp.sra.ebi.ac.uk/vol1/fastq/SRR137/073/SRR13735473/SRR13735473_subreads.fastq.gz,2074957261,3553410ecb8f51610d4b04853c3b7228
PRJNA701651,Zea mays LH145 Standard Draft genome sequencing,SAMN17901044,SRR13735474,PI 600959,LH145,36.0,False,Maize.Group.PVP,181.4,OTHER,PACBIO_SMRT,SINGLE,ftp://ftp.sra.ebi.ac.uk/vol1/fastq/SRR137/074/SRR13735474/SRR13735474_subreads.fastq.gz,1723379508,7f922f7f9ecf814f5ad8ba1cabb7450f
PRJNA701651,Zea mays LH145 Standard Draft genome sequencing,SAMN17901044,SRR13735476,PI 600959,LH145,36.0,False,Maize.Group.PVP,181.4,OTHER,PACBIO_SMRT,SINGLE,ftp://ftp.sra.ebi.ac.uk/vol1/fastq/SRR137/076/SRR13735476/SRR13735476_subreads.fastq.gz,2644984053,e4f0648e98d7e2109a8d8e3b4dcfaedf
PRJNA701651,Zea mays LH145 Standard Draft genome sequencing,SAMN17901044,SRR13735480,PI 600959,LH145,36.0,False,Maize.Group.PVP,181.4,OTHER,PACBIO_SMRT,SINGLE,ftp://ftp.sra.ebi.ac.uk/vol1/fastq/SRR137/080/SRR13735480/SRR13735480_subreads.fastq.gz,2552551016,92c7a3ea8cfff5ce7c05f609d439d658
PRJNA701651,Zea mays LH145 Standard Draft genome sequencing,SAMN17901044,SRR13735482,PI 600959,LH145,36.0,False,Maize.Group.PVP,181.4,OTHER,PACBIO_SMRT,SINGLE,ftp://ftp.sra.ebi.ac.uk/vol1/fastq/SRR137/082/SRR13735482/SRR13735482_subreads.fastq.gz,2384504848,eb47bc0f75e4283515bd45d2e2084c5a
PRJNA701651,Zea mays LH145 Standard Draft genome sequencing,SAMN17901044,SRR13735484,PI 600959,LH145,36.0,False,Maize.Group.PVP,181.4,OTHER,PACBIO_SMRT,SINGLE,ftp://ftp.sra.ebi.ac.uk/vol1/fastq/SRR137/084/SRR13735484/SRR13735484_subreads.fastq.gz,2831741551,75dc63c7f94526d582ad2097bc0fe1b0
PRJNA701651,Zea mays LH145 Standard Draft genome sequencing,SAMN17901044,SRR13735492,PI 600959,LH145,36.0,False,Maize.Group.PVP,181.4,OTHER,PACBIO_SMRT,SINGLE,ftp://ftp.sra.ebi.ac.uk/vol1/fastq/SRR137/092/SRR13735492/SRR13735492_subreads.fastq.gz,661632906,97e72cd70422bda7a6af4b37644fe119
PRJNA701651,Zea mays LH145 Standard Draft genome sequencing,SAMN17901044,SRR13735493,PI 600959,LH145,36.0,False,Maize.Group.PVP,181.4,OTHER,PACBIO_SMRT,SINGLE,ftp://ftp.sra.ebi.ac.uk/vol1/fastq/SRR137/093/SRR13735493/SRR13735493_subreads.fastq.gz,583863470,aeb7a52b056f53ffd8d2b2625b753991
PRJNA701651,Zea mays LH145 Standard Draft genome sequencing,SAMN17901044,SRR13735495,PI 600959,LH145,36.0,False,Maize.Group.PVP,181.4,OTHER,PACBIO_SMRT,SINGLE,ftp://ftp.sra.ebi.ac.uk/vol1/fastq/SRR137/095/SRR13735495/SRR13735495_subreads.fastq.gz,721339526,001c3e79d432ca2907d1d840f9bb1638
PRJNA701651,Zea mays LH145 Standard Draft genome sequencing,SAMN17901044,SRR13735496,PI 600959,LH145,36.0,False,Maize.Group.PVP,181.4,OTHER,PACBIO_SMRT,SINGLE,ftp://ftp.sra.ebi.ac.uk/vol1/fastq/SRR137/096/SRR13735496/SRR13735496_subreads.fastq.gz,649597610,838cee142dd26655a5caca5cdc0d21d6
PRJNA701651,Zea mays LH145 Standard Draft genome sequencing,SAMN17901044,SRR13735498,PI 600959,LH145,36.0,False,Maize.Group.PVP,181.4,OTHER,PACBIO_SMRT,SINGLE,ftp://ftp.sra.ebi.ac.uk/vol1/fastq/SRR137/098/SRR13735498/SRR13735498_subreads.fastq.gz,729500255,b6edb6ee96715ef95b361dd6c1daf0c3
PRJNA701651,Zea mays LH145 Standard Draft genome sequencing,SAMN17901044,SRR13735499,PI 600959,LH145,36.0,False,Maize.Group.PVP,181.4,OTHER,PACBIO_SMRT,SINGLE,ftp://ftp.sra.ebi.ac.uk/vol1/fastq/SRR137/099/SRR13735499/SRR13735499_subreads.fastq.gz,646678436,97c4e4676b0402bf6b3af61ab322c602
PRJNA701651,Zea mays LH145 Standard Draft genome sequencing,SAMN17901044,SRR13735500,PI 600959,LH145,36.0,False,Maize.Group.PVP,181.4,OTHER,PACBIO_SMRT,SINGLE,ftp://ftp.sra.ebi.ac.uk/vol1/fastq/SRR137/000/SRR13735500/SRR13735500_subreads.fastq.gz,537663027,4a7f4b34de74a5a36a22cb0808376a2a
PRJNA701651,Zea mays LH145 Standard Draft genome sequencing,SAMN17901044,SRR13735506,PI 600959,LH145,36.0,False,Maize.Group.PVP,181.4,OTHER,PACBIO_SMRT,SINGLE,ftp://ftp.sra.ebi.ac.uk/vol1/fastq/SRR137/006/SRR13735506/SRR13735506_subreads.fastq.gz,392403149,98417d1d9bb8207894c093f47d6847a4
PRJNA701651,Zea mays LH145 Standard Draft genome sequencing,SAMN17901044,SRR13735507,PI 600959,LH145,36.0,False,Maize.Group.PVP,181.4,OTHER,PACBIO_SMRT,SINGLE,ftp://ftp.sra.ebi.ac.uk/vol1/fastq/SRR137/007/SRR13735507/SRR13735507_subreads.fastq.gz,628170572,2f515b681ad51204f6344a442141ac51
PRJNA701651,Zea mays LH145 Standard Draft genome sequencing,SAMN17901044,SRR13735509,PI 600959,LH145,36.0,False,Maize.Group.PVP,181.4,OTHER,PACBIO_SMRT,SINGLE,ftp://ftp.sra.ebi.ac.uk/vol1/fastq/SRR137/009/SRR13735509/SRR13735509_subreads.fastq.gz,284444790,41e458683b2d2151ab60aa8fcf2947af
PRJNA701651,Zea mays LH145 Standard Draft genome sequencing,SAMN17901044,SRR13735510,PI 600959,LH145,36.0,False,Maize.Group.PVP,181.4,OTHER,PACBIO_SMRT,SINGLE,ftp://ftp.sra.ebi.ac.uk/vol1/fastq/SRR137/010/SRR13735510/SRR13735510_subreads.fastq.gz,412865934,e18f101167c78b6ead292524ecfc367c
PRJNA701651,Zea mays LH145 Standard Draft genome sequencing,SAMN17901044,SRR13735512,PI 600959,LH145,36.0,False,Maize.Group.PVP,181.4,OTHER,ILLUMINA,PAIRED,ftp://ftp.sra.ebi.ac.uk/vol1/fastq/SRR137/012/SRR13735512/SRR13735512_1.fastq.gz,24742017278,b6f1513ca1729c7430bd7cff33b6dfdd
PRJNA701651,Zea mays LH145 Standard Draft genome sequencing,SAMN17901044,SRR13735512,PI 600959,LH145,36.0,False,Maize.Group.PVP,181.4,OTHER,ILLUMINA,PAIRED,ftp://ftp.sra.ebi.ac.uk/vol1/fastq/SRR137/012/SRR13735512/SRR13735512_2.fastq.gz,24123472603,b64517b8b1b8a38ed3566614834f0d1a
PRJNA701652,Zea mays PHJ40 Standard Draft genome sequencing,SAMN17901047,SRR13755583,PI 601321,PHJ40,33.0,False,Maize.Group.PVP,171.0,OTHER,PACBIO_SMRT,SINGLE,ftp://ftp.sra.ebi.ac.uk/vol1/fastq/SRR137/083/SRR13755583/SRR13755583_subreads.fastq.gz,2127524265,74ac97c43c0be2915ea62b2cd399ee47
PRJNA701652,Zea mays PHJ40 Standard Draft genome sequencing,SAMN17901047,SRR13755586,PI 601321,PHJ40,33.0,False,Maize.Group.PVP,171.0,OTHER,PACBIO_SMRT,SINGLE,ftp://ftp.sra.ebi.ac.uk/vol1/fastq/SRR137/086/SRR13755586/SRR13755586_subreads.fastq.gz,1805925318,854912ebd1c8eff3c9dce81ddbd15510
PRJNA701652,Zea mays PHJ40 Standard Draft genome sequencing,SAMN17901047,SRR13755587,PI 601321,PHJ40,33.0,False,Maize.Group.PVP,171.0,OTHER,PACBIO_SMRT,SINGLE,ftp://ftp.sra.ebi.ac.uk/vol1/fastq/SRR137/087/SRR13755587/SRR13755587_subreads.fastq.gz,2208938610,4f6e401d6f60b2f9543868e69116e07d
PRJNA701652,Zea mays PHJ40 Standard Draft genome sequencing,SAMN17901047,SRR13755588,PI 601321,PHJ40,33.0,False,Maize.Group.PVP,171.0,OTHER,PACBIO_SMRT,SINGLE,ftp://ftp.sra.ebi.ac.uk/vol1/fastq/SRR137/088/SRR13755588/SRR13755588_subreads.fastq.gz,2152023875,bce738b15def8b1b7eeceb1e744a025d
PRJNA701652,Zea mays PHJ40 Standard Draft genome sequencing,SAMN17901047,SRR13755590,PI 601321,PHJ40,33.0,False,Maize.Group.PVP,171.0,OTHER,PACBIO_SMRT,SINGLE,ftp://ftp.sra.ebi.ac.uk/vol1/fastq/SRR137/090/SRR13755590/SRR13755590_subreads.fastq.gz,1378209145,3537cd9d6629869749536d1d463172b1
PRJNA701652,Zea mays PHJ40 Standard Draft genome sequencing,SAMN17901047,SRR13755593,PI 601321,PHJ40,33.0,False,Maize.Group.PVP,171.0,OTHER,PACBIO_SMRT,SINGLE,ftp://ftp.sra.ebi.ac.uk/vol1/fastq/SRR137/093/SRR13755593/SRR13755593_subreads.fastq.gz,1217548981,a6e1a6a1972af4d4da4f0c6e41fe7d0c
PRJNA701652,Zea mays PHJ40 Standard Draft genome sequencing,SAMN17901047,SRR13755594,PI 601321,PHJ40,33.0,False,Maize.Group.PVP,171.0,OTHER,PACBIO_SMRT,SINGLE,ftp://ftp.sra.ebi.ac.uk/vol1/fastq/SRR137/094/SRR13755594/SRR13755594_subreads.fastq.gz,1440607654,b56df648d9491876f523223d5f79af39
PRJNA701652,Zea mays PHJ40 Standard Draft genome sequencing,SAMN17901047,SRR13755597,PI 601321,PHJ40,33.0,False,Maize.Group.PVP,171.0,OTHER,ILLUMINA,PAIRED,ftp://ftp.sra.ebi.ac.uk/vol1/fastq/SRR137/097/SRR13755597/SRR13755597_1.fastq.gz,24748414011,7a7158d81f482498f51efd1012c549cc
PRJNA701652,Zea mays PHJ40 Standard Draft genome sequencing,SAMN17901047,SRR13755597,PI 601321,PHJ40,33.0,False,Maize.Group.PVP,171.0,OTHER,ILLUMINA,PAIRED,ftp://ftp.sra.ebi.ac.uk/vol1/fastq/SRR137/097/SRR13755597/SRR13755597_2.fastq.gz,25228380818,1aeb55b0c482d5d9f4a55f2593fe0c0c
PRJNA701652,Zea mays PHJ40 Standard Draft genome sequencing,SAMN17901047,SRR13755599,PI 601321,PHJ40,33.0,False,Maize.Group.PVP,171.0,OTHER,PACBIO_SMRT,SINGLE,ftp://ftp.sra.ebi.ac.uk/vol1/fastq/SRR137/099/SRR13755599/SRR13755599_subreads.fastq.gz,1884665665,7ba9bf084df6ba476dfcf034067f7e96
PRJNA701652,Zea mays PHJ40 Standard Draft genome sequencing,SAMN17901047,SRR13755610,PI 601321,PHJ40,33.0,False,Maize.Group.PVP,171.0,OTHER,PACBIO_SMRT,SINGLE,ftp://ftp.sra.ebi.ac.uk/vol1/fastq/SRR137/010/SRR13755610/SRR13755610_subreads.fastq.gz,1449368284,0eba0bc449fbcb843e716f23f8947e74
PRJNA701652,Zea mays PHJ40 Standard Draft genome sequencing,SAMN17901047,SRR13755615,PI 601321,PHJ40,33.0,False,Maize.Group.PVP,171.0,OTHER,PACBIO_SMRT,SINGLE,ftp://ftp.sra.ebi.ac.uk/vol1/fastq/SRR137/015/SRR13755615/SRR13755615_subreads.fastq.gz,1970815424,67bd447546eb5c80089b1233afdd7829
PRJNA701652,Zea mays PHJ40 Standard Draft genome sequencing,SAMN17901047,SRR13755616,PI 601321,PHJ40,33.0,False,Maize.Group.PVP,171.0,OTHER,PACBIO_SMRT,SINGLE,ftp://ftp.sra.ebi.ac.uk/vol1/fastq/SRR137/016/SRR13755616/SRR13755616_subreads.fastq.gz,1895254776,23f0fef500ea5250f8aa64da6b48998e
PRJNA701652,Zea mays PHJ40 Standard Draft genome sequencing,SAMN17901047,SRR13755617,PI 601321,PHJ40,33.0,False,Maize.Group.PVP,171.0,OTHER,PACBIO_SMRT,SINGLE,ftp://ftp.sra.ebi.ac.uk/vol1/fastq/SRR137/017/SRR13755617/SRR13755617_subreads.fastq.gz,1899879949,6071e7027c3e50135dd4c3ed5a2957e0
PRJNA701652,Zea mays PHJ40 Standard Draft genome sequencing,SAMN17901047,SRR13755621,PI 601321,PHJ40,33.0,False,Maize.Group.PVP,171.0,OTHER,PACBIO_SMRT,SINGLE,ftp://ftp.sra.ebi.ac.uk/vol1/fastq/SRR137/021/SRR13755621/SRR13755621_subreads.fastq.gz,2015194620,d1ad6a959af3c1ba5a1ab9659dca6eac
PRJNA701652,Zea mays PHJ40 Standard Draft genome sequencing,SAMN17901047,SRR13755622,PI 601321,PHJ40,33.0,False,Maize.Group.PVP,171.0,OTHER,PACBIO_SMRT,SINGLE,ftp://ftp.sra.ebi.ac.uk/vol1/fastq/SRR137/022/SRR13755622/SRR13755622_subreads.fastq.gz,2026442352,0701f66d3984e655320ce29906eee48b
PRJEB43263,EM-Seq for NAM lines with 2 replicates,SAMEA8124549,ERR5347691,PI 595561,CML 52,21.0,False,Maize.Set.Inbred.Diversity.282.Plus.NAM.Parents,16.4,OTHER,ILLUMINA,PAIRED,ftp://ftp.sra.ebi.ac.uk/vol1/fastq/ERR534/001/ERR5347691/ERR5347691_1.fastq.gz,10104808751,94cb58c11db23d1cf10e5966225c27b3
PRJEB43263,EM-Seq for NAM lines with 2 replicates,SAMEA8124549,ERR5347691,PI 595561,CML 52,21.0,False,Maize.Set.Inbred.Diversity.282.Plus.NAM.Parents,16.4,OTHER,ILLUMINA,PAIRED,ftp://ftp.sra.ebi.ac.uk/vol1/fastq/ERR534/001/ERR5347691/ERR5347691_2.fastq.gz,11138335718,5fe4d7ef4348f19c6234f1e8c3089b6e
PRJEB43263,EM-Seq for NAM lines with 2 replicates,SAMEA8124575,ERR5347720,PI 690330,NC358,34.0,False,Maize.Set.Inbred.Diversity.282.Plus.NAM.Parents,5.8,OTHER,ILLUMINA,PAIRED,ftp://ftp.sra.ebi.ac.uk/vol1/fastq/ERR534/000/ERR5347720/ERR5347720_1.fastq.gz,3234838191,ef6b180ab887fd1c5a8a7ee3a819657f
PRJEB43263,EM-Seq for NAM lines with 2 replicates,SAMEA8124575,ERR5347720,PI 690330,NC358,34.0,False,Maize.Set.Inbred.Diversity.282.Plus.NAM.Parents,5.8,OTHER,ILLUMINA,PAIRED,ftp://ftp.sra.ebi.ac.uk/vol1/fastq/ERR534/000/ERR5347720/ERR5347720_2.fastq.gz,4317692283,05f5680ba3e8ad9b71292904b15fe0f8
PRJNA543394,Sequencing of A188 genome,SAMN11665429,SRR9077136,PI 693339,A188,30.0,False,Maize.Set.Inbred.Diversity.282.Plus.NAM.Parents,248.4,OTHER,ILLUMINA,PAIRED,ftp://ftp.sra.ebi.ac.uk/vol1/fastq/SRR907/006/SRR9077136/SRR9077136_1.fastq.gz,51595409114,f7944e9d36ce7741576c2e9aa47db280
PRJNA543394,Sequencing of A188 genome,SAMN11665429,SRR9077136,PI 693339,A188,30.0,False,Maize.Set.Inbred.Diversity.282.Plus.NAM.Parents,248.4,OTHER,ILLUMINA,PAIRED,ftp://ftp.sra.ebi.ac.uk/vol1/fastq/SRR907/006/SRR9077136/SRR9077136_2.fastq.gz,60291921602,7763c93e48eebdaab8a94483ae6570c9
PRJNA1308157,Zea mays A427 centromeres,SAMN50750660,SRR35094304,Ames 23435,A427,27.0,False,Maize.Group.Ames.Panel.2010,49.0,OTHER,ILLUMINA,PAIRED,ftp://ftp.sra.ebi.ac.uk/vol1/fastq/SRR350/004/SRR35094304/SRR35094304_1.fastq.gz,7741890219,928bf8f36a11eeb88a13d68812da7529
PRJNA1308157,Zea mays A427 centromeres,SAMN50750660,SRR35094304,Ames 23435,A427,27.0,False,Maize.Group.Ames.Panel.2010,49.0,OTHER,ILLUMINA,PAIRED,ftp://ftp.sra.ebi.ac.uk/vol1/fastq/SRR350/004/SRR35094304/SRR35094304_2.fastq.gz,8984998260,af7c36fefabdf282b759303d94df68e4
PRJNA1308157,Zea mays A427 centromeres,SAMN50750660,SRR35094308,Ames 23435,A427,27.0,False,Maize.Group.Ames.Panel.2010,49.0,OTHER,ILLUMINA,PAIRED,ftp://ftp.sra.ebi.ac.uk/vol1/fastq/SRR350/008/SRR35094308/SRR35094308_1.fastq.gz,9970183694,5492a2a51989633be532fd2b38ddbfc7
PRJNA1308157,Zea mays A427 centromeres,SAMN50750660,SRR35094308,Ames 23435,A427,27.0,False,Maize.Group.Ames.Panel.2010,49.0,OTHER,ILLUMINA,PAIRED,ftp://ftp.sra.ebi.ac.uk/vol1/fastq/SRR350/008/SRR35094308/SRR35094308_2.fastq.gz,11221410365,93fd66b31718d0f0cb960d130ef43749
PRJEB31061,Genome sequence and assembly of the twenty-five founder lines of the the Nested Association Mapping (NAM) population.,SAMEA5313299,ERR3307815,PI 595561,CML 52,21.0,False,Maize.Set.Inbred.Diversity.282.Plus.NAM.Parents,138.9,WGA,ILLUMINA,PAIRED,ftp://ftp.sra.ebi.ac.uk/vol1/fastq/ERR330/005/ERR3307815/ERR3307815_1.fastq.gz,2557635787,f671248bd01f192913f882daecd11390
PRJEB31061,Genome sequence and assembly of the twenty-five founder lines of the the Nested Association Mapping (NAM) population.,SAMEA5313299,ERR3307815,PI 595561,CML 52,21.0,False,Maize.Set.Inbred.Diversity.282.Plus.NAM.Parents,138.9,WGA,ILLUMINA,PAIRED,ftp://ftp.sra.ebi.ac.uk/vol1/fastq/ERR330/005/ERR3307815/ERR3307815_2.fastq.gz,2647366652,6b038744b7907e95c7a5acb143280581
PRJEB31061,Genome sequence and assembly of the twenty-five founder lines of the the Nested Association Mapping (NAM) population.,SAMEA5313299,ERR3307816,PI 595561,CML 52,21.0,False,Maize.Set.Inbred.Diversity.282.Plus.NAM.Parents,138.9,WGA,ILLUMINA,PAIRED,ftp://ftp.sra.ebi.ac.uk/vol1/fastq/ERR330/006/ERR3307816/ERR3307816_1.fastq.gz,2473275792,db94507795281d3708ecd44081a79e47
PRJEB31061,Genome sequence and assembly of the twenty-five founder lines of the the Nested Association Mapping (NAM) population.,SAMEA5313299,ERR3307816,PI 595561,CML 52,21.0,False,Maize.Set.Inbred.Diversity.282.Plus.NAM.Parents,138.9,WGA,ILLUMINA,PAIRED,ftp://ftp.sra.ebi.ac.uk/vol1/fastq/ERR330/006/ERR3307816/ERR3307816_2.fastq.gz,2568283206,b96d9f5df93be7b54c1aa1bcd3b19b61
PRJEB31061,Genome sequence and assembly of the twenty-five founder lines of the the Nested Association Mapping (NAM) population.,SAMEA5313299,ERR3307818,PI 595561,CML 52,21.0,False,Maize.Set.Inbred.Diversity.282.Plus.NAM.Parents,138.9,WGA,ILLUMINA,PAIRED,ftp://ftp.sra.ebi.ac.uk/vol1/fastq/ERR330/008/ERR3307818/ERR3307818_1.fastq.gz,2570914296,ad79a00c55bd82ecea3f0c24782cab8a
PRJEB31061,Genome sequence and assembly of the twenty-five founder lines of the the Nested Association Mapping (NAM) population.,SAMEA5313299,ERR3307818,PI 595561,CML 52,21.0,False,Maize.Set.Inbred.Diversity.282.Plus.NAM.Parents,138.9,WGA,ILLUMINA,PAIRED,ftp://ftp.sra.ebi.ac.uk/vol1/fastq/ERR330/008/ERR3307818/ERR3307818_2.fastq.gz,2670062170,8e91f27a00344e19b089bd84f6877ff9
PRJEB31061,Genome sequence and assembly of the twenty-five founder lines of the the Nested Association Mapping (NAM) population.,SAMEA5313299,ERR3307824,PI 595561,CML 52,21.0,False,Maize.Set.Inbred.Diversity.282.Plus.NAM.Parents,138.9,WGA,ILLUMINA,PAIRED,ftp://ftp.sra.ebi.ac.uk/vol1/fastq/ERR330/004/ERR3307824/ERR3307824_1.fastq.gz,1807463048,64ac052c893be38efa92309192cc0394
PRJEB31061,Genome sequence and assembly of the twenty-five founder lines of the the Nested Association Mapping (NAM) population.,SAMEA5313299,ERR3307824,PI 595561,CML 52,21.0,False,Maize.Set.Inbred.Diversity.282.Plus.NAM.Parents,138.9,WGA,ILLUMINA,PAIRED,ftp://ftp.sra.ebi.ac.uk/vol1/fastq/ERR330/004/ERR3307824/ERR3307824_2.fastq.gz,1875766711,00bf3b8c967c3ddd4fa26f88e3207962
PRJEB35367,Genome sequence and assembly of abnormal chromosome 10 genome Ab10,SAMEA6236504,ERR3773575,PI 690316,B73 Ab10,25.0,False,,197.7,WGA,ILLUMINA,PAIRED,ftp://ftp.sra.ebi.ac.uk/vol1/fastq/ERR377/005/ERR3773575/ERR3773575_1.fastq.gz,57916840952,6366b47b220fc3268a707c4abc2cbb45
PRJEB35367,Genome sequence and assembly of abnormal chromosome 10 genome Ab10,SAMEA6236504,ERR3773575,PI 690316,B73 Ab10,25.0,False,,197.7,WGA,ILLUMINA,PAIRED,ftp://ftp.sra.ebi.ac.uk/vol1/fastq/ERR377/005/ERR3773575/ERR3773575_2.fastq.gz,58689449669,659133e000cd03a8b1e9f3435aa06c79
PRJEB44462,"Sequencing, Assembly and Annotation of B104",SAMEA8718246,ERR6056756,PI 594047,B104,35.0,False,Maize.Set.Inbred.Diversity.282.Plus.NAM.Parents,73.1,WGA,ILLUMINA,PAIRED,ftp://ftp.sra.ebi.ac.uk/vol1/fastq/ERR605/006/ERR6056756/ERR6056756_1.fastq.gz,1227853703,9e188579ad20935b5c441b7528401690
PRJEB44462,"Sequencing, Assembly and Annotation of B104",SAMEA8718246,ERR6056756,PI 594047,B104,35.0,False,Maize.Set.Inbred.Diversity.282.Plus.NAM.Parents,73.1,WGA,ILLUMINA,PAIRED,ftp://ftp.sra.ebi.ac.uk/vol1/fastq/ERR605/006/ERR6056756/ERR6056756_2.fastq.gz,1296284987,a8c00a3f73570ca0350a466672a26f34
PRJEB44462,"Sequencing, Assembly and Annotation of B104",SAMEA8718246,ERR6056759,PI 594047,B104,35.0,False,Maize.Set.Inbred.Diversity.282.Plus.NAM.Parents,73.1,WGA,ILLUMINA,PAIRED,ftp://ftp.sra.ebi.ac.uk/vol1/fastq/ERR605/009/ERR6056759/ERR6056759_1.fastq.gz,1227860705,2c2430ce00416fc930c8fe7a6c076a81
PRJEB44462,"Sequencing, Assembly and Annotation of B104",SAMEA8718246,ERR6056759,PI 594047,B104,35.0,False,Maize.Set.Inbred.Diversity.282.Plus.NAM.Parents,73.1,WGA,ILLUMINA,PAIRED,ftp://ftp.sra.ebi.ac.uk/vol1/fastq/ERR605/009/ERR6056759/ERR6056759_2.fastq.gz,1295544111,30a042c96370619601a4b767825f3fd4
PRJEB44462,"Sequencing, Assembly and Annotation of B104",SAMEA8718246,ERR6056764,PI 594047,B104,35.0,False,Maize.Set.Inbred.Diversity.282.Plus.NAM.Parents,73.1,WGA,ILLUMINA,PAIRED,ftp://ftp.sra.ebi.ac.uk/vol1/fastq/ERR605/004/ERR6056764/ERR6056764_1.fastq.gz,1310637703,e0417b119d5b34df4827877681197959
PRJEB44462,"Sequencing, Assembly and Annotation of B104",SAMEA8718246,ERR6056764,PI 594047,B104,35.0,False,Maize.Set.Inbred.Diversity.282.Plus.NAM.Parents,73.1,WGA,ILLUMINA,PAIRED,ftp://ftp.sra.ebi.ac.uk/vol1/fastq/ERR605/004/ERR6056764/ERR6056764_2.fastq.gz,1313494295,629ffe39539de8015be0ba377cb43d24
PRJEB44462,"Sequencing, Assembly and Annotation of B104",SAMEA8718246,ERR6056766,PI 594047,B104,35.0,False,Maize.Set.Inbred.Diversity.282.Plus.NAM.Parents,73.1,WGA,ILLUMINA,PAIRED,ftp://ftp.sra.ebi.ac.uk/vol1/fastq/ERR605/006/ERR6056766/ERR6056766_1.fastq.gz,1301613694,1f196471ca389681c83f021f512373ff
PRJEB44462,"Sequencing, Assembly and Annotation of B104",SAMEA8718246,ERR6056766,PI 594047,B104,35.0,False,Maize.Set.Inbred.Diversity.282.Plus.NAM.Parents,73.1,WGA,ILLUMINA,PAIRED,ftp://ftp.sra.ebi.ac.uk/vol1/fastq/ERR605/006/ERR6056766/ERR6056766_2.fastq.gz,1310204745,774043b9d26a9f81a6ce2ed10b1c7282
PRJEB44462,"Sequencing, Assembly and Annotation of B104",SAMEA8718246,ERR6056771,PI 594047,B104,35.0,False,Maize.Set.Inbred.Diversity.282.Plus.NAM.Parents,73.1,WGA,ILLUMINA,PAIRED,ftp://ftp.sra.ebi.ac.uk/vol1/fastq/ERR605/001/ERR6056771/ERR6056771_1.fastq.gz,1228718828,f252ab991ee3d59accfd0d44a99692c4
PRJEB44462,"Sequencing, Assembly and Annotation of B104",SAMEA8718246,ERR6056771,PI 594047,B104,35.0,False,Maize.Set.Inbred.Diversity.282.Plus.NAM.Parents,73.1,WGA,ILLUMINA,PAIRED,ftp://ftp.sra.ebi.ac.uk/vol1/fastq/ERR605/001/ERR6056771/ERR6056771_2.fastq.gz,1300934359,fc9d0d07c175079c33035904465f752f
PRJEB44462,"Sequencing, Assembly and Annotation of B104",SAMEA8718246,ERR6056772,PI 594047,B104,35.0,False,Maize.Set.Inbred.Diversity.282.Plus.NAM.Parents,73.1,WGA,ILLUMINA,PAIRED,ftp://ftp.sra.ebi.ac.uk/vol1/fastq/ERR605/002/ERR6056772/ERR6056772_1.fastq.gz,1230959249,0c4e23f01bad38adf6c67f9b84b45481
PRJEB44462,"Sequencing, Assembly and Annotation of B104",SAMEA8718246,ERR6056772,PI 594047,B104,35.0,False,Maize.Set.Inbred.Diversity.282.Plus.NAM.Parents,73.1,WGA,ILLUMINA,PAIRED,ftp://ftp.sra.ebi.ac.uk/vol1/fastq/ERR605/002/ERR6056772/ERR6056772_2.fastq.gz,1300208942,8920d3c32ddcdfc0daa2c83e9210dc3d
PRJEB44462,"Sequencing, Assembly and Annotation of B104",SAMEA8718246,ERR6056775,PI 594047,B104,35.0,False,Maize.Set.Inbred.Diversity.282.Plus.NAM.Parents,73.1,WGA,ILLUMINA,PAIRED,ftp://ftp.sra.ebi.ac.uk/vol1/fastq/ERR605/005/ERR6056775/ERR6056775_1.fastq.gz,761654170,82e375ff2bfb3aecd34356f1b0141f0b
PRJEB44462,"Sequencing, Assembly and Annotation of B104",SAMEA8718246,ERR6056775,PI 594047,B104,35.0,False,Maize.Set.Inbred.Diversity.282.Plus.NAM.Parents,73.1,WGA,ILLUMINA,PAIRED,ftp://ftp.sra.ebi.ac.uk/vol1/fastq/ERR605/005/ERR6056775/ERR6056775_2.fastq.gz,805570437,87059ab51a937f30017e3936a8345686
PRJNA661271,Maize Wisconsin Diversity Panel Resequencing Project,SAMN16052898,SRR12633333,PI 543850,PHW86,30.0,False,Maize.Group.PVP,23.2,WGA,ILLUMINA,PAIRED,ftp://ftp.sra.ebi.ac.uk/vol1/fastq/SRR126/033/SRR12633333/SRR12633333_1.fastq.gz,13100051033,84af953d6188b2dd6171a80ddfc2b27d
PRJNA661271,Maize Wisconsin Diversity Panel Resequencing Project,SAMN16052898,SRR12633333,PI 543850,PHW86,30.0,False,Maize.Group.PVP,23.2,WGA,ILLUMINA,PAIRED,ftp://ftp.sra.ebi.ac.uk/vol1/fastq/SRR126/033/SRR12633333/SRR12633333_2.fastq.gz,14181189879,42d4866f9427d975d0760d6fa97367a8
PRJNA661271,Maize Wisconsin Diversity Panel Resequencing Project,SAMN16053182,SRR12633336,PI 706567,K150,28.0,False,Maize.Group.Ames.Panel.2010,23.8,WGA,ILLUMINA,PAIRED,ftp://ftp.sra.ebi.ac.uk/vol1/fastq/SRR126/036/SRR12633336/SRR12633336_1.fastq.gz,13132286843,2fa77ea57dd4910e38e1edb5d5535ce6
PRJNA661271,Maize Wisconsin Diversity Panel Resequencing Project,SAMN16053182,SRR12633336,PI 706567,K150,28.0,False,Maize.Group.Ames.Panel.2010,23.8,WGA,ILLUMINA,PAIRED,ftp://ftp.sra.ebi.ac.uk/vol1/fastq/SRR126/036/SRR12633336/SRR12633336_2.fastq.gz,13363291855,1a8f77148ab1c02fed9a97a8cb55ab58
PRJNA661271,Maize Wisconsin Diversity Panel Resequencing Project,SAMN16053181,SRR12633337,PI 601725,J8606,20.0,False,Maize.Group.PVP,20.3,WGA,ILLUMINA,PAIRED,ftp://ftp.sra.ebi.ac.uk/vol1/fastq/SRR126/037/SRR12633337/SRR12633337_1.fastq.gz,10680850846,1b27ab720ec7041b6b2911ac5aeaf921
PRJNA661271,Maize Wisconsin Diversity Panel Resequencing Project,SAMN16053181,SRR12633337,PI 601725,J8606,20.0,False,Maize.Group.PVP,20.3,WGA,ILLUMINA,PAIRED,ftp://ftp.sra.ebi.ac.uk/vol1/fastq/SRR126/037/SRR12633337/SRR12633337_2.fastq.gz,10818781101,c50d126cdfbb10d0280da7cf53cfa65f
PRJNA661271,Maize Wisconsin Diversity Panel Resequencing Project,SAMN16052897,SRR12633344,PI 601791,PHW20,31.0,False,Maize.Group.PVP,24.0,WGA,ILLUMINA,PAIRED,ftp://ftp.sra.ebi.ac.uk/vol1/fastq/SRR126/044/SRR12633344/SRR12633344_1.fastq.gz,13577252949,19e780d7508a9a48e3d5f3bbb04672ff
PRJNA661271,Maize Wisconsin Diversity Panel Resequencing Project,SAMN16052897,SRR12633344,PI 601791,PHW20,31.0,False,Maize.Group.PVP,24.0,WGA,ILLUMINA,PAIRED,ftp://ftp.sra.ebi.ac.uk/vol1/fastq/SRR126/044/SRR12633344/SRR12633344_2.fastq.gz,14463911004,3f68e45a8df755263dfaf1ba48fb7b89
PRJNA661271,Maize Wisconsin Diversity Panel Resequencing Project,SAMN16053173,SRR12633346,PI 693365,H91,21.0,False,Maize.Set.Inbred.Diversity.282.Plus.NAM.Parents,24.2,WGA,ILLUMINA,PAIRED,ftp://ftp.sra.ebi.ac.uk/vol1/fastq/SRR126/046/SRR12633346/SRR12633346_1.fastq.gz,13150727025,f6b4b956487ac1d1d368d3c195151783
PRJNA661271,Maize Wisconsin Diversity Panel Resequencing Project,SAMN16053173,SRR12633346,PI 693365,H91,21.0,False,Maize.Set.Inbred.Diversity.282.Plus.NAM.Parents,24.2,WGA,ILLUMINA,PAIRED,ftp://ftp.sra.ebi.ac.uk/vol1/fastq/SRR126/046/SRR12633346/SRR12633346_2.fastq.gz,13793340947,741128c37fb4a50c3921f76127be26d2
PRJNA661271,Maize Wisconsin Diversity Panel Resequencing Project,SAMN16053170,SRR12633348,PI 698993,H121,27.0,False,Maize.Group.Ames.Panel.2010,20.0,WGA,ILLUMINA,PAIRED,ftp://ftp.sra.ebi.ac.uk/vol1/fastq/SRR126/048/SRR12633348/SRR12633348_1.fastq.gz,10443256121,d0050474f7a690464f8ff5c87b124534
PRJNA661271,Maize Wisconsin Diversity Panel Resequencing Project,SAMN16053170,SRR12633348,PI 698993,H121,27.0,False,Maize.Group.Ames.Panel.2010,20.0,WGA,ILLUMINA,PAIRED,ftp://ftp.sra.ebi.ac.uk/vol1/fastq/SRR126/048/SRR12633348/SRR12633348_2.fastq.gz,10551689061,469ff94f784cda19e5b6511a3516463b
PRJNA661271,Maize Wisconsin Diversity Panel Resequencing Project,SAMN16053162,SRR12633357,PI 550556,B88,26.0,False,Maize.Group.Ames.Panel.2010,31.9,WGA,ILLUMINA,PAIRED,ftp://ftp.sra.ebi.ac.uk/vol1/fastq/SRR126/057/SRR12633357/SRR12633357_1.fastq.gz,16828911055,44af955f16b9a5a96531e38c338ddac9
PRJNA661271,Maize Wisconsin Diversity Panel Resequencing Project,SAMN16053162,SRR12633357,PI 550556,B88,26.0,False,Maize.Group.Ames.Panel.2010,31.9,WGA,ILLUMINA,PAIRED,ftp://ftp.sra.ebi.ac.uk/vol1/fastq/SRR126/057/SRR12633357/SRR12633357_2.fastq.gz,17233439656,bf6d8b935ef23b5c71f405f09093bde3
PRJNA661271,Maize Wisconsin Diversity Panel Resequencing Project,SAMN16053155,SRR12633363,PI 634214,B120,28.0,False,Maize.Group.Ames.Panel.2010,24.0,WGA,ILLUMINA,PAIRED,ftp://ftp.sra.ebi.ac.uk/vol1/fastq/SRR126/063/SRR12633363/SRR12633363_1.fastq.gz,12885792965,5c8822105ee1122a14a652f5e84a4ef8
PRJNA661271,Maize Wisconsin Diversity Panel Resequencing Project,SAMN16053155,SRR12633363,PI 634214,B120,28.0,False,Maize.Group.Ames.Panel.2010,24.0,WGA,ILLUMINA,PAIRED,ftp://ftp.sra.ebi.ac.uk/vol1/fastq/SRR126/063/SRR12633363/SRR12633363_2.fastq.gz,13117217495,77283396d0f8b1a2f2d953f11795e062
PRJNA661271,Maize Wisconsin Diversity Panel Resequencing Project,SAMN16053152,SRR12633371,PI 597927,B109,32.0,False,Maize.Set.Inbred.Diversity.282.Plus.NAM.Parents,22.5,WGA,ILLUMINA,PAIRED,ftp://ftp.sra.ebi.ac.uk/vol1/fastq/SRR126/071/SRR12633371/SRR12633371_1.fastq.gz,11913334411,3d9f45dea2971cde9ba4034364fdbd57
PRJNA661271,Maize Wisconsin Diversity Panel Resequencing Project,SAMN16053152,SRR12633371,PI 597927,B109,32.0,False,Maize.Set.Inbred.Diversity.282.Plus.NAM.Parents,22.5,WGA,ILLUMINA,PAIRED,ftp://ftp.sra.ebi.ac.uk/vol1/fastq/SRR126/071/SRR12633371/SRR12633371_2.fastq.gz,12335343409,a23f94ad73939d0af3ce62d2b2f5b953
PRJNA661271,Maize Wisconsin Diversity Panel Resequencing Project,SAMN16053147,SRR12633372,PI 565088,2MCDB,29.0,False,Maize.Group.PVP,19.6,WGA,ILLUMINA,PAIRED,ftp://ftp.sra.ebi.ac.uk/vol1/fastq/SRR126/072/SRR12633372/SRR12633372_1.fastq.gz,10492304171,25ae69c68359c0044118a68658e38b72
PRJNA661271,Maize Wisconsin Diversity Panel Resequencing Project,SAMN16053147,SRR12633372,PI 565088,2MCDB,29.0,False,Maize.Group.PVP,19.6,WGA,ILLUMINA,PAIRED,ftp://ftp.sra.ebi.ac.uk/vol1/fastq/SRR126/072/SRR12633372/SRR12633372_2.fastq.gz,10662367414,7f4cd0fb8a26527bc95675101535932e
PRJNA661271,Maize Wisconsin Diversity Panel Resequencing Project,SAMN16053146,SRR12633373,Ames 30571,W814G,26.0,False,Maize.Group.Ames.Panel.Post.2010,27.5,WGA,ILLUMINA,PAIRED,ftp://ftp.sra.ebi.ac.uk/vol1/fastq/SRR126/073/SRR12633373/SRR12633373_1.fastq.gz,14598637870,25d35b19961a25ba96817a2cf4efce63
PRJNA661271,Maize Wisconsin Diversity Panel Resequencing Project,SAMN16053146,SRR12633373,Ames 30571,W814G,26.0,False,Maize.Group.Ames.Panel.Post.2010,27.5,WGA,ILLUMINA,PAIRED,ftp://ftp.sra.ebi.ac.uk/vol1/fastq/SRR126/073/SRR12633373/SRR12633373_2.fastq.gz,14964905834,1f25b8d2c8b49adef7c0cae5c4ee75ea
PRJNA661271,Maize Wisconsin Diversity Panel Resequencing Project,SAMN16053141,SRR12633378,Ames 30568,W811G,26.0,False,Maize.Group.Ames.Panel.Post.2010,21.5,WGA,ILLUMINA,PAIRED,ftp://ftp.sra.ebi.ac.uk/vol1/fastq/SRR126/078/SRR12633378/SRR12633378_1.fastq.gz,11455513589,e2ca5eee97a532b3f448d4a2003b8471
PRJNA661271,Maize Wisconsin Diversity Panel Resequencing Project,SAMN16053141,SRR12633378,Ames 30568,W811G,26.0,False,Maize.Group.Ames.Panel.Post.2010,21.5,WGA,ILLUMINA,PAIRED,ftp://ftp.sra.ebi.ac.uk/vol1/fastq/SRR126/078/SRR12633378/SRR12633378_2.fastq.gz,11837322139,074ff9db7495fcf00adb6a1608532ff3
PRJNA661271,Maize Wisconsin Diversity Panel Resequencing Project,SAMN16052892,SRR12633388,PI 559942,PHK74,30.0,False,Maize.Group.PVP,21.2,WGA,ILLUMINA,PAIRED,ftp://ftp.sra.ebi.ac.uk/vol1/fastq/SRR126/088/SRR12633388/SRR12633388_1.fastq.gz,11957716620,c394b85c6535244b5bdcb32a11abd3d9
PRJNA661271,Maize Wisconsin Diversity Panel Resequencing Project,SAMN16052892,SRR12633388,PI 559942,PHK74,30.0,False,Maize.Group.PVP,21.2,WGA,ILLUMINA,PAIRED,ftp://ftp.sra.ebi.ac.uk/vol1/fastq/SRR126/088/SRR12633388/SRR12633388_2.fastq.gz,12739580789,57c3dc071176f6c67d3dbbd2b865147b
PRJNA661271,Maize Wisconsin Diversity Panel Resequencing Project,SAMN16053130,SRR12633389,PI 601780,PHN29,31.0,False,Maize.Group.PVP,20.8,WGA,ILLUMINA,PAIRED,ftp://ftp.sra.ebi.ac.uk/vol1/fastq/SRR126/089/SRR12633389/SRR12633389_1.fastq.gz,11584722047,71343a15504681cb8212d498ea754488
PRJNA661271,Maize Wisconsin Diversity Panel Resequencing Project,SAMN16053130,SRR12633389,PI 601780,PHN29,31.0,False,Maize.Group.PVP,20.8,WGA,ILLUMINA,PAIRED,ftp://ftp.sra.ebi.ac.uk/vol1/fastq/SRR126/089/SRR12633389/SRR12633389_2.fastq.gz,11848682683,94bbea425b2d2537135c9bdf0325dd6e
PRJNA661271,Maize Wisconsin Diversity Panel Resequencing Project,SAMN16053128,SRR12633391,PI 601777,PHK35,31.0,False,Maize.Group.PVP,21.1,WGA,ILLUMINA,PAIRED,ftp://ftp.sra.ebi.ac.uk/vol1/fastq/SRR126/091/SRR12633391/SRR12633391_1.fastq.gz,11589698713,f9f1dd806900d93c6c78aed589f1c783
PRJNA661271,Maize Wisconsin Diversity Panel Resequencing Project,SAMN16053128,SRR12633391,PI 601777,PHK35,31.0,False,Maize.Group.PVP,21.1,WGA,ILLUMINA,PAIRED,ftp://ftp.sra.ebi.ac.uk/vol1/fastq/SRR126/091/SRR12633391/SRR12633391_2.fastq.gz,12544207489,035e9e3720fe27507d2dd0ae06352754
PRJNA661271,Maize Wisconsin Diversity Panel Resequencing Project,SAMN16053127,SRR12633392,PI 565105,PHHH9,30.0,False,Maize.Group.PVP,20.3,WGA,ILLUMINA,PAIRED,ftp://ftp.sra.ebi.ac.uk/vol1/fastq/SRR126/092/SRR12633392/SRR12633392_1.fastq.gz,10894564708,f004c2e250f255c4353e588e44740f01
PRJNA661271,Maize Wisconsin Diversity Panel Resequencing Project,SAMN16053127,SRR12633392,PI 565105,PHHH9,30.0,False,Maize.Group.PVP,20.3,WGA,ILLUMINA,PAIRED,ftp://ftp.sra.ebi.ac.uk/vol1/fastq/SRR126/092/SRR12633392/SRR12633392_2.fastq.gz,11189078099,f74d9e77563f494742a2feba8fac23e3
PRJNA661271,Maize Wisconsin Diversity Panel Resequencing Project,SAMN16053125,SRR12633393,PI 693375,Pa875,31.0,False,Maize.Set.Inbred.Diversity.282.Plus.NAM.Parents,20.4,WGA,ILLUMINA,PAIRED,ftp://ftp.sra.ebi.ac.uk/vol1/fastq/SRR126/093/SRR12633393/SRR12633393_1.fastq.gz,11046527984,45b6d80669d240579539d49af6a247bd
PRJNA661271,Maize Wisconsin Diversity Panel Resequencing Project,SAMN16053125,SRR12633393,PI 693375,Pa875,31.0,False,Maize.Set.Inbred.Diversity.282.Plus.NAM.Parents,20.4,WGA,ILLUMINA,PAIRED,ftp://ftp.sra.ebi.ac.uk/vol1/fastq/SRR126/093/SRR12633393/SRR12633393_2.fastq.gz,11240993869,a99ba6865b7007f8519bfeb02d0c9a21
PRJNA661271,Maize Wisconsin Diversity Panel Resequencing Project,SAMN16053120,SRR12633398,PI 537098,LH204,30.0,False,Maize.Group.PVP,26.0,WGA,ILLUMINA,PAIRED,ftp://ftp.sra.ebi.ac.uk/vol1/fastq/SRR126/098/SRR12633398/SRR12633398_1.fastq.gz,14090133327,37c019276ea5b8ede1e36a2cec0a4875
PRJNA661271,Maize Wisconsin Diversity Panel Resequencing Project,SAMN16053120,SRR12633398,PI 537098,LH204,30.0,False,Maize.Group.PVP,26.0,WGA,ILLUMINA,PAIRED,ftp://ftp.sra.ebi.ac.uk/vol1/fastq/SRR126/098/SRR12633398/SRR12633398_2.fastq.gz,14712296008,53f30cf7089960e878968e63e13bcdca
PRJNA661271,Maize Wisconsin Diversity Panel Resequencing Project,SAMN16053119,SRR12633400,PI 557566,LH199,29.0,False,Maize.Group.PVP,20.8,WGA,ILLUMINA,PAIRED,ftp://ftp.sra.ebi.ac.uk/vol1/fastq/SRR126/000/SRR12633400/SRR12633400_1.fastq.gz,11427827374,3523fbc8c3e37ab20f99c9bd8c4ea7b0
PRJNA661271,Maize Wisconsin Diversity Panel Resequencing Project,SAMN16053119,SRR12633400,PI 557566,LH199,29.0,False,Maize.Group.PVP,20.8,WGA,ILLUMINA,PAIRED,ftp://ftp.sra.ebi.ac.uk/vol1/fastq/SRR126/000/SRR12633400/SRR12633400_2.fastq.gz,11667734036,15620a96b8461763665a7ac42a9c2a97
PRJNA661271,Maize Wisconsin Diversity Panel Resequencing Project,SAMN16053114,SRR12633403,PI 693346,Va99,30.0,False,Maize.Set.Inbred.Diversity.282.Plus.NAM.Parents,24.8,WGA,ILLUMINA,PAIRED,ftp://ftp.sra.ebi.ac.uk/vol1/fastq/SRR126/003/SRR12633403/SRR12633403_1.fastq.gz,13770351496,c3a207f0a71fcaa99cd43149495e9514
PRJNA661271,Maize Wisconsin Diversity Panel Resequencing Project,SAMN16053114,SRR12633403,PI 693346,Va99,30.0,False,Maize.Set.Inbred.Diversity.282.Plus.NAM.Parents,24.8,WGA,ILLUMINA,PAIRED,ftp://ftp.sra.ebi.ac.uk/vol1/fastq/SRR126/003/SRR12633403/SRR12633403_2.fastq.gz,14206688047,5c5a64b3637f680ac90a9147fd5f36b6
PRJNA661271,Maize Wisconsin Diversity Panel Resequencing Project,SAMN16053109,SRR12633406,NSL 30883,R113,27.0,False,Maize.Group.Ames.Panel.2010,23.5,WGA,ILLUMINA,PAIRED,ftp://ftp.sra.ebi.ac.uk/vol1/fastq/SRR126/006/SRR12633406/SRR12633406_1.fastq.gz,12447830910,ca95589086ad52a69da331fac524d7d2
PRJNA661271,Maize Wisconsin Diversity Panel Resequencing Project,SAMN16053109,SRR12633406,NSL 30883,R113,27.0,False,Maize.Group.Ames.Panel.2010,23.5,WGA,ILLUMINA,PAIRED,ftp://ftp.sra.ebi.ac.uk/vol1/fastq/SRR126/006/SRR12633406/SRR12633406_2.fastq.gz,13113458072,0d58e6dc6a703987a6e34b6052794d99
PRJNA661271,Maize Wisconsin Diversity Panel Resequencing Project,SAMN16053108,SRR12633407,PI 601361,PHR36,32.0,False,Maize.Group.PVP,23.7,WGA,ILLUMINA,PAIRED,ftp://ftp.sra.ebi.ac.uk/vol1/fastq/SRR126/007/SRR12633407/SRR12633407_1.fastq.gz,13046525569,de8c0a2c14f476dc7e7d26ea6ef25e92
PRJNA661271,Maize Wisconsin Diversity Panel Resequencing Project,SAMN16053108,SRR12633407,PI 601361,PHR36,32.0,False,Maize.Group.PVP,23.7,WGA,ILLUMINA,PAIRED,ftp://ftp.sra.ebi.ac.uk/vol1/fastq/SRR126/007/SRR12633407/SRR12633407_2.fastq.gz,13309602254,a648b8f87019cad0ea13e1e3a123adda
PRJNA661271,Maize Wisconsin Diversity Panel Resequencing Project,SAMN16053105,SRR12633410,PI 601037,PHG80,35.0,False,Maize.Group.PVP,23.3,WGA,ILLUMINA,PAIRED,ftp://ftp.sra.ebi.ac.uk/vol1/fastq/SRR126/010/SRR12633410/SRR12633410_1.fastq.gz,12949675806,78ce1fd3a245c26d655aa2408fd375e3
PRJNA661271,Maize Wisconsin Diversity Panel Resequencing Project,SAMN16053105,SRR12633410,PI 601037,PHG80,35.0,False,Maize.Group.PVP,23.3,WGA,ILLUMINA,PAIRED,ftp://ftp.sra.ebi.ac.uk/vol1/fastq/SRR126/010/SRR12633410/SRR12633410_2.fastq.gz,13201159886,375c133068e942c97bc993288b381c00
PRJNA661271,Maize Wisconsin Diversity Panel Resequencing Project,SAMN16053104,SRR12633411,PI 601007,PHB09,36.0,False,Maize.Group.PVP,29.2,WGA,ILLUMINA,PAIRED,ftp://ftp.sra.ebi.ac.uk/vol1/fastq/SRR126/011/SRR12633411/SRR12633411_1.fastq.gz,15499462041,be7166f03d5a5e2cedccae502fc8b924
PRJNA661271,Maize Wisconsin Diversity Panel Resequencing Project,SAMN16053104,SRR12633411,PI 601007,PHB09,36.0,False,Maize.Group.PVP,29.2,WGA,ILLUMINA,PAIRED,ftp://ftp.sra.ebi.ac.uk/vol1/fastq/SRR126/011/SRR12633411/SRR12633411_2.fastq.gz,15647730364,c8b460009dbaa70172dbbd01e6ef7bba
PRJNA661271,Maize Wisconsin Diversity Panel Resequencing Project,SAMN16053083,SRR12633430,PI 638552,DE4,26.0,False,Maize.Group.Ames.Panel.2010,23.2,WGA,ILLUMINA,PAIRED,ftp://ftp.sra.ebi.ac.uk/vol1/fastq/SRR126/030/SRR12633430/SRR12633430_1.fastq.gz,12359780711,0e08dae9c7761e45a801b3cc24961168
PRJNA661271,Maize Wisconsin Diversity Panel Resequencing Project,SAMN16053083,SRR12633430,PI 638552,DE4,26.0,False,Maize.Group.Ames.Panel.2010,23.2,WGA,ILLUMINA,PAIRED,ftp://ftp.sra.ebi.ac.uk/vol1/fastq/SRR126/030/SRR12633430/SRR12633430_2.fastq.gz,12892395487,f83ba19df00fb93182abb87741ba68f7
PRJNA661271,Maize Wisconsin Diversity Panel Resequencing Project,SAMN16053081,SRR12633443,PI 615190,B115,26.0,False,Maize.Set.Inbred.Diversity.282.Plus.NAM.Parents,21.2,WGA,ILLUMINA,PAIRED,ftp://ftp.sra.ebi.ac.uk/vol1/fastq/SRR126/043/SRR12633443/SRR12633443_1.fastq.gz,11286982955,74692f698b05dc2190aaadccc43e8f2f
PRJNA661271,Maize Wisconsin Diversity Panel Resequencing Project,SAMN16053081,SRR12633443,PI 615190,B115,26.0,False,Maize.Set.Inbred.Diversity.282.Plus.NAM.Parents,21.2,WGA,ILLUMINA,PAIRED,ftp://ftp.sra.ebi.ac.uk/vol1/fastq/SRR126/043/SRR12633443/SRR12633443_2.fastq.gz,11443347670,6a1c975348affa9f9d9214fd063c2d82
PRJNA661271,Maize Wisconsin Diversity Panel Resequencing Project,SAMN16053071,SRR12633446,Ames 23463,A627,27.0,False,Maize.Group.Ames.Panel.2010,43.3,WGA,ILLUMINA,PAIRED,ftp://ftp.sra.ebi.ac.uk/vol1/fastq/SRR126/046/SRR12633446/SRR12633446_1.fastq.gz,23111994622,35e59822c8ce445b2a09051794d48d00
PRJNA661271,Maize Wisconsin Diversity Panel Resequencing Project,SAMN16053071,SRR12633446,Ames 23463,A627,27.0,False,Maize.Group.Ames.Panel.2010,43.3,WGA,ILLUMINA,PAIRED,ftp://ftp.sra.ebi.ac.uk/vol1/fastq/SRR126/046/SRR12633446/SRR12633446_2.fastq.gz,23678914394,ede9c678f1a753fc3428413e30526af0
PRJNA661271,Maize Wisconsin Diversity Panel Resequencing Project,SAMN16053068,SRR12633450,PI 693342,A239,19.0,False,Maize.Set.Inbred.Diversity.282.Plus.NAM.Parents,21.3,WGA,ILLUMINA,PAIRED,ftp://ftp.sra.ebi.ac.uk/vol1/fastq/SRR126/050/SRR12633450/SRR12633450_1.fastq.gz,11762445050,4e327c85cc572a0689ddfd58d741bc58
PRJNA661271,Maize Wisconsin Diversity Panel Resequencing Project,SAMN16053068,SRR12633450,PI 693342,A239,19.0,False,Maize.Set.Inbred.Diversity.282.Plus.NAM.Parents,21.3,WGA,ILLUMINA,PAIRED,ftp://ftp.sra.ebi.ac.uk/vol1/fastq/SRR126/050/SRR12633450/SRR12633450_2.fastq.gz,12234569280,62e269af7bf6bed80781e6d213b6432a
PRJNA661271,Maize Wisconsin Diversity Panel Resequencing Project,SAMN16053065,SRR12633454,PI 564751,2FADB,29.0,False,Maize.Group.PVP,24.7,WGA,ILLUMINA,PAIRED,ftp://ftp.sra.ebi.ac.uk/vol1/fastq/SRR126/054/SRR12633454/SRR12633454_1.fastq.gz,13387177824,bf7e831c8504e33b0597e7acbbe3882b
PRJNA661271,Maize Wisconsin Diversity Panel Resequencing Project,SAMN16053065,SRR12633454,PI 564751,2FADB,29.0,False,Maize.Group.PVP,24.7,WGA,ILLUMINA,PAIRED,ftp://ftp.sra.ebi.ac.uk/vol1/fastq/SRR126/054/SRR12633454/SRR12633454_2.fastq.gz,13575048190,cb9d763cf04c5dcda68739a22188cd95
PRJNA661271,Maize Wisconsin Diversity Panel Resequencing Project,SAMN16052883,SRR12633457,PI 257517,FC46,27.0,False,Maize.Group.Ames.Panel.2010,23.3,WGA,ILLUMINA,PAIRED,ftp://ftp.sra.ebi.ac.uk/vol1/fastq/SRR126/057/SRR12633457/SRR12633457_1.fastq.gz,13183229460,ac1cf7899c5a2c11b3b8c3bcb52c2403
PRJNA661271,Maize Wisconsin Diversity Panel Resequencing Project,SAMN16052883,SRR12633457,PI 257517,FC46,27.0,False,Maize.Group.Ames.Panel.2010,23.3,WGA,ILLUMINA,PAIRED,ftp://ftp.sra.ebi.ac.uk/vol1/fastq/SRR126/057/SRR12633457/SRR12633457_2.fastq.gz,14220701529,d2e5dc812ae1e1666214d5a3e69d6d03
PRJNA661271,Maize Wisconsin Diversity Panel Resequencing Project,SAMN16053060,SRR12633460,PI 601191,DJ7,34.0,False,Maize.Group.PVP,25.8,WGA,ILLUMINA,PAIRED,ftp://ftp.sra.ebi.ac.uk/vol1/fastq/SRR126/060/SRR12633460/SRR12633460_1.fastq.gz,14155730442,e62920fb309e38bdfad88789827f3f86
PRJNA661271,Maize Wisconsin Diversity Panel Resequencing Project,SAMN16053060,SRR12633460,PI 601191,DJ7,34.0,False,Maize.Group.PVP,25.8,WGA,ILLUMINA,PAIRED,ftp://ftp.sra.ebi.ac.uk/vol1/fastq/SRR126/060/SRR12633460/SRR12633460_2.fastq.gz,14396408042,4315913583d236dfe33569447ce687ba
PRJNA661271,Maize Wisconsin Diversity Panel Resequencing Project,SAMN16053055,SRR12633463,Ames 30554,W602S,27.0,False,Maize.Group.Ames.Panel.Post.2010,21.2,WGA,ILLUMINA,PAIRED,ftp://ftp.sra.ebi.ac.uk/vol1/fastq/SRR126/063/SRR12633463/SRR12633463_1.fastq.gz,11644369029,b6c3bdc891fb98c11ffca7e5b7de47c9
PRJNA661271,Maize Wisconsin Diversity Panel Resequencing Project,SAMN16053055,SRR12633463,Ames 30554,W602S,27.0,False,Maize.Group.Ames.Panel.Post.2010,21.2,WGA,ILLUMINA,PAIRED,ftp://ftp.sra.ebi.ac.uk/vol1/fastq/SRR126/063/SRR12633463/SRR12633463_2.fastq.gz,12056724967,c876d8af6c36d45909ee7999feb98c3e
PRJNA661271,Maize Wisconsin Diversity Panel Resequencing Project,SAMN16053054,SRR12633464,PI 524969,SD44,22.0,False,Maize.Set.Inbred.Diversity.282.Plus.NAM.Parents,19.9,WGA,ILLUMINA,PAIRED,ftp://ftp.sra.ebi.ac.uk/vol1/fastq/SRR126/064/SRR12633464/SRR12633464_1.fastq.gz,10724789294,ad8c9612b6c7ad2afb2792e5d7690ea8
PRJNA661271,Maize Wisconsin Diversity Panel Resequencing Project,SAMN16053054,SRR12633464,PI 524969,SD44,22.0,False,Maize.Set.Inbred.Diversity.282.Plus.NAM.Parents,19.9,WGA,ILLUMINA,PAIRED,ftp://ftp.sra.ebi.ac.uk/vol1/fastq/SRR126/064/SRR12633464/SRR12633464_2.fastq.gz,10949524630,44b33c2d651eabe3c723d3db4e84e3bc
PRJNA661271,Maize Wisconsin Diversity Panel Resequencing Project,SAMN16052967,SRR12633469,Ames 22439,A73,19.0,False,Maize.Group.Ames.Panel.2010,21.3,WGA,ILLUMINA,PAIRED,ftp://ftp.sra.ebi.ac.uk/vol1/fastq/SRR126/069/SRR12633469/SRR12633469_1.fastq.gz,11681910651,55fad186b9f49b3592866f7d4d760d40
PRJNA661271,Maize Wisconsin Diversity Panel Resequencing Project,SAMN16052967,SRR12633469,Ames 22439,A73,19.0,False,Maize.Group.Ames.Panel.2010,21.3,WGA,ILLUMINA,PAIRED,ftp://ftp.sra.ebi.ac.uk/vol1/fastq/SRR126/069/SRR12633469/SRR12633469_2.fastq.gz,11961902471,cce3d75bb35852c4f3ddc28ccbccae66
PRJNA661271,Maize Wisconsin Diversity Panel Resequencing Project,SAMN16052963,SRR12633473,Ames 23435,A427,27.0,False,Maize.Group.Ames.Panel.2010,21.4,WGA,ILLUMINA,PAIRED,ftp://ftp.sra.ebi.ac.uk/vol1/fastq/SRR126/073/SRR12633473/SRR12633473_1.fastq.gz,11365635562,37dbb266040e1efd5541129775e109cf
PRJNA661271,Maize Wisconsin Diversity Panel Resequencing Project,SAMN16052963,SRR12633473,Ames 23435,A427,27.0,False,Maize.Group.Ames.Panel.2010,21.4,WGA,ILLUMINA,PAIRED,ftp://ftp.sra.ebi.ac.uk/vol1/fastq/SRR126/073/SRR12633473/SRR12633473_2.fastq.gz,11426473431,9bbe8cca1373336038689a5f5b237c5f
PRJNA661271,Maize Wisconsin Diversity Panel Resequencing Project,SAMN16052955,SRR12633482,PI 565111,PHV57,30.0,False,Maize.Group.PVP,22.2,WGA,ILLUMINA,PAIRED,ftp://ftp.sra.ebi.ac.uk/vol1/fastq/SRR126/082/SRR12633482/SRR12633482_1.fastq.gz,12163735743,bcccdf500e77b6f5240487f1394af2d4
PRJNA661271,Maize Wisconsin Diversity Panel Resequencing Project,SAMN16052955,SRR12633482,PI 565111,PHV57,30.0,False,Maize.Group.PVP,22.2,WGA,ILLUMINA,PAIRED,ftp://ftp.sra.ebi.ac.uk/vol1/fastq/SRR126/082/SRR12633482/SRR12633482_2.fastq.gz,12501027004,045336afdc761c6574e3e394c1a52316
PRJNA661271,Maize Wisconsin Diversity Panel Resequencing Project,SAMN16052942,SRR12633494,Ames 24750,MS225,19.0,False,Maize.Group.Ames.Panel.2010,20.9,WGA,ILLUMINA,PAIRED,ftp://ftp.sra.ebi.ac.uk/vol1/fastq/SRR126/094/SRR12633494/SRR12633494_1.fastq.gz,11166198184,d6e5687caaa88440e819900dcac5848d
PRJNA661271,Maize Wisconsin Diversity Panel Resequencing Project,SAMN16052942,SRR12633494,Ames 24750,MS225,19.0,False,Maize.Group.Ames.Panel.2010,20.9,WGA,ILLUMINA,PAIRED,ftp://ftp.sra.ebi.ac.uk/vol1/fastq/SRR126/094/SRR12633494/SRR12633494_2.fastq.gz,11402560238,3f5a502f4439eefc25096b99a974cdf9
PRJNA661271,Maize Wisconsin Diversity Panel Resequencing Project,SAMN16052872,SRR12633498,PI 565099,PHVJ4,30.0,False,Maize.Group.PVP,23.4,WGA,ILLUMINA,PAIRED,ftp://ftp.sra.ebi.ac.uk/vol1/fastq/SRR126/098/SRR12633498/SRR12633498_1.fastq.gz,13220881103,7d3578905489ba0c2f48199f3566e14e
PRJNA661271,Maize Wisconsin Diversity Panel Resequencing Project,SAMN16052872,SRR12633498,PI 565099,PHVJ4,30.0,False,Maize.Group.PVP,23.4,WGA,ILLUMINA,PAIRED,ftp://ftp.sra.ebi.ac.uk/vol1/fastq/SRR126/098/SRR12633498/SRR12633498_2.fastq.gz,14075012789,bd8044b79c189a6b65f5359eae59a45f
PRJNA661271,Maize Wisconsin Diversity Panel Resequencing Project,SAMN16052935,SRR12633502,PI 564697,ICI 581,30.0,False,Maize.Group.PVP,22.7,WGA,ILLUMINA,PAIRED,ftp://ftp.sra.ebi.ac.uk/vol1/fastq/SRR126/002/SRR12633502/SRR12633502_1.fastq.gz,12191392324,8843ba7425ce65a8580de259a536cad0
PRJNA661271,Maize Wisconsin Diversity Panel Resequencing Project,SAMN16052935,SRR12633502,PI 564697,ICI 581,30.0,False,Maize.Group.PVP,22.7,WGA,ILLUMINA,PAIRED,ftp://ftp.sra.ebi.ac.uk/vol1/fastq/SRR126/002/SRR12633502/SRR12633502_2.fastq.gz,12463110680,bb6bfddd84c7f7cfc3b0e81e41c2eb6b
PRJNA661271,Maize Wisconsin Diversity Panel Resequencing Project,SAMN16053050,SRR12633509,PI 601362,PHW17,31.0,False,Maize.Group.PVP,22.3,WGA,ILLUMINA,PAIRED,ftp://ftp.sra.ebi.ac.uk/vol1/fastq/SRR126/009/SRR12633509/SRR12633509_1.fastq.gz,12118548583,0f54331fe2f6f28603105c2813114f5f
PRJNA661271,Maize Wisconsin Diversity Panel Resequencing Project,SAMN16053050,SRR12633509,PI 601362,PHW17,31.0,False,Maize.Group.PVP,22.3,WGA,ILLUMINA,PAIRED,ftp://ftp.sra.ebi.ac.uk/vol1/fastq/SRR126/009/SRR12633509/SRR12633509_2.fastq.gz,12190984104,349d37c6a85969b5d43f865d2dbf58aa
PRJNA661271,Maize Wisconsin Diversity Panel Resequencing Project,SAMN16052881,SRR12633519,PI 340836,CA-4,43.0,False,Maize.Group.Ames.Panel.2010,22.1,WGA,ILLUMINA,PAIRED,ftp://ftp.sra.ebi.ac.uk/vol1/fastq/SRR126/019/SRR12633519/SRR12633519_1.fastq.gz,12533757329,822d5fe18422e9d1ed90d6e5f458eaed
PRJNA661271,Maize Wisconsin Diversity Panel Resequencing Project,SAMN16052881,SRR12633519,PI 340836,CA-4,43.0,False,Maize.Group.Ames.Panel.2010,22.1,WGA,ILLUMINA,PAIRED,ftp://ftp.sra.ebi.ac.uk/vol1/fastq/SRR126/019/SRR12633519/SRR12633519_2.fastq.gz,13519235370,fb40419bb20d00f93a0e3e2232e1bfd7
PRJNA661271,Maize Wisconsin Diversity Panel Resequencing Project,SAMN16053035,SRR12633521,PI 693345,MS1334,34.0,False,Maize.Set.Inbred.Diversity.282.Plus.NAM.Parents,24.3,WGA,ILLUMINA,PAIRED,ftp://ftp.sra.ebi.ac.uk/vol1/fastq/SRR126/021/SRR12633521/SRR12633521_1.fastq.gz,13108177270,3e78db8f1e2dc890808d4859ad29562d
PRJNA661271,Maize Wisconsin Diversity Panel Resequencing Project,SAMN16053035,SRR12633521,PI 693345,MS1334,34.0,False,Maize.Set.Inbred.Diversity.282.Plus.NAM.Parents,24.3,WGA,ILLUMINA,PAIRED,ftp://ftp.sra.ebi.ac.uk/vol1/fastq/SRR126/021/SRR12633521/SRR12633521_2.fastq.gz,13439322292,61f1cd8dfe398757bac41425a8f84d3b
PRJNA661271,Maize Wisconsin Diversity Panel Resequencing Project,SAMN16052984,SRR12633530,PI 562380,LH223,29.0,False,Maize.Group.PVP,55.2,WGA,ILLUMINA,PAIRED,ftp://ftp.sra.ebi.ac.uk/vol1/fastq/SRR126/030/SRR12633530/SRR12633530_1.fastq.gz,29883752383,3625c6d61b2aea8b8dbcc2bdf1e38d36
PRJNA661271,Maize Wisconsin Diversity Panel Resequencing Project,SAMN16052984,SRR12633530,PI 562380,LH223,29.0,False,Maize.Group.PVP,55.2,WGA,ILLUMINA,PAIRED,ftp://ftp.sra.ebi.ac.uk/vol1/fastq/SRR126/030/SRR12633530/SRR12633530_2.fastq.gz,30558641968,357ff6a5f7f59b0a8ce5dc45d9777b7c
PRJNA661271,Maize Wisconsin Diversity Panel Resequencing Project,SAMN16052978,SRR12633536,PI 686057,I29,30.0,False,Maize.Set.Inbred.Diversity.282.Plus.NAM.Parents,19.2,WGA,ILLUMINA,PAIRED,ftp://ftp.sra.ebi.ac.uk/vol1/fastq/SRR126/036/SRR12633536/SRR12633536_1.fastq.gz,10223040889,c033e71c8360455b99b4fedd161d7106
PRJNA661271,Maize Wisconsin Diversity Panel Resequencing Project,SAMN16052978,SRR12633536,PI 686057,I29,30.0,False,Maize.Set.Inbred.Diversity.282.Plus.NAM.Parents,19.2,WGA,ILLUMINA,PAIRED,ftp://ftp.sra.ebi.ac.uk/vol1/fastq/SRR126/036/SRR12633536/SRR12633536_2.fastq.gz,10481671649,911d3cc212c92cdec34a8965018a17a2
PRJNA661271,Maize Wisconsin Diversity Panel Resequencing Project,SAMN16053339,SRR12633551,PI 698981,H96,28.0,False,Maize.Group.Ames.Panel.2010,26.4,WGA,ILLUMINA,PAIRED,ftp://ftp.sra.ebi.ac.uk/vol1/fastq/SRR126/051/SRR12633551/SRR12633551_1.fastq.gz,14079909116,cf8aec08fa37e537be0b55f245a6a020
PRJNA661271,Maize Wisconsin Diversity Panel Resequencing Project,SAMN16053339,SRR12633551,PI 698981,H96,28.0,False,Maize.Group.Ames.Panel.2010,26.4,WGA,ILLUMINA,PAIRED,ftp://ftp.sra.ebi.ac.uk/vol1/fastq/SRR126/051/SRR12633551/SRR12633551_2.fastq.gz,14552381775,e4525d0f1301a2862b900e21d395a01c
PRJNA661271,Maize Wisconsin Diversity Panel Resequencing Project,SAMN16053332,SRR12633559,PI 550465,B68,16.0,False,Maize.Set.Inbred.Diversity.282.Plus.NAM.Parents,24.7,WGA,ILLUMINA,PAIRED,ftp://ftp.sra.ebi.ac.uk/vol1/fastq/SRR126/059/SRR12633559/SRR12633559_1.fastq.gz,13336985028,bd122ee799eb76eda1ab2a685a77a9a2
PRJNA661271,Maize Wisconsin Diversity Panel Resequencing Project,SAMN16053332,SRR12633559,PI 550465,B68,16.0,False,Maize.Set.Inbred.Diversity.282.Plus.NAM.Parents,24.7,WGA,ILLUMINA,PAIRED,ftp://ftp.sra.ebi.ac.uk/vol1/fastq/SRR126/059/SRR12633559/SRR12633559_2.fastq.gz,13411611983,d3d7c8e95247f028954244b5cff21e76
PRJNA661271,Maize Wisconsin Diversity Panel Resequencing Project,SAMN16053329,SRR12633562,PI 594047,B104,35.0,False,Maize.Set.Inbred.Diversity.282.Plus.NAM.Parents,23.9,WGA,ILLUMINA,PAIRED,ftp://ftp.sra.ebi.ac.uk/vol1/fastq/SRR126/062/SRR12633562/SRR12633562_1.fastq.gz,13342168021,f7ec03fd9db8cef6abfaa54869d489cd
PRJNA661271,Maize Wisconsin Diversity Panel Resequencing Project,SAMN16053329,SRR12633562,PI 594047,B104,35.0,False,Maize.Set.Inbred.Diversity.282.Plus.NAM.Parents,23.9,WGA,ILLUMINA,PAIRED,ftp://ftp.sra.ebi.ac.uk/vol1/fastq/SRR126/062/SRR12633562/SRR12633562_2.fastq.gz,13470663059,7ce5210072332db7ed1853fb86e1a21d
PRJNA661271,Maize Wisconsin Diversity Panel Resequencing Project,SAMN16053325,SRR12633567,PI 601685,WIL901,31.0,False,Maize.Group.PVP,20.7,WGA,ILLUMINA,PAIRED,ftp://ftp.sra.ebi.ac.uk/vol1/fastq/SRR126/067/SRR12633567/SRR12633567_1.fastq.gz,11178918503,48b9b7325667a779787f438f07ea5bff
PRJNA661271,Maize Wisconsin Diversity Panel Resequencing Project,SAMN16053325,SRR12633567,PI 601685,WIL901,31.0,False,Maize.Group.PVP,20.7,WGA,ILLUMINA,PAIRED,ftp://ftp.sra.ebi.ac.uk/vol1/fastq/SRR126/067/SRR12633567/SRR12633567_2.fastq.gz,11397500158,e2f24dce34ff1e832ec2fdeffadaf07a
PRJNA661271,Maize Wisconsin Diversity Panel Resequencing Project,SAMN16053324,SRR12633568,PI 594048,B105,26.0,False,Maize.Set.Inbred.Diversity.282.Plus.NAM.Parents,23.6,WGA,ILLUMINA,PAIRED,ftp://ftp.sra.ebi.ac.uk/vol1/fastq/SRR126/068/SRR12633568/SRR12633568_1.fastq.gz,12574610835,47ad452fc7392c49e1ab8f9c5b2f8b05
PRJNA661271,Maize Wisconsin Diversity Panel Resequencing Project,SAMN16053324,SRR12633568,PI 594048,B105,26.0,False,Maize.Set.Inbred.Diversity.282.Plus.NAM.Parents,23.6,WGA,ILLUMINA,PAIRED,ftp://ftp.sra.ebi.ac.uk/vol1/fastq/SRR126/068/SRR12633568/SRR12633568_2.fastq.gz,12934604751,2122c8f499b153f24b6fc778015b0378
PRJNA661271,Maize Wisconsin Diversity Panel Resequencing Project,SAMN16053313,SRR12633580,NSL 30071,W32,27.0,False,Maize.Group.Ames.Panel.2010,22.0,WGA,ILLUMINA,PAIRED,ftp://ftp.sra.ebi.ac.uk/vol1/fastq/SRR126/080/SRR12633580/SRR12633580_1.fastq.gz,12369588079,283dde833eda6933c52bbd5b37d5f46e
PRJNA661271,Maize Wisconsin Diversity Panel Resequencing Project,SAMN16053313,SRR12633580,NSL 30071,W32,27.0,False,Maize.Group.Ames.Panel.2010,22.0,WGA,ILLUMINA,PAIRED,ftp://ftp.sra.ebi.ac.uk/vol1/fastq/SRR126/080/SRR12633580/SRR12633580_2.fastq.gz,13381772660,1cdc54cb6404d76d0aac189b859bec08
PRJNA661271,Maize Wisconsin Diversity Panel Resequencing Project,SAMN16053310,SRR12633583,PI 587150,Va35,28.0,False,Maize.Set.Inbred.Diversity.282.Plus.NAM.Parents,23.7,WGA,ILLUMINA,PAIRED,ftp://ftp.sra.ebi.ac.uk/vol1/fastq/SRR126/083/SRR12633583/SRR12633583_1.fastq.gz,13763766827,b504e0c3de38a9bfeab4b5b1d7629dfc
PRJNA661271,Maize Wisconsin Diversity Panel Resequencing Project,SAMN16053310,SRR12633583,PI 587150,Va35,28.0,False,Maize.Set.Inbred.Diversity.282.Plus.NAM.Parents,23.7,WGA,ILLUMINA,PAIRED,ftp://ftp.sra.ebi.ac.uk/vol1/fastq/SRR126/083/SRR12633583/SRR12633583_2.fastq.gz,14928840587,bff6c3ace096ef02b41523d46073ea71
PRJNA661271,Maize Wisconsin Diversity Panel Resequencing Project,SAMN16053308,SRR12633584,PI 587151,Va102,38.0,False,Maize.Set.Inbred.Diversity.282.Plus.NAM.Parents,24.5,WGA,ILLUMINA,PAIRED,ftp://ftp.sra.ebi.ac.uk/vol1/fastq/SRR126/084/SRR12633584/SRR12633584_1.fastq.gz,13621779627,db9745c9726190d77aa5852de3018827
PRJNA661271,Maize Wisconsin Diversity Panel Resequencing Project,SAMN16053308,SRR12633584,PI 587151,Va102,38.0,False,Maize.Set.Inbred.Diversity.282.Plus.NAM.Parents,24.5,WGA,ILLUMINA,PAIRED,ftp://ftp.sra.ebi.ac.uk/vol1/fastq/SRR126/084/SRR12633584/SRR12633584_2.fastq.gz,13737140224,a584fe9e1d37dd332704d8e9cbd070d9
PRJNA661271,Maize Wisconsin Diversity Panel Resequencing Project,SAMN16053306,SRR12633586,PI 592734,R229,24.0,False,Maize.Set.Inbred.Diversity.282.Plus.NAM.Parents,21.0,WGA,ILLUMINA,PAIRED,ftp://ftp.sra.ebi.ac.uk/vol1/fastq/SRR126/086/SRR12633586/SRR12633586_1.fastq.gz,11408737521,099676255477b96ba2225854445ec70a
PRJNA661271,Maize Wisconsin Diversity Panel Resequencing Project,SAMN16053306,SRR12633586,PI 592734,R229,24.0,False,Maize.Set.Inbred.Diversity.282.Plus.NAM.Parents,21.0,WGA,ILLUMINA,PAIRED,ftp://ftp.sra.ebi.ac.uk/vol1/fastq/SRR126/086/SRR12633586/SRR12633586_2.fastq.gz,11623631068,be6740867a873d35b8edbb3be6e70bdc
PRJNA661271,Maize Wisconsin Diversity Panel Resequencing Project,SAMN16052909,SRR12633588,Ames 27018,CH711-10,26.0,False,Maize.Group.Ames.Panel.2010,20.8,WGA,ILLUMINA,PAIRED,ftp://ftp.sra.ebi.ac.uk/vol1/fastq/SRR126/088/SRR12633588/SRR12633588_1.fastq.gz,11581257350,64af61a0442c1a01db9296cd22503d95
PRJNA661271,Maize Wisconsin Diversity Panel Resequencing Project,SAMN16052909,SRR12633588,Ames 27018,CH711-10,26.0,False,Maize.Group.Ames.Panel.2010,20.8,WGA,ILLUMINA,PAIRED,ftp://ftp.sra.ebi.ac.uk/vol1/fastq/SRR126/088/SRR12633588/SRR12633588_2.fastq.gz,12274779294,40b84962a7f2db2f0f413a76dc6f0a0e
PRJNA661271,Maize Wisconsin Diversity Panel Resequencing Project,SAMN16052869,SRR12633589,Ames 24729,MS116,19.0,False,Maize.Group.Ames.Panel.2010,22.2,WGA,ILLUMINA,PAIRED,ftp://ftp.sra.ebi.ac.uk/vol1/fastq/SRR126/089/SRR12633589/SRR12633589_1.fastq.gz,12519408186,285c443940762bfef05a3485377ac022
PRJNA661271,Maize Wisconsin Diversity Panel Resequencing Project,SAMN16052869,SRR12633589,Ames 24729,MS116,19.0,False,Maize.Group.Ames.Panel.2010,22.2,WGA,ILLUMINA,PAIRED,ftp://ftp.sra.ebi.ac.uk/vol1/fastq/SRR126/089/SRR12633589/SRR12633589_2.fastq.gz,13466635147,59dd8fe104027394fcf7b7240c6a07da
PRJNA661271,Maize Wisconsin Diversity Panel Resequencing Project,SAMN16053292,SRR12633600,PI 610494,NY6371,28.0,False,Maize.Group.Ames.Panel.2010,21.9,WGA,ILLUMINA,PAIRED,ftp://ftp.sra.ebi.ac.uk/vol1/fastq/SRR126/000/SRR12633600/SRR12633600_1.fastq.gz,12075724684,41256addb5518d38d35ae9922f5b156d
PRJNA661271,Maize Wisconsin Diversity Panel Resequencing Project,SAMN16053292,SRR12633600,PI 610494,NY6371,28.0,False,Maize.Group.Ames.Panel.2010,21.9,WGA,ILLUMINA,PAIRED,ftp://ftp.sra.ebi.ac.uk/vol1/fastq/SRR126/000/SRR12633600/SRR12633600_2.fastq.gz,12297455637,0039ae53531eb6a5a52dbcca04b28f36
PRJNA661271,Maize Wisconsin Diversity Panel Resequencing Project,SAMN16053290,SRR12633601,PI 690409,NC326,32.0,False,Maize.Set.Inbred.Diversity.282.Plus.NAM.Parents,24.2,WGA,ILLUMINA,PAIRED,ftp://ftp.sra.ebi.ac.uk/vol1/fastq/SRR126/001/SRR12633601/SRR12633601_1.fastq.gz,13125387931,857ce5ed48bbe053c9365314aa090c8e
PRJNA661271,Maize Wisconsin Diversity Panel Resequencing Project,SAMN16053290,SRR12633601,PI 690409,NC326,32.0,False,Maize.Set.Inbred.Diversity.282.Plus.NAM.Parents,24.2,WGA,ILLUMINA,PAIRED,ftp://ftp.sra.ebi.ac.uk/vol1/fastq/SRR126/001/SRR12633601/SRR12633601_2.fastq.gz,13848021507,6b3469113f703f5f66a16a40822c23c2
PRJNA661271,Maize Wisconsin Diversity Panel Resequencing Project,SAMN16053288,SRR12633603,PI 607512,N7A,30.0,False,Maize.Group.Ames.Panel.2010,35.9,WGA,ILLUMINA,PAIRED,ftp://ftp.sra.ebi.ac.uk/vol1/fastq/SRR126/003/SRR12633603/SRR12633603_1.fastq.gz,20426019650,d5c16d940c67ab7adc973bed866446e2
PRJNA661271,Maize Wisconsin Diversity Panel Resequencing Project,SAMN16053288,SRR12633603,PI 607512,N7A,30.0,False,Maize.Group.Ames.Panel.2010,35.9,WGA,ILLUMINA,PAIRED,ftp://ftp.sra.ebi.ac.uk/vol1/fastq/SRR126/003/SRR12633603/SRR12633603_2.fastq.gz,21754805262,47f9803d9f4d26e70ad3a17c8f0b59bc
PRJNA661271,Maize Wisconsin Diversity Panel Resequencing Project,SAMN16053291,SRR12633604,PI 690417,NC342,33.0,False,Maize.Set.Inbred.Diversity.282.Plus.NAM.Parents,19.6,WGA,ILLUMINA,PAIRED,ftp://ftp.sra.ebi.ac.uk/vol1/fastq/SRR126/004/SRR12633604/SRR12633604_1.fastq.gz,10249960877,c6b3e8bb42ccb55d1e16977c99d60bf9
PRJNA661271,Maize Wisconsin Diversity Panel Resequencing Project,SAMN16053291,SRR12633604,PI 690417,NC342,33.0,False,Maize.Set.Inbred.Diversity.282.Plus.NAM.Parents,19.6,WGA,ILLUMINA,PAIRED,ftp://ftp.sra.ebi.ac.uk/vol1/fastq/SRR126/004/SRR12633604/SRR12633604_2.fastq.gz,10397524715,c1b5526f63b66e5cc48b56fe3d499d84
PRJNA661271,Maize Wisconsin Diversity Panel Resequencing Project,SAMN16053286,SRR12633606,PI 596357,N218,30.0,False,Maize.Group.Ames.Panel.2010,20.8,WGA,ILLUMINA,PAIRED,ftp://ftp.sra.ebi.ac.uk/vol1/fastq/SRR126/006/SRR12633606/SRR12633606_1.fastq.gz,11919635496,cbdbc72d8e65bfe1f958bea9b2f62207
PRJNA661271,Maize Wisconsin Diversity Panel Resequencing Project,SAMN16053286,SRR12633606,PI 596357,N218,30.0,False,Maize.Group.Ames.Panel.2010,20.8,WGA,ILLUMINA,PAIRED,ftp://ftp.sra.ebi.ac.uk/vol1/fastq/SRR126/006/SRR12633606/SRR12633606_2.fastq.gz,12585126999,ba032b4fd0271b4854ea54516eed78bd
PRJNA661271,Maize Wisconsin Diversity Panel Resequencing Project,SAMN16053285,SRR12633608,PI 596356,N217,30.0,False,Maize.Group.Ames.Panel.2010,22.2,WGA,ILLUMINA,PAIRED,ftp://ftp.sra.ebi.ac.uk/vol1/fastq/SRR126/008/SRR12633608/SRR12633608_1.fastq.gz,12865996012,c6df20dea9def0b60d57c4332f18620e
PRJNA661271,Maize Wisconsin Diversity Panel Resequencing Project,SAMN16053285,SRR12633608,PI 596356,N217,30.0,False,Maize.Group.Ames.Panel.2010,22.2,WGA,ILLUMINA,PAIRED,ftp://ftp.sra.ebi.ac.uk/vol1/fastq/SRR126/008/SRR12633608/SRR12633608_2.fastq.gz,13785235064,35d146e41fca817a1396fc9a0a12a2e1
PRJNA661271,Maize Wisconsin Diversity Panel Resequencing Project,SAMN16053015,SRR12633623,PI 340855,B-18 INBR.FR.SUPERGOLD,37.0,False,Maize.Group.Ames.Panel.2010,22.7,WGA,ILLUMINA,PAIRED,ftp://ftp.sra.ebi.ac.uk/vol1/fastq/SRR126/023/SRR12633623/SRR12633623_1.fastq.gz,12179264522,01ccdea3fb69cdb2fc3f9f1b694ee0a8
PRJNA661271,Maize Wisconsin Diversity Panel Resequencing Project,SAMN16053015,SRR12633623,PI 340855,B-18 INBR.FR.SUPERGOLD,37.0,False,Maize.Group.Ames.Panel.2010,22.7,WGA,ILLUMINA,PAIRED,ftp://ftp.sra.ebi.ac.uk/vol1/fastq/SRR126/023/SRR12633623/SRR12633623_2.fastq.gz,12523069850,2cf634fb9136fb5fd5675e613c746cde
PRJNA661271,Maize Wisconsin Diversity Panel Resequencing Project,SAMN16053013,SRR12633625,PI 693344,A680,30.0,False,Maize.Set.Inbred.Diversity.282.Plus.NAM.Parents,27.6,WGA,ILLUMINA,PAIRED,ftp://ftp.sra.ebi.ac.uk/vol1/fastq/SRR126/025/SRR12633625/SRR12633625_1.fastq.gz,14890380814,db20b379d59e8355b02b99d8a88f6f70
PRJNA661271,Maize Wisconsin Diversity Panel Resequencing Project,SAMN16053013,SRR12633625,PI 693344,A680,30.0,False,Maize.Set.Inbred.Diversity.282.Plus.NAM.Parents,27.6,WGA,ILLUMINA,PAIRED,ftp://ftp.sra.ebi.ac.uk/vol1/fastq/SRR126/025/SRR12633625/SRR12633625_2.fastq.gz,15090317821,3567b0fae3018c8843a1d9e9644d6011
PRJNA661271,Maize Wisconsin Diversity Panel Resequencing Project,SAMN16053011,SRR12633627,NSL 81596,A258,18.0,False,Maize.Group.Ames.Panel.2010,22.1,WGA,ILLUMINA,PAIRED,ftp://ftp.sra.ebi.ac.uk/vol1/fastq/SRR126/027/SRR12633627/SRR12633627_1.fastq.gz,11740426060,c0182586d9a5c4d36f6ee4a0f9959877
PRJNA661271,Maize Wisconsin Diversity Panel Resequencing Project,SAMN16053011,SRR12633627,NSL 81596,A258,18.0,False,Maize.Group.Ames.Panel.2010,22.1,WGA,ILLUMINA,PAIRED,ftp://ftp.sra.ebi.ac.uk/vol1/fastq/SRR126/027/SRR12633627/SRR12633627_2.fastq.gz,11966033280,47641442805cdc305b5c0f53afdac676
PRJNA661271,Maize Wisconsin Diversity Panel Resequencing Project,SAMN16053284,SRR12633629,Ames 24708,MS24A,30.0,False,Maize.Group.Ames.Panel.2010,21.7,WGA,ILLUMINA,PAIRED,ftp://ftp.sra.ebi.ac.uk/vol1/fastq/SRR126/029/SRR12633629/SRR12633629_1.fastq.gz,11725473477,82951d9dbe8db4eedae918e2714457f9
PRJNA661271,Maize Wisconsin Diversity Panel Resequencing Project,SAMN16053284,SRR12633629,Ames 24708,MS24A,30.0,False,Maize.Group.Ames.Panel.2010,21.7,WGA,ILLUMINA,PAIRED,ftp://ftp.sra.ebi.ac.uk/vol1/fastq/SRR126/029/SRR12633629/SRR12633629_2.fastq.gz,12058316394,bd8e62a6120113caadf8f2921ea3370c
PRJNA661271,Maize Wisconsin Diversity Panel Resequencing Project,SAMN16052907,SRR12633632,PI 693343,A556,30.0,False,Maize.Set.Inbred.Diversity.282.Plus.NAM.Parents,20.4,WGA,ILLUMINA,PAIRED,ftp://ftp.sra.ebi.ac.uk/vol1/fastq/SRR126/032/SRR12633632/SRR12633632_1.fastq.gz,11492205851,49655bcd8c043d6e454bb8933cae27db
PRJNA661271,Maize Wisconsin Diversity Panel Resequencing Project,SAMN16052907,SRR12633632,PI 693343,A556,30.0,False,Maize.Set.Inbred.Diversity.282.Plus.NAM.Parents,20.4,WGA,ILLUMINA,PAIRED,ftp://ftp.sra.ebi.ac.uk/vol1/fastq/SRR126/032/SRR12633632/SRR12633632_2.fastq.gz,12221943434,b0fab3a2dd0eeafb63dc3771208c8ddb
PRJNA661271,Maize Wisconsin Diversity Panel Resequencing Project,SAMN16053272,SRR12633644,PI 686059,IDS28,38.0,False,Maize.Set.Inbred.Diversity.282.Plus.NAM.Parents,32.8,WGA,ILLUMINA,PAIRED,ftp://ftp.sra.ebi.ac.uk/vol1/fastq/SRR126/044/SRR12633644/SRR12633644_1.fastq.gz,19014583721,41e0ecd7b00e81b2aa9187136f9a1964
PRJNA661271,Maize Wisconsin Diversity Panel Resequencing Project,SAMN16053272,SRR12633644,PI 686059,IDS28,38.0,False,Maize.Set.Inbred.Diversity.282.Plus.NAM.Parents,32.8,WGA,ILLUMINA,PAIRED,ftp://ftp.sra.ebi.ac.uk/vol1/fastq/SRR126/044/SRR12633644/SRR12633644_2.fastq.gz,19295194643,6733cfe7501d1e6ecb5782420386abb2
PRJNA661271,Maize Wisconsin Diversity Panel Resequencing Project,SAMN16053269,SRR12633647,PI 550526,H110,28.0,False,Maize.Group.Ames.Panel.2010,20.8,WGA,ILLUMINA,PAIRED,ftp://ftp.sra.ebi.ac.uk/vol1/fastq/SRR126/047/SRR12633647/SRR12633647_1.fastq.gz,12960752176,868893e0955ee1170d35c5e8a0cd44d2
PRJNA661271,Maize Wisconsin Diversity Panel Resequencing Project,SAMN16053269,SRR12633647,PI 550526,H110,28.0,False,Maize.Group.Ames.Panel.2010,20.8,WGA,ILLUMINA,PAIRED,ftp://ftp.sra.ebi.ac.uk/vol1/fastq/SRR126/047/SRR12633647/SRR12633647_2.fastq.gz,13105695279,99f5f11edfd8516b7f4008191b89692d
PRJNA661271,Maize Wisconsin Diversity Panel Resequencing Project,SAMN16053260,SRR12633656,PI 550464,B66,28.0,False,Maize.Group.Ames.Panel.2010,26.4,WGA,ILLUMINA,PAIRED,ftp://ftp.sra.ebi.ac.uk/vol1/fastq/SRR126/056/SRR12633656/SRR12633656_1.fastq.gz,14332913985,4c4bc21a92e325ef43444c258ad8da2c
PRJNA661271,Maize Wisconsin Diversity Panel Resequencing Project,SAMN16053260,SRR12633656,PI 550464,B66,28.0,False,Maize.Group.Ames.Panel.2010,26.4,WGA,ILLUMINA,PAIRED,ftp://ftp.sra.ebi.ac.uk/vol1/fastq/SRR126/056/SRR12633656/SRR12633656_2.fastq.gz,14618524412,89b440af33e4c5e568388252d7e26bc8
PRJNA661271,Maize Wisconsin Diversity Panel Resequencing Project,SAMN16053249,SRR12633667,PI 601561,6M502,20.0,False,Maize.Group.PVP,19.6,WGA,ILLUMINA,PAIRED,ftp://ftp.sra.ebi.ac.uk/vol1/fastq/SRR126/067/SRR12633667/SRR12633667_1.fastq.gz,10587393817,5eace3868178a764bb5b6b8adb3c404f
PRJNA661271,Maize Wisconsin Diversity Panel Resequencing Project,SAMN16053249,SRR12633667,PI 601561,6M502,20.0,False,Maize.Group.PVP,19.6,WGA,ILLUMINA,PAIRED,ftp://ftp.sra.ebi.ac.uk/vol1/fastq/SRR126/067/SRR12633667/SRR12633667_2.fastq.gz,10786767999,2a147cc9a8ccb0bb078c679794d0772f
PRJNA661271,Maize Wisconsin Diversity Panel Resequencing Project,SAMN16053248,SRR12633669,PI 391665,YING-55,22.0,False,Maize.Group.Ames.Panel.2010,24.0,WGA,ILLUMINA,PAIRED,ftp://ftp.sra.ebi.ac.uk/vol1/fastq/SRR126/069/SRR12633669/SRR12633669_1.fastq.gz,12830324036,8fa7d38b637823092c8987b016a30832
PRJNA661271,Maize Wisconsin Diversity Panel Resequencing Project,SAMN16053248,SRR12633669,PI 391665,YING-55,22.0,False,Maize.Group.Ames.Panel.2010,24.0,WGA,ILLUMINA,PAIRED,ftp://ftp.sra.ebi.ac.uk/vol1/fastq/SRR126/069/SRR12633669/SRR12633669_2.fastq.gz,13257245920,7121d0cdb425f101e61ebb42baf647e0
PRJNA661271,Maize Wisconsin Diversity Panel Resequencing Project,SAMN16053243,SRR12633674,Ames 30569,W812G,27.0,False,Maize.Group.Ames.Panel.Post.2010,20.5,WGA,ILLUMINA,PAIRED,ftp://ftp.sra.ebi.ac.uk/vol1/fastq/SRR126/074/SRR12633674/SRR12633674_1.fastq.gz,11852472473,69717384c78aeb78ac19520481be2832
PRJNA661271,Maize Wisconsin Diversity Panel Resequencing Project,SAMN16053243,SRR12633674,Ames 30569,W812G,27.0,False,Maize.Group.Ames.Panel.Post.2010,20.5,WGA,ILLUMINA,PAIRED,ftp://ftp.sra.ebi.ac.uk/vol1/fastq/SRR126/074/SRR12633674/SRR12633674_2.fastq.gz,12963748333,b60294155bf1dbde50c261283a1a0f71
PRJNA661271,Maize Wisconsin Diversity Panel Resequencing Project,SAMN16053229,SRR12633687,PI 559948,PHT47,30.0,False,Maize.Group.PVP,21.5,WGA,ILLUMINA,PAIRED,ftp://ftp.sra.ebi.ac.uk/vol1/fastq/SRR126/087/SRR12633687/SRR12633687_1.fastq.gz,12408231405,7c0e42a44cf874bba5336ca2c337d5fb
PRJNA661271,Maize Wisconsin Diversity Panel Resequencing Project,SAMN16053229,SRR12633687,PI 559948,PHT47,30.0,False,Maize.Group.PVP,21.5,WGA,ILLUMINA,PAIRED,ftp://ftp.sra.ebi.ac.uk/vol1/fastq/SRR126/087/SRR12633687/SRR12633687_2.fastq.gz,13434169574,546f74c94e4a1cd0e4fdc0d710e92a73
PRJNA661271,Maize Wisconsin Diversity Panel Resequencing Project,SAMN16053222,SRR12633691,PI 548800,PHK93,19.0,False,Maize.Group.PVP,20.0,WGA,ILLUMINA,PAIRED,ftp://ftp.sra.ebi.ac.uk/vol1/fastq/SRR126/091/SRR12633691/SRR12633691_1.fastq.gz,12169552126,f6fac75b9a31999ec14b98ca00b52280
PRJNA661271,Maize Wisconsin Diversity Panel Resequencing Project,SAMN16053222,SRR12633691,PI 548800,PHK93,19.0,False,Maize.Group.PVP,20.0,WGA,ILLUMINA,PAIRED,ftp://ftp.sra.ebi.ac.uk/vol1/fastq/SRR126/091/SRR12633691/SRR12633691_2.fastq.gz,12050123402,3cbdf3f9cc5d264607ddc8f1cbe45bbc
PRJNA661271,Maize Wisconsin Diversity Panel Resequencing Project,SAMN16053227,SRR12633696,PI 601573,PHT10,31.0,False,Maize.Group.PVP,22.0,WGA,ILLUMINA,PAIRED,ftp://ftp.sra.ebi.ac.uk/vol1/fastq/SRR126/096/SRR12633696/SRR12633696_1.fastq.gz,12612339677,473e1b82166dd599052d4104a7ddbe6d
PRJNA661271,Maize Wisconsin Diversity Panel Resequencing Project,SAMN16053227,SRR12633696,PI 601573,PHT10,31.0,False,Maize.Group.PVP,22.0,WGA,ILLUMINA,PAIRED,ftp://ftp.sra.ebi.ac.uk/vol1/fastq/SRR126/096/SRR12633696/SRR12633696_2.fastq.gz,13511126990,e7f26933cf67270a4e8996fedc7e1c74
PRJNA661271,Maize Wisconsin Diversity Panel Resequencing Project,SAMN16053005,SRR12633704,NSL 30066,WR3,28.0,False,Maize.Group.Ames.Panel.2010,20.9,WGA,ILLUMINA,PAIRED,ftp://ftp.sra.ebi.ac.uk/vol1/fastq/SRR126/004/SRR12633704/SRR12633704_1.fastq.gz,11230240756,a4695c73d80b77f491958061b34e7e10
PRJNA661271,Maize Wisconsin Diversity Panel Resequencing Project,SAMN16053005,SRR12633704,NSL 30066,WR3,28.0,False,Maize.Group.Ames.Panel.2010,20.9,WGA,ILLUMINA,PAIRED,ftp://ftp.sra.ebi.ac.uk/vol1/fastq/SRR126/004/SRR12633704/SRR12633704_2.fastq.gz,11581008020,bd3a307c24fb08263039258395acc51f
PRJNA661271,Maize Wisconsin Diversity Panel Resequencing Project,SAMN16053003,SRR12633706,PI 533659,SD102,28.0,False,Maize.Group.Ames.Panel.2010,23.0,WGA,ILLUMINA,PAIRED,ftp://ftp.sra.ebi.ac.uk/vol1/fastq/SRR126/006/SRR12633706/SRR12633706_1.fastq.gz,12426704806,820437a8c892e97064c445908efbb16f
PRJNA661271,Maize Wisconsin Diversity Panel Resequencing Project,SAMN16053003,SRR12633706,PI 533659,SD102,28.0,False,Maize.Group.Ames.Panel.2010,23.0,WGA,ILLUMINA,PAIRED,ftp://ftp.sra.ebi.ac.uk/vol1/fastq/SRR126/006/SRR12633706/SRR12633706_2.fastq.gz,13110164207,d11c6df6d1930896dbb6b9aaef79ef84
PRJNA661271,Maize Wisconsin Diversity Panel Resequencing Project,SAMN16052998,SRR12633709,PI 559936,PHBW8,30.0,False,Maize.Group.PVP,22.2,WGA,ILLUMINA,PAIRED,ftp://ftp.sra.ebi.ac.uk/vol1/fastq/SRR126/009/SRR12633709/SRR12633709_1.fastq.gz,12076392152,f2ea5f03151189172b9539ab71a2f8a5
PRJNA661271,Maize Wisconsin Diversity Panel Resequencing Project,SAMN16052998,SRR12633709,PI 559936,PHBW8,30.0,False,Maize.Group.PVP,22.2,WGA,ILLUMINA,PAIRED,ftp://ftp.sra.ebi.ac.uk/vol1/fastq/SRR126/009/SRR12633709/SRR12633709_2.fastq.gz,12545796337,e8cbedf8f7f4758ffb2ad102535ca8f7
PRJNA661271,Maize Wisconsin Diversity Panel Resequencing Project,SAMN16052877,SRR12633714,PI 564750,91IFC2,29.0,False,Maize.Group.PVP,21.1,WGA,ILLUMINA,PAIRED,ftp://ftp.sra.ebi.ac.uk/vol1/fastq/SRR126/014/SRR12633714/SRR12633714_1.fastq.gz,11689832499,a0de4aa25629f75d6f8bcb62bef23e5d
PRJNA661271,Maize Wisconsin Diversity Panel Resequencing Project,SAMN16052877,SRR12633714,PI 564750,91IFC2,29.0,False,Maize.Group.PVP,21.1,WGA,ILLUMINA,PAIRED,ftp://ftp.sra.ebi.ac.uk/vol1/fastq/SRR126/014/SRR12633714/SRR12633714_2.fastq.gz,11976612595,649d5bf6107598add1faa98710379370
PRJNA661271,Maize Wisconsin Diversity Panel Resequencing Project,SAMN16052993,SRR12633715,Ames 24749,MS224,19.0,False,Maize.Group.Ames.Panel.2010,23.5,WGA,ILLUMINA,PAIRED,ftp://ftp.sra.ebi.ac.uk/vol1/fastq/SRR126/015/SRR12633715/SRR12633715_1.fastq.gz,12851850614,6974f6f015dabc51986ec0b9a65e4926
PRJNA661271,Maize Wisconsin Diversity Panel Resequencing Project,SAMN16052993,SRR12633715,Ames 24749,MS224,19.0,False,Maize.Group.Ames.Panel.2010,23.5,WGA,ILLUMINA,PAIRED,ftp://ftp.sra.ebi.ac.uk/vol1/fastq/SRR126/015/SRR12633715/SRR12633715_2.fastq.gz,13252617115,2da398302ec939237fc6e45009ffc0ed
PRJNA661271,Maize Wisconsin Diversity Panel Resequencing Project,SAMN16053209,SRR12633725,PI 604606,N527,30.0,False,Maize.Group.Ames.Panel.2010,20.6,WGA,ILLUMINA,PAIRED,ftp://ftp.sra.ebi.ac.uk/vol1/fastq/SRR126/025/SRR12633725/SRR12633725_1.fastq.gz,11434505742,80322ee6c204f04e277c12520b25a64e
PRJNA661271,Maize Wisconsin Diversity Panel Resequencing Project,SAMN16053209,SRR12633725,PI 604606,N527,30.0,False,Maize.Group.Ames.Panel.2010,20.6,WGA,ILLUMINA,PAIRED,ftp://ftp.sra.ebi.ac.uk/vol1/fastq/SRR126/025/SRR12633725/SRR12633725_2.fastq.gz,11584724400,5d8398f45f0d4a5e98a0d7420dc9c7fd
PRJNA661271,Maize Wisconsin Diversity Panel Resequencing Project,SAMN16053208,SRR12633726,PI 594071,N523,29.0,False,Maize.Group.Ames.Panel.2010,22.1,WGA,ILLUMINA,PAIRED,ftp://ftp.sra.ebi.ac.uk/vol1/fastq/SRR126/026/SRR12633726/SRR12633726_1.fastq.gz,12373332231,dff9e0f46fb248b0bd85c75cb6af65d7
PRJNA661271,Maize Wisconsin Diversity Panel Resequencing Project,SAMN16053208,SRR12633726,PI 594071,N523,29.0,False,Maize.Group.Ames.Panel.2010,22.1,WGA,ILLUMINA,PAIRED,ftp://ftp.sra.ebi.ac.uk/vol1/fastq/SRR126/026/SRR12633726/SRR12633726_2.fastq.gz,13179032757,a6e1fd35ba866de0677a8dd6f7725c9b
PRJNA661271,Maize Wisconsin Diversity Panel Resequencing Project,SAMN16053207,SRR12633727,PI 594050,N501,30.0,False,Maize.Group.Ames.Panel.2010,20.3,WGA,ILLUMINA,PAIRED,ftp://ftp.sra.ebi.ac.uk/vol1/fastq/SRR126/027/SRR12633727/SRR12633727_1.fastq.gz,11310593235,6dc3e219caa6984e9dacd5e7b6a0fb75
PRJNA661271,Maize Wisconsin Diversity Panel Resequencing Project,SAMN16053207,SRR12633727,PI 594050,N501,30.0,False,Maize.Group.Ames.Panel.2010,20.3,WGA,ILLUMINA,PAIRED,ftp://ftp.sra.ebi.ac.uk/vol1/fastq/SRR126/027/SRR12633727/SRR12633727_2.fastq.gz,12159734453,f9650ad6aba81b8e88d629c8451c5f76
PRJNA661271,Maize Wisconsin Diversity Panel Resequencing Project,SAMN16053204,SRR12633731,PI 596354,N211,30.0,False,Maize.Group.Ames.Panel.2010,20.9,WGA,ILLUMINA,PAIRED,ftp://ftp.sra.ebi.ac.uk/vol1/fastq/SRR126/031/SRR12633731/SRR12633731_1.fastq.gz,11696641629,564dcdd3151a4b20bf1c7b34ab4ded76
PRJNA661271,Maize Wisconsin Diversity Panel Resequencing Project,SAMN16053204,SRR12633731,PI 596354,N211,30.0,False,Maize.Group.Ames.Panel.2010,20.9,WGA,ILLUMINA,PAIRED,ftp://ftp.sra.ebi.ac.uk/vol1/fastq/SRR126/031/SRR12633731/SRR12633731_2.fastq.gz,11713372738,e20e26d764a3949320541453d46eddee
PRJNA661271,Maize Wisconsin Diversity Panel Resequencing Project,SAMN16053200,SRR12633734,PI 564752,MM501D,29.0,False,Maize.Group.PVP,20.7,WGA,ILLUMINA,PAIRED,ftp://ftp.sra.ebi.ac.uk/vol1/fastq/SRR126/034/SRR12633734/SRR12633734_1.fastq.gz,11019861580,ab205be464dc11bec35838dc89357e77
PRJNA661271,Maize Wisconsin Diversity Panel Resequencing Project,SAMN16053200,SRR12633734,PI 564752,MM501D,29.0,False,Maize.Group.PVP,20.7,WGA,ILLUMINA,PAIRED,ftp://ftp.sra.ebi.ac.uk/vol1/fastq/SRR126/034/SRR12633734/SRR12633734_2.fastq.gz,11388900606,c975c8b12ed33f13f857b6cbc86b0c2c
PRJNA661271,Maize Wisconsin Diversity Panel Resequencing Project,SAMN16053199,SRR12633735,PI 564748,MBWZ,29.0,False,Maize.Group.PVP,23.3,WGA,ILLUMINA,PAIRED,ftp://ftp.sra.ebi.ac.uk/vol1/fastq/SRR126/035/SRR12633735/SRR12633735_1.fastq.gz,12947879314,9bc154ddb7078067e7d07831bf067e76
PRJNA661271,Maize Wisconsin Diversity Panel Resequencing Project,SAMN16053199,SRR12633735,PI 564748,MBWZ,29.0,False,Maize.Group.PVP,23.3,WGA,ILLUMINA,PAIRED,ftp://ftp.sra.ebi.ac.uk/vol1/fastq/SRR126/035/SRR12633735/SRR12633735_2.fastq.gz,13227572599,4f39d2b65c30ba7410a12407e466dddb
PRJNA661271,Maize Wisconsin Diversity Panel Resequencing Project,SAMN16052931,SRR12633752,PI 707958,East 028,30.0,False,Maize.Group.Ames.Panel.2010,22.2,WGA,ILLUMINA,PAIRED,ftp://ftp.sra.ebi.ac.uk/vol1/fastq/SRR126/052/SRR12633752/SRR12633752_1.fastq.gz,11940753855,76b76229a2acafed85bc5d9e39d8d942
PRJNA661271,Maize Wisconsin Diversity Panel Resequencing Project,SAMN16052931,SRR12633752,PI 707958,East 028,30.0,False,Maize.Group.Ames.Panel.2010,22.2,WGA,ILLUMINA,PAIRED,ftp://ftp.sra.ebi.ac.uk/vol1/fastq/SRR126/052/SRR12633752/SRR12633752_2.fastq.gz,12268594723,0cdf0d6002a8088ac51e977e70cb4d58
PRJNA661271,Maize Wisconsin Diversity Panel Resequencing Project,SAMN16052924,SRR12633757,PI 601150,PHG71,35.0,False,Maize.Group.PVP,20.6,WGA,ILLUMINA,PAIRED,ftp://ftp.sra.ebi.ac.uk/vol1/fastq/SRR126/057/SRR12633757/SRR12633757_1.fastq.gz,11350293521,91e0983ac4990b7decc449c39cafd399
PRJNA661271,Maize Wisconsin Diversity Panel Resequencing Project,SAMN16052924,SRR12633757,PI 601150,PHG71,35.0,False,Maize.Group.PVP,20.6,WGA,ILLUMINA,PAIRED,ftp://ftp.sra.ebi.ac.uk/vol1/fastq/SRR126/057/SRR12633757/SRR12633757_2.fastq.gz,11554516380,e86dc9e7a1781f1a4b7c81bb76afb2e8
PRJNA661271,Maize Wisconsin Diversity Panel Resequencing Project,SAMN16052927,SRR12633758,PI 587152,W64A,39.0,False,Maize.Set.Inbred.Diversity.282.Plus.NAM.Parents,20.4,WGA,ILLUMINA,PAIRED,ftp://ftp.sra.ebi.ac.uk/vol1/fastq/SRR126/058/SRR12633758/SRR12633758_1.fastq.gz,11416382554,8f0b6cb504595fe795b7e26097a6edf4
PRJNA661271,Maize Wisconsin Diversity Panel Resequencing Project,SAMN16052927,SRR12633758,PI 587152,W64A,39.0,False,Maize.Set.Inbred.Diversity.282.Plus.NAM.Parents,20.4,WGA,ILLUMINA,PAIRED,ftp://ftp.sra.ebi.ac.uk/vol1/fastq/SRR126/058/SRR12633758/SRR12633758_2.fastq.gz,12304958681,7600790a5f9a684f88fe4693b5613bc0
PRJNA661271,Maize Wisconsin Diversity Panel Resequencing Project,SAMN16052916,SRR12633766,PI 564539,LH166,29.0,False,Maize.Group.PVP,21.2,WGA,ILLUMINA,PAIRED,ftp://ftp.sra.ebi.ac.uk/vol1/fastq/SRR126/066/SRR12633766/SRR12633766_1.fastq.gz,12000821839,5891f34247adee58aeb3d7f484938228
PRJNA661271,Maize Wisconsin Diversity Panel Resequencing Project,SAMN16052916,SRR12633766,PI 564539,LH166,29.0,False,Maize.Group.PVP,21.2,WGA,ILLUMINA,PAIRED,ftp://ftp.sra.ebi.ac.uk/vol1/fastq/SRR126/066/SRR12633766/SRR12633766_2.fastq.gz,11811120829,0091e9409a6731a5be41f969390a6583
PRJNA661271,Maize Wisconsin Diversity Panel Resequencing Project,SAMN16053364,SRR12633770,PI 198888,4F-35 BK,30.0,False,Maize.Group.Ames.Panel.2010,21.8,WGA,ILLUMINA,PAIRED,ftp://ftp.sra.ebi.ac.uk/vol1/fastq/SRR126/070/SRR12633770/SRR12633770_1.fastq.gz,11633873316,af8184249bfebc7e7eabb16b3101e4b2
PRJNA661271,Maize Wisconsin Diversity Panel Resequencing Project,SAMN16053364,SRR12633770,PI 198888,4F-35 BK,30.0,False,Maize.Group.Ames.Panel.2010,21.8,WGA,ILLUMINA,PAIRED,ftp://ftp.sra.ebi.ac.uk/vol1/fastq/SRR126/070/SRR12633770/SRR12633770_2.fastq.gz,11920368004,245b8b313feb247bc02640b729a1242e
PRJNA661271,Maize Wisconsin Diversity Panel Resequencing Project,SAMN16053360,SRR12633773,PI 601500,PHV63,31.0,False,Maize.Group.PVP,23.7,WGA,ILLUMINA,PAIRED,ftp://ftp.sra.ebi.ac.uk/vol1/fastq/SRR126/073/SRR12633773/SRR12633773_1.fastq.gz,12934354750,7cc6cc5456ee07366b3bfb4f194a2c1f
PRJNA661271,Maize Wisconsin Diversity Panel Resequencing Project,SAMN16053360,SRR12633773,PI 601500,PHV63,31.0,False,Maize.Group.PVP,23.7,WGA,ILLUMINA,PAIRED,ftp://ftp.sra.ebi.ac.uk/vol1/fastq/SRR126/073/SRR12633773/SRR12633773_2.fastq.gz,13411598514,0dfedb5bd0ea3a8bfc1a02bdb6ecad76
PRJNA661271,Maize Wisconsin Diversity Panel Resequencing Project,SAMN16053351,SRR12633782,PI 595366,N209,30.0,False,Maize.Group.Ames.Panel.2010,26.0,WGA,ILLUMINA,PAIRED,ftp://ftp.sra.ebi.ac.uk/vol1/fastq/SRR126/082/SRR12633782/SRR12633782_1.fastq.gz,13953665679,a3ffa9515b50c829985f99be01e99ea8
PRJNA661271,Maize Wisconsin Diversity Panel Resequencing Project,SAMN16053351,SRR12633782,PI 595366,N209,30.0,False,Maize.Group.Ames.Panel.2010,26.0,WGA,ILLUMINA,PAIRED,ftp://ftp.sra.ebi.ac.uk/vol1/fastq/SRR126/082/SRR12633782/SRR12633782_2.fastq.gz,14400693829,d2d5e988b8a8b1e65b414c9b45f50b2e
PRJNA272385,Zea mays subsp. mays Genome sequencing,SAMN03281113,SRR1754232,PI 587154,W153R,37.0,False,Maize.Set.Inbred.Diversity.282.Plus.NAM.Parents,20.4,WGA,ILLUMINA,PAIRED,ftp://ftp.sra.ebi.ac.uk/vol1/fastq/SRR175/002/SRR1754232/SRR1754232_1.fastq.gz,1456292456,fad92d8d3d7269f5ad68b7b229e20c16
PRJNA272385,Zea mays subsp. mays Genome sequencing,SAMN03281113,SRR1754232,PI 587154,W153R,37.0,False,Maize.Set.Inbred.Diversity.282.Plus.NAM.Parents,20.4,WGA,ILLUMINA,PAIRED,ftp://ftp.sra.ebi.ac.uk/vol1/fastq/SRR175/002/SRR1754232/SRR1754232_2.fastq.gz,1444165018,9096f513a7b6ea5d11e51e87f609f757
PRJNA272385,Zea mays subsp. mays Genome sequencing,SAMN03281114,SRR1754712,PI 587129,H99,38.0,False,Maize.Set.Inbred.Diversity.282.Plus.NAM.Parents,22.6,WGA,ILLUMINA,PAIRED,ftp://ftp.sra.ebi.ac.uk/vol1/fastq/SRR175/002/SRR1754712/SRR1754712_1.fastq.gz,1663296991,3ed0e767014a0d62b83b448453319c97
PRJNA272385,Zea mays subsp. mays Genome sequencing,SAMN03281114,SRR1754712,PI 587129,H99,38.0,False,Maize.Set.Inbred.Diversity.282.Plus.NAM.Parents,22.6,WGA,ILLUMINA,PAIRED,ftp://ftp.sra.ebi.ac.uk/vol1/fastq/SRR175/002/SRR1754712/SRR1754712_2.fastq.gz,1664674434,3eba6a9a0f7de388aa012d308bf1d18e
PRJNA272385,Zea mays subsp. mays Genome sequencing,SAMN03281114,SRR1781581,PI 587129,H99,38.0,False,Maize.Set.Inbred.Diversity.282.Plus.NAM.Parents,22.6,WGA,ILLUMINA,PAIRED,ftp://ftp.sra.ebi.ac.uk/vol1/fastq/SRR178/001/SRR1781581/SRR1781581_1.fastq.gz,1587261626,ccab5079b1997562b8fca5b0ca4bb44a
PRJNA272385,Zea mays subsp. mays Genome sequencing,SAMN03281114,SRR1781581,PI 587129,H99,38.0,False,Maize.Set.Inbred.Diversity.282.Plus.NAM.Parents,22.6,WGA,ILLUMINA,PAIRED,ftp://ftp.sra.ebi.ac.uk/vol1/fastq/SRR178/001/SRR1781581/SRR1781581_2.fastq.gz,1601574854,75a6fb9e1cc1e29229a76cd6a7522ab8
PRJEB43263,EM-Seq for NAM lines with 2 replicates,SAMEA8124550,ERR5347692,PI 595561,CML 52,21.0,False,Maize.Set.Inbred.Diversity.282.Plus.NAM.Parents,12.6,OTHER,ILLUMINA,PAIRED,ftp://ftp.sra.ebi.ac.uk/vol1/fastq/ERR534/002/ERR5347692/ERR5347692_1.fastq.gz,7875983311,de57a9daf234cb02cd4ac1d2197722ee
PRJEB43263,EM-Seq for NAM lines with 2 replicates,SAMEA8124550,ERR5347692,PI 595561,CML 52,21.0,False,Maize.Set.Inbred.Diversity.282.Plus.NAM.Parents,12.6,OTHER,ILLUMINA,PAIRED,ftp://ftp.sra.ebi.ac.uk/vol1/fastq/ERR534/002/ERR5347692/ERR5347692_2.fastq.gz,8728295788,410116e5fcb9348b75102b17f81ab72e
PRJEB43263,EM-Seq for NAM lines with 2 replicates,SAMEA8124574,ERR5347719,PI 690330,NC358,34.0,False,Maize.Set.Inbred.Diversity.282.Plus.NAM.Parents,11.8,OTHER,ILLUMINA,PAIRED,ftp://ftp.sra.ebi.ac.uk/vol1/fastq/ERR534/009/ERR5347719/ERR5347719_1.fastq.gz,6865863999,3ec5c56b5703dd36136d39a3a8b4392e
PRJEB43263,EM-Seq for NAM lines with 2 replicates,SAMEA8124574,ERR5347719,PI 690330,NC358,34.0,False,Maize.Set.Inbred.Diversity.282.Plus.NAM.Parents,11.8,OTHER,ILLUMINA,PAIRED,ftp://ftp.sra.ebi.ac.uk/vol1/fastq/ERR534/009/ERR5347719/ERR5347719_2.fastq.gz,8903359143,603f71aec6afa24b7cf09ae8c000d49e
PRJEB43263,EM-Seq for NAM lines with 2 replicates,SAMEA8124577,ERR5347722,PI 690330,NC358,34.0,False,Maize.Set.Inbred.Diversity.282.Plus.NAM.Parents,10.5,OTHER,ILLUMINA,PAIRED,ftp://ftp.sra.ebi.ac.uk/vol1/fastq/ERR534/002/ERR5347722/ERR5347722_1.fastq.gz,6193635031,17d68bd0e273a82a7b3b9385d1c01a14
PRJEB43263,EM-Seq for NAM lines with 2 replicates,SAMEA8124577,ERR5347722,PI 690330,NC358,34.0,False,Maize.Set.Inbred.Diversity.282.Plus.NAM.Parents,10.5,OTHER,ILLUMINA,PAIRED,ftp://ftp.sra.ebi.ac.uk/vol1/fastq/ERR534/002/ERR5347722/ERR5347722_2.fastq.gz,8040845884,a2e801a32c0c64cae59bf63120b49809
PRJNA701650,Zea mays PHB47 Standard Draft genome sequencing,SAMN17901048,SRR13735367,PI 601009,PHB47,35.0,False,Maize.Group.PVP,144.2,OTHER,PACBIO_SMRT,SINGLE,ftp://ftp.sra.ebi.ac.uk/vol1/fastq/SRR137/067/SRR13735367/SRR13735367_subreads.fastq.gz,1217478026,139c696a5dfaaf09aafa4b041801a3b4
PRJNA701650,Zea mays PHB47 Standard Draft genome sequencing,SAMN17901048,SRR13735370,PI 601009,PHB47,35.0,False,Maize.Group.PVP,144.2,OTHER,PACBIO_SMRT,SINGLE,ftp://ftp.sra.ebi.ac.uk/vol1/fastq/SRR137/070/SRR13735370/SRR13735370_subreads.fastq.gz,1411945043,6823561877343b35ccb3c2d0fc2566d4
PRJNA701650,Zea mays PHB47 Standard Draft genome sequencing,SAMN17901048,SRR13735371,PI 601009,PHB47,35.0,False,Maize.Group.PVP,144.2,OTHER,PACBIO_SMRT,SINGLE,ftp://ftp.sra.ebi.ac.uk/vol1/fastq/SRR137/071/SRR13735371/SRR13735371_subreads.fastq.gz,1548097060,fb4c50662fe40f34914b2a86cf315b8c
PRJNA701650,Zea mays PHB47 Standard Draft genome sequencing,SAMN17901048,SRR13735375,PI 601009,PHB47,35.0,False,Maize.Group.PVP,144.2,OTHER,PACBIO_SMRT,SINGLE,ftp://ftp.sra.ebi.ac.uk/vol1/fastq/SRR137/075/SRR13735375/SRR13735375_subreads.fastq.gz,1580748195,29fdfd0ea577d23f47e15641e366c187
PRJNA701650,Zea mays PHB47 Standard Draft genome sequencing,SAMN17901048,SRR13735378,PI 601009,PHB47,35.0,False,Maize.Group.PVP,144.2,OTHER,PACBIO_SMRT,SINGLE,ftp://ftp.sra.ebi.ac.uk/vol1/fastq/SRR137/078/SRR13735378/SRR13735378_subreads.fastq.gz,1661625612,7a7f1425ea244e5a025c1d0b71e626d7
PRJNA701650,Zea mays PHB47 Standard Draft genome sequencing,SAMN17901048,SRR13735379,PI 601009,PHB47,35.0,False,Maize.Group.PVP,144.2,OTHER,PACBIO_SMRT,SINGLE,ftp://ftp.sra.ebi.ac.uk/vol1/fastq/SRR137/079/SRR13735379/SRR13735379_subreads.fastq.gz,1595668771,5b71f45a3e6ab671ed56e1cac55f59ce
PRJNA701650,Zea mays PHB47 Standard Draft genome sequencing,SAMN17901048,SRR13735380,PI 601009,PHB47,35.0,False,Maize.Group.PVP,144.2,OTHER,PACBIO_SMRT,SINGLE,ftp://ftp.sra.ebi.ac.uk/vol1/fastq/SRR137/080/SRR13735380/SRR13735380_subreads.fastq.gz,852550990,283eb0fdbded4406170ff06776c8d41a
PRJNA701650,Zea mays PHB47 Standard Draft genome sequencing,SAMN17901048,SRR13735386,PI 601009,PHB47,35.0,False,Maize.Group.PVP,144.2,OTHER,PACBIO_SMRT,SINGLE,ftp://ftp.sra.ebi.ac.uk/vol1/fastq/SRR137/086/SRR13735386/SRR13735386_subreads.fastq.gz,1808123937,ebc5e0372176a0bc0e471f5f29feeb87
PRJNA701650,Zea mays PHB47 Standard Draft genome sequencing,SAMN17901048,SRR13735391,PI 601009,PHB47,35.0,False,Maize.Group.PVP,144.2,OTHER,PACBIO_SMRT,SINGLE,ftp://ftp.sra.ebi.ac.uk/vol1/fastq/SRR137/091/SRR13735391/SRR13735391_subreads.fastq.gz,740542596,84ec533f88796e391c8b5e24d5715cdb
PRJNA701650,Zea mays PHB47 Standard Draft genome sequencing,SAMN17901048,SRR13735393,PI 601009,PHB47,35.0,False,Maize.Group.PVP,144.2,OTHER,PACBIO_SMRT,SINGLE,ftp://ftp.sra.ebi.ac.uk/vol1/fastq/SRR137/093/SRR13735393/SRR13735393_subreads.fastq.gz,275323437,8e38c5dc8c8a0ea143fb7cb156a068f2
PRJNA701650,Zea mays PHB47 Standard Draft genome sequencing,SAMN17901048,SRR13735396,PI 601009,PHB47,35.0,False,Maize.Group.PVP,144.2,OTHER,PACBIO_SMRT,SINGLE,ftp://ftp.sra.ebi.ac.uk/vol1/fastq/SRR137/096/SRR13735396/SRR13735396_subreads.fastq.gz,282960587,d81bb241d3ef366ce2a49dd216952fc2
PRJNA701650,Zea mays PHB47 Standard Draft genome sequencing,SAMN17901048,SRR13735398,PI 601009,PHB47,35.0,False,Maize.Group.PVP,144.2,OTHER,PACBIO_SMRT,SINGLE,ftp://ftp.sra.ebi.ac.uk/vol1/fastq/SRR137/098/SRR13735398/SRR13735398_subreads.fastq.gz,2001389074,680b146f5b44bc674a926d24c36357f1
PRJNA701650,Zea mays PHB47 Standard Draft genome sequencing,SAMN17901048,SRR13735400,PI 601009,PHB47,35.0,False,Maize.Group.PVP,144.2,OTHER,PACBIO_SMRT,SINGLE,ftp://ftp.sra.ebi.ac.uk/vol1/fastq/SRR137/000/SRR13735400/SRR13735400_subreads.fastq.gz,916540978,d3e08101f9b4b0166be8634be9d4414d
PRJNA701650,Zea mays PHB47 Standard Draft genome sequencing,SAMN17901048,SRR13735406,PI 601009,PHB47,35.0,False,Maize.Group.PVP,144.2,OTHER,PACBIO_SMRT,SINGLE,ftp://ftp.sra.ebi.ac.uk/vol1/fastq/SRR137/006/SRR13735406/SRR13735406_subreads.fastq.gz,2168354653,2c8038057e2e0c027994549b8ff80ca4
PRJNA701650,Zea mays PHB47 Standard Draft genome sequencing,SAMN17901048,SRR13735407,PI 601009,PHB47,35.0,False,Maize.Group.PVP,144.2,OTHER,PACBIO_SMRT,SINGLE,ftp://ftp.sra.ebi.ac.uk/vol1/fastq/SRR137/007/SRR13735407/SRR13735407_subreads.fastq.gz,2282228464,1d32d00fe674bdc035069cee8d9f9d5f
PRJNA701651,Zea mays LH145 Standard Draft genome sequencing,SAMN17901044,SRR13735436,PI 600959,LH145,36.0,False,Maize.Group.PVP,181.4,OTHER,PACBIO_SMRT,SINGLE,ftp://ftp.sra.ebi.ac.uk/vol1/fastq/SRR137/036/SRR13735436/SRR13735436_subreads.fastq.gz,803154859,73a064c3775a115491bbe688ee3e6dee
PRJNA701651,Zea mays LH145 Standard Draft genome sequencing,SAMN17901044,SRR13735437,PI 600959,LH145,36.0,False,Maize.Group.PVP,181.4,OTHER,PACBIO_SMRT,SINGLE,ftp://ftp.sra.ebi.ac.uk/vol1/fastq/SRR137/037/SRR13735437/SRR13735437_subreads.fastq.gz,724124269,d58e4d87be257956a0e49cf52a6304a5
PRJNA701651,Zea mays LH145 Standard Draft genome sequencing,SAMN17901044,SRR13735444,PI 600959,LH145,36.0,False,Maize.Group.PVP,181.4,OTHER,PACBIO_SMRT,SINGLE,ftp://ftp.sra.ebi.ac.uk/vol1/fastq/SRR137/044/SRR13735444/SRR13735444_subreads.fastq.gz,164243793,c1b85f7568403515b2c869604d4115df
PRJNA701651,Zea mays LH145 Standard Draft genome sequencing,SAMN17901044,SRR13735453,PI 600959,LH145,36.0,False,Maize.Group.PVP,181.4,OTHER,PACBIO_SMRT,SINGLE,ftp://ftp.sra.ebi.ac.uk/vol1/fastq/SRR137/053/SRR13735453/SRR13735453_subreads.fastq.gz,770118480,1981fed8e05857984d1677fc45a47433
PRJNA701651,Zea mays LH145 Standard Draft genome sequencing,SAMN17901044,SRR13735454,PI 600959,LH145,36.0,False,Maize.Group.PVP,181.4,OTHER,PACBIO_SMRT,SINGLE,ftp://ftp.sra.ebi.ac.uk/vol1/fastq/SRR137/054/SRR13735454/SRR13735454_subreads.fastq.gz,922456072,22593b648f69f9eb5f99af248343acbb
PRJNA701651,Zea mays LH145 Standard Draft genome sequencing,SAMN17901044,SRR13735459,PI 600959,LH145,36.0,False,Maize.Group.PVP,181.4,OTHER,PACBIO_SMRT,SINGLE,ftp://ftp.sra.ebi.ac.uk/vol1/fastq/SRR137/059/SRR13735459/SRR13735459_subreads.fastq.gz,1122746878,b07675f7625731760c9a24dda3785255
PRJNA701651,Zea mays LH145 Standard Draft genome sequencing,SAMN17901044,SRR13735461,PI 600959,LH145,36.0,False,Maize.Group.PVP,181.4,OTHER,PACBIO_SMRT,SINGLE,ftp://ftp.sra.ebi.ac.uk/vol1/fastq/SRR137/061/SRR13735461/SRR13735461_subreads.fastq.gz,1347919877,661a7894b47454fc1c600b4b66bb84a2
PRJNA701651,Zea mays LH145 Standard Draft genome sequencing,SAMN17901044,SRR13735469,PI 600959,LH145,36.0,False,Maize.Group.PVP,181.4,OTHER,PACBIO_SMRT,SINGLE,ftp://ftp.sra.ebi.ac.uk/vol1/fastq/SRR137/069/SRR13735469/SRR13735469_subreads.fastq.gz,1736270582,fe835fb8d7c9831f3105f8a70c050852
PRJNA701651,Zea mays LH145 Standard Draft genome sequencing,SAMN17901044,SRR13735475,PI 600959,LH145,36.0,False,Maize.Group.PVP,181.4,OTHER,PACBIO_SMRT,SINGLE,ftp://ftp.sra.ebi.ac.uk/vol1/fastq/SRR137/075/SRR13735475/SRR13735475_subreads.fastq.gz,1641803408,75e417bb9f0be9d7ccdd0c49a9237588
PRJNA701651,Zea mays LH145 Standard Draft genome sequencing,SAMN17901044,SRR13735477,PI 600959,LH145,36.0,False,Maize.Group.PVP,181.4,OTHER,PACBIO_SMRT,SINGLE,ftp://ftp.sra.ebi.ac.uk/vol1/fastq/SRR137/077/SRR13735477/SRR13735477_subreads.fastq.gz,2161175466,cc4151884a073071a082e8c8b3d3a9aa
PRJNA701651,Zea mays LH145 Standard Draft genome sequencing,SAMN17901044,SRR13735483,PI 600959,LH145,36.0,False,Maize.Group.PVP,181.4,OTHER,PACBIO_SMRT,SINGLE,ftp://ftp.sra.ebi.ac.uk/vol1/fastq/SRR137/083/SRR13735483/SRR13735483_subreads.fastq.gz,2392945005,f14b42a168270857f4b21086912171e4
PRJNA701651,Zea mays LH145 Standard Draft genome sequencing,SAMN17901044,SRR13735485,PI 600959,LH145,36.0,False,Maize.Group.PVP,181.4,OTHER,PACBIO_SMRT,SINGLE,ftp://ftp.sra.ebi.ac.uk/vol1/fastq/SRR137/085/SRR13735485/SRR13735485_subreads.fastq.gz,2538088881,4d74f3f11e7f912f34effba9a75b22c1
PRJNA701651,Zea mays LH145 Standard Draft genome sequencing,SAMN17901044,SRR13735486,PI 600959,LH145,36.0,False,Maize.Group.PVP,181.4,OTHER,PACBIO_SMRT,SINGLE,ftp://ftp.sra.ebi.ac.uk/vol1/fastq/SRR137/086/SRR13735486/SRR13735486_subreads.fastq.gz,2198405216,c0b7f9ba1b522aae1842ebb319fa7541
PRJNA701651,Zea mays LH145 Standard Draft genome sequencing,SAMN17901044,SRR13735489,PI 600959,LH145,36.0,False,Maize.Group.PVP,181.4,OTHER,PACBIO_SMRT,SINGLE,ftp://ftp.sra.ebi.ac.uk/vol1/fastq/SRR137/089/SRR13735489/SRR13735489_subreads.fastq.gz,511434545,246a8d63091a8bb5943e699a3bf21377
PRJNA701651,Zea mays LH145 Standard Draft genome sequencing,SAMN17901044,SRR13735491,PI 600959,LH145,36.0,False,Maize.Group.PVP,181.4,OTHER,PACBIO_SMRT,SINGLE,ftp://ftp.sra.ebi.ac.uk/vol1/fastq/SRR137/091/SRR13735491/SRR13735491_subreads.fastq.gz,747138942,8536c74d9a92155f158232f13fa68320
PRJNA701651,Zea mays LH145 Standard Draft genome sequencing,SAMN17901044,SRR13735494,PI 600959,LH145,36.0,False,Maize.Group.PVP,181.4,OTHER,PACBIO_SMRT,SINGLE,ftp://ftp.sra.ebi.ac.uk/vol1/fastq/SRR137/094/SRR13735494/SRR13735494_subreads.fastq.gz,688985489,c5299f8430a54f0609b4ade9f93b5d1e
PRJNA701651,Zea mays LH145 Standard Draft genome sequencing,SAMN17901044,SRR13735501,PI 600959,LH145,36.0,False,Maize.Group.PVP,181.4,OTHER,PACBIO_SMRT,SINGLE,ftp://ftp.sra.ebi.ac.uk/vol1/fastq/SRR137/001/SRR13735501/SRR13735501_subreads.fastq.gz,361064410,d2d8d8b44458d29b2a5e368c2a930cc2
PRJNA701651,Zea mays LH145 Standard Draft genome sequencing,SAMN17901044,SRR13735502,PI 600959,LH145,36.0,False,Maize.Group.PVP,181.4,OTHER,PACBIO_SMRT,SINGLE,ftp://ftp.sra.ebi.ac.uk/vol1/fastq/SRR137/002/SRR13735502/SRR13735502_subreads.fastq.gz,573388903,644c280a19baf09c20edaac43b946ced
PRJNA701651,Zea mays LH145 Standard Draft genome sequencing,SAMN17901044,SRR13735503,PI 600959,LH145,36.0,False,Maize.Group.PVP,181.4,OTHER,PACBIO_SMRT,SINGLE,ftp://ftp.sra.ebi.ac.uk/vol1/fastq/SRR137/003/SRR13735503/SRR13735503_subreads.fastq.gz,718107021,12fd0451666ed27e554b1cc140a88e29
PRJNA701652,Zea mays PHJ40 Standard Draft genome sequencing,SAMN17901047,SRR13755584,PI 601321,PHJ40,33.0,False,Maize.Group.PVP,171.0,OTHER,PACBIO_SMRT,SINGLE,ftp://ftp.sra.ebi.ac.uk/vol1/fastq/SRR137/084/SRR13755584/SRR13755584_subreads.fastq.gz,1637171420,88867de9eb9d829a092f855437925780
PRJNA701652,Zea mays PHJ40 Standard Draft genome sequencing,SAMN17901047,SRR13755589,PI 601321,PHJ40,33.0,False,Maize.Group.PVP,171.0,OTHER,PACBIO_SMRT,SINGLE,ftp://ftp.sra.ebi.ac.uk/vol1/fastq/SRR137/089/SRR13755589/SRR13755589_subreads.fastq.gz,1547886577,9d6844e700ee7ae7a43e0f0bdae74f23
PRJNA701652,Zea mays PHJ40 Standard Draft genome sequencing,SAMN17901047,SRR13755591,PI 601321,PHJ40,33.0,False,Maize.Group.PVP,171.0,OTHER,PACBIO_SMRT,SINGLE,ftp://ftp.sra.ebi.ac.uk/vol1/fastq/SRR137/091/SRR13755591/SRR13755591_subreads.fastq.gz,1378621475,e7db7e1eec9a9327abca688535c2025f
PRJNA701652,Zea mays PHJ40 Standard Draft genome sequencing,SAMN17901047,SRR13755595,PI 601321,PHJ40,33.0,False,Maize.Group.PVP,171.0,OTHER,PACBIO_SMRT,SINGLE,ftp://ftp.sra.ebi.ac.uk/vol1/fastq/SRR137/095/SRR13755595/SRR13755595_subreads.fastq.gz,1708749641,55f27b4bfff2b35316afba8c0080ac8f
PRJNA701652,Zea mays PHJ40 Standard Draft genome sequencing,SAMN17901047,SRR13755596,PI 601321,PHJ40,33.0,False,Maize.Group.PVP,171.0,OTHER,PACBIO_SMRT,SINGLE,ftp://ftp.sra.ebi.ac.uk/vol1/fastq/SRR137/096/SRR13755596/SRR13755596_subreads.fastq.gz,1517387158,f33f8db9d65be5ff7b3abae5c2c48bc9
PRJNA701652,Zea mays PHJ40 Standard Draft genome sequencing,SAMN17901047,SRR13755602,PI 601321,PHJ40,33.0,False,Maize.Group.PVP,171.0,OTHER,PACBIO_SMRT,SINGLE,ftp://ftp.sra.ebi.ac.uk/vol1/fastq/SRR137/002/SRR13755602/SRR13755602_subreads.fastq.gz,1735367793,040bac25a40b1a2ae3fa6d107cc01213
PRJNA701652,Zea mays PHJ40 Standard Draft genome sequencing,SAMN17901047,SRR13755603,PI 601321,PHJ40,33.0,False,Maize.Group.PVP,171.0,OTHER,PACBIO_SMRT,SINGLE,ftp://ftp.sra.ebi.ac.uk/vol1/fastq/SRR137/003/SRR13755603/SRR13755603_subreads.fastq.gz,1942907008,807abb03f7587b5c9c8e5ac904104226
PRJNA701652,Zea mays PHJ40 Standard Draft genome sequencing,SAMN17901047,SRR13755606,PI 601321,PHJ40,33.0,False,Maize.Group.PVP,171.0,OTHER,PACBIO_SMRT,SINGLE,ftp://ftp.sra.ebi.ac.uk/vol1/fastq/SRR137/006/SRR13755606/SRR13755606_subreads.fastq.gz,1643465976,a705ac7dd7b31129e3108b3818c4fc21
PRJNA701652,Zea mays PHJ40 Standard Draft genome sequencing,SAMN17901047,SRR13755607,PI 601321,PHJ40,33.0,False,Maize.Group.PVP,171.0,OTHER,PACBIO_SMRT,SINGLE,ftp://ftp.sra.ebi.ac.uk/vol1/fastq/SRR137/007/SRR13755607/SRR13755607_subreads.fastq.gz,1867077786,3366ceb085057445a69b897e7a911bf1
PRJNA701652,Zea mays PHJ40 Standard Draft genome sequencing,SAMN17901047,SRR13755611,PI 601321,PHJ40,33.0,False,Maize.Group.PVP,171.0,OTHER,PACBIO_SMRT,SINGLE,ftp://ftp.sra.ebi.ac.uk/vol1/fastq/SRR137/011/SRR13755611/SRR13755611_subreads.fastq.gz,1988514170,087bff703a1f3a326f02f64625211301
PRJNA701652,Zea mays PHJ40 Standard Draft genome sequencing,SAMN17901047,SRR13755613,PI 601321,PHJ40,33.0,False,Maize.Group.PVP,171.0,OTHER,PACBIO_SMRT,SINGLE,ftp://ftp.sra.ebi.ac.uk/vol1/fastq/SRR137/013/SRR13755613/SRR13755613_subreads.fastq.gz,1740285508,83d02ed3594cabca608f5aea119e442a
PRJNA701652,Zea mays PHJ40 Standard Draft genome sequencing,SAMN17901047,SRR13755614,PI 601321,PHJ40,33.0,False,Maize.Group.PVP,171.0,OTHER,PACBIO_SMRT,SINGLE,ftp://ftp.sra.ebi.ac.uk/vol1/fastq/SRR137/014/SRR13755614/SRR13755614_subreads.fastq.gz,1941578282,d8379f2ddb7dddce860683ff23658c14
PRJNA701652,Zea mays PHJ40 Standard Draft genome sequencing,SAMN17901047,SRR13755618,PI 601321,PHJ40,33.0,False,Maize.Group.PVP,171.0,OTHER,PACBIO_SMRT,SINGLE,ftp://ftp.sra.ebi.ac.uk/vol1/fastq/SRR137/018/SRR13755618/SRR13755618_subreads.fastq.gz,1896317725,00cff0ee345337a09b52d6d8aa78ad25
PRJNA701652,Zea mays PHJ40 Standard Draft genome sequencing,SAMN17901047,SRR13755620,PI 601321,PHJ40,33.0,False,Maize.Group.PVP,171.0,OTHER,PACBIO_SMRT,SINGLE,ftp://ftp.sra.ebi.ac.uk/vol1/fastq/SRR137/020/SRR13755620/SRR13755620_subreads.fastq.gz,2069912257,c60f2526311a88bf8d14cb0b26ee6147
PRJNA701652,Zea mays PHJ40 Standard Draft genome sequencing,SAMN17901047,SRR13755624,PI 601321,PHJ40,33.0,False,Maize.Group.PVP,171.0,OTHER,PACBIO_SMRT,SINGLE,ftp://ftp.sra.ebi.ac.uk/vol1/fastq/SRR137/024/SRR13755624/SRR13755624_subreads.fastq.gz,2113237282,bb37ab4d1507c104edcb07abff5153e9
PRJNA701652,Zea mays PHJ40 Standard Draft genome sequencing,SAMN17901047,SRR13755626,PI 601321,PHJ40,33.0,False,Maize.Group.PVP,171.0,OTHER,PACBIO_SMRT,SINGLE,ftp://ftp.sra.ebi.ac.uk/vol1/fastq/SRR137/026/SRR13755626/SRR13755626_subreads.fastq.gz,566863326,230f5f93bf51517e496f406940fd4c17
PRJNA701652,Zea mays PHJ40 Standard Draft genome sequencing,SAMN17901047,SRR13755627,PI 601321,PHJ40,33.0,False,Maize.Group.PVP,171.0,OTHER,PACBIO_SMRT,SINGLE,ftp://ftp.sra.ebi.ac.uk/vol1/fastq/SRR137/027/SRR13755627/SRR13755627_subreads.fastq.gz,914282027,6846863b306b99d6fd3661b7f257933f
PRJNA701652,Zea mays PHJ40 Standard Draft genome sequencing,SAMN17901047,SRR13755628,PI 601321,PHJ40,33.0,False,Maize.Group.PVP,171.0,OTHER,PACBIO_SMRT,SINGLE,ftp://ftp.sra.ebi.ac.uk/vol1/fastq/SRR137/028/SRR13755628/SRR13755628_subreads.fastq.gz,1162867504,fa822cf5cf00e2e20807a88c5aa37b3b
PRJNA701652,Zea mays PHJ40 Standard Draft genome sequencing,SAMN17901047,SRR13755629,PI 601321,PHJ40,33.0,False,Maize.Group.PVP,171.0,OTHER,PACBIO_SMRT,SINGLE,ftp://ftp.sra.ebi.ac.uk/vol1/fastq/SRR137/029/SRR13755629/SRR13755629_subreads.fastq.gz,980117194,54f93fe8962ff663c140b9365becea1c
PRJNA1308157,Zea mays A427 centromeres,SAMN50750660,SRR35094307,Ames 23435,A427,27.0,False,Maize.Group.Ames.Panel.2010,49.0,OTHER,ILLUMINA,PAIRED,ftp://ftp.sra.ebi.ac.uk/vol1/fastq/SRR350/007/SRR35094307/SRR35094307_1.fastq.gz,9540948051,2c7c5d3fb57c331c70876cf58b668911
PRJNA1308157,Zea mays A427 centromeres,SAMN50750660,SRR35094307,Ames 23435,A427,27.0,False,Maize.Group.Ames.Panel.2010,49.0,OTHER,ILLUMINA,PAIRED,ftp://ftp.sra.ebi.ac.uk/vol1/fastq/SRR350/007/SRR35094307/SRR35094307_2.fastq.gz,10488448987,9c2d2bfd08b65128be661937687404bf
PRJEB59044,Genome assemblies of corn inbreds used by the G2F project,SAMEA112904669,ERR12074695,PI 559949,PHT69,30.0,False,Maize.Group.PVP,8.9,WGS,PACBIO_SMRT,SINGLE,ftp://ftp.sra.ebi.ac.uk/vol1/fastq/ERR120/095/ERR12074695/ERR12074695.fastq.gz,16102475348,1b4a5bd0d2e7769272273494d4267416
PRJEB64865,The Genetics of Highland Adaptation in Maize,SAMEA114248080,ERR12082689,PI 690636,CML 530,16.0,False,Maize.Group.Ames.Panel.Post.2010,21.7,WGS,PACBIO_SMRT,SINGLE,ftp://ftp.sra.ebi.ac.uk/vol1/fastq/ERR120/089/ERR12082689/ERR12082689.fastq.gz,14192093408,2f13f2b95833768f17a4fd27d53eb674
PRJEB64865,The Genetics of Highland Adaptation in Maize,SAMEA114248080,ERR12082692,PI 690636,CML 530,16.0,False,Maize.Group.Ames.Panel.Post.2010,21.7,WGS,PACBIO_SMRT,SINGLE,ftp://ftp.sra.ebi.ac.uk/vol1/fastq/ERR120/092/ERR12082692/ERR12082692.fastq.gz,5465888666,96ea3e0ea02c60c3b4584e403a1d08da
PRJEB66502,Genome assemblies of inbreds capturing diverse maize haplotypes,SAMEA117395509,ERR14004183,PI 154387,K64,21.0,False,Maize.Set.Inbred.Diversity.282.Plus.NAM.Parents,24.3,WGS,PACBIO_SMRT,SINGLE,ftp://ftp.sra.ebi.ac.uk/vol1/fastq/ERR140/083/ERR14004183/ERR14004183.fastq.gz,1581120734,e68be1cb54e7d4ec31a2371c44bf4107
PRJEB67812,Whole-genome sequencing and de novo assembly of 29 dent and flint maize inbred lines,SAMEA115703357,ERR14085336,PI 601079,LH123HT,35.0,False,Maize.Group.PVP,82.7,WGS,PACBIO_SMRT,SINGLE,ftp://ftp.sra.ebi.ac.uk/vol1/fastq/ERR140/036/ERR14085336/ERR14085336.fastq.gz,47829619125,a365372ecb2b3c8a02d8639461192752
PRJEB67812,Whole-genome sequencing and de novo assembly of 29 dent and flint maize inbred lines,SAMEA115703355,ERR14085345,PI 548803,PHR03,20.0,False,Maize.Group.PVP,50.9,WGS,PACBIO_SMRT,SINGLE,ftp://ftp.sra.ebi.ac.uk/vol1/fastq/ERR140/045/ERR14085345/ERR14085345.fastq.gz,21328085666,63ba727c1c55421d571a0156bde44ea5
PRJEB67812,Whole-genome sequencing and de novo assembly of 29 dent and flint maize inbred lines,SAMEA115703369,ERR14085367,PI 693332,CM174,29.0,False,Maize.Set.Inbred.Diversity.282.Plus.NAM.Parents,33.3,WGS,PACBIO_SMRT,SINGLE,ftp://ftp.sra.ebi.ac.uk/vol1/fastq/ERR140/067/ERR14085367/ERR14085367.fastq.gz,31005329080,3a3f0b2d4e1a146270fdfa7b8df369d7
PRJEB32404,"Illumina and PacBio reads of NC358, one of the twenty-five founder lines of the the Nested Association Mapping (NAM) population.",SAMEA5313317,ERR3306983,PI 690330,NC358,34.0,False,Maize.Set.Inbred.Diversity.282.Plus.NAM.Parents,107.7,WGS,PACBIO_SMRT,SINGLE,ftp://ftp.sra.ebi.ac.uk/vol1/fastq/ERR330/003/ERR3306983/ERR3306983_subreads.fastq.gz,1893288161,b3cc0e0ae29bd12226c19f310e70cddb
PRJEB32404,"Illumina and PacBio reads of NC358, one of the twenty-five founder lines of the the Nested Association Mapping (NAM) population.",SAMEA5313317,ERR3306985,PI 690330,NC358,34.0,False,Maize.Set.Inbred.Diversity.282.Plus.NAM.Parents,107.7,WGS,PACBIO_SMRT,SINGLE,ftp://ftp.sra.ebi.ac.uk/vol1/fastq/ERR330/005/ERR3306985/ERR3306985_subreads.fastq.gz,2300947955,2b7dde51a67f7177fd562b6d80b2579c
PRJEB32404,"Illumina and PacBio reads of NC358, one of the twenty-five founder lines of the the Nested Association Mapping (NAM) population.",SAMEA5313317,ERR3306987,PI 690330,NC358,34.0,False,Maize.Set.Inbred.Diversity.282.Plus.NAM.Parents,107.7,WGS,PACBIO_SMRT,SINGLE,ftp://ftp.sra.ebi.ac.uk/vol1/fastq/ERR330/007/ERR3306987/ERR3306987_subreads.fastq.gz,2719457799,083915537205a6a596a911e54427592e
PRJEB32404,"Illumina and PacBio reads of NC358, one of the twenty-five founder lines of the the Nested Association Mapping (NAM) population.",SAMEA5313317,ERR3306993,PI 690330,NC358,34.0,False,Maize.Set.Inbred.Diversity.282.Plus.NAM.Parents,107.7,WGS,PACBIO_SMRT,SINGLE,ftp://ftp.sra.ebi.ac.uk/vol1/fastq/ERR330/003/ERR3306993/ERR3306993_subreads.fastq.gz,2758089619,8e79984d46033bc9d5573e0bf3624ca8
PRJEB32404,"Illumina and PacBio reads of NC358, one of the twenty-five founder lines of the the Nested Association Mapping (NAM) population.",SAMEA5313317,ERR3306997,PI 690330,NC358,34.0,False,Maize.Set.Inbred.Diversity.282.Plus.NAM.Parents,107.7,WGS,PACBIO_SMRT,SINGLE,ftp://ftp.sra.ebi.ac.uk/vol1/fastq/ERR330/007/ERR3306997/ERR3306997_subreads.fastq.gz,2955021141,7ce51b5e4f3b4cbfbaf32fac43d07495
PRJEB32404,"Illumina and PacBio reads of NC358, one of the twenty-five founder lines of the the Nested Association Mapping (NAM) population.",SAMEA5313317,ERR3306998,PI 690330,NC358,34.0,False,Maize.Set.Inbred.Diversity.282.Plus.NAM.Parents,107.7,WGS,PACBIO_SMRT,SINGLE,ftp://ftp.sra.ebi.ac.uk/vol1/fastq/ERR330/008/ERR3306998/ERR3306998_subreads.fastq.gz,2872032648,b6dd4f9d954a1768895c9c3c6c420541
PRJEB32404,"Illumina and PacBio reads of NC358, one of the twenty-five founder lines of the the Nested Association Mapping (NAM) population.",SAMEA5313317,ERR3306999,PI 690330,NC358,34.0,False,Maize.Set.Inbred.Diversity.282.Plus.NAM.Parents,107.7,WGS,PACBIO_SMRT,SINGLE,ftp://ftp.sra.ebi.ac.uk/vol1/fastq/ERR330/009/ERR3306999/ERR3306999_subreads.fastq.gz,2274020990,9bf1e31ff2fcd0508fc740b489aaa771
PRJEB32404,"Illumina and PacBio reads of NC358, one of the twenty-five founder lines of the the Nested Association Mapping (NAM) population.",SAMEA5313317,ERR3307000,PI 690330,NC358,34.0,False,Maize.Set.Inbred.Diversity.282.Plus.NAM.Parents,107.7,WGS,PACBIO_SMRT,SINGLE,ftp://ftp.sra.ebi.ac.uk/vol1/fastq/ERR330/000/ERR3307000/ERR3307000_subreads.fastq.gz,2081172123,0b44e95f9e109654b88ea7a915b74a56
PRJEB31061,Genome sequence and assembly of the twenty-five founder lines of the the Nested Association Mapping (NAM) population.,SAMEA5313299,ERR3309360,PI 595561,CML 52,21.0,False,Maize.Set.Inbred.Diversity.282.Plus.NAM.Parents,138.9,WGS,PACBIO_SMRT,SINGLE,ftp://ftp.sra.ebi.ac.uk/vol1/fastq/ERR330/000/ERR3309360/ERR3309360_subreads.fastq.gz,2656017937,5f25d9371dc43928b6fd4a72bb11a61d
PRJEB31061,Genome sequence and assembly of the twenty-five founder lines of the the Nested Association Mapping (NAM) population.,SAMEA5313299,ERR3309361,PI 595561,CML 52,21.0,False,Maize.Set.Inbred.Diversity.282.Plus.NAM.Parents,138.9,WGS,PACBIO_SMRT,SINGLE,ftp://ftp.sra.ebi.ac.uk/vol1/fastq/ERR330/001/ERR3309361/ERR3309361_subreads.fastq.gz,2356478120,d7a5da0e126b17dee7d8092298120026
PRJEB31061,Genome sequence and assembly of the twenty-five founder lines of the the Nested Association Mapping (NAM) population.,SAMEA5313299,ERR3309362,PI 595561,CML 52,21.0,False,Maize.Set.Inbred.Diversity.282.Plus.NAM.Parents,138.9,WGS,PACBIO_SMRT,SINGLE,ftp://ftp.sra.ebi.ac.uk/vol1/fastq/ERR330/002/ERR3309362/ERR3309362_subreads.fastq.gz,2414912820,682088f79e75c17ac65cc95bcff33122
PRJEB31061,Genome sequence and assembly of the twenty-five founder lines of the the Nested Association Mapping (NAM) population.,SAMEA5313299,ERR3309367,PI 595561,CML 52,21.0,False,Maize.Set.Inbred.Diversity.282.Plus.NAM.Parents,138.9,WGS,PACBIO_SMRT,SINGLE,ftp://ftp.sra.ebi.ac.uk/vol1/fastq/ERR330/007/ERR3309367/ERR3309367_subreads.fastq.gz,2404393680,9d21550c1752331238fcfd7cfc4a4095
PRJEB31061,Genome sequence and assembly of the twenty-five founder lines of the the Nested Association Mapping (NAM) population.,SAMEA5313299,ERR3309368,PI 595561,CML 52,21.0,False,Maize.Set.Inbred.Diversity.282.Plus.NAM.Parents,138.9,WGS,PACBIO_SMRT,SINGLE,ftp://ftp.sra.ebi.ac.uk/vol1/fastq/ERR330/008/ERR3309368/ERR3309368_subreads.fastq.gz,2273906354,607e5c1f9624ccc5f905c73e937ea8ad
PRJEB31061,Genome sequence and assembly of the twenty-five founder lines of the the Nested Association Mapping (NAM) population.,SAMEA5313299,ERR3309370,PI 595561,CML 52,21.0,False,Maize.Set.Inbred.Diversity.282.Plus.NAM.Parents,138.9,WGS,PACBIO_SMRT,SINGLE,ftp://ftp.sra.ebi.ac.uk/vol1/fastq/ERR330/000/ERR3309370/ERR3309370_subreads.fastq.gz,2824072857,e10ed785c1eb107464a8b0333657747c
PRJEB31061,Genome sequence and assembly of the twenty-five founder lines of the the Nested Association Mapping (NAM) population.,SAMEA5313299,ERR3309371,PI 595561,CML 52,21.0,False,Maize.Set.Inbred.Diversity.282.Plus.NAM.Parents,138.9,WGS,PACBIO_SMRT,SINGLE,ftp://ftp.sra.ebi.ac.uk/vol1/fastq/ERR330/001/ERR3309371/ERR3309371_subreads.fastq.gz,2619579630,8685f52c5a2654b3f5d46f91e4a6a480
PRJEB31061,Genome sequence and assembly of the twenty-five founder lines of the the Nested Association Mapping (NAM) population.,SAMEA5313299,ERR3309374,PI 595561,CML 52,21.0,False,Maize.Set.Inbred.Diversity.282.Plus.NAM.Parents,138.9,WGS,PACBIO_SMRT,SINGLE,ftp://ftp.sra.ebi.ac.uk/vol1/fastq/ERR330/004/ERR3309374/ERR3309374_subreads.fastq.gz,3413523904,3803b0831e2f27318af86f452e93577e
PRJEB31061,Genome sequence and assembly of the twenty-five founder lines of the the Nested Association Mapping (NAM) population.,SAMEA5313299,ERR3309375,PI 595561,CML 52,21.0,False,Maize.Set.Inbred.Diversity.282.Plus.NAM.Parents,138.9,WGS,PACBIO_SMRT,SINGLE,ftp://ftp.sra.ebi.ac.uk/vol1/fastq/ERR330/005/ERR3309375/ERR3309375_subreads.fastq.gz,3551409708,8f084ab81026c384c4363c1386bf8672
PRJEB31061,Genome sequence and assembly of the twenty-five founder lines of the the Nested Association Mapping (NAM) population.,SAMEA5313299,ERR3309376,PI 595561,CML 52,21.0,False,Maize.Set.Inbred.Diversity.282.Plus.NAM.Parents,138.9,WGS,PACBIO_SMRT,SINGLE,ftp://ftp.sra.ebi.ac.uk/vol1/fastq/ERR330/006/ERR3309376/ERR3309376_subreads.fastq.gz,3377087529,5496a123fbc958b6698deb080dcc4591
PRJEB31061,Genome sequence and assembly of the twenty-five founder lines of the the Nested Association Mapping (NAM) population.,SAMEA5313299,ERR3309377,PI 595561,CML 52,21.0,False,Maize.Set.Inbred.Diversity.282.Plus.NAM.Parents,138.9,WGS,PACBIO_SMRT,SINGLE,ftp://ftp.sra.ebi.ac.uk/vol1/fastq/ERR330/007/ERR3309377/ERR3309377_subreads.fastq.gz,3405438316,b09b6f3df3da1c70cc4013cd8b9c4ec0
PRJEB31061,Genome sequence and assembly of the twenty-five founder lines of the the Nested Association Mapping (NAM) population.,SAMEA5313299,ERR3309378,PI 595561,CML 52,21.0,False,Maize.Set.Inbred.Diversity.282.Plus.NAM.Parents,138.9,WGS,PACBIO_SMRT,SINGLE,ftp://ftp.sra.ebi.ac.uk/vol1/fastq/ERR330/008/ERR3309378/ERR3309378_subreads.fastq.gz,3051583871,5f9ec2bf020a43638cabd870405adc56
PRJEB31061,Genome sequence and assembly of the twenty-five founder lines of the the Nested Association Mapping (NAM) population.,SAMEA5313299,ERR3309382,PI 595561,CML 52,21.0,False,Maize.Set.Inbred.Diversity.282.Plus.NAM.Parents,138.9,WGS,PACBIO_SMRT,SINGLE,ftp://ftp.sra.ebi.ac.uk/vol1/fastq/ERR330/002/ERR3309382/ERR3309382_subreads.fastq.gz,2093957591,12d48b80710bf7acb51eeceaae582d8d
PRJEB35367,Genome sequence and assembly of abnormal chromosome 10 genome Ab10,SAMEA6236504,ERR3773549,PI 690316,B73 Ab10,25.0,False,,197.7,WGS,PACBIO_SMRT,SINGLE,ftp://ftp.sra.ebi.ac.uk/vol1/fastq/ERR377/009/ERR3773549/ERR3773549_subreads.fastq.gz,407196379,71796ba1a42a7ad60f7ed83a69666bcf
PRJEB35367,Genome sequence and assembly of abnormal chromosome 10 genome Ab10,SAMEA6236504,ERR3773551,PI 690316,B73 Ab10,25.0,False,,197.7,WGS,PACBIO_SMRT,SINGLE,ftp://ftp.sra.ebi.ac.uk/vol1/fastq/ERR377/001/ERR3773551/ERR3773551_subreads.fastq.gz,2457664918,2ead2fc38f43739df48bf484b33ab855
PRJEB35367,Genome sequence and assembly of abnormal chromosome 10 genome Ab10,SAMEA6236504,ERR3773553,PI 690316,B73 Ab10,25.0,False,,197.7,WGS,PACBIO_SMRT,SINGLE,ftp://ftp.sra.ebi.ac.uk/vol1/fastq/ERR377/003/ERR3773553/ERR3773553_subreads.fastq.gz,2179284036,f7e9937c4fa51737d5d6d6c9e8e7005a
PRJEB35367,Genome sequence and assembly of abnormal chromosome 10 genome Ab10,SAMEA6236504,ERR3773554,PI 690316,B73 Ab10,25.0,False,,197.7,WGS,PACBIO_SMRT,SINGLE,ftp://ftp.sra.ebi.ac.uk/vol1/fastq/ERR377/004/ERR3773554/ERR3773554_subreads.fastq.gz,2342203736,b41583d316d00e8fcac9a8d915a08165
PRJEB35367,Genome sequence and assembly of abnormal chromosome 10 genome Ab10,SAMEA6236504,ERR3773555,PI 690316,B73 Ab10,25.0,False,,197.7,WGS,PACBIO_SMRT,SINGLE,ftp://ftp.sra.ebi.ac.uk/vol1/fastq/ERR377/005/ERR3773555/ERR3773555_subreads.fastq.gz,2220162753,4d234d118031ffa98a41a2072bc1f5ff
PRJEB35367,Genome sequence and assembly of abnormal chromosome 10 genome Ab10,SAMEA6236504,ERR3773556,PI 690316,B73 Ab10,25.0,False,,197.7,WGS,PACBIO_SMRT,SINGLE,ftp://ftp.sra.ebi.ac.uk/vol1/fastq/ERR377/006/ERR3773556/ERR3773556_subreads.fastq.gz,2170192548,aa1f6dbd431133c2f2aaadde882fe1cb
PRJEB35367,Genome sequence and assembly of abnormal chromosome 10 genome Ab10,SAMEA6236504,ERR3773559,PI 690316,B73 Ab10,25.0,False,,197.7,WGS,PACBIO_SMRT,SINGLE,ftp://ftp.sra.ebi.ac.uk/vol1/fastq/ERR377/009/ERR3773559/ERR3773559_subreads.fastq.gz,1791487352,8c5223e16635b2daddb798c38438dc8f
PRJEB35367,Genome sequence and assembly of abnormal chromosome 10 genome Ab10,SAMEA6236504,ERR3773560,PI 690316,B73 Ab10,25.0,False,,197.7,WGS,PACBIO_SMRT,SINGLE,ftp://ftp.sra.ebi.ac.uk/vol1/fastq/ERR377/000/ERR3773560/ERR3773560_subreads.fastq.gz,2510793411,0e408d251168b90be00a3f1fa34b1870
PRJEB35367,Genome sequence and assembly of abnormal chromosome 10 genome Ab10,SAMEA6236504,ERR3773561,PI 690316,B73 Ab10,25.0,False,,197.7,WGS,PACBIO_SMRT,SINGLE,ftp://ftp.sra.ebi.ac.uk/vol1/fastq/ERR377/001/ERR3773561/ERR3773561_subreads.fastq.gz,2624865784,6bbd7bf812a9c0ca994fb83f51a18593
PRJEB35367,Genome sequence and assembly of abnormal chromosome 10 genome Ab10,SAMEA6236504,ERR3773564,PI 690316,B73 Ab10,25.0,False,,197.7,WGS,PACBIO_SMRT,SINGLE,ftp://ftp.sra.ebi.ac.uk/vol1/fastq/ERR377/004/ERR3773564/ERR3773564_subreads.fastq.gz,2335632259,ef2bd9513c87fae4d1972c9bc6c19b37
PRJEB35367,Genome sequence and assembly of abnormal chromosome 10 genome Ab10,SAMEA6236504,ERR3773567,PI 690316,B73 Ab10,25.0,False,,197.7,WGS,PACBIO_SMRT,SINGLE,ftp://ftp.sra.ebi.ac.uk/vol1/fastq/ERR377/007/ERR3773567/ERR3773567_subreads.fastq.gz,2448257573,3c7fc10948f760ec7f714367b5efdbc4
PRJEB35367,Genome sequence and assembly of abnormal chromosome 10 genome Ab10,SAMEA6236504,ERR3773568,PI 690316,B73 Ab10,25.0,False,,197.7,WGS,PACBIO_SMRT,SINGLE,ftp://ftp.sra.ebi.ac.uk/vol1/fastq/ERR377/008/ERR3773568/ERR3773568_subreads.fastq.gz,2192006579,d699b1658254f3d4135ccf3d089db9d2
PRJEB44462,"Sequencing, Assembly and Annotation of B104",SAMEA8718246,ERR5952752,PI 594047,B104,35.0,False,Maize.Set.Inbred.Diversity.282.Plus.NAM.Parents,73.1,WGS,PACBIO_SMRT,SINGLE,ftp://ftp.sra.ebi.ac.uk/vol1/fastq/ERR595/002/ERR5952752/ERR5952752.fastq.gz,1622505189,8398d780ddc687f0049e9d8cfb67a5f1
PRJEB44462,"Sequencing, Assembly and Annotation of B104",SAMEA8718246,ERR5952753,PI 594047,B104,35.0,False,Maize.Set.Inbred.Diversity.282.Plus.NAM.Parents,73.1,WGS,PACBIO_SMRT,SINGLE,ftp://ftp.sra.ebi.ac.uk/vol1/fastq/ERR595/003/ERR5952753/ERR5952753.fastq.gz,2082614571,debf1827c47885242df3dc0793a91870
PRJEB44462,"Sequencing, Assembly and Annotation of B104",SAMEA8718246,ERR5952755,PI 594047,B104,35.0,False,Maize.Set.Inbred.Diversity.282.Plus.NAM.Parents,73.1,WGS,PACBIO_SMRT,SINGLE,ftp://ftp.sra.ebi.ac.uk/vol1/fastq/ERR595/005/ERR5952755/ERR5952755.fastq.gz,1549085850,6efbb53835d5dbdb18c4f34865d46af3
PRJEB44462,"Sequencing, Assembly and Annotation of B104",SAMEA8718246,ERR5952756,PI 594047,B104,35.0,False,Maize.Set.Inbred.Diversity.282.Plus.NAM.Parents,73.1,WGS,PACBIO_SMRT,SINGLE,ftp://ftp.sra.ebi.ac.uk/vol1/fastq/ERR595/006/ERR5952756/ERR5952756.fastq.gz,1686558992,be16b5884ee3201639be31c85d6e56f9
PRJEB44462,"Sequencing, Assembly and Annotation of B104",SAMEA8718246,ERR5952763,PI 594047,B104,35.0,False,Maize.Set.Inbred.Diversity.282.Plus.NAM.Parents,73.1,WGS,PACBIO_SMRT,SINGLE,ftp://ftp.sra.ebi.ac.uk/vol1/fastq/ERR595/003/ERR5952763/ERR5952763.fastq.gz,1754921231,998ca44c6d4f3de9d6f83a5849d8d193
PRJEB32404,"Illumina and PacBio reads of NC358, one of the twenty-five founder lines of the the Nested Association Mapping (NAM) population.",SAMEA5313317,ERR3306982,PI 690330,NC358,34.0,False,Maize.Set.Inbred.Diversity.282.Plus.NAM.Parents,107.7,WGA,ILLUMINA,PAIRED,ftp://ftp.sra.ebi.ac.uk/vol1/fastq/ERR330/002/ERR3306982/ERR3306982_1.fastq.gz,21676503026,9321abb8d1584d135af46d75f174334c
PRJEB32404,"Illumina and PacBio reads of NC358, one of the twenty-five founder lines of the the Nested Association Mapping (NAM) population.",SAMEA5313317,ERR3306982,PI 690330,NC358,34.0,False,Maize.Set.Inbred.Diversity.282.Plus.NAM.Parents,107.7,WGA,ILLUMINA,PAIRED,ftp://ftp.sra.ebi.ac.uk/vol1/fastq/ERR330/002/ERR3306982/ERR3306982_2.fastq.gz,22171872026,e8a4afb9153d353b9ad43199502d4226
PRJEB31061,Genome sequence and assembly of the twenty-five founder lines of the the Nested Association Mapping (NAM) population.,SAMEA5313299,ERR3307813,PI 595561,CML 52,21.0,False,Maize.Set.Inbred.Diversity.282.Plus.NAM.Parents,138.9,WGA,ILLUMINA,PAIRED,ftp://ftp.sra.ebi.ac.uk/vol1/fastq/ERR330/003/ERR3307813/ERR3307813_1.fastq.gz,2665412688,9a395126b91d51e564873b19577d1cf6
PRJEB31061,Genome sequence and assembly of the twenty-five founder lines of the the Nested Association Mapping (NAM) population.,SAMEA5313299,ERR3307813,PI 595561,CML 52,21.0,False,Maize.Set.Inbred.Diversity.282.Plus.NAM.Parents,138.9,WGA,ILLUMINA,PAIRED,ftp://ftp.sra.ebi.ac.uk/vol1/fastq/ERR330/003/ERR3307813/ERR3307813_2.fastq.gz,2765384838,7fbfaaaa77136f7258872782403bf929
PRJEB31061,Genome sequence and assembly of the twenty-five founder lines of the the Nested Association Mapping (NAM) population.,SAMEA5313299,ERR3307817,PI 595561,CML 52,21.0,False,Maize.Set.Inbred.Diversity.282.Plus.NAM.Parents,138.9,WGA,ILLUMINA,PAIRED,ftp://ftp.sra.ebi.ac.uk/vol1/fastq/ERR330/007/ERR3307817/ERR3307817_1.fastq.gz,2693317564,ea68dd2856bf22ee5a84e89196a3a824
PRJEB31061,Genome sequence and assembly of the twenty-five founder lines of the the Nested Association Mapping (NAM) population.,SAMEA5313299,ERR3307817,PI 595561,CML 52,21.0,False,Maize.Set.Inbred.Diversity.282.Plus.NAM.Parents,138.9,WGA,ILLUMINA,PAIRED,ftp://ftp.sra.ebi.ac.uk/vol1/fastq/ERR330/007/ERR3307817/ERR3307817_2.fastq.gz,2790580619,e5fffb96bd7ffd5fd1802c3dd1c3539c
PRJEB31061,Genome sequence and assembly of the twenty-five founder lines of the the Nested Association Mapping (NAM) population.,SAMEA5313299,ERR3307819,PI 595561,CML 52,21.0,False,Maize.Set.Inbred.Diversity.282.Plus.NAM.Parents,138.9,WGA,ILLUMINA,PAIRED,ftp://ftp.sra.ebi.ac.uk/vol1/fastq/ERR330/009/ERR3307819/ERR3307819_1.fastq.gz,2609776475,0c8a7d11f1088b4af778503127d15d69
PRJEB31061,Genome sequence and assembly of the twenty-five founder lines of the the Nested Association Mapping (NAM) population.,SAMEA5313299,ERR3307819,PI 595561,CML 52,21.0,False,Maize.Set.Inbred.Diversity.282.Plus.NAM.Parents,138.9,WGA,ILLUMINA,PAIRED,ftp://ftp.sra.ebi.ac.uk/vol1/fastq/ERR330/009/ERR3307819/ERR3307819_2.fastq.gz,2697483199,7fddfa3e4b5f8841b5a094205690e94b
PRJEB31061,Genome sequence and assembly of the twenty-five founder lines of the the Nested Association Mapping (NAM) population.,SAMEA5313299,ERR3307820,PI 595561,CML 52,21.0,False,Maize.Set.Inbred.Diversity.282.Plus.NAM.Parents,138.9,WGA,ILLUMINA,PAIRED,ftp://ftp.sra.ebi.ac.uk/vol1/fastq/ERR330/000/ERR3307820/ERR3307820_1.fastq.gz,2521392486,dc785b8dd86b37227d23985ccf21aa69
PRJEB31061,Genome sequence and assembly of the twenty-five founder lines of the the Nested Association Mapping (NAM) population.,SAMEA5313299,ERR3307820,PI 595561,CML 52,21.0,False,Maize.Set.Inbred.Diversity.282.Plus.NAM.Parents,138.9,WGA,ILLUMINA,PAIRED,ftp://ftp.sra.ebi.ac.uk/vol1/fastq/ERR330/000/ERR3307820/ERR3307820_2.fastq.gz,2615015563,7a8cf6934c193a8cae2caf2aa1fdfc5d
PRJEB31061,Genome sequence and assembly of the twenty-five founder lines of the the Nested Association Mapping (NAM) population.,SAMEA5313299,ERR3307826,PI 595561,CML 52,21.0,False,Maize.Set.Inbred.Diversity.282.Plus.NAM.Parents,138.9,WGA,ILLUMINA,PAIRED,ftp://ftp.sra.ebi.ac.uk/vol1/fastq/ERR330/006/ERR3307826/ERR3307826_1.fastq.gz,2221039946,3acc92a9763c8547e0f607c06a169fb4
PRJEB31061,Genome sequence and assembly of the twenty-five founder lines of the the Nested Association Mapping (NAM) population.,SAMEA5313299,ERR3307826,PI 595561,CML 52,21.0,False,Maize.Set.Inbred.Diversity.282.Plus.NAM.Parents,138.9,WGA,ILLUMINA,PAIRED,ftp://ftp.sra.ebi.ac.uk/vol1/fastq/ERR330/006/ERR3307826/ERR3307826_2.fastq.gz,2311590475,b939b9cf1dfdf5a29bbe2014de0c7a32
PRJEB31061,Genome sequence and assembly of the twenty-five founder lines of the the Nested Association Mapping (NAM) population.,SAMEA5313299,ERR3307827,PI 595561,CML 52,21.0,False,Maize.Set.Inbred.Diversity.282.Plus.NAM.Parents,138.9,WGA,ILLUMINA,PAIRED,ftp://ftp.sra.ebi.ac.uk/vol1/fastq/ERR330/007/ERR3307827/ERR3307827_1.fastq.gz,2245767854,a849f14c00df192009cd3dcb309f74fc
PRJEB31061,Genome sequence and assembly of the twenty-five founder lines of the the Nested Association Mapping (NAM) population.,SAMEA5313299,ERR3307827,PI 595561,CML 52,21.0,False,Maize.Set.Inbred.Diversity.282.Plus.NAM.Parents,138.9,WGA,ILLUMINA,PAIRED,ftp://ftp.sra.ebi.ac.uk/vol1/fastq/ERR330/007/ERR3307827/ERR3307827_2.fastq.gz,2328724887,5ea80e12da289270d3761657e298cba1
PRJEB44462,"Sequencing, Assembly and Annotation of B104",SAMEA8718246,ERR6056753,PI 594047,B104,35.0,False,Maize.Set.Inbred.Diversity.282.Plus.NAM.Parents,73.1,WGA,ILLUMINA,PAIRED,ftp://ftp.sra.ebi.ac.uk/vol1/fastq/ERR605/003/ERR6056753/ERR6056753_1.fastq.gz,1234707728,57203958f6074a1d919105b4755988f8
PRJEB44462,"Sequencing, Assembly and Annotation of B104",SAMEA8718246,ERR6056753,PI 594047,B104,35.0,False,Maize.Set.Inbred.Diversity.282.Plus.NAM.Parents,73.1,WGA,ILLUMINA,PAIRED,ftp://ftp.sra.ebi.ac.uk/vol1/fastq/ERR605/003/ERR6056753/ERR6056753_2.fastq.gz,1300372612,a5dc7101c86bcea56dfaa17bc608fc7b
PRJEB44462,"Sequencing, Assembly and Annotation of B104",SAMEA8718246,ERR6056754,PI 594047,B104,35.0,False,Maize.Set.Inbred.Diversity.282.Plus.NAM.Parents,73.1,WGA,ILLUMINA,PAIRED,ftp://ftp.sra.ebi.ac.uk/vol1/fastq/ERR605/004/ERR6056754/ERR6056754_1.fastq.gz,1231774258,f8ab26183fca0aabf3608e54be9d5e92
PRJEB44462,"Sequencing, Assembly and Annotation of B104",SAMEA8718246,ERR6056754,PI 594047,B104,35.0,False,Maize.Set.Inbred.Diversity.282.Plus.NAM.Parents,73.1,WGA,ILLUMINA,PAIRED,ftp://ftp.sra.ebi.ac.uk/vol1/fastq/ERR605/004/ERR6056754/ERR6056754_2.fastq.gz,1299112238,d7d2b831e036b6584d3995e274d8c0f7
PRJEB44462,"Sequencing, Assembly and Annotation of B104",SAMEA8718246,ERR6056755,PI 594047,B104,35.0,False,Maize.Set.Inbred.Diversity.282.Plus.NAM.Parents,73.1,WGA,ILLUMINA,PAIRED,ftp://ftp.sra.ebi.ac.uk/vol1/fastq/ERR605/005/ERR6056755/ERR6056755_1.fastq.gz,1232195498,2b6856cae675349e1d621d783ab9002a
PRJEB44462,"Sequencing, Assembly and Annotation of B104",SAMEA8718246,ERR6056755,PI 594047,B104,35.0,False,Maize.Set.Inbred.Diversity.282.Plus.NAM.Parents,73.1,WGA,ILLUMINA,PAIRED,ftp://ftp.sra.ebi.ac.uk/vol1/fastq/ERR605/005/ERR6056755/ERR6056755_2.fastq.gz,1300261872,bbb13f5e8a931d2329d27b1c98a300a9
PRJEB44462,"Sequencing, Assembly and Annotation of B104",SAMEA8718246,ERR6056758,PI 594047,B104,35.0,False,Maize.Set.Inbred.Diversity.282.Plus.NAM.Parents,73.1,WGA,ILLUMINA,PAIRED,ftp://ftp.sra.ebi.ac.uk/vol1/fastq/ERR605/008/ERR6056758/ERR6056758_1.fastq.gz,1227499845,dec7204e5227cfb6fee3819848de7c39
PRJEB44462,"Sequencing, Assembly and Annotation of B104",SAMEA8718246,ERR6056758,PI 594047,B104,35.0,False,Maize.Set.Inbred.Diversity.282.Plus.NAM.Parents,73.1,WGA,ILLUMINA,PAIRED,ftp://ftp.sra.ebi.ac.uk/vol1/fastq/ERR605/008/ERR6056758/ERR6056758_2.fastq.gz,1295631853,564525c612bdd4e5817f36b0e5f61f09
PRJEB44462,"Sequencing, Assembly and Annotation of B104",SAMEA8718246,ERR6056768,PI 594047,B104,35.0,False,Maize.Set.Inbred.Diversity.282.Plus.NAM.Parents,73.1,WGA,ILLUMINA,PAIRED,ftp://ftp.sra.ebi.ac.uk/vol1/fastq/ERR605/008/ERR6056768/ERR6056768_1.fastq.gz,1298756904,0f66933d435d15f49f3ce0531361fcaf
PRJEB44462,"Sequencing, Assembly and Annotation of B104",SAMEA8718246,ERR6056768,PI 594047,B104,35.0,False,Maize.Set.Inbred.Diversity.282.Plus.NAM.Parents,73.1,WGA,ILLUMINA,PAIRED,ftp://ftp.sra.ebi.ac.uk/vol1/fastq/ERR605/008/ERR6056768/ERR6056768_2.fastq.gz,1307381868,48cd556db201932c6cb154766fab92b0
PRJEB44462,"Sequencing, Assembly and Annotation of B104",SAMEA8718246,ERR6056769,PI 594047,B104,35.0,False,Maize.Set.Inbred.Diversity.282.Plus.NAM.Parents,73.1,WGA,ILLUMINA,PAIRED,ftp://ftp.sra.ebi.ac.uk/vol1/fastq/ERR605/009/ERR6056769/ERR6056769_1.fastq.gz,162245072,0ee3d2f6b992f53cb19a341ca95661c2
PRJEB44462,"Sequencing, Assembly and Annotation of B104",SAMEA8718246,ERR6056769,PI 594047,B104,35.0,False,Maize.Set.Inbred.Diversity.282.Plus.NAM.Parents,73.1,WGA,ILLUMINA,PAIRED,ftp://ftp.sra.ebi.ac.uk/vol1/fastq/ERR605/009/ERR6056769/ERR6056769_2.fastq.gz,163198115,50873da7bcb674d647253665814f7c29
PRJEB44462,"Sequencing, Assembly and Annotation of B104",SAMEA8718246,ERR6056773,PI 594047,B104,35.0,False,Maize.Set.Inbred.Diversity.282.Plus.NAM.Parents,73.1,WGA,ILLUMINA,PAIRED,ftp://ftp.sra.ebi.ac.uk/vol1/fastq/ERR605/003/ERR6056773/ERR6056773_1.fastq.gz,1229198215,895e42c818329b58e70fa08edbc89b2f
PRJEB44462,"Sequencing, Assembly and Annotation of B104",SAMEA8718246,ERR6056773,PI 594047,B104,35.0,False,Maize.Set.Inbred.Diversity.282.Plus.NAM.Parents,73.1,WGA,ILLUMINA,PAIRED,ftp://ftp.sra.ebi.ac.uk/vol1/fastq/ERR605/003/ERR6056773/ERR6056773_2.fastq.gz,1299749811,f2fd0b9cb76d750ec7118ae0156a4ee7
PRJEB44462,"Sequencing, Assembly and Annotation of B104",SAMEA8718246,ERR6056774,PI 594047,B104,35.0,False,Maize.Set.Inbred.Diversity.282.Plus.NAM.Parents,73.1,WGA,ILLUMINA,PAIRED,ftp://ftp.sra.ebi.ac.uk/vol1/fastq/ERR605/004/ERR6056774/ERR6056774_1.fastq.gz,1231086029,d3e7b113fb1b26edb0298218553efec5
PRJEB44462,"Sequencing, Assembly and Annotation of B104",SAMEA8718246,ERR6056774,PI 594047,B104,35.0,False,Maize.Set.Inbred.Diversity.282.Plus.NAM.Parents,73.1,WGA,ILLUMINA,PAIRED,ftp://ftp.sra.ebi.ac.uk/vol1/fastq/ERR605/004/ERR6056774/ERR6056774_2.fastq.gz,1300801447,90d74595e332e4eae4a227770b4771ad
PRJNA661271,Maize Wisconsin Diversity Panel Resequencing Project,SAMN16053185,SRR12633332,PI 644101,LH1,34.0,False,Maize.Group.PVP,27.5,WGA,ILLUMINA,PAIRED,ftp://ftp.sra.ebi.ac.uk/vol1/fastq/SRR126/032/SRR12633332/SRR12633332_1.fastq.gz,15006626993,3fa758cb10656eacfbc6cab5e45ad5cb
PRJNA661271,Maize Wisconsin Diversity Panel Resequencing Project,SAMN16053185,SRR12633332,PI 644101,LH1,34.0,False,Maize.Group.PVP,27.5,WGA,ILLUMINA,PAIRED,ftp://ftp.sra.ebi.ac.uk/vol1/fastq/SRR126/032/SRR12633332/SRR12633332_2.fastq.gz,15635601267,23c2776d7c3f93ecee88e79659939190
PRJNA661271,Maize Wisconsin Diversity Panel Resequencing Project,SAMN16053178,SRR12633340,NSL 174429,INB 101LFY/LFY (A632 X M16 S5),29.0,False,Maize.Group.Ames.Panel.2010,23.0,WGA,ILLUMINA,PAIRED,ftp://ftp.sra.ebi.ac.uk/vol1/fastq/SRR126/040/SRR12633340/SRR12633340_1.fastq.gz,12719028163,42ed2012e6a1b1eaa96994254f1ca05d
PRJNA661271,Maize Wisconsin Diversity Panel Resequencing Project,SAMN16053178,SRR12633340,NSL 174429,INB 101LFY/LFY (A632 X M16 S5),29.0,False,Maize.Group.Ames.Panel.2010,23.0,WGA,ILLUMINA,PAIRED,ftp://ftp.sra.ebi.ac.uk/vol1/fastq/SRR126/040/SRR12633340/SRR12633340_2.fastq.gz,12823308522,9f20941e406247c909590dabb097eea4
PRJNA661271,Maize Wisconsin Diversity Panel Resequencing Project,SAMN16053175,SRR12633343,Ames 2337,Huanyao,19.0,False,Maize.Group.Ames.Panel.2010,22.7,WGA,ILLUMINA,PAIRED,ftp://ftp.sra.ebi.ac.uk/vol1/fastq/SRR126/043/SRR12633343/SRR12633343_1.fastq.gz,12674389715,bdabf6d66023c7145e200f7249e81a06
PRJNA661271,Maize Wisconsin Diversity Panel Resequencing Project,SAMN16053175,SRR12633343,Ames 2337,Huanyao,19.0,False,Maize.Group.Ames.Panel.2010,22.7,WGA,ILLUMINA,PAIRED,ftp://ftp.sra.ebi.ac.uk/vol1/fastq/SRR126/043/SRR12633343/SRR12633343_2.fastq.gz,12871033889,a6ccacf00dd732daed6359a1f6e5b843
PRJNA661271,Maize Wisconsin Diversity Panel Resequencing Project,SAMN16053169,SRR12633349,PI 698991,H114,16.0,False,Maize.Group.Ames.Panel.2010,19.9,WGA,ILLUMINA,PAIRED,ftp://ftp.sra.ebi.ac.uk/vol1/fastq/SRR126/049/SRR12633349/SRR12633349_1.fastq.gz,10419768198,33e5cf4141b4428653cd0353d8ea99a6
PRJNA661271,Maize Wisconsin Diversity Panel Resequencing Project,SAMN16053169,SRR12633349,PI 698991,H114,16.0,False,Maize.Group.Ames.Panel.2010,19.9,WGA,ILLUMINA,PAIRED,ftp://ftp.sra.ebi.ac.uk/vol1/fastq/SRR126/049/SRR12633349/SRR12633349_2.fastq.gz,10595941001,9d3904655dbf17a55dbbe0a770378ede
PRJNA661271,Maize Wisconsin Diversity Panel Resequencing Project,SAMN16053165,SRR12633354,Ames 27052,CO257,26.0,False,Maize.Group.Ames.Panel.2010,21.8,WGA,ILLUMINA,PAIRED,ftp://ftp.sra.ebi.ac.uk/vol1/fastq/SRR126/054/SRR12633354/SRR12633354_1.fastq.gz,11645069600,c8a153f43fc0bcb873f09e5e678f5d3c
PRJNA661271,Maize Wisconsin Diversity Panel Resequencing Project,SAMN16053165,SRR12633354,Ames 27052,CO257,26.0,False,Maize.Group.Ames.Panel.2010,21.8,WGA,ILLUMINA,PAIRED,ftp://ftp.sra.ebi.ac.uk/vol1/fastq/SRR126/054/SRR12633354/SRR12633354_2.fastq.gz,12241021365,7de2977c4b50f306604df93bde6faf16
PRJNA661271,Maize Wisconsin Diversity Panel Resequencing Project,SAMN16053160,SRR12633360,PI 550466,B70,34.0,False,Maize.Group.Ames.Panel.2010,43.5,WGA,ILLUMINA,PAIRED,ftp://ftp.sra.ebi.ac.uk/vol1/fastq/SRR126/060/SRR12633360/SRR12633360_1.fastq.gz,22668688664,130cb8a681fa564ff238c474a13062ed
PRJNA661271,Maize Wisconsin Diversity Panel Resequencing Project,SAMN16053160,SRR12633360,PI 550466,B70,34.0,False,Maize.Group.Ames.Panel.2010,43.5,WGA,ILLUMINA,PAIRED,ftp://ftp.sra.ebi.ac.uk/vol1/fastq/SRR126/060/SRR12633360/SRR12633360_2.fastq.gz,23924553345,fd205b71c692ba344b11ae0c9b1eb41d
PRJNA661271,Maize Wisconsin Diversity Panel Resequencing Project,SAMN16052895,SRR12633365,PI 601789,PHV37,31.0,False,Maize.Group.PVP,22.2,WGA,ILLUMINA,PAIRED,ftp://ftp.sra.ebi.ac.uk/vol1/fastq/SRR126/065/SRR12633365/SRR12633365_1.fastq.gz,12682354076,58349809f2b90e06411fc81252f76c36
PRJNA661271,Maize Wisconsin Diversity Panel Resequencing Project,SAMN16052895,SRR12633365,PI 601789,PHV37,31.0,False,Maize.Group.PVP,22.2,WGA,ILLUMINA,PAIRED,ftp://ftp.sra.ebi.ac.uk/vol1/fastq/SRR126/065/SRR12633365/SRR12633365_2.fastq.gz,13532929078,9a95166b575a5267de7cf0cf330de644
PRJNA661271,Maize Wisconsin Diversity Panel Resequencing Project,SAMN16053156,SRR12633366,PI 634215,B121,28.0,False,Maize.Group.Ames.Panel.2010,22.3,WGA,ILLUMINA,PAIRED,ftp://ftp.sra.ebi.ac.uk/vol1/fastq/SRR126/066/SRR12633366/SRR12633366_1.fastq.gz,12363878243,9866bc24c26d5c3bd8c49c97d000eadc
PRJNA661271,Maize Wisconsin Diversity Panel Resequencing Project,SAMN16053156,SRR12633366,PI 634215,B121,28.0,False,Maize.Group.Ames.Panel.2010,22.3,WGA,ILLUMINA,PAIRED,ftp://ftp.sra.ebi.ac.uk/vol1/fastq/SRR126/066/SRR12633366/SRR12633366_2.fastq.gz,12702814144,0627a3ac8738f27898e339998e6aa9f2
PRJNA661271,Maize Wisconsin Diversity Panel Resequencing Project,SAMN16053134,SRR12633385,PI 601612,S8326,31.0,False,Maize.Group.PVP,23.1,WGA,ILLUMINA,PAIRED,ftp://ftp.sra.ebi.ac.uk/vol1/fastq/SRR126/085/SRR12633385/SRR12633385_1.fastq.gz,12906533356,6cf9e4695112ff9d6f0139d1139c3375
PRJNA661271,Maize Wisconsin Diversity Panel Resequencing Project,SAMN16053134,SRR12633385,PI 601612,S8326,31.0,False,Maize.Group.PVP,23.1,WGA,ILLUMINA,PAIRED,ftp://ftp.sra.ebi.ac.uk/vol1/fastq/SRR126/085/SRR12633385/SRR12633385_2.fastq.gz,13075250366,ba117949faa1e5376aa09b252af94c79
PRJNA661271,Maize Wisconsin Diversity Panel Resequencing Project,SAMN16053129,SRR12633390,PI 601778,PHM10,31.0,False,Maize.Group.PVP,19.8,WGA,ILLUMINA,PAIRED,ftp://ftp.sra.ebi.ac.uk/vol1/fastq/SRR126/090/SRR12633390/SRR12633390_1.fastq.gz,10940798238,0e951bc1081ada21c06dbfb45cde30db
PRJNA661271,Maize Wisconsin Diversity Panel Resequencing Project,SAMN16053129,SRR12633390,PI 601778,PHM10,31.0,False,Maize.Group.PVP,19.8,WGA,ILLUMINA,PAIRED,ftp://ftp.sra.ebi.ac.uk/vol1/fastq/SRR126/090/SRR12633390/SRR12633390_2.fastq.gz,11358188245,8b39b2ea70d19f54d458018158e55adf
PRJNA661271,Maize Wisconsin Diversity Panel Resequencing Project,SAMN16053123,SRR12633395,PI 550571,ND259,28.0,False,Maize.Group.Ames.Panel.2010,21.4,WGA,ILLUMINA,PAIRED,ftp://ftp.sra.ebi.ac.uk/vol1/fastq/SRR126/095/SRR12633395/SRR12633395_1.fastq.gz,11478131728,9e4da71082dc9ec6e670a99c9d1d0102
PRJNA661271,Maize Wisconsin Diversity Panel Resequencing Project,SAMN16053123,SRR12633395,PI 550571,ND259,28.0,False,Maize.Group.Ames.Panel.2010,21.4,WGA,ILLUMINA,PAIRED,ftp://ftp.sra.ebi.ac.uk/vol1/fastq/SRR126/095/SRR12633395/SRR12633395_2.fastq.gz,11907964095,5d005027e5461974ee42d23c34fd79e6
PRJNA661271,Maize Wisconsin Diversity Panel Resequencing Project,SAMN16052891,SRR12633399,PI 559940,PHGW7,30.0,False,Maize.Group.PVP,24.3,WGA,ILLUMINA,PAIRED,ftp://ftp.sra.ebi.ac.uk/vol1/fastq/SRR126/099/SRR12633399/SRR12633399_1.fastq.gz,13781896371,81d528aeb6edef44171f472ed012ce07
PRJNA661271,Maize Wisconsin Diversity Panel Resequencing Project,SAMN16052891,SRR12633399,PI 559940,PHGW7,30.0,False,Maize.Group.PVP,24.3,WGA,ILLUMINA,PAIRED,ftp://ftp.sra.ebi.ac.uk/vol1/fastq/SRR126/099/SRR12633399/SRR12633399_2.fastq.gz,14656466759,260ebcbd72c5e92f84e60ad4a7db4a94
PRJNA661271,Maize Wisconsin Diversity Panel Resequencing Project,SAMN16053094,SRR12633423,PI 583352,Mo47,30.0,False,Maize.Set.Inbred.Diversity.282.Plus.NAM.Parents,20.7,WGA,ILLUMINA,PAIRED,ftp://ftp.sra.ebi.ac.uk/vol1/fastq/SRR126/023/SRR12633423/SRR12633423_1.fastq.gz,11297541239,2a677b979811ee26db767d01171b9ef4
PRJNA661271,Maize Wisconsin Diversity Panel Resequencing Project,SAMN16053094,SRR12633423,PI 583352,Mo47,30.0,False,Maize.Set.Inbred.Diversity.282.Plus.NAM.Parents,20.7,WGA,ILLUMINA,PAIRED,ftp://ftp.sra.ebi.ac.uk/vol1/fastq/SRR126/023/SRR12633423/SRR12633423_2.fastq.gz,11631079157,5ee2f4ed5a1ce878b040028195c822b8
PRJNA661271,Maize Wisconsin Diversity Panel Resequencing Project,SAMN16053079,SRR12633436,PI 597925,B107,19.0,False,Maize.Group.Ames.Panel.2010,25.2,WGA,ILLUMINA,PAIRED,ftp://ftp.sra.ebi.ac.uk/vol1/fastq/SRR126/036/SRR12633436/SRR12633436_1.fastq.gz,13590930030,8a0893ef9035486b11fd1e5722a4c09d
PRJNA661271,Maize Wisconsin Diversity Panel Resequencing Project,SAMN16053079,SRR12633436,PI 597925,B107,19.0,False,Maize.Group.Ames.Panel.2010,25.2,WGA,ILLUMINA,PAIRED,ftp://ftp.sra.ebi.ac.uk/vol1/fastq/SRR126/036/SRR12633436/SRR12633436_2.fastq.gz,13781498625,19dc10427d416dd322b253287a546e1d
PRJNA661271,Maize Wisconsin Diversity Panel Resequencing Project,SAMN16053073,SRR12633441,PI 693329,A635,29.0,False,Maize.Set.Inbred.Diversity.282.Plus.NAM.Parents,30.1,WGA,ILLUMINA,PAIRED,ftp://ftp.sra.ebi.ac.uk/vol1/fastq/SRR126/041/SRR12633441/SRR12633441_1.fastq.gz,15995741307,4f9656ae210c81ee9799d80cad40f943
PRJNA661271,Maize Wisconsin Diversity Panel Resequencing Project,SAMN16053073,SRR12633441,PI 693329,A635,29.0,False,Maize.Set.Inbred.Diversity.282.Plus.NAM.Parents,30.1,WGA,ILLUMINA,PAIRED,ftp://ftp.sra.ebi.ac.uk/vol1/fastq/SRR126/041/SRR12633441/SRR12633441_2.fastq.gz,16423706243,443be285ca538b473ddb01dc7ce57400
PRJNA661271,Maize Wisconsin Diversity Panel Resequencing Project,SAMN16053052,SRR12633466,PI 565113,PHW80,30.0,False,Maize.Group.PVP,26.9,WGA,ILLUMINA,PAIRED,ftp://ftp.sra.ebi.ac.uk/vol1/fastq/SRR126/066/SRR12633466/SRR12633466_1.fastq.gz,14726473312,b1e3ed2f67e4c943e430b386b24d794e
PRJNA661271,Maize Wisconsin Diversity Panel Resequencing Project,SAMN16053052,SRR12633466,PI 565113,PHW80,30.0,False,Maize.Group.PVP,26.9,WGA,ILLUMINA,PAIRED,ftp://ftp.sra.ebi.ac.uk/vol1/fastq/SRR126/066/SRR12633466/SRR12633466_2.fastq.gz,15244161356,905a87aadb672b79476f3192ae8775bb
PRJNA661271,Maize Wisconsin Diversity Panel Resequencing Project,SAMN16052965,SRR12633471,Ames 23496,A672,28.0,False,Maize.Group.Ames.Panel.2010,21.2,WGA,ILLUMINA,PAIRED,ftp://ftp.sra.ebi.ac.uk/vol1/fastq/SRR126/071/SRR12633471/SRR12633471_1.fastq.gz,11577559486,bdd67e537ae773ff6b2bd50a9ad187d4
PRJNA661271,Maize Wisconsin Diversity Panel Resequencing Project,SAMN16052965,SRR12633471,Ames 23496,A672,28.0,False,Maize.Group.Ames.Panel.2010,21.2,WGA,ILLUMINA,PAIRED,ftp://ftp.sra.ebi.ac.uk/vol1/fastq/SRR126/071/SRR12633471/SRR12633471_2.fastq.gz,11783695305,51b5305bc717b8bb04afba0788d7bbe9
PRJNA661271,Maize Wisconsin Diversity Panel Resequencing Project,SAMN16052964,SRR12633472,Ames 23482,A649,29.0,False,Maize.Group.Ames.Panel.2010,20.8,WGA,ILLUMINA,PAIRED,ftp://ftp.sra.ebi.ac.uk/vol1/fastq/SRR126/072/SRR12633472/SRR12633472_1.fastq.gz,11183345976,d5c96f1f139da98494eb69b3bf1fff7d
PRJNA661271,Maize Wisconsin Diversity Panel Resequencing Project,SAMN16052964,SRR12633472,Ames 23482,A649,29.0,False,Maize.Group.Ames.Panel.2010,20.8,WGA,ILLUMINA,PAIRED,ftp://ftp.sra.ebi.ac.uk/vol1/fastq/SRR126/072/SRR12633472/SRR12633472_2.fastq.gz,11511708778,3c9a655154900d397b966174976f72a6
PRJNA661271,Maize Wisconsin Diversity Panel Resequencing Project,SAMN16052962,SRR12633474,Ames 23427,A374,29.0,False,Maize.Group.Ames.Panel.2010,21.9,WGA,ILLUMINA,PAIRED,ftp://ftp.sra.ebi.ac.uk/vol1/fastq/SRR126/074/SRR12633474/SRR12633474_1.fastq.gz,11789500352,31294c1713ea09f58dafdcecb751f176
PRJNA661271,Maize Wisconsin Diversity Panel Resequencing Project,SAMN16052962,SRR12633474,Ames 23427,A374,29.0,False,Maize.Group.Ames.Panel.2010,21.9,WGA,ILLUMINA,PAIRED,ftp://ftp.sra.ebi.ac.uk/vol1/fastq/SRR126/074/SRR12633474/SRR12633474_2.fastq.gz,12147337807,db4dbf42dfa890ea1551213c8970c80e
PRJNA661271,Maize Wisconsin Diversity Panel Resequencing Project,SAMN16052954,SRR12633483,PI 559949,PHT69,30.0,False,Maize.Group.PVP,21.4,WGA,ILLUMINA,PAIRED,ftp://ftp.sra.ebi.ac.uk/vol1/fastq/SRR126/083/SRR12633483/SRR12633483_1.fastq.gz,11412912954,6d17897f7b58734f81f401669e92cb1e
PRJNA661271,Maize Wisconsin Diversity Panel Resequencing Project,SAMN16052954,SRR12633483,PI 559949,PHT69,30.0,False,Maize.Group.PVP,21.4,WGA,ILLUMINA,PAIRED,ftp://ftp.sra.ebi.ac.uk/vol1/fastq/SRR126/083/SRR12633483/SRR12633483_2.fastq.gz,11713913404,3d989c79c5358277f17771b3c4fbeedf
PRJNA661271,Maize Wisconsin Diversity Panel Resequencing Project,SAMN16052948,SRR12633488,PI 565106,PHJR5,30.0,False,Maize.Group.PVP,26.1,WGA,ILLUMINA,PAIRED,ftp://ftp.sra.ebi.ac.uk/vol1/fastq/SRR126/088/SRR12633488/SRR12633488_1.fastq.gz,13875823584,a7a8fedd3e5bf2ddb172417585d20dbf
PRJNA661271,Maize Wisconsin Diversity Panel Resequencing Project,SAMN16052948,SRR12633488,PI 565106,PHJR5,30.0,False,Maize.Group.PVP,26.1,WGA,ILLUMINA,PAIRED,ftp://ftp.sra.ebi.ac.uk/vol1/fastq/SRR126/088/SRR12633488/SRR12633488_2.fastq.gz,14362258698,6683b21e5ffb528cee4b172719f3e3d4
PRJNA661271,Maize Wisconsin Diversity Panel Resequencing Project,SAMN16052949,SRR12633491,PI 565107,PHKE6,30.0,False,Maize.Group.PVP,24.4,WGA,ILLUMINA,PAIRED,ftp://ftp.sra.ebi.ac.uk/vol1/fastq/SRR126/091/SRR12633491/SRR12633491_1.fastq.gz,13028351630,92c8ee0ce0ef7bd0a0dccec592dae34b
PRJNA661271,Maize Wisconsin Diversity Panel Resequencing Project,SAMN16052949,SRR12633491,PI 565107,PHKE6,30.0,False,Maize.Group.PVP,24.4,WGA,ILLUMINA,PAIRED,ftp://ftp.sra.ebi.ac.uk/vol1/fastq/SRR126/091/SRR12633491/SRR12633491_2.fastq.gz,13417662936,ffcf4b5e1377dc0cc23af59415d25ac0
PRJNA661271,Maize Wisconsin Diversity Panel Resequencing Project,SAMN16052939,SRR12633497,PI 601416,LH61,31.0,False,Maize.Group.PVP,19.3,WGA,ILLUMINA,PAIRED,ftp://ftp.sra.ebi.ac.uk/vol1/fastq/SRR126/097/SRR12633497/SRR12633497_1.fastq.gz,10397613599,f578c922a47b8909d899dd39cbd1c8d2
PRJNA661271,Maize Wisconsin Diversity Panel Resequencing Project,SAMN16052939,SRR12633497,PI 601416,LH61,31.0,False,Maize.Group.PVP,19.3,WGA,ILLUMINA,PAIRED,ftp://ftp.sra.ebi.ac.uk/vol1/fastq/SRR126/097/SRR12633497/SRR12633497_2.fastq.gz,10566148293,57b3a551bc4f79beed17f2fa67ee2cb4
PRJNA661271,Maize Wisconsin Diversity Panel Resequencing Project,SAMN16052929,SRR12633507,Ames 23402,A208,27.0,False,Maize.Group.Ames.Panel.2010,22.5,WGA,ILLUMINA,PAIRED,ftp://ftp.sra.ebi.ac.uk/vol1/fastq/SRR126/007/SRR12633507/SRR12633507_1.fastq.gz,12410688126,27de0c9954440ac503d6839bbd93a1c5
PRJNA661271,Maize Wisconsin Diversity Panel Resequencing Project,SAMN16052929,SRR12633507,Ames 23402,A208,27.0,False,Maize.Group.Ames.Panel.2010,22.5,WGA,ILLUMINA,PAIRED,ftp://ftp.sra.ebi.ac.uk/vol1/fastq/SRR126/007/SRR12633507/SRR12633507_2.fastq.gz,12929364102,1ed29b831ef9391942c38f86abc3373f
PRJNA661271,Maize Wisconsin Diversity Panel Resequencing Project,SAMN16053039,SRR12633517,PI 559918,NQ508,31.0,False,Maize.Group.PVP,24.3,WGA,ILLUMINA,PAIRED,ftp://ftp.sra.ebi.ac.uk/vol1/fastq/SRR126/017/SRR12633517/SRR12633517_1.fastq.gz,13589611968,c045a4baa5cb7774475859270c4fdfc6
PRJNA661271,Maize Wisconsin Diversity Panel Resequencing Project,SAMN16053039,SRR12633517,PI 559918,NQ508,31.0,False,Maize.Group.PVP,24.3,WGA,ILLUMINA,PAIRED,ftp://ftp.sra.ebi.ac.uk/vol1/fastq/SRR126/017/SRR12633517/SRR12633517_2.fastq.gz,14307465298,7e4805e679622711e99ec59c44972b8a
PRJNA661271,Maize Wisconsin Diversity Panel Resequencing Project,SAMN16053032,SRR12633525,PI 557563,LH198,29.0,False,Maize.Group.PVP,21.3,WGA,ILLUMINA,PAIRED,ftp://ftp.sra.ebi.ac.uk/vol1/fastq/SRR126/025/SRR12633525/SRR12633525_1.fastq.gz,11626008105,292192435d0b11756e6331832e45289d
PRJNA661271,Maize Wisconsin Diversity Panel Resequencing Project,SAMN16053032,SRR12633525,PI 557563,LH198,29.0,False,Maize.Group.PVP,21.3,WGA,ILLUMINA,PAIRED,ftp://ftp.sra.ebi.ac.uk/vol1/fastq/SRR126/025/SRR12633525/SRR12633525_2.fastq.gz,11778846591,24ff06fd44c1abe88d07fc115c84622c
PRJNA661271,Maize Wisconsin Diversity Panel Resequencing Project,SAMN16053031,SRR12633526,PI 562378,LH165,29.0,False,Maize.Group.PVP,21.9,WGA,ILLUMINA,PAIRED,ftp://ftp.sra.ebi.ac.uk/vol1/fastq/SRR126/026/SRR12633526/SRR12633526_1.fastq.gz,12020591636,ad54c0a79174a179780da59bd8dabb58
PRJNA661271,Maize Wisconsin Diversity Panel Resequencing Project,SAMN16053031,SRR12633526,PI 562378,LH165,29.0,False,Maize.Group.PVP,21.9,WGA,ILLUMINA,PAIRED,ftp://ftp.sra.ebi.ac.uk/vol1/fastq/SRR126/026/SRR12633526/SRR12633526_2.fastq.gz,12257130745,4b8d94910573e53ee1726294054a19b2
PRJNA661271,Maize Wisconsin Diversity Panel Resequencing Project,SAMN16052988,SRR12633528,Ames 27135,MEF156-55-2,29.0,False,Maize.Set.Inbred.Diversity.282.Plus.NAM.Parents,22.8,WGA,ILLUMINA,PAIRED,ftp://ftp.sra.ebi.ac.uk/vol1/fastq/SRR126/028/SRR12633528/SRR12633528_1.fastq.gz,12154957376,472e0a9ee6e34c98d5f54cc7dade5f5d
PRJNA661271,Maize Wisconsin Diversity Panel Resequencing Project,SAMN16052988,SRR12633528,Ames 27135,MEF156-55-2,29.0,False,Maize.Set.Inbred.Diversity.282.Plus.NAM.Parents,22.8,WGA,ILLUMINA,PAIRED,ftp://ftp.sra.ebi.ac.uk/vol1/fastq/SRR126/028/SRR12633528/SRR12633528_2.fastq.gz,12333319562,0ff6807f05b6e189bdbead4d4e959a46
PRJNA661271,Maize Wisconsin Diversity Panel Resequencing Project,SAMN16052977,SRR12633537,PI 587129,H99,38.0,False,Maize.Set.Inbred.Diversity.282.Plus.NAM.Parents,20.0,WGA,ILLUMINA,PAIRED,ftp://ftp.sra.ebi.ac.uk/vol1/fastq/SRR126/037/SRR12633537/SRR12633537_1.fastq.gz,11225580662,0a0de637625572f6e1334c59d169d7a5
PRJNA661271,Maize Wisconsin Diversity Panel Resequencing Project,SAMN16052977,SRR12633537,PI 587129,H99,38.0,False,Maize.Set.Inbred.Diversity.282.Plus.NAM.Parents,20.0,WGA,ILLUMINA,PAIRED,ftp://ftp.sra.ebi.ac.uk/vol1/fastq/SRR126/037/SRR12633537/SRR12633537_2.fastq.gz,12071149388,5013f1b90b6766ac49c00ac65a87ad39
PRJNA661271,Maize Wisconsin Diversity Panel Resequencing Project,SAMN16052865,SRR12633546,Ames 23422,A322,18.0,False,Maize.Group.Ames.Panel.2010,22.5,WGA,ILLUMINA,PAIRED,ftp://ftp.sra.ebi.ac.uk/vol1/fastq/SRR126/046/SRR12633546/SRR12633546_1.fastq.gz,12836734132,ebd3313e1c8039b31ae4524573f38a4a
PRJNA661271,Maize Wisconsin Diversity Panel Resequencing Project,SAMN16052865,SRR12633546,Ames 23422,A322,18.0,False,Maize.Group.Ames.Panel.2010,22.5,WGA,ILLUMINA,PAIRED,ftp://ftp.sra.ebi.ac.uk/vol1/fastq/SRR126/046/SRR12633546/SRR12633546_2.fastq.gz,13812726387,5e08b8746716c499a2dcd48844134b58
PRJNA661271,Maize Wisconsin Diversity Panel Resequencing Project,SAMN16053343,SRR12633550,NSL 22984,J47,17.0,False,Maize.Group.Ames.Panel.2010,20.5,WGA,ILLUMINA,PAIRED,ftp://ftp.sra.ebi.ac.uk/vol1/fastq/SRR126/050/SRR12633550/SRR12633550_1.fastq.gz,11013126078,3a36748ff25cce35df9d6956f67c4459
PRJNA661271,Maize Wisconsin Diversity Panel Resequencing Project,SAMN16053343,SRR12633550,NSL 22984,J47,17.0,False,Maize.Group.Ames.Panel.2010,20.5,WGA,ILLUMINA,PAIRED,ftp://ftp.sra.ebi.ac.uk/vol1/fastq/SRR126/050/SRR12633550/SRR12633550_2.fastq.gz,11139076776,db0a9e6475fdc476b1eb627e3a1848dc
PRJNA661271,Maize Wisconsin Diversity Panel Resequencing Project,SAMN16053337,SRR12633553,PI 698990,H113,28.0,False,Maize.Group.Ames.Panel.2010,22.2,WGA,ILLUMINA,PAIRED,ftp://ftp.sra.ebi.ac.uk/vol1/fastq/SRR126/053/SRR12633553/SRR12633553_1.fastq.gz,11787522384,d45163f6e28d8edbcce8f4facbf79002
PRJNA661271,Maize Wisconsin Diversity Panel Resequencing Project,SAMN16053337,SRR12633553,PI 698990,H113,28.0,False,Maize.Group.Ames.Panel.2010,22.2,WGA,ILLUMINA,PAIRED,ftp://ftp.sra.ebi.ac.uk/vol1/fastq/SRR126/053/SRR12633553/SRR12633553_2.fastq.gz,12017566016,4023ac1a92ad781bf47c13e9c0d90f67
PRJNA661271,Maize Wisconsin Diversity Panel Resequencing Project,SAMN16053320,SRR12633571,Ames 30577,W820G,26.0,False,Maize.Group.Ames.Panel.Post.2010,25.5,WGA,ILLUMINA,PAIRED,ftp://ftp.sra.ebi.ac.uk/vol1/fastq/SRR126/071/SRR12633571/SRR12633571_1.fastq.gz,13445233011,182b46871f31d045d87ea8e687144439
PRJNA661271,Maize Wisconsin Diversity Panel Resequencing Project,SAMN16053320,SRR12633571,Ames 30577,W820G,26.0,False,Maize.Group.Ames.Panel.Post.2010,25.5,WGA,ILLUMINA,PAIRED,ftp://ftp.sra.ebi.ac.uk/vol1/fastq/SRR126/071/SRR12633571/SRR12633571_2.fastq.gz,14044124559,cee3de77afd37639f0451b65f8602570
PRJNA661271,Maize Wisconsin Diversity Panel Resequencing Project,SAMN16053318,SRR12633574,Ames 30574,W817G,26.0,False,Maize.Group.Ames.Panel.Post.2010,22.8,WGA,ILLUMINA,PAIRED,ftp://ftp.sra.ebi.ac.uk/vol1/fastq/SRR126/074/SRR12633574/SRR12633574_1.fastq.gz,12932804605,310bd6ead4e189d6d221597d888f38c9
PRJNA661271,Maize Wisconsin Diversity Panel Resequencing Project,SAMN16053318,SRR12633574,Ames 30574,W817G,26.0,False,Maize.Group.Ames.Panel.Post.2010,22.8,WGA,ILLUMINA,PAIRED,ftp://ftp.sra.ebi.ac.uk/vol1/fastq/SRR126/074/SRR12633574/SRR12633574_2.fastq.gz,14254504744,086b44970bc60e042fc7c293782e3ebb
PRJNA661271,Maize Wisconsin Diversity Panel Resequencing Project,SAMN16053317,SRR12633575,Ames 30572,W815G,26.0,False,Maize.Group.Ames.Panel.Post.2010,22.9,WGA,ILLUMINA,PAIRED,ftp://ftp.sra.ebi.ac.uk/vol1/fastq/SRR126/075/SRR12633575/SRR12633575_1.fastq.gz,13005409545,782c7f7364b907bdae3388f594ecdfef
PRJNA661271,Maize Wisconsin Diversity Panel Resequencing Project,SAMN16053317,SRR12633575,Ames 30572,W815G,26.0,False,Maize.Group.Ames.Panel.Post.2010,22.9,WGA,ILLUMINA,PAIRED,ftp://ftp.sra.ebi.ac.uk/vol1/fastq/SRR126/075/SRR12633575/SRR12633575_2.fastq.gz,14234519141,0b77268c967a685bd60b28ecf2b72b53
PRJNA661271,Maize Wisconsin Diversity Panel Resequencing Project,SAMN16053316,SRR12633576,Ames 30566,W809G,27.0,False,Maize.Group.Ames.Panel.Post.2010,21.8,WGA,ILLUMINA,PAIRED,ftp://ftp.sra.ebi.ac.uk/vol1/fastq/SRR126/076/SRR12633576/SRR12633576_1.fastq.gz,12405377151,91c0638c8009c2e51d105c81ea91896e
PRJNA661271,Maize Wisconsin Diversity Panel Resequencing Project,SAMN16053316,SRR12633576,Ames 30566,W809G,27.0,False,Maize.Group.Ames.Panel.Post.2010,21.8,WGA,ILLUMINA,PAIRED,ftp://ftp.sra.ebi.ac.uk/vol1/fastq/SRR126/076/SRR12633576/SRR12633576_2.fastq.gz,13483602972,17fe9b8f0506d38ff57f86b8c162ab4c
PRJNA661271,Maize Wisconsin Diversity Panel Resequencing Project,SAMN16053307,SRR12633585,NSL 30872,R71,27.0,False,Maize.Group.Ames.Panel.2010,20.8,WGA,ILLUMINA,PAIRED,ftp://ftp.sra.ebi.ac.uk/vol1/fastq/SRR126/085/SRR12633585/SRR12633585_1.fastq.gz,11602424970,9ca7be906d8c24ff9270b552c1a75727
PRJNA661271,Maize Wisconsin Diversity Panel Resequencing Project,SAMN16053307,SRR12633585,NSL 30872,R71,27.0,False,Maize.Group.Ames.Panel.2010,20.8,WGA,ILLUMINA,PAIRED,ftp://ftp.sra.ebi.ac.uk/vol1/fastq/SRR126/085/SRR12633585/SRR12633585_2.fastq.gz,11816027676,0c921bd4f479e26e020399468d758f1e
PRJNA661271,Maize Wisconsin Diversity Panel Resequencing Project,SAMN16053302,SRR12633594,PI 565112,PHW53,30.0,False,Maize.Group.PVP,22.4,WGA,ILLUMINA,PAIRED,ftp://ftp.sra.ebi.ac.uk/vol1/fastq/SRR126/094/SRR12633594/SRR12633594_1.fastq.gz,12311321331,9a4f0989ccdde4e35651052ba407ab20
PRJNA661271,Maize Wisconsin Diversity Panel Resequencing Project,SAMN16053302,SRR12633594,PI 565112,PHW53,30.0,False,Maize.Group.PVP,22.4,WGA,ILLUMINA,PAIRED,ftp://ftp.sra.ebi.ac.uk/vol1/fastq/SRR126/094/SRR12633594/SRR12633594_2.fastq.gz,12659950044,d371346f8703fb1246aa9a0beb806180
PRJNA661271,Maize Wisconsin Diversity Panel Resequencing Project,SAMN16053012,SRR12633626,PI 693328,A634,29.0,False,Maize.Set.Inbred.Diversity.282.Plus.NAM.Parents,26.0,WGA,ILLUMINA,PAIRED,ftp://ftp.sra.ebi.ac.uk/vol1/fastq/SRR126/026/SRR12633626/SRR12633626_1.fastq.gz,14288092117,f3f39dd2e47feecccf4a7bda5c3deb37
PRJNA661271,Maize Wisconsin Diversity Panel Resequencing Project,SAMN16053012,SRR12633626,PI 693328,A634,29.0,False,Maize.Set.Inbred.Diversity.282.Plus.NAM.Parents,26.0,WGA,ILLUMINA,PAIRED,ftp://ftp.sra.ebi.ac.uk/vol1/fastq/SRR126/026/SRR12633626/SRR12633626_2.fastq.gz,14784629365,0ccf9a27ae884acd619597eb9b06e508
PRJNA661271,Maize Wisconsin Diversity Panel Resequencing Project,SAMN16052906,SRR12633643,Ames 23449,A548,17.0,False,Maize.Group.Ames.Panel.2010,22.6,WGA,ILLUMINA,PAIRED,ftp://ftp.sra.ebi.ac.uk/vol1/fastq/SRR126/043/SRR12633643/SRR12633643_1.fastq.gz,12659546794,ca11e7bee2285dcb971d6a763bb0fde0
PRJNA661271,Maize Wisconsin Diversity Panel Resequencing Project,SAMN16052906,SRR12633643,Ames 23449,A548,17.0,False,Maize.Group.Ames.Panel.2010,22.6,WGA,ILLUMINA,PAIRED,ftp://ftp.sra.ebi.ac.uk/vol1/fastq/SRR126/043/SRR12633643/SRR12633643_2.fastq.gz,13429747029,f0835c554187000a718b089d7e5c7d60
PRJNA661271,Maize Wisconsin Diversity Panel Resequencing Project,SAMN16053268,SRR12633648,PI 600772,FR19,37.0,False,Maize.Group.PVP,24.2,WGA,ILLUMINA,PAIRED,ftp://ftp.sra.ebi.ac.uk/vol1/fastq/SRR126/048/SRR12633648/SRR12633648_1.fastq.gz,14843070916,39de2fd5891541c9bf4697e71a872181
PRJNA661271,Maize Wisconsin Diversity Panel Resequencing Project,SAMN16053268,SRR12633648,PI 600772,FR19,37.0,False,Maize.Group.PVP,24.2,WGA,ILLUMINA,PAIRED,ftp://ftp.sra.ebi.ac.uk/vol1/fastq/SRR126/048/SRR12633648/SRR12633648_2.fastq.gz,15072387090,a5e96b27094a517a579e06e626226b81
PRJNA661271,Maize Wisconsin Diversity Panel Resequencing Project,SAMN16053267,SRR12633649,PI 693363,F2834T,31.0,False,Maize.Set.Inbred.Diversity.282.Plus.NAM.Parents,20.7,WGA,ILLUMINA,PAIRED,ftp://ftp.sra.ebi.ac.uk/vol1/fastq/SRR126/049/SRR12633649/SRR12633649_1.fastq.gz,12465568023,88a51c68bffb0de733de5c9f5bfd4ed3
PRJNA661271,Maize Wisconsin Diversity Panel Resequencing Project,SAMN16053267,SRR12633649,PI 693363,F2834T,31.0,False,Maize.Set.Inbred.Diversity.282.Plus.NAM.Parents,20.7,WGA,ILLUMINA,PAIRED,ftp://ftp.sra.ebi.ac.uk/vol1/fastq/SRR126/049/SRR12633649/SRR12633649_2.fastq.gz,13045226610,b1fd5a0338180ffbc6bdc6d54df2c7e6
PRJNA661271,Maize Wisconsin Diversity Panel Resequencing Project,SAMN16053265,SRR12633651,PI 638551,DE3,26.0,False,Maize.Group.Ames.Panel.2010,24.6,WGA,ILLUMINA,PAIRED,ftp://ftp.sra.ebi.ac.uk/vol1/fastq/SRR126/051/SRR12633651/SRR12633651_1.fastq.gz,14961345002,d3fefb7acb5235e33d9f5782a8ff2fcb
PRJNA661271,Maize Wisconsin Diversity Panel Resequencing Project,SAMN16053265,SRR12633651,PI 638551,DE3,26.0,False,Maize.Group.Ames.Panel.2010,24.6,WGA,ILLUMINA,PAIRED,ftp://ftp.sra.ebi.ac.uk/vol1/fastq/SRR126/051/SRR12633651/SRR12633651_2.fastq.gz,15192954890,1febbe121d36499773d121cc3e6340fe
PRJNA661271,Maize Wisconsin Diversity Panel Resequencing Project,SAMN16053264,SRR12633652,PI 606330,DE2,33.0,False,Maize.Set.Inbred.Diversity.282.Plus.NAM.Parents,20.3,WGA,ILLUMINA,PAIRED,ftp://ftp.sra.ebi.ac.uk/vol1/fastq/SRR126/052/SRR12633652/SRR12633652_1.fastq.gz,11250982609,37c1bb3c0bdc7a2624f8590e52f9e24f
PRJNA661271,Maize Wisconsin Diversity Panel Resequencing Project,SAMN16053264,SRR12633652,PI 606330,DE2,33.0,False,Maize.Set.Inbred.Diversity.282.Plus.NAM.Parents,20.3,WGA,ILLUMINA,PAIRED,ftp://ftp.sra.ebi.ac.uk/vol1/fastq/SRR126/052/SRR12633652/SRR12633652_2.fastq.gz,11396050882,7df60e4db196897cd80fae060dbd8975
PRJNA661271,Maize Wisconsin Diversity Panel Resequencing Project,SAMN16053247,SRR12633670,PI 391680,WU-TAN-TZAO,22.0,False,Maize.Group.Ames.Panel.2010,23.8,WGA,ILLUMINA,PAIRED,ftp://ftp.sra.ebi.ac.uk/vol1/fastq/SRR126/070/SRR12633670/SRR12633670_1.fastq.gz,12808742873,b4bda2c33504cd667528cf628410e74e
PRJNA661271,Maize Wisconsin Diversity Panel Resequencing Project,SAMN16053247,SRR12633670,PI 391680,WU-TAN-TZAO,22.0,False,Maize.Group.Ames.Panel.2010,23.8,WGA,ILLUMINA,PAIRED,ftp://ftp.sra.ebi.ac.uk/vol1/fastq/SRR126/070/SRR12633670/SRR12633670_2.fastq.gz,13041064877,8d5eddd0fb66d996d178b3bc67382f27
PRJNA661271,Maize Wisconsin Diversity Panel Resequencing Project,SAMN16053244,SRR12633673,Ames 30570,W813G,26.0,False,Maize.Group.Ames.Panel.Post.2010,22.5,WGA,ILLUMINA,PAIRED,ftp://ftp.sra.ebi.ac.uk/vol1/fastq/SRR126/073/SRR12633673/SRR12633673_1.fastq.gz,12166668504,17997223a8ac2544c4fa537f21cb6167
PRJNA661271,Maize Wisconsin Diversity Panel Resequencing Project,SAMN16053244,SRR12633673,Ames 30570,W813G,26.0,False,Maize.Group.Ames.Panel.Post.2010,22.5,WGA,ILLUMINA,PAIRED,ftp://ftp.sra.ebi.ac.uk/vol1/fastq/SRR126/073/SRR12633673/SRR12633673_2.fastq.gz,12377218338,8aa9b92b99eb2440333bd3ac591926d6
PRJNA661271,Maize Wisconsin Diversity Panel Resequencing Project,SAMN16053234,SRR12633681,PI 601322,PHZ51,34.0,False,Maize.Group.PVP,22.7,WGA,ILLUMINA,PAIRED,ftp://ftp.sra.ebi.ac.uk/vol1/fastq/SRR126/081/SRR12633681/SRR12633681_1.fastq.gz,12571886235,e63a8894d10efffbf22ddfb5e64daee2
PRJNA661271,Maize Wisconsin Diversity Panel Resequencing Project,SAMN16053234,SRR12633681,PI 601322,PHZ51,34.0,False,Maize.Group.PVP,22.7,WGA,ILLUMINA,PAIRED,ftp://ftp.sra.ebi.ac.uk/vol1/fastq/SRR126/081/SRR12633681/SRR12633681_2.fastq.gz,12768474487,d43b0d2dd40c45a0f1a55f37c4c8bf77
PRJNA661271,Maize Wisconsin Diversity Panel Resequencing Project,SAMN16053232,SRR12633683,PI 601576,PHW79,31.0,False,Maize.Group.PVP,22.1,WGA,ILLUMINA,PAIRED,ftp://ftp.sra.ebi.ac.uk/vol1/fastq/SRR126/083/SRR12633683/SRR12633683_1.fastq.gz,12941046871,1e73308f7bdf841a7154565c0fbb3ad5
PRJNA661271,Maize Wisconsin Diversity Panel Resequencing Project,SAMN16053232,SRR12633683,PI 601576,PHW79,31.0,False,Maize.Group.PVP,22.1,WGA,ILLUMINA,PAIRED,ftp://ftp.sra.ebi.ac.uk/vol1/fastq/SRR126/083/SRR12633683/SRR12633683_2.fastq.gz,14164515380,d248621a190f6a507ca0e2985a2899f9
PRJNA661271,Maize Wisconsin Diversity Panel Resequencing Project,SAMN16053216,SRR12633697,PI 596506,OC19,31.0,False,Maize.Group.Ames.Panel.2010,22.8,WGA,ILLUMINA,PAIRED,ftp://ftp.sra.ebi.ac.uk/vol1/fastq/SRR126/097/SRR12633697/SRR12633697_1.fastq.gz,13139699421,d5ed65da9eeb987c5f641fb5dc5320b6
PRJNA661271,Maize Wisconsin Diversity Panel Resequencing Project,SAMN16053216,SRR12633697,PI 596506,OC19,31.0,False,Maize.Group.Ames.Panel.2010,22.8,WGA,ILLUMINA,PAIRED,ftp://ftp.sra.ebi.ac.uk/vol1/fastq/SRR126/097/SRR12633697/SRR12633697_2.fastq.gz,14176006007,6e07c0a40c2b855286e5c57b5286fd64
PRJNA661271,Maize Wisconsin Diversity Panel Resequencing Project,SAMN16053007,SRR12633701,PI 600954,LH119,34.0,False,Maize.Group.PVP,19.7,WGA,ILLUMINA,PAIRED,ftp://ftp.sra.ebi.ac.uk/vol1/fastq/SRR126/001/SRR12633701/SRR12633701_1.fastq.gz,10638969797,c5c85d9454c77234fd2f21700b2fcc13
PRJNA661271,Maize Wisconsin Diversity Panel Resequencing Project,SAMN16053007,SRR12633701,PI 600954,LH119,34.0,False,Maize.Group.PVP,19.7,WGA,ILLUMINA,PAIRED,ftp://ftp.sra.ebi.ac.uk/vol1/fastq/SRR126/001/SRR12633701/SRR12633701_2.fastq.gz,10886855078,fbae2afd7bc716c872137360ca94bb4b
PRJNA661271,Maize Wisconsin Diversity Panel Resequencing Project,SAMN16053004,SRR12633705,Ames 30555,W603S,26.0,False,Maize.Group.Ames.Panel.Post.2010,22.6,WGA,ILLUMINA,PAIRED,ftp://ftp.sra.ebi.ac.uk/vol1/fastq/SRR126/005/SRR12633705/SRR12633705_1.fastq.gz,12361234588,3a25f46769373be52c2c15fa7f9092bc
PRJNA661271,Maize Wisconsin Diversity Panel Resequencing Project,SAMN16053004,SRR12633705,Ames 30555,W603S,26.0,False,Maize.Group.Ames.Panel.Post.2010,22.6,WGA,ILLUMINA,PAIRED,ftp://ftp.sra.ebi.ac.uk/vol1/fastq/SRR126/005/SRR12633705/SRR12633705_2.fastq.gz,12696966149,85dceaaf410f2c9c816958c85cf62bc6
PRJNA661271,Maize Wisconsin Diversity Panel Resequencing Project,SAMN16053002,SRR12633707,PI 601190,Q381,34.0,False,Maize.Group.PVP,21.9,WGA,ILLUMINA,PAIRED,ftp://ftp.sra.ebi.ac.uk/vol1/fastq/SRR126/007/SRR12633707/SRR12633707_1.fastq.gz,12005473002,84bb750117e4f5c674c6aae7f0ced7ca
PRJNA661271,Maize Wisconsin Diversity Panel Resequencing Project,SAMN16053002,SRR12633707,PI 601190,Q381,34.0,False,Maize.Group.PVP,21.9,WGA,ILLUMINA,PAIRED,ftp://ftp.sra.ebi.ac.uk/vol1/fastq/SRR126/007/SRR12633707/SRR12633707_2.fastq.gz,12220942632,31d5d881aed7a34311022ce29ff663aa
PRJNA661271,Maize Wisconsin Diversity Panel Resequencing Project,SAMN16053001,SRR12633708,PI 601495,PHK42,31.0,False,Maize.Group.PVP,24.5,WGA,ILLUMINA,PAIRED,ftp://ftp.sra.ebi.ac.uk/vol1/fastq/SRR126/008/SRR12633708/SRR12633708_1.fastq.gz,13398982274,d1de14fd5461f571c95e2e02a4983e44
PRJNA661271,Maize Wisconsin Diversity Panel Resequencing Project,SAMN16053001,SRR12633708,PI 601495,PHK42,31.0,False,Maize.Group.PVP,24.5,WGA,ILLUMINA,PAIRED,ftp://ftp.sra.ebi.ac.uk/vol1/fastq/SRR126/008/SRR12633708/SRR12633708_2.fastq.gz,13786550244,e4a88f4b8a8c0eb6e661fb4103d5944f
PRJNA661271,Maize Wisconsin Diversity Panel Resequencing Project,SAMN16052994,SRR12633713,PI 550566,N192,17.0,False,Maize.Set.Inbred.Diversity.282.Plus.NAM.Parents,24.3,WGA,ILLUMINA,PAIRED,ftp://ftp.sra.ebi.ac.uk/vol1/fastq/SRR126/013/SRR12633713/SRR12633713_1.fastq.gz,13267203557,9fb94d20af712c86effc3f8442c4eb7c
PRJNA661271,Maize Wisconsin Diversity Panel Resequencing Project,SAMN16052994,SRR12633713,PI 550566,N192,17.0,False,Maize.Set.Inbred.Diversity.282.Plus.NAM.Parents,24.3,WGA,ILLUMINA,PAIRED,ftp://ftp.sra.ebi.ac.uk/vol1/fastq/SRR126/013/SRR12633713/SRR12633713_2.fastq.gz,13503029189,e0ce42ad779a100dc93c0888d3871091
PRJNA661271,Maize Wisconsin Diversity Panel Resequencing Project,SAMN16052992,SRR12633716,Ames 24737,MS200,19.0,False,Maize.Group.Ames.Panel.2010,21.4,WGA,ILLUMINA,PAIRED,ftp://ftp.sra.ebi.ac.uk/vol1/fastq/SRR126/016/SRR12633716/SRR12633716_1.fastq.gz,11707824930,5c853fe69dabfa7e84dbc9f56d9a60b6
PRJNA661271,Maize Wisconsin Diversity Panel Resequencing Project,SAMN16052992,SRR12633716,Ames 24737,MS200,19.0,False,Maize.Group.Ames.Panel.2010,21.4,WGA,ILLUMINA,PAIRED,ftp://ftp.sra.ebi.ac.uk/vol1/fastq/SRR126/016/SRR12633716/SRR12633716_2.fastq.gz,12139316787,5f557fb50ee7b05500759efe7ece59a0
PRJNA661271,Maize Wisconsin Diversity Panel Resequencing Project,SAMN16053212,SRR12633722,PI 690410,NC328,33.0,False,Maize.Set.Inbred.Diversity.282.Plus.NAM.Parents,21.5,WGA,ILLUMINA,PAIRED,ftp://ftp.sra.ebi.ac.uk/vol1/fastq/SRR126/022/SRR12633722/SRR12633722_1.fastq.gz,11983625622,056a84ffc1a1ddb0a675e5f30a8c9b6f
PRJNA661271,Maize Wisconsin Diversity Panel Resequencing Project,SAMN16053212,SRR12633722,PI 690410,NC328,33.0,False,Maize.Set.Inbred.Diversity.282.Plus.NAM.Parents,21.5,WGA,ILLUMINA,PAIRED,ftp://ftp.sra.ebi.ac.uk/vol1/fastq/SRR126/022/SRR12633722/SRR12633722_2.fastq.gz,12832923083,072eb6041d0ba5a141971e7d7e280d40
PRJNA661271,Maize Wisconsin Diversity Panel Resequencing Project,SAMN16053242,SRR12633724,Ames 30567,W810G,26.0,False,Maize.Group.Ames.Panel.Post.2010,20.8,WGA,ILLUMINA,PAIRED,ftp://ftp.sra.ebi.ac.uk/vol1/fastq/SRR126/024/SRR12633724/SRR12633724_1.fastq.gz,12066880091,3047a6858177addfcbe20fb5a9773041
PRJNA661271,Maize Wisconsin Diversity Panel Resequencing Project,SAMN16053242,SRR12633724,Ames 30567,W810G,26.0,False,Maize.Group.Ames.Panel.Post.2010,20.8,WGA,ILLUMINA,PAIRED,ftp://ftp.sra.ebi.ac.uk/vol1/fastq/SRR126/024/SRR12633724/SRR12633724_2.fastq.gz,13273950009,37284089fc53c283bbcb6b86e0b8d9dc
PRJNA661271,Maize Wisconsin Diversity Panel Resequencing Project,SAMN16053206,SRR12633728,PI 693373,N28Ht,20.0,False,Maize.Set.Inbred.Diversity.282.Plus.NAM.Parents,22.0,WGA,ILLUMINA,PAIRED,ftp://ftp.sra.ebi.ac.uk/vol1/fastq/SRR126/028/SRR12633728/SRR12633728_1.fastq.gz,12362992596,2959a1327d235604a07f8282023989db
PRJNA661271,Maize Wisconsin Diversity Panel Resequencing Project,SAMN16053206,SRR12633728,PI 693373,N28Ht,20.0,False,Maize.Set.Inbred.Diversity.282.Plus.NAM.Parents,22.0,WGA,ILLUMINA,PAIRED,ftp://ftp.sra.ebi.ac.uk/vol1/fastq/SRR126/028/SRR12633728/SRR12633728_2.fastq.gz,13221042489,0d0e02e77462b0b28fdb1795e0fa4663
PRJNA661271,Maize Wisconsin Diversity Panel Resequencing Project,SAMN16052900,SRR12633729,NSL 30074,W182E,29.0,False,Maize.Group.Ames.Panel.2010,24.8,WGA,ILLUMINA,PAIRED,ftp://ftp.sra.ebi.ac.uk/vol1/fastq/SRR126/029/SRR12633729/SRR12633729_1.fastq.gz,13963576809,d3fafded6d079352971c18b267228ceb
PRJNA661271,Maize Wisconsin Diversity Panel Resequencing Project,SAMN16052900,SRR12633729,NSL 30074,W182E,29.0,False,Maize.Group.Ames.Panel.2010,24.8,WGA,ILLUMINA,PAIRED,ftp://ftp.sra.ebi.ac.uk/vol1/fastq/SRR126/029/SRR12633729/SRR12633729_2.fastq.gz,14921000653,8f8d9acb16dff1452f7a67ed434b2dca
PRJNA661271,Maize Wisconsin Diversity Panel Resequencing Project,SAMN16053205,SRR12633730,PI 595367,N215,30.0,False,Maize.Group.Ames.Panel.2010,22.8,WGA,ILLUMINA,PAIRED,ftp://ftp.sra.ebi.ac.uk/vol1/fastq/SRR126/030/SRR12633730/SRR12633730_1.fastq.gz,12733288877,5bf94d7f27e8d654563a2c8152d8e508
PRJNA661271,Maize Wisconsin Diversity Panel Resequencing Project,SAMN16053205,SRR12633730,PI 595367,N215,30.0,False,Maize.Group.Ames.Panel.2010,22.8,WGA,ILLUMINA,PAIRED,ftp://ftp.sra.ebi.ac.uk/vol1/fastq/SRR126/030/SRR12633730/SRR12633730_2.fastq.gz,13851989742,31e265e720c83e962f962554d4356bd8
PRJNA661271,Maize Wisconsin Diversity Panel Resequencing Project,SAMN16052925,SRR12633756,PI 587154,W153R,37.0,False,Maize.Set.Inbred.Diversity.282.Plus.NAM.Parents,17.8,WGA,ILLUMINA,PAIRED,ftp://ftp.sra.ebi.ac.uk/vol1/fastq/SRR126/056/SRR12633756/SRR12633756_1.fastq.gz,9416852257,ac518ea41b47b00043c6515af279c74a
PRJNA661271,Maize Wisconsin Diversity Panel Resequencing Project,SAMN16052925,SRR12633756,PI 587154,W153R,37.0,False,Maize.Set.Inbred.Diversity.282.Plus.NAM.Parents,17.8,WGA,ILLUMINA,PAIRED,ftp://ftp.sra.ebi.ac.uk/vol1/fastq/SRR126/056/SRR12633756/SRR12633756_2.fastq.gz,9478123634,30535f7cbb0d6688c8729cd0530d9e82
PRJNA661271,Maize Wisconsin Diversity Panel Resequencing Project,SAMN16052920,SRR12633761,Ames 24713,MS72,18.0,False,Maize.Group.Ames.Panel.2010,23.1,WGA,ILLUMINA,PAIRED,ftp://ftp.sra.ebi.ac.uk/vol1/fastq/SRR126/061/SRR12633761/SRR12633761_1.fastq.gz,13056337091,8de8abcd58491d7f0b472332968ad1b1
PRJNA661271,Maize Wisconsin Diversity Panel Resequencing Project,SAMN16052920,SRR12633761,Ames 24713,MS72,18.0,False,Maize.Group.Ames.Panel.2010,23.1,WGA,ILLUMINA,PAIRED,ftp://ftp.sra.ebi.ac.uk/vol1/fastq/SRR126/061/SRR12633761/SRR12633761_2.fastq.gz,12614436798,a2f1ae389570c0eb9f5074822da079d7
PRJNA609577,Zea mays subsp. mays Genome sequencing,SAMN14255813,SRR11301712,PI 154384,K 55,23.0,False,Maize.Set.Inbred.Diversity.282.Plus.NAM.Parents,5.1,WGS,ILLUMINA,PAIRED,ftp://ftp.sra.ebi.ac.uk/vol1/fastq/SRR113/012/SRR11301712/SRR11301712_1.fastq.gz,3053698119,2f006789e013c9dbf70752e2d41bd783
PRJNA609577,Zea mays subsp. mays Genome sequencing,SAMN14255813,SRR11301712,PI 154384,K 55,23.0,False,Maize.Set.Inbred.Diversity.282.Plus.NAM.Parents,5.1,WGS,ILLUMINA,PAIRED,ftp://ftp.sra.ebi.ac.uk/vol1/fastq/SRR113/012/SRR11301712/SRR11301712_2.fastq.gz,3588840398,7a81104758e6972c8108ab3ba405c441
PRJNA661271,Maize Wisconsin Diversity Panel Resequencing Project,SAMN16053365,SRR12633769,PI 693399,R177,33.0,False,Maize.Set.Inbred.Diversity.282.Plus.NAM.Parents,22.7,WGA,ILLUMINA,PAIRED,ftp://ftp.sra.ebi.ac.uk/vol1/fastq/SRR126/069/SRR12633769/SRR12633769_1.fastq.gz,12070687821,a00e275f54381d2046c7cdc7dcb11591
PRJNA661271,Maize Wisconsin Diversity Panel Resequencing Project,SAMN16053365,SRR12633769,PI 693399,R177,33.0,False,Maize.Set.Inbred.Diversity.282.Plus.NAM.Parents,22.7,WGA,ILLUMINA,PAIRED,ftp://ftp.sra.ebi.ac.uk/vol1/fastq/SRR126/069/SRR12633769/SRR12633769_2.fastq.gz,12575514282,9411204b394fd883412c834ae33367f4
PRJNA661271,Maize Wisconsin Diversity Panel Resequencing Project,SAMN16052914,SRR12633777,PI 601726,L 127,30.0,False,Maize.Group.PVP,44.3,WGA,ILLUMINA,PAIRED,ftp://ftp.sra.ebi.ac.uk/vol1/fastq/SRR126/077/SRR12633777/SRR12633777_1.fastq.gz,24050931825,bd8d793577b8d3eb13dc5cc710190559
PRJNA661271,Maize Wisconsin Diversity Panel Resequencing Project,SAMN16052914,SRR12633777,PI 601726,L 127,30.0,False,Maize.Group.PVP,44.3,WGA,ILLUMINA,PAIRED,ftp://ftp.sra.ebi.ac.uk/vol1/fastq/SRR126/077/SRR12633777/SRR12633777_2.fastq.gz,24753113323,22c231778f00c9ab9564fc7238479274
PRJNA661271,Maize Wisconsin Diversity Panel Resequencing Project,SAMN16053354,SRR12633778,PI 690428,NC368,33.0,False,Maize.Set.Inbred.Diversity.282.Plus.NAM.Parents,24.2,WGA,ILLUMINA,PAIRED,ftp://ftp.sra.ebi.ac.uk/vol1/fastq/SRR126/078/SRR12633778/SRR12633778_1.fastq.gz,13203631117,cf546e95e3a7985d1c952477be1d875b
PRJNA661271,Maize Wisconsin Diversity Panel Resequencing Project,SAMN16053354,SRR12633778,PI 690428,NC368,33.0,False,Maize.Set.Inbred.Diversity.282.Plus.NAM.Parents,24.2,WGA,ILLUMINA,PAIRED,ftp://ftp.sra.ebi.ac.uk/vol1/fastq/SRR126/078/SRR12633778/SRR12633778_2.fastq.gz,13647912301,8f7fbd35a35c0bc375201723751f1533
PRJNA661271,Maize Wisconsin Diversity Panel Resequencing Project,SAMN16053353,SRR12633779,PI 690390,NC290A,31.0,False,Maize.Set.Inbred.Diversity.282.Plus.NAM.Parents,22.3,WGA,ILLUMINA,PAIRED,ftp://ftp.sra.ebi.ac.uk/vol1/fastq/SRR126/079/SRR12633779/SRR12633779_1.fastq.gz,11907903673,a09a1618ad6fdf90ef5d5213a860948e
PRJNA661271,Maize Wisconsin Diversity Panel Resequencing Project,SAMN16053353,SRR12633779,PI 690390,NC290A,31.0,False,Maize.Set.Inbred.Diversity.282.Plus.NAM.Parents,22.3,WGA,ILLUMINA,PAIRED,ftp://ftp.sra.ebi.ac.uk/vol1/fastq/SRR126/079/SRR12633779/SRR12633779_2.fastq.gz,12245599057,a4f8a5626d56902ba8350a1b8386459f
PRJNA661271,Maize Wisconsin Diversity Panel Resequencing Project,SAMN16053345,SRR12633789,PI 154384,K 55,23.0,False,Maize.Set.Inbred.Diversity.282.Plus.NAM.Parents,20.6,WGA,ILLUMINA,PAIRED,ftp://ftp.sra.ebi.ac.uk/vol1/fastq/SRR126/089/SRR12633789/SRR12633789_1.fastq.gz,11334386992,03ef3ec6cea3745da19601283cec81eb
PRJNA661271,Maize Wisconsin Diversity Panel Resequencing Project,SAMN16053345,SRR12633789,PI 154384,K 55,23.0,False,Maize.Set.Inbred.Diversity.282.Plus.NAM.Parents,20.6,WGA,ILLUMINA,PAIRED,ftp://ftp.sra.ebi.ac.uk/vol1/fastq/SRR126/089/SRR12633789/SRR12633789_2.fastq.gz,11707134508,ef54c43a8e39999662c47f0dee3df83d
PRJNA272385,Zea mays subsp. mays Genome sequencing,SAMN03281114,SRR1754713,PI 587129,H99,38.0,False,Maize.Set.Inbred.Diversity.282.Plus.NAM.Parents,22.6,WGA,ILLUMINA,PAIRED,ftp://ftp.sra.ebi.ac.uk/vol1/fastq/SRR175/003/SRR1754713/SRR1754713_1.fastq.gz,1197554323,8ed75868840bbc0b87ef5d7f8671278e
PRJNA272385,Zea mays subsp. mays Genome sequencing,SAMN03281114,SRR1754713,PI 587129,H99,38.0,False,Maize.Set.Inbred.Diversity.282.Plus.NAM.Parents,22.6,WGA,ILLUMINA,PAIRED,ftp://ftp.sra.ebi.ac.uk/vol1/fastq/SRR175/003/SRR1754713/SRR1754713_2.fastq.gz,1208887935,a5aed68ee72a44407154905db92055b7
PRJNA272385,Zea mays subsp. mays Genome sequencing,SAMN03281114,SRR1781582,PI 587129,H99,38.0,False,Maize.Set.Inbred.Diversity.282.Plus.NAM.Parents,22.6,WGA,ILLUMINA,PAIRED,ftp://ftp.sra.ebi.ac.uk/vol1/fastq/SRR178/002/SRR1781582/SRR1781582_1.fastq.gz,1854698083,52863441452286871590a4451df40adb
PRJNA272385,Zea mays subsp. mays Genome sequencing,SAMN03281114,SRR1781582,PI 587129,H99,38.0,False,Maize.Set.Inbred.Diversity.282.Plus.NAM.Parents,22.6,WGA,ILLUMINA,PAIRED,ftp://ftp.sra.ebi.ac.uk/vol1/fastq/SRR178/002/SRR1781582/SRR1781582_2.fastq.gz,1872467753,91b71dc93573ce5eccc7a05654c9b9a7
PRJNA272385,Zea mays subsp. mays Genome sequencing,SAMN03281113,SRR1781593,PI 587154,W153R,37.0,False,Maize.Set.Inbred.Diversity.282.Plus.NAM.Parents,20.4,WGA,ILLUMINA,PAIRED,ftp://ftp.sra.ebi.ac.uk/vol1/fastq/SRR178/003/SRR1781593/SRR1781593_1.fastq.gz,1417748909,4c7cf85632f46959d8668e1bd4f0ffb5
PRJNA272385,Zea mays subsp. mays Genome sequencing,SAMN03281113,SRR1781593,PI 587154,W153R,37.0,False,Maize.Set.Inbred.Diversity.282.Plus.NAM.Parents,20.4,WGA,ILLUMINA,PAIRED,ftp://ftp.sra.ebi.ac.uk/vol1/fastq/SRR178/003/SRR1781593/SRR1781593_2.fastq.gz,1416195148,84e987259f73978dea099c13ac7c50cc
PRJEB43263,EM-Seq for NAM lines with 2 replicates,SAMEA8124525,ERR5347661,PI 690316,B73 Ab10,25.0,False,,7.4,OTHER,ILLUMINA,PAIRED,ftp://ftp.sra.ebi.ac.uk/vol1/fastq/ERR534/001/ERR5347661/ERR5347661_1.fastq.gz,4744381489,7c195fa55d0708a3dca4f8ce3c0344dc
PRJEB43263,EM-Seq for NAM lines with 2 replicates,SAMEA8124525,ERR5347661,PI 690316,B73 Ab10,25.0,False,,7.4,OTHER,ILLUMINA,PAIRED,ftp://ftp.sra.ebi.ac.uk/vol1/fastq/ERR534/001/ERR5347661/ERR5347661_2.fastq.gz,5367133159,fe4f366d46742308c7910f4ebb8301dd
PRJEB43263,EM-Seq for NAM lines with 2 replicates,SAMEA8124578,ERR5347723,PI 690330,NC358,34.0,False,Maize.Set.Inbred.Diversity.282.Plus.NAM.Parents,12.6,OTHER,ILLUMINA,PAIRED,ftp://ftp.sra.ebi.ac.uk/vol1/fastq/ERR534/003/ERR5347723/ERR5347723_1.fastq.gz,7930940206,faf774003be70f5f1a595db46f65da6c
PRJEB43263,EM-Seq for NAM lines with 2 replicates,SAMEA8124578,ERR5347723,PI 690330,NC358,34.0,False,Maize.Set.Inbred.Diversity.282.Plus.NAM.Parents,12.6,OTHER,ILLUMINA,PAIRED,ftp://ftp.sra.ebi.ac.uk/vol1/fastq/ERR534/003/ERR5347723/ERR5347723_2.fastq.gz,8103441509,53ff37efdc873eaedb0a6e56448e7d8c
PRJNA628111,GBS analysis on maize F2 population,SAMN14731404,SRR11609574,PI 693339,A188,30.0,False,Maize.Set.Inbred.Diversity.282.Plus.NAM.Parents,12.1,WGS,ILLUMINA,PAIRED,ftp://ftp.sra.ebi.ac.uk/vol1/fastq/SRR116/074/SRR11609574/SRR11609574_1.fastq.gz,7149363318,e937380a56698e89210373b4c981d899
PRJNA628111,GBS analysis on maize F2 population,SAMN14731404,SRR11609574,PI 693339,A188,30.0,False,Maize.Set.Inbred.Diversity.282.Plus.NAM.Parents,12.1,WGS,ILLUMINA,PAIRED,ftp://ftp.sra.ebi.ac.uk/vol1/fastq/SRR116/074/SRR11609574/SRR11609574_2.fastq.gz,7816432348,7dd840de685fd078935b8956c8f14922
PRJNA644582,The maize structural variation map uncovered by Nanopore sequencing,SAMN15464464,SRR12247786,PI 601785,PHP60,30.0,False,Maize.Group.PVP,70.6,WGS,OXFORD_NANOPORE,SINGLE,ftp://ftp.sra.ebi.ac.uk/vol1/fastq/SRR122/086/SRR12247786/SRR12247786_1.fastq.gz,90489011960,79219d0cc73c6c4472d2109122977f79
PRJNA644582,The maize structural variation map uncovered by Nanopore sequencing,SAMN15464462,SRR12247788,PI 601727,L 135,30.0,False,Maize.Group.PVP,55.6,WGS,OXFORD_NANOPORE,SINGLE,ftp://ftp.sra.ebi.ac.uk/vol1/fastq/SRR122/088/SRR12247788/SRR12247788_1.fastq.gz,59022433557,1bdb9ffc8d550aaf28a7ddd4ee34b708
PRJNA644582,The maize structural variation map uncovered by Nanopore sequencing,SAMN15464461,SRR12247789,PI 601726,L 127,30.0,False,Maize.Group.PVP,61.8,WGS,OXFORD_NANOPORE,SINGLE,ftp://ftp.sra.ebi.ac.uk/vol1/fastq/SRR122/089/SRR12247789/SRR12247789_1.fastq.gz,70252477849,5e6a8f6c354057bc30e2ec3f73daf71b
PRJNA644582,The maize structural variation map uncovered by Nanopore sequencing,SAMN15464460,SRR12247790,PI 601689,WIL500,30.0,False,Maize.Group.PVP,62.0,WGS,OXFORD_NANOPORE,SINGLE,ftp://ftp.sra.ebi.ac.uk/vol1/fastq/SRR122/090/SRR12247790/SRR12247790_1.fastq.gz,71969779409,50f63c7a8415052b522077073e0defff
PRJNA644582,The maize structural variation map uncovered by Nanopore sequencing,SAMN15464455,SRR12247795,PI 601569,PHN47,30.0,False,Maize.Group.PVP,69.9,WGS,OXFORD_NANOPORE,SINGLE,ftp://ftp.sra.ebi.ac.uk/vol1/fastq/SRR122/095/SRR12247795/SRR12247795_1.fastq.gz,90494775008,1ebe3d5692d554c9711b311ca99834b8
PRJNA644582,The maize structural variation map uncovered by Nanopore sequencing,SAMN15464452,SRR12247799,PI 601209,MBNA,34.0,False,Maize.Group.PVP,33.7,WGS,OXFORD_NANOPORE,SINGLE,ftp://ftp.sra.ebi.ac.uk/vol1/fastq/SRR122/099/SRR12247799/SRR12247799_1.fastq.gz,75116738952,729db116c4a3783b2ea1dc81f1952759
PRJNA644582,The maize structural variation map uncovered by Nanopore sequencing,SAMN15464435,SRR12247817,PI 601190,Q381,34.0,False,Maize.Group.PVP,65.3,WGS,OXFORD_NANOPORE,SINGLE,ftp://ftp.sra.ebi.ac.uk/vol1/fastq/SRR122/017/SRR12247817/SRR12247817_1.fastq.gz,79930907061,260cece023e013e5773c7878979624b1
PRJNA644582,The maize structural variation map uncovered by Nanopore sequencing,SAMN15464433,SRR12247820,PI 601467,PHK05,31.0,False,Maize.Group.PVP,62.1,WGS,OXFORD_NANOPORE,SINGLE,ftp://ftp.sra.ebi.ac.uk/vol1/fastq/SRR122/020/SRR12247820/SRR12247820_1.fastq.gz,72581944021,dfe9c73c73392b51a0163a6833a4398d
PRJNA644582,The maize structural variation map uncovered by Nanopore sequencing,SAMN15464399,SRR12247857,PI 550490,ND246,28.0,False,Maize.Set.Inbred.Diversity.282.Plus.NAM.Parents,30.0,WGS,OXFORD_NANOPORE,SINGLE,ftp://ftp.sra.ebi.ac.uk/vol1/fastq/SRR122/057/SRR12247857/SRR12247857_1.fastq.gz,65334823538,fa46053298faf4f5c4b941357c3a917e
PRJNA644582,The maize structural variation map uncovered by Nanopore sequencing,SAMN15464401,SRR12415108,PI 587155,W182BN,35.0,False,Maize.Group.Ames.Panel.2010,62.9,WGS,BGISEQ,PAIRED,ftp://ftp.sra.ebi.ac.uk/vol1/fastq/SRR124/008/SRR12415108/SRR12415108.fastq.gz,56096055866,02834e00aae2d5341a4b7f53310ec67e
PRJNA644582,The maize structural variation map uncovered by Nanopore sequencing,SAMN15464462,SRR12415223,PI 601727,L 135,30.0,False,Maize.Group.PVP,55.6,WGS,BGISEQ,PAIRED,ftp://ftp.sra.ebi.ac.uk/vol1/fastq/SRR124/023/SRR12415223/SRR12415223.fastq.gz,57579590815,8f2566f6e35521584bcff2c498068656
PRJNA644582,The maize structural variation map uncovered by Nanopore sequencing,SAMN15464460,SRR12415225,PI 601689,WIL500,30.0,False,Maize.Group.PVP,62.0,WGS,BGISEQ,PAIRED,ftp://ftp.sra.ebi.ac.uk/vol1/fastq/SRR124/025/SRR12415225/SRR12415225.fastq.gz,57626064203,8e86f31fd0a627515bc810d49c87031d
PRJNA644582,The maize structural variation map uncovered by Nanopore sequencing,SAMN15464459,SRR12415226,PI 601683,CR14,21.0,False,Maize.Group.PVP,60.5,WGS,BGISEQ,PAIRED,ftp://ftp.sra.ebi.ac.uk/vol1/fastq/SRR124/026/SRR12415226/SRR12415226.fastq.gz,56892162013,5e444b4749394d73d021b8efbdaa2c84
PRJNA644582,The maize structural variation map uncovered by Nanopore sequencing,SAMN15464455,SRR12415230,PI 601569,PHN47,30.0,False,Maize.Group.PVP,69.9,WGS,BGISEQ,PAIRED,ftp://ftp.sra.ebi.ac.uk/vol1/fastq/SRR124/030/SRR12415230/SRR12415230.fastq.gz,57922478049,c3d0af4a7324f688318b9a561a067b15
PRJNA644582,The maize structural variation map uncovered by Nanopore sequencing,SAMN15464451,SRR12415234,PI 601080,CR1HT,35.0,False,Maize.Group.PVP,55.3,WGS,BGISEQ,PAIRED,ftp://ftp.sra.ebi.ac.uk/vol1/fastq/SRR124/034/SRR12415234/SRR12415234.fastq.gz,58004083918,22e6b118b65952373489fe0e7a955fb0
PRJNA644582,The maize structural variation map uncovered by Nanopore sequencing,SAMN15464443,SRR12415241,PI 600959,LH145,36.0,False,Maize.Group.PVP,60.3,WGS,BGISEQ,PAIRED,ftp://ftp.sra.ebi.ac.uk/vol1/fastq/SRR124/041/SRR12415241/SRR12415241.fastq.gz,57987163552,924d0a4f9f67401c36d90584a40bbc64
PRJNA644582,The maize structural variation map uncovered by Nanopore sequencing,SAMN15464434,SRR12415255,PI 601469,PHR25,31.0,False,Maize.Group.PVP,68.2,WGS,BGISEQ,PAIRED,ftp://ftp.sra.ebi.ac.uk/vol1/fastq/SRR124/055/SRR12415255/SRR12415255.fastq.gz,58302933852,3f6511a26d70ec3352440e6d79453a7b
PRJNA644582,The maize structural variation map uncovered by Nanopore sequencing,SAMN15464433,SRR12415256,PI 601467,PHK05,31.0,False,Maize.Group.PVP,62.1,WGS,BGISEQ,PAIRED,ftp://ftp.sra.ebi.ac.uk/vol1/fastq/SRR124/056/SRR12415256/SRR12415256.fastq.gz,58174928371,b39ea3b737fdf30d555d1c312703abae
PRJNA635654,Zea mays isolate:Zm00056a Genome sequencing and assembly,SAMN15865861,SRR12482952,PI 693339,A188,30.0,False,Maize.Set.Inbred.Diversity.282.Plus.NAM.Parents,25.7,WGS,OXFORD_NANOPORE,SINGLE,ftp://ftp.sra.ebi.ac.uk/vol1/fastq/SRR124/052/SRR12482952/SRR12482952_1.fastq.gz,6646852652,18782f0f7d98ef700168bf1e3bf4aa74
PRJNA635654,Zea mays isolate:Zm00056a Genome sequencing and assembly,SAMN15865859,SRR12482955,PI 693339,A188,30.0,False,Maize.Set.Inbred.Diversity.282.Plus.NAM.Parents,7.7,WGS,OXFORD_NANOPORE,SINGLE,ftp://ftp.sra.ebi.ac.uk/vol1/fastq/SRR124/055/SRR12482955/SRR12482955_1.fastq.gz,3261758036,75ae14f33d6c5e74e5d3210d8138002b
PRJNA635654,Zea mays isolate:Zm00056a Genome sequencing and assembly,SAMN15865866,SRR12482959,PI 693339,A188,30.0,False,Maize.Set.Inbred.Diversity.282.Plus.NAM.Parents,31.6,WGS,OXFORD_NANOPORE,SINGLE,ftp://ftp.sra.ebi.ac.uk/vol1/fastq/SRR124/059/SRR12482959/SRR12482959_1.fastq.gz,13229896060,e3e27b33e9238859d1d8a531a0c7794a
PRJNA635654,Zea mays isolate:Zm00056a Genome sequencing and assembly,SAMN15865866,SRR12482961,PI 693339,A188,30.0,False,Maize.Set.Inbred.Diversity.282.Plus.NAM.Parents,31.6,WGS,OXFORD_NANOPORE,SINGLE,ftp://ftp.sra.ebi.ac.uk/vol1/fastq/SRR124/061/SRR12482961/SRR12482961_1.fastq.gz,19863594703,65eba888b689416bf3f79cedf8dd71b2
PRJNA635654,Zea mays isolate:Zm00056a Genome sequencing and assembly,SAMN15865861,SRR12482966,PI 693339,A188,30.0,False,Maize.Set.Inbred.Diversity.282.Plus.NAM.Parents,25.7,WGS,OXFORD_NANOPORE,SINGLE,ftp://ftp.sra.ebi.ac.uk/vol1/fastq/SRR124/066/SRR12482966/SRR12482966_1.fastq.gz,12808939914,03ada5340759d4289a4dd7bd1e59058b
PRJNA635654,Zea mays isolate:Zm00056a Genome sequencing and assembly,SAMN15865861,SRR12482968,PI 693339,A188,30.0,False,Maize.Set.Inbred.Diversity.282.Plus.NAM.Parents,25.7,WGS,OXFORD_NANOPORE,SINGLE,ftp://ftp.sra.ebi.ac.uk/vol1/fastq/SRR124/068/SRR12482968/SRR12482968_1.fastq.gz,1351252356,7d9515d5a45416e8768323a30a96ed73
PRJNA635654,Zea mays isolate:Zm00056a Genome sequencing and assembly,SAMN15865864,SRR12482969,PI 693339,A188,30.0,False,Maize.Set.Inbred.Diversity.282.Plus.NAM.Parents,11.9,WGS,OXFORD_NANOPORE,SINGLE,ftp://ftp.sra.ebi.ac.uk/vol1/fastq/SRR124/069/SRR12482969/SRR12482969_1.fastq.gz,5252279956,7e549d3f8477ed242bf443c0d56497aa
PRJNA635654,Zea mays isolate:Zm00056a Genome sequencing and assembly,SAMN15865861,SRR12482970,PI 693339,A188,30.0,False,Maize.Set.Inbred.Diversity.282.Plus.NAM.Parents,25.7,WGS,OXFORD_NANOPORE,SINGLE,ftp://ftp.sra.ebi.ac.uk/vol1/fastq/SRR124/070/SRR12482970/SRR12482970_1.fastq.gz,5925420052,67e1358384cb8fa3f5f7a875568e3e8f
PRJNA635654,Zea mays isolate:Zm00056a Genome sequencing and assembly,SAMN15865864,SRR12482971,PI 693339,A188,30.0,False,Maize.Set.Inbred.Diversity.282.Plus.NAM.Parents,11.9,WGS,OXFORD_NANOPORE,SINGLE,ftp://ftp.sra.ebi.ac.uk/vol1/fastq/SRR124/071/SRR12482971/SRR12482971_1.fastq.gz,8994443256,15a330d460e862bbc2884158cbbafafe
PRJNA635654,Zea mays isolate:Zm00056a Genome sequencing and assembly,SAMN15865863,SRR12482974,PI 693339,A188,30.0,False,Maize.Set.Inbred.Diversity.282.Plus.NAM.Parents,14.0,WGS,OXFORD_NANOPORE,SINGLE,ftp://ftp.sra.ebi.ac.uk/vol1/fastq/SRR124/074/SRR12482974/SRR12482974_1.fastq.gz,4706229487,46968f537c2ef4f40bb5110c90e2d5e5
PRJNA635654,Zea mays isolate:Zm00056a Genome sequencing and assembly,SAMN15865863,SRR12482975,PI 693339,A188,30.0,False,Maize.Set.Inbred.Diversity.282.Plus.NAM.Parents,14.0,WGS,OXFORD_NANOPORE,SINGLE,ftp://ftp.sra.ebi.ac.uk/vol1/fastq/SRR124/075/SRR12482975/SRR12482975_1.fastq.gz,11444589831,a560a3d97ee4d0846fbae75308410894
PRJNA635654,Zea mays isolate:Zm00056a Genome sequencing and assembly,SAMN15865859,SRR12482980,PI 693339,A188,30.0,False,Maize.Set.Inbred.Diversity.282.Plus.NAM.Parents,7.7,WGS,OXFORD_NANOPORE,SINGLE,ftp://ftp.sra.ebi.ac.uk/vol1/fastq/SRR124/080/SRR12482980/SRR12482980_1.fastq.gz,8501981361,02edc741de085eac0f5ff775542c5838
PRJNA684330,Maize diversity to study rare alleles,SAMN17777011,SRR13644690,PI 639925,TZSTRI101,16.0,False,Maize.Group.Ames.Panel.2010,5.2,WGS,ILLUMINA,PAIRED,ftp://ftp.sra.ebi.ac.uk/vol1/fastq/SRR136/090/SRR13644690/SRR13644690_1.fastq.gz,3607231002,cdac77a920fc92095813c44378cd6671
PRJNA684330,Maize diversity to study rare alleles,SAMN17777011,SRR13644690,PI 639925,TZSTRI101,16.0,False,Maize.Group.Ames.Panel.2010,5.2,WGS,ILLUMINA,PAIRED,ftp://ftp.sra.ebi.ac.uk/vol1/fastq/SRR136/090/SRR13644690/SRR13644690_2.fastq.gz,4147776516,caa20b41bef440e10025166165f5dbde
PRJNA684330,Maize diversity to study rare alleles,SAMN17776927,SRR13644714,PI 601496,PHK76,31.0,False,Maize.Group.PVP,5.4,WGS,ILLUMINA,PAIRED,ftp://ftp.sra.ebi.ac.uk/vol1/fastq/SRR136/014/SRR13644714/SRR13644714_1.fastq.gz,3442585940,2d2bddc5ff3f9243673f17242d80ffbf
PRJNA684330,Maize diversity to study rare alleles,SAMN17776927,SRR13644714,PI 601496,PHK76,31.0,False,Maize.Group.PVP,5.4,WGS,ILLUMINA,PAIRED,ftp://ftp.sra.ebi.ac.uk/vol1/fastq/SRR136/014/SRR13644714/SRR13644714_2.fastq.gz,3999176125,75cb5fbe83c7b3677ff37834805cf5eb
PRJNA684330,Maize diversity to study rare alleles,SAMN17776930,SRR13644717,PI 198895,4F-285 TX 15,29.0,False,Maize.Group.Ames.Panel.2010,7.8,WGS,ILLUMINA,PAIRED,ftp://ftp.sra.ebi.ac.uk/vol1/fastq/SRR136/017/SRR13644717/SRR13644717_1.fastq.gz,5440409063,e02e1151733026cc919e7af51b4ecdb4
PRJNA684330,Maize diversity to study rare alleles,SAMN17776930,SRR13644717,PI 198895,4F-285 TX 15,29.0,False,Maize.Group.Ames.Panel.2010,7.8,WGS,ILLUMINA,PAIRED,ftp://ftp.sra.ebi.ac.uk/vol1/fastq/SRR136/017/SRR13644717/SRR13644717_2.fastq.gz,6296699871,40a4d12ce3f0709da83cb17e9c2ed85f
PRJNA684330,Maize diversity to study rare alleles,SAMN17776982,SRR13644743,PI 595547,CML 271,19.0,False,Maize.Group.Ames.Panel.2010,5.8,WGS,ILLUMINA,PAIRED,ftp://ftp.sra.ebi.ac.uk/vol1/fastq/SRR136/043/SRR13644743/SRR13644743_1.fastq.gz,3926045666,cee261e37957e42e5c6950b786ecb7a7
PRJNA684330,Maize diversity to study rare alleles,SAMN17776982,SRR13644743,PI 595547,CML 271,19.0,False,Maize.Group.Ames.Panel.2010,5.8,WGS,ILLUMINA,PAIRED,ftp://ftp.sra.ebi.ac.uk/vol1/fastq/SRR136/043/SRR13644743/SRR13644743_2.fastq.gz,4650829001,554372551f050864bb4893f49b0baadf
PRJNA701650,Zea mays PHB47 Standard Draft genome sequencing,SAMN17901048,SRR13735368,PI 601009,PHB47,35.0,False,Maize.Group.PVP,144.2,OTHER,PACBIO_SMRT,SINGLE,ftp://ftp.sra.ebi.ac.uk/vol1/fastq/SRR137/068/SRR13735368/SRR13735368_subreads.fastq.gz,1713962707,d36f49f9fa0cece1824afc0c61ee61e5
PRJNA701650,Zea mays PHB47 Standard Draft genome sequencing,SAMN17901048,SRR13735376,PI 601009,PHB47,35.0,False,Maize.Group.PVP,144.2,OTHER,PACBIO_SMRT,SINGLE,ftp://ftp.sra.ebi.ac.uk/vol1/fastq/SRR137/076/SRR13735376/SRR13735376_subreads.fastq.gz,1697096503,f64f21ec7c85a54f1fa7b5346a90dbf4
PRJNA701650,Zea mays PHB47 Standard Draft genome sequencing,SAMN17901048,SRR13735377,PI 601009,PHB47,35.0,False,Maize.Group.PVP,144.2,OTHER,PACBIO_SMRT,SINGLE,ftp://ftp.sra.ebi.ac.uk/vol1/fastq/SRR137/077/SRR13735377/SRR13735377_subreads.fastq.gz,1836740329,90566caabccb8d0c45a1b16081b3b6e4
PRJNA701650,Zea mays PHB47 Standard Draft genome sequencing,SAMN17901048,SRR13735381,PI 601009,PHB47,35.0,False,Maize.Group.PVP,144.2,OTHER,PACBIO_SMRT,SINGLE,ftp://ftp.sra.ebi.ac.uk/vol1/fastq/SRR137/081/SRR13735381/SRR13735381_subreads.fastq.gz,1490545821,c39af093ae6b66d142c1d2dad0fdd96a
PRJNA701650,Zea mays PHB47 Standard Draft genome sequencing,SAMN17901048,SRR13735382,PI 601009,PHB47,35.0,False,Maize.Group.PVP,144.2,OTHER,PACBIO_SMRT,SINGLE,ftp://ftp.sra.ebi.ac.uk/vol1/fastq/SRR137/082/SRR13735382/SRR13735382_subreads.fastq.gz,996407315,f0b28d87947a4f43be21cfac57d41c46
PRJNA701650,Zea mays PHB47 Standard Draft genome sequencing,SAMN17901048,SRR13735384,PI 601009,PHB47,35.0,False,Maize.Group.PVP,144.2,OTHER,PACBIO_SMRT,SINGLE,ftp://ftp.sra.ebi.ac.uk/vol1/fastq/SRR137/084/SRR13735384/SRR13735384_subreads.fastq.gz,1151866840,d491bf14041f76a498838a836306b809
PRJNA701650,Zea mays PHB47 Standard Draft genome sequencing,SAMN17901048,SRR13735388,PI 601009,PHB47,35.0,False,Maize.Group.PVP,144.2,OTHER,PACBIO_SMRT,SINGLE,ftp://ftp.sra.ebi.ac.uk/vol1/fastq/SRR137/088/SRR13735388/SRR13735388_subreads.fastq.gz,1367389085,c4c7bee4c33e4b9c9a3cee33617cc593
PRJNA701650,Zea mays PHB47 Standard Draft genome sequencing,SAMN17901048,SRR13735389,PI 601009,PHB47,35.0,False,Maize.Group.PVP,144.2,OTHER,PACBIO_SMRT,SINGLE,ftp://ftp.sra.ebi.ac.uk/vol1/fastq/SRR137/089/SRR13735389/SRR13735389_subreads.fastq.gz,1861141507,4c11f83c797fecf12f7f049f5bf88105
PRJNA701650,Zea mays PHB47 Standard Draft genome sequencing,SAMN17901048,SRR13735394,PI 601009,PHB47,35.0,False,Maize.Group.PVP,144.2,OTHER,PACBIO_SMRT,SINGLE,ftp://ftp.sra.ebi.ac.uk/vol1/fastq/SRR137/094/SRR13735394/SRR13735394_subreads.fastq.gz,2148079077,fef24a606be906356f643de1bd25430d
PRJNA701650,Zea mays PHB47 Standard Draft genome sequencing,SAMN17901048,SRR13735399,PI 601009,PHB47,35.0,False,Maize.Group.PVP,144.2,OTHER,PACBIO_SMRT,SINGLE,ftp://ftp.sra.ebi.ac.uk/vol1/fastq/SRR137/099/SRR13735399/SRR13735399_subreads.fastq.gz,1299744463,a62bcb78d5d50380cd52c1c8a5b84182
PRJNA701650,Zea mays PHB47 Standard Draft genome sequencing,SAMN17901048,SRR13735401,PI 601009,PHB47,35.0,False,Maize.Group.PVP,144.2,OTHER,PACBIO_SMRT,SINGLE,ftp://ftp.sra.ebi.ac.uk/vol1/fastq/SRR137/001/SRR13735401/SRR13735401_subreads.fastq.gz,528165347,ac7291d7c668b482ad233643ad55a62f
PRJNA701650,Zea mays PHB47 Standard Draft genome sequencing,SAMN17901048,SRR13735402,PI 601009,PHB47,35.0,False,Maize.Group.PVP,144.2,OTHER,PACBIO_SMRT,SINGLE,ftp://ftp.sra.ebi.ac.uk/vol1/fastq/SRR137/002/SRR13735402/SRR13735402_subreads.fastq.gz,1656482501,d62978637ba939ce0dc0f170d89b7713
PRJNA701650,Zea mays PHB47 Standard Draft genome sequencing,SAMN17901048,SRR13735403,PI 601009,PHB47,35.0,False,Maize.Group.PVP,144.2,OTHER,PACBIO_SMRT,SINGLE,ftp://ftp.sra.ebi.ac.uk/vol1/fastq/SRR137/003/SRR13735403/SRR13735403_subreads.fastq.gz,2352399442,e695fc4bdc67d8fea695d91002264676
PRJNA701651,Zea mays LH145 Standard Draft genome sequencing,SAMN17901044,SRR13735435,PI 600959,LH145,36.0,False,Maize.Group.PVP,181.4,OTHER,PACBIO_SMRT,SINGLE,ftp://ftp.sra.ebi.ac.uk/vol1/fastq/SRR137/035/SRR13735435/SRR13735435_subreads.fastq.gz,661914165,fbc48f702e90af60405de957e55fc646
PRJNA701651,Zea mays LH145 Standard Draft genome sequencing,SAMN17901044,SRR13735438,PI 600959,LH145,36.0,False,Maize.Group.PVP,181.4,OTHER,PACBIO_SMRT,SINGLE,ftp://ftp.sra.ebi.ac.uk/vol1/fastq/SRR137/038/SRR13735438/SRR13735438_subreads.fastq.gz,799519078,d3338768c79727df84e6c76d16ae2be1
PRJNA701651,Zea mays LH145 Standard Draft genome sequencing,SAMN17901044,SRR13735439,PI 600959,LH145,36.0,False,Maize.Group.PVP,181.4,OTHER,PACBIO_SMRT,SINGLE,ftp://ftp.sra.ebi.ac.uk/vol1/fastq/SRR137/039/SRR13735439/SRR13735439_subreads.fastq.gz,715043785,d3f0c3d0ff83126572d320a849ad97d6
PRJNA701651,Zea mays LH145 Standard Draft genome sequencing,SAMN17901044,SRR13735440,PI 600959,LH145,36.0,False,Maize.Group.PVP,181.4,OTHER,PACBIO_SMRT,SINGLE,ftp://ftp.sra.ebi.ac.uk/vol1/fastq/SRR137/040/SRR13735440/SRR13735440_subreads.fastq.gz,612932161,5acd1e01852dda510d0db30ff7b69210
PRJNA701651,Zea mays LH145 Standard Draft genome sequencing,SAMN17901044,SRR13735443,PI 600959,LH145,36.0,False,Maize.Group.PVP,181.4,OTHER,PACBIO_SMRT,SINGLE,ftp://ftp.sra.ebi.ac.uk/vol1/fastq/SRR137/043/SRR13735443/SRR13735443_subreads.fastq.gz,730099212,426096dc1dc3317b5f2796e05d3c1cfd
PRJNA701651,Zea mays LH145 Standard Draft genome sequencing,SAMN17901044,SRR13735445,PI 600959,LH145,36.0,False,Maize.Group.PVP,181.4,OTHER,PACBIO_SMRT,SINGLE,ftp://ftp.sra.ebi.ac.uk/vol1/fastq/SRR137/045/SRR13735445/SRR13735445_subreads.fastq.gz,1008263462,a0ee19fb0c7c66656993653ed4e9b960
PRJNA701651,Zea mays LH145 Standard Draft genome sequencing,SAMN17901044,SRR13735448,PI 600959,LH145,36.0,False,Maize.Group.PVP,181.4,OTHER,PACBIO_SMRT,SINGLE,ftp://ftp.sra.ebi.ac.uk/vol1/fastq/SRR137/048/SRR13735448/SRR13735448_subreads.fastq.gz,683557704,fd840b65b5123602a7ba5efe42e50907
PRJNA701651,Zea mays LH145 Standard Draft genome sequencing,SAMN17901044,SRR13735449,PI 600959,LH145,36.0,False,Maize.Group.PVP,181.4,OTHER,PACBIO_SMRT,SINGLE,ftp://ftp.sra.ebi.ac.uk/vol1/fastq/SRR137/049/SRR13735449/SRR13735449_subreads.fastq.gz,719038624,ce5851a3fb85624238572bbf62fc84fe
PRJNA701651,Zea mays LH145 Standard Draft genome sequencing,SAMN17901044,SRR13735451,PI 600959,LH145,36.0,False,Maize.Group.PVP,181.4,OTHER,PACBIO_SMRT,SINGLE,ftp://ftp.sra.ebi.ac.uk/vol1/fastq/SRR137/051/SRR13735451/SRR13735451_subreads.fastq.gz,1140814861,4f12647c7a64f02c884ca9e825cbc416
PRJNA701651,Zea mays LH145 Standard Draft genome sequencing,SAMN17901044,SRR13735455,PI 600959,LH145,36.0,False,Maize.Group.PVP,181.4,OTHER,PACBIO_SMRT,SINGLE,ftp://ftp.sra.ebi.ac.uk/vol1/fastq/SRR137/055/SRR13735455/SRR13735455_subreads.fastq.gz,1296584409,27fa0015adf139855e160cd2e645eb4f
PRJNA701651,Zea mays LH145 Standard Draft genome sequencing,SAMN17901044,SRR13735457,PI 600959,LH145,36.0,False,Maize.Group.PVP,181.4,OTHER,PACBIO_SMRT,SINGLE,ftp://ftp.sra.ebi.ac.uk/vol1/fastq/SRR137/057/SRR13735457/SRR13735457_subreads.fastq.gz,1465226473,6c0be7cbd86e624e6a67d851f619857e
PRJNA701651,Zea mays LH145 Standard Draft genome sequencing,SAMN17901044,SRR13735458,PI 600959,LH145,36.0,False,Maize.Group.PVP,181.4,OTHER,PACBIO_SMRT,SINGLE,ftp://ftp.sra.ebi.ac.uk/vol1/fastq/SRR137/058/SRR13735458/SRR13735458_subreads.fastq.gz,1281744449,a30d74edf2ec47d92ac2e0a9d53f95aa
PRJNA701651,Zea mays LH145 Standard Draft genome sequencing,SAMN17901044,SRR13735463,PI 600959,LH145,36.0,False,Maize.Group.PVP,181.4,OTHER,PACBIO_SMRT,SINGLE,ftp://ftp.sra.ebi.ac.uk/vol1/fastq/SRR137/063/SRR13735463/SRR13735463_subreads.fastq.gz,1075898538,94e94cd61cc652658e158ea73a983e8b
PRJNA701651,Zea mays LH145 Standard Draft genome sequencing,SAMN17901044,SRR13735465,PI 600959,LH145,36.0,False,Maize.Group.PVP,181.4,OTHER,PACBIO_SMRT,SINGLE,ftp://ftp.sra.ebi.ac.uk/vol1/fastq/SRR137/065/SRR13735465/SRR13735465_subreads.fastq.gz,1458377679,8728e7db849b3e22198ae5f3ccb8b10a
PRJNA701651,Zea mays LH145 Standard Draft genome sequencing,SAMN17901044,SRR13735466,PI 600959,LH145,36.0,False,Maize.Group.PVP,181.4,OTHER,PACBIO_SMRT,SINGLE,ftp://ftp.sra.ebi.ac.uk/vol1/fastq/SRR137/066/SRR13735466/SRR13735466_subreads.fastq.gz,1689330850,e6df170176706d8fe9683d069c1e1459
PRJNA701651,Zea mays LH145 Standard Draft genome sequencing,SAMN17901044,SRR13735467,PI 600959,LH145,36.0,False,Maize.Group.PVP,181.4,OTHER,PACBIO_SMRT,SINGLE,ftp://ftp.sra.ebi.ac.uk/vol1/fastq/SRR137/067/SRR13735467/SRR13735467_subreads.fastq.gz,1457731531,d2b4a2fac2bd3b4d6fcd32fe621d0651
PRJNA701651,Zea mays LH145 Standard Draft genome sequencing,SAMN17901044,SRR13735470,PI 600959,LH145,36.0,False,Maize.Group.PVP,181.4,OTHER,PACBIO_SMRT,SINGLE,ftp://ftp.sra.ebi.ac.uk/vol1/fastq/SRR137/070/SRR13735470/SRR13735470_subreads.fastq.gz,1335762662,f8057936084229abb3e2e9437e53854f
PRJNA701651,Zea mays LH145 Standard Draft genome sequencing,SAMN17901044,SRR13735472,PI 600959,LH145,36.0,False,Maize.Group.PVP,181.4,OTHER,PACBIO_SMRT,SINGLE,ftp://ftp.sra.ebi.ac.uk/vol1/fastq/SRR137/072/SRR13735472/SRR13735472_subreads.fastq.gz,1349415324,21ab038f35612b5a9b90ee4e9ef04b9b
PRJNA701651,Zea mays LH145 Standard Draft genome sequencing,SAMN17901044,SRR13735478,PI 600959,LH145,36.0,False,Maize.Group.PVP,181.4,OTHER,PACBIO_SMRT,SINGLE,ftp://ftp.sra.ebi.ac.uk/vol1/fastq/SRR137/078/SRR13735478/SRR13735478_subreads.fastq.gz,2242478547,40e340e74c3b09e4b2fe068717b776fd
PRJNA701651,Zea mays LH145 Standard Draft genome sequencing,SAMN17901044,SRR13735479,PI 600959,LH145,36.0,False,Maize.Group.PVP,181.4,OTHER,PACBIO_SMRT,SINGLE,ftp://ftp.sra.ebi.ac.uk/vol1/fastq/SRR137/079/SRR13735479/SRR13735479_subreads.fastq.gz,2429749507,402ed38e946cc09d9533003f2ee444ab
PRJNA701651,Zea mays LH145 Standard Draft genome sequencing,SAMN17901044,SRR13735481,PI 600959,LH145,36.0,False,Maize.Group.PVP,181.4,OTHER,PACBIO_SMRT,SINGLE,ftp://ftp.sra.ebi.ac.uk/vol1/fastq/SRR137/081/SRR13735481/SRR13735481_subreads.fastq.gz,2478315121,504ab49df57a29f8e95ad25bcbf3a3e5
PRJNA701651,Zea mays LH145 Standard Draft genome sequencing,SAMN17901044,SRR13735487,PI 600959,LH145,36.0,False,Maize.Group.PVP,181.4,OTHER,PACBIO_SMRT,SINGLE,ftp://ftp.sra.ebi.ac.uk/vol1/fastq/SRR137/087/SRR13735487/SRR13735487_subreads.fastq.gz,661178246,86a03a4334a5484d9321468faaa845b1
PRJNA701651,Zea mays LH145 Standard Draft genome sequencing,SAMN17901044,SRR13735488,PI 600959,LH145,36.0,False,Maize.Group.PVP,181.4,OTHER,PACBIO_SMRT,SINGLE,ftp://ftp.sra.ebi.ac.uk/vol1/fastq/SRR137/088/SRR13735488/SRR13735488_subreads.fastq.gz,484261215,dce0bc8d0e4a05ded7cac12a790d1a1d
PRJNA701651,Zea mays LH145 Standard Draft genome sequencing,SAMN17901044,SRR13735490,PI 600959,LH145,36.0,False,Maize.Group.PVP,181.4,OTHER,PACBIO_SMRT,SINGLE,ftp://ftp.sra.ebi.ac.uk/vol1/fastq/SRR137/090/SRR13735490/SRR13735490_subreads.fastq.gz,783869010,e1947ad3c31b3beaab6097e77fb95c7c
PRJNA701651,Zea mays LH145 Standard Draft genome sequencing,SAMN17901044,SRR13735497,PI 600959,LH145,36.0,False,Maize.Group.PVP,181.4,OTHER,PACBIO_SMRT,SINGLE,ftp://ftp.sra.ebi.ac.uk/vol1/fastq/SRR137/097/SRR13735497/SRR13735497_subreads.fastq.gz,263702785,665d938bc15d719b6154db01be06e3aa
PRJNA701651,Zea mays LH145 Standard Draft genome sequencing,SAMN17901044,SRR13735504,PI 600959,LH145,36.0,False,Maize.Group.PVP,181.4,OTHER,PACBIO_SMRT,SINGLE,ftp://ftp.sra.ebi.ac.uk/vol1/fastq/SRR137/004/SRR13735504/SRR13735504_subreads.fastq.gz,323562596,b9cf83f36361e3b72eb588a1ef174a5c
PRJNA701651,Zea mays LH145 Standard Draft genome sequencing,SAMN17901044,SRR13735505,PI 600959,LH145,36.0,False,Maize.Group.PVP,181.4,OTHER,PACBIO_SMRT,SINGLE,ftp://ftp.sra.ebi.ac.uk/vol1/fastq/SRR137/005/SRR13735505/SRR13735505_subreads.fastq.gz,397095940,7409cf78fc60cec4087af23e60678753
PRJNA701651,Zea mays LH145 Standard Draft genome sequencing,SAMN17901044,SRR13735508,PI 600959,LH145,36.0,False,Maize.Group.PVP,181.4,OTHER,PACBIO_SMRT,SINGLE,ftp://ftp.sra.ebi.ac.uk/vol1/fastq/SRR137/008/SRR13735508/SRR13735508_subreads.fastq.gz,385061243,80e571d238bac0c1c8bc14590eccb016
PRJNA701651,Zea mays LH145 Standard Draft genome sequencing,SAMN17901044,SRR13735511,PI 600959,LH145,36.0,False,Maize.Group.PVP,181.4,OTHER,PACBIO_SMRT,SINGLE,ftp://ftp.sra.ebi.ac.uk/vol1/fastq/SRR137/011/SRR13735511/SRR13735511_subreads.fastq.gz,497496646,1824128a91786edb2ca54e656fdb9d3e
PRJNA701651,Zea mays LH145 Standard Draft genome sequencing,SAMN17901044,SRR13735513,PI 600959,LH145,36.0,False,Maize.Group.PVP,181.4,OTHER,ILLUMINA,PAIRED,ftp://ftp.sra.ebi.ac.uk/vol1/fastq/SRR137/013/SRR13735513/SRR13735513_1.fastq.gz,25732999399,89c50b93941b272a19f449ebca119899
PRJNA701651,Zea mays LH145 Standard Draft genome sequencing,SAMN17901044,SRR13735513,PI 600959,LH145,36.0,False,Maize.Group.PVP,181.4,OTHER,ILLUMINA,PAIRED,ftp://ftp.sra.ebi.ac.uk/vol1/fastq/SRR137/013/SRR13735513/SRR13735513_2.fastq.gz,25452112592,93a8a27745e84608e39c5998ab07fabe
PRJNA701652,Zea mays PHJ40 Standard Draft genome sequencing,SAMN17901047,SRR13755585,PI 601321,PHJ40,33.0,False,Maize.Group.PVP,171.0,OTHER,PACBIO_SMRT,SINGLE,ftp://ftp.sra.ebi.ac.uk/vol1/fastq/SRR137/085/SRR13755585/SRR13755585_subreads.fastq.gz,1810033925,01e7be69f99dcb9cea12dea6fcd810a1
PRJNA701652,Zea mays PHJ40 Standard Draft genome sequencing,SAMN17901047,SRR13755592,PI 601321,PHJ40,33.0,False,Maize.Group.PVP,171.0,OTHER,PACBIO_SMRT,SINGLE,ftp://ftp.sra.ebi.ac.uk/vol1/fastq/SRR137/092/SRR13755592/SRR13755592_subreads.fastq.gz,1738942948,6e6db388ae530a9e7a2b1d2e5ab14539
PRJNA701652,Zea mays PHJ40 Standard Draft genome sequencing,SAMN17901047,SRR13755598,PI 601321,PHJ40,33.0,False,Maize.Group.PVP,171.0,OTHER,ILLUMINA,PAIRED,ftp://ftp.sra.ebi.ac.uk/vol1/fastq/SRR137/098/SRR13755598/SRR13755598_1.fastq.gz,23650921547,2d631a2d2f61147e9408dcdc7fe111a7
PRJNA701652,Zea mays PHJ40 Standard Draft genome sequencing,SAMN17901047,SRR13755598,PI 601321,PHJ40,33.0,False,Maize.Group.PVP,171.0,OTHER,ILLUMINA,PAIRED,ftp://ftp.sra.ebi.ac.uk/vol1/fastq/SRR137/098/SRR13755598/SRR13755598_2.fastq.gz,24428486977,da1b7ba8895b45abd8af2cebbda3053f
PRJNA701652,Zea mays PHJ40 Standard Draft genome sequencing,SAMN17901047,SRR13755600,PI 601321,PHJ40,33.0,False,Maize.Group.PVP,171.0,OTHER,PACBIO_SMRT,SINGLE,ftp://ftp.sra.ebi.ac.uk/vol1/fastq/SRR137/000/SRR13755600/SRR13755600_subreads.fastq.gz,1797305801,dfa9c0f5f6ac4b6918a19e232db20b38
PRJNA701652,Zea mays PHJ40 Standard Draft genome sequencing,SAMN17901047,SRR13755601,PI 601321,PHJ40,33.0,False,Maize.Group.PVP,171.0,OTHER,PACBIO_SMRT,SINGLE,ftp://ftp.sra.ebi.ac.uk/vol1/fastq/SRR137/001/SRR13755601/SRR13755601_subreads.fastq.gz,1591884229,7457890138377ce980821596816f81ec
PRJNA701652,Zea mays PHJ40 Standard Draft genome sequencing,SAMN17901047,SRR13755604,PI 601321,PHJ40,33.0,False,Maize.Group.PVP,171.0,OTHER,PACBIO_SMRT,SINGLE,ftp://ftp.sra.ebi.ac.uk/vol1/fastq/SRR137/004/SRR13755604/SRR13755604_subreads.fastq.gz,1580186079,bba0ebbf2eb53022bd9d9a172460487b
PRJNA701652,Zea mays PHJ40 Standard Draft genome sequencing,SAMN17901047,SRR13755605,PI 601321,PHJ40,33.0,False,Maize.Group.PVP,171.0,OTHER,PACBIO_SMRT,SINGLE,ftp://ftp.sra.ebi.ac.uk/vol1/fastq/SRR137/005/SRR13755605/SRR13755605_subreads.fastq.gz,1812817078,e7a85e3a7f8203bf5ce78bafb407b4b1
PRJNA701652,Zea mays PHJ40 Standard Draft genome sequencing,SAMN17901047,SRR13755608,PI 601321,PHJ40,33.0,False,Maize.Group.PVP,171.0,OTHER,PACBIO_SMRT,SINGLE,ftp://ftp.sra.ebi.ac.uk/vol1/fastq/SRR137/008/SRR13755608/SRR13755608_subreads.fastq.gz,1737272538,25f2642201393e3ae74017ca4f1ab8ea
PRJNA701652,Zea mays PHJ40 Standard Draft genome sequencing,SAMN17901047,SRR13755609,PI 601321,PHJ40,33.0,False,Maize.Group.PVP,171.0,OTHER,PACBIO_SMRT,SINGLE,ftp://ftp.sra.ebi.ac.uk/vol1/fastq/SRR137/009/SRR13755609/SRR13755609_subreads.fastq.gz,1890960937,d40863f197f9365b084128fb7810fa43
PRJNA701652,Zea mays PHJ40 Standard Draft genome sequencing,SAMN17901047,SRR13755612,PI 601321,PHJ40,33.0,False,Maize.Group.PVP,171.0,OTHER,PACBIO_SMRT,SINGLE,ftp://ftp.sra.ebi.ac.uk/vol1/fastq/SRR137/012/SRR13755612/SRR13755612_subreads.fastq.gz,1994541725,6929289bda509fb9daa5cf5a4c25c3da
PRJNA701652,Zea mays PHJ40 Standard Draft genome sequencing,SAMN17901047,SRR13755619,PI 601321,PHJ40,33.0,False,Maize.Group.PVP,171.0,OTHER,PACBIO_SMRT,SINGLE,ftp://ftp.sra.ebi.ac.uk/vol1/fastq/SRR137/019/SRR13755619/SRR13755619_subreads.fastq.gz,1954671369,d6bef2b1cd7a39766f658a05fb4f65c7
PRJNA701652,Zea mays PHJ40 Standard Draft genome sequencing,SAMN17901047,SRR13755623,PI 601321,PHJ40,33.0,False,Maize.Group.PVP,171.0,OTHER,PACBIO_SMRT,SINGLE,ftp://ftp.sra.ebi.ac.uk/vol1/fastq/SRR137/023/SRR13755623/SRR13755623_subreads.fastq.gz,2071851895,644ffd4d88b7f892c037de7fbd4d7a0e
PRJNA701652,Zea mays PHJ40 Standard Draft genome sequencing,SAMN17901047,SRR13755625,PI 601321,PHJ40,33.0,False,Maize.Group.PVP,171.0,OTHER,PACBIO_SMRT,SINGLE,ftp://ftp.sra.ebi.ac.uk/vol1/fastq/SRR137/025/SRR13755625/SRR13755625_subreads.fastq.gz,1070671182,aae23e3619910fe249e5df5ac3a9b3df
PRJNA701652,Zea mays PHJ40 Standard Draft genome sequencing,SAMN17901047,SRR13755630,PI 601321,PHJ40,33.0,False,Maize.Group.PVP,171.0,OTHER,PACBIO_SMRT,SINGLE,ftp://ftp.sra.ebi.ac.uk/vol1/fastq/SRR137/030/SRR13755630/SRR13755630_subreads.fastq.gz,175382511,898b7319037eaf26132e6470cec28eed
PRJNA701652,Zea mays PHJ40 Standard Draft genome sequencing,SAMN17901047,SRR13755631,PI 601321,PHJ40,33.0,False,Maize.Group.PVP,171.0,OTHER,PACBIO_SMRT,SINGLE,ftp://ftp.sra.ebi.ac.uk/vol1/fastq/SRR137/031/SRR13755631/SRR13755631_subreads.fastq.gz,95762022,bd77adeb813f39800704d81090b33b0d
PRJNA771871,Genomic sequences of spider mite resistant maize lines B96 and B75,SAMN22346332,SRR16520211,PI 270297,B96,46.0,False,Maize.Set.Inbred.Diversity.282.Plus.NAM.Parents,63.8,WGS,ILLUMINA,PAIRED,ftp://ftp.sra.ebi.ac.uk/vol1/fastq/SRR165/011/SRR16520211/SRR16520211.fastq.gz,28263095622,d5ba179751be025eae1bec70587d648f
PRJNA771871,Genomic sequences of spider mite resistant maize lines B96 and B75,SAMN22346332,SRR16520211,PI 270297,B96,46.0,False,Maize.Set.Inbred.Diversity.282.Plus.NAM.Parents,63.8,WGS,ILLUMINA,PAIRED,ftp://ftp.sra.ebi.ac.uk/vol1/fastq/SRR165/011/SRR16520211/SRR16520211_1.fastq.gz,792444520,9c3fe9b9eb5de3e8b0a031dc4844fdb2
PRJNA771871,Genomic sequences of spider mite resistant maize lines B96 and B75,SAMN22346332,SRR16520211,PI 270297,B96,46.0,False,Maize.Set.Inbred.Diversity.282.Plus.NAM.Parents,63.8,WGS,ILLUMINA,PAIRED,ftp://ftp.sra.ebi.ac.uk/vol1/fastq/SRR165/011/SRR16520211/SRR16520211_2.fastq.gz,823151358,70a4b1989472e83c1b94026c1f575a91
PRJNA974168,Genomic analysis of a new heterotic maize group,SAMN35169194,SRR24653246,PI 631363,PH4CV,27.0,False,Maize.Group.PVP,22.5,WGS,ILLUMINA,PAIRED,ftp://ftp.sra.ebi.ac.uk/vol1/fastq/SRR246/046/SRR24653246/SRR24653246_1.fastq.gz,3653864868,d9a8aef87a0c24c724cbad5fabc72f4f
PRJNA974168,Genomic analysis of a new heterotic maize group,SAMN35169194,SRR24653246,PI 631363,PH4CV,27.0,False,Maize.Group.PVP,22.5,WGS,ILLUMINA,PAIRED,ftp://ftp.sra.ebi.ac.uk/vol1/fastq/SRR246/046/SRR24653246/SRR24653246_2.fastq.gz,3656321390,ca982997222f76f80671b43f27f0a38a
PRJNA1011459,Study on maize ear length by a multiple parental population,SAMN37219241,SRR25856727,Ames 34378,CML 312,15.0,False,,5.5,WGS,ILLUMINA,PAIRED,ftp://ftp.sra.ebi.ac.uk/vol1/fastq/SRR258/027/SRR25856727/SRR25856727_1.fastq.gz,3080536132,c3bf739e5cdd06c936c8860b5c9e792f
PRJNA1011459,Study on maize ear length by a multiple parental population,SAMN37219241,SRR25856727,Ames 34378,CML 312,15.0,False,,5.5,WGS,ILLUMINA,PAIRED,ftp://ftp.sra.ebi.ac.uk/vol1/fastq/SRR258/027/SRR25856727/SRR25856727_2.fastq.gz,3366532784,da5979e119477b0f3b353f2aa95a103a
PRJNA1108025,Zea mays Raw sequence reads,SAMN41221348,SRR29049853,PI 535917,S 51,28.0,False,Maize.Group.Ames.Panel.2010,6.4,WGS,ILLUMINA,PAIRED,ftp://ftp.sra.ebi.ac.uk/vol1/fastq/SRR290/053/SRR29049853/SRR29049853_1.fastq.gz,3182958735,3197f7549f5fefa9b3a3af30893d25d7
PRJNA1108025,Zea mays Raw sequence reads,SAMN41221348,SRR29049853,PI 535917,S 51,28.0,False,Maize.Group.Ames.Panel.2010,6.4,WGS,ILLUMINA,PAIRED,ftp://ftp.sra.ebi.ac.uk/vol1/fastq/SRR290/053/SRR29049853/SRR29049853_2.fastq.gz,3225448540,6465125a6e3749fac4ac56596ea401aa
PRJNA1108025,Zea mays Raw sequence reads,SAMN41221345,SRR29049857,PI 369442,S 48,19.0,False,Maize.Group.Ames.Panel.2010,5.6,WGS,ILLUMINA,PAIRED,ftp://ftp.sra.ebi.ac.uk/vol1/fastq/SRR290/057/SRR29049857/SRR29049857_1.fastq.gz,2710109303,18e4173fde187f891d2b5989fec1940e
PRJNA1108025,Zea mays Raw sequence reads,SAMN41221345,SRR29049857,PI 369442,S 48,19.0,False,Maize.Group.Ames.Panel.2010,5.6,WGS,ILLUMINA,PAIRED,ftp://ftp.sra.ebi.ac.uk/vol1/fastq/SRR290/057/SRR29049857/SRR29049857_2.fastq.gz,2743040745,bbd81a9c2d6fd05f87038110caab4196
PRJNA1108025,Zea mays Raw sequence reads,SAMN41221422,SRR29049914,PI 535927,S 125,29.0,False,Maize.Group.Ames.Panel.2010,5.6,WGS,ILLUMINA,PAIRED,ftp://ftp.sra.ebi.ac.uk/vol1/fastq/SRR290/014/SRR29049914/SRR29049914_1.fastq.gz,2655250212,23d1085e3aed376a0c8ba21d15b4d306
PRJNA1108025,Zea mays Raw sequence reads,SAMN41221422,SRR29049914,PI 535927,S 125,29.0,False,Maize.Group.Ames.Panel.2010,5.6,WGS,ILLUMINA,PAIRED,ftp://ftp.sra.ebi.ac.uk/vol1/fastq/SRR290/014/SRR29049914/SRR29049914_2.fastq.gz,2665594208,6e0d9647eed8471c4c3e7f85a1e43316
PRJNA1123779,GBS sequencing of maize NAM population-1,SAMN41826403,SRR29408703,PI 690623,CML 373,15.0,False,Maize.Group.Ames.Panel.2010,7.2,WGS,ILLUMINA,PAIRED,ftp://ftp.sra.ebi.ac.uk/vol1/fastq/SRR294/003/SRR29408703/SRR29408703_1.fastq.gz,3892574405,75f53a722dfe6f186dd847467169d36c
PRJNA1123779,GBS sequencing of maize NAM population-1,SAMN41826403,SRR29408703,PI 690623,CML 373,15.0,False,Maize.Group.Ames.Panel.2010,7.2,WGS,ILLUMINA,PAIRED,ftp://ftp.sra.ebi.ac.uk/vol1/fastq/SRR294/003/SRR29408703/SRR29408703_2.fastq.gz,4133760963,fb9493817a0d702e046cbc32bc1ab8e6
PRJNA1170466,Genome resequencing data of 447 maize inbred lines,SAMN44075662,SRR30894782,PI 690589,CML 157,28.0,False,Maize.Set.Inbred.Diversity.282.Plus.NAM.Parents,5.8,WGS,ILLUMINA,PAIRED,ftp://ftp.sra.ebi.ac.uk/vol1/fastq/SRR308/082/SRR30894782/SRR30894782_1.fastq.gz,3138170487,dd914d95024f8ae6c6d71178572511a6
PRJNA1170466,Genome resequencing data of 447 maize inbred lines,SAMN44075662,SRR30894782,PI 690589,CML 157,28.0,False,Maize.Set.Inbred.Diversity.282.Plus.NAM.Parents,5.8,WGS,ILLUMINA,PAIRED,ftp://ftp.sra.ebi.ac.uk/vol1/fastq/SRR308/082/SRR30894782/SRR30894782_2.fastq.gz,3307869950,87876dd2e902d4a8154d4dcbdd3e1aa6
PRJNA1170466,Genome resequencing data of 447 maize inbred lines,SAMN44075663,SRR30894783,PI 690593,CML 184,15.0,False,Maize.Group.Ames.Panel.2010,6.1,WGS,ILLUMINA,PAIRED,ftp://ftp.sra.ebi.ac.uk/vol1/fastq/SRR308/083/SRR30894783/SRR30894783_1.fastq.gz,3370978056,fefa4c7e80f75989326cf3bc17724b53
PRJNA1170466,Genome resequencing data of 447 maize inbred lines,SAMN44075663,SRR30894783,PI 690593,CML 184,15.0,False,Maize.Group.Ames.Panel.2010,6.1,WGS,ILLUMINA,PAIRED,ftp://ftp.sra.ebi.ac.uk/vol1/fastq/SRR308/083/SRR30894783/SRR30894783_2.fastq.gz,3569230420,a3e1669cd98275ebd745a0c60178b7da
PRJNA1170466,Genome resequencing data of 447 maize inbred lines,SAMN44075664,SRR30894787,PI 595561,CML 52,21.0,False,Maize.Set.Inbred.Diversity.282.Plus.NAM.Parents,6.1,WGS,ILLUMINA,PAIRED,ftp://ftp.sra.ebi.ac.uk/vol1/fastq/SRR308/087/SRR30894787/SRR30894787_1.fastq.gz,3375167856,594fb945c166b67947fc6e7edc523d31
PRJNA1170466,Genome resequencing data of 447 maize inbred lines,SAMN44075664,SRR30894787,PI 595561,CML 52,21.0,False,Maize.Set.Inbred.Diversity.282.Plus.NAM.Parents,6.1,WGS,ILLUMINA,PAIRED,ftp://ftp.sra.ebi.ac.uk/vol1/fastq/SRR308/087/SRR30894787/SRR30894787_2.fastq.gz,3527736481,27a100bd1c60d4519ce1ceeab4ce9668
PRJNA1170466,Genome resequencing data of 447 maize inbred lines,SAMN44075487,SRR30894796,PI 601499,PHT77,31.0,False,Maize.Group.PVP,5.3,WGS,ILLUMINA,PAIRED,ftp://ftp.sra.ebi.ac.uk/vol1/fastq/SRR308/096/SRR30894796/SRR30894796_1.fastq.gz,2930156711,33788979f7d53fa4b5f2d47ab313ef9d
PRJNA1170466,Genome resequencing data of 447 maize inbred lines,SAMN44075487,SRR30894796,PI 601499,PHT77,31.0,False,Maize.Group.PVP,5.3,WGS,ILLUMINA,PAIRED,ftp://ftp.sra.ebi.ac.uk/vol1/fastq/SRR308/096/SRR30894796/SRR30894796_2.fastq.gz,3020581427,0bf9caa4329b0146b24293dc57f23338
PRJNA1170466,Genome resequencing data of 447 maize inbred lines,SAMN44075427,SRR30894799,PI 601572,PHR47,31.0,False,Maize.Group.PVP,5.5,WGS,ILLUMINA,PAIRED,ftp://ftp.sra.ebi.ac.uk/vol1/fastq/SRR308/099/SRR30894799/SRR30894799_1.fastq.gz,3043780422,0e5ee8c1bc0630b152dd972053da6244
PRJNA1170466,Genome resequencing data of 447 maize inbred lines,SAMN44075427,SRR30894799,PI 601572,PHR47,31.0,False,Maize.Group.PVP,5.5,WGS,ILLUMINA,PAIRED,ftp://ftp.sra.ebi.ac.uk/vol1/fastq/SRR308/099/SRR30894799/SRR30894799_2.fastq.gz,3186804251,0b7bf6aeea0dfd9193fb694a3952fa8b
PRJNA1170466,Genome resequencing data of 447 maize inbred lines,SAMN44075472,SRR30894875,PI 631363,PH4CV,27.0,False,Maize.Group.PVP,5.3,WGS,ILLUMINA,PAIRED,ftp://ftp.sra.ebi.ac.uk/vol1/fastq/SRR308/075/SRR30894875/SRR30894875_1.fastq.gz,2938289419,8069e1cba4faea63973e7b6df99712de
PRJNA1170466,Genome resequencing data of 447 maize inbred lines,SAMN44075472,SRR30894875,PI 631363,PH4CV,27.0,False,Maize.Group.PVP,5.3,WGS,ILLUMINA,PAIRED,ftp://ftp.sra.ebi.ac.uk/vol1/fastq/SRR308/075/SRR30894875/SRR30894875_2.fastq.gz,3108270481,513b7708ae0d38ec571b7318c60a780f
PRJNA1170466,Genome resequencing data of 447 maize inbred lines,SAMN44075647,SRR30894897,PI 690587,CML 144,15.0,False,Maize.Group.Ames.Panel.2010,5.5,WGS,ILLUMINA,PAIRED,ftp://ftp.sra.ebi.ac.uk/vol1/fastq/SRR308/097/SRR30894897/SRR30894897_1.fastq.gz,3048934825,ea6c3f417d733c1dd4f796ab7223c80b
PRJNA1170466,Genome resequencing data of 447 maize inbred lines,SAMN44075647,SRR30894897,PI 690587,CML 144,15.0,False,Maize.Group.Ames.Panel.2010,5.5,WGS,ILLUMINA,PAIRED,ftp://ftp.sra.ebi.ac.uk/vol1/fastq/SRR308/097/SRR30894897/SRR30894897_2.fastq.gz,3245717081,44dc564dda1d9caca971a11395e79e02
PRJNA1170466,Genome resequencing data of 447 maize inbred lines,SAMN44075454,SRR30894917,PI 601729,W8555,20.0,False,Maize.Group.PVP,6.2,WGS,ILLUMINA,PAIRED,ftp://ftp.sra.ebi.ac.uk/vol1/fastq/SRR308/017/SRR30894917/SRR30894917_1.fastq.gz,3447692662,c0459bb001e651978b5e117b5c0a1152
PRJNA1170466,Genome resequencing data of 447 maize inbred lines,SAMN44075454,SRR30894917,PI 601729,W8555,20.0,False,Maize.Group.PVP,6.2,WGS,ILLUMINA,PAIRED,ftp://ftp.sra.ebi.ac.uk/vol1/fastq/SRR308/017/SRR30894917/SRR30894917_2.fastq.gz,3681944268,f0b3e208c492747a1611363554efa1be
PRJNA1170466,Genome resequencing data of 447 maize inbred lines,SAMN44075492,SRR30894948,PI 601786,PHR62,31.0,False,Maize.Group.PVP,9.0,WGS,ILLUMINA,PAIRED,ftp://ftp.sra.ebi.ac.uk/vol1/fastq/SRR308/048/SRR30894948/SRR30894948_1.fastq.gz,4877133248,a482e4e35468014155892b344a030e6e
PRJNA1170466,Genome resequencing data of 447 maize inbred lines,SAMN44075492,SRR30894948,PI 601786,PHR62,31.0,False,Maize.Group.PVP,9.0,WGS,ILLUMINA,PAIRED,ftp://ftp.sra.ebi.ac.uk/vol1/fastq/SRR308/048/SRR30894948/SRR30894948_2.fastq.gz,5016211255,d33f98ca6650d5410fc4e6c9cdbe6741
PRJNA1170466,Genome resequencing data of 447 maize inbred lines,SAMN44075508,SRR30894980,PI 601725,J8606,20.0,False,Maize.Group.PVP,9.6,WGS,ILLUMINA,PAIRED,ftp://ftp.sra.ebi.ac.uk/vol1/fastq/SRR308/080/SRR30894980/SRR30894980_1.fastq.gz,5504516254,cbf53cdee355ba530c4e807f9fc8551e
PRJNA1170466,Genome resequencing data of 447 maize inbred lines,SAMN44075508,SRR30894980,PI 601725,J8606,20.0,False,Maize.Group.PVP,9.6,WGS,ILLUMINA,PAIRED,ftp://ftp.sra.ebi.ac.uk/vol1/fastq/SRR308/080/SRR30894980/SRR30894980_2.fastq.gz,6056585734,534b1bd80b03f9c623600f4ca5ac3cbf
PRJNA1170466,Genome resequencing data of 447 maize inbred lines,SAMN44075697,SRR30895044,PI 690595,CML 220,31.0,False,Maize.Set.Inbred.Diversity.282.Plus.NAM.Parents,6.0,WGS,ILLUMINA,PAIRED,ftp://ftp.sra.ebi.ac.uk/vol1/fastq/SRR308/044/SRR30895044/SRR30895044_1.fastq.gz,3249048452,59e3cd1597797d03ea1f02d4a4423cd7
PRJNA1170466,Genome resequencing data of 447 maize inbred lines,SAMN44075697,SRR30895044,PI 690595,CML 220,31.0,False,Maize.Set.Inbred.Diversity.282.Plus.NAM.Parents,6.0,WGS,ILLUMINA,PAIRED,ftp://ftp.sra.ebi.ac.uk/vol1/fastq/SRR308/044/SRR30895044/SRR30895044_2.fastq.gz,3490887360,d7ad835fcc12eb912980f5f480948c71
PRJNA1170466,Genome resequencing data of 447 maize inbred lines,SAMN44075609,SRR30895107,Ames 34378,CML 312,15.0,False,,5.4,WGS,ILLUMINA,PAIRED,ftp://ftp.sra.ebi.ac.uk/vol1/fastq/SRR308/007/SRR30895107/SRR30895107_1.fastq.gz,2981343103,9014dd467e8ff81b0d2347fc5809b5f1
PRJNA1170466,Genome resequencing data of 447 maize inbred lines,SAMN44075609,SRR30895107,Ames 34378,CML 312,15.0,False,,5.4,WGS,ILLUMINA,PAIRED,ftp://ftp.sra.ebi.ac.uk/vol1/fastq/SRR308/007/SRR30895107/SRR30895107_2.fastq.gz,3067348927,deab634185cecc5cca98fcdd459ca037
PRJNA1170466,Genome resequencing data of 447 maize inbred lines,SAMN44075611,SRR30895109,PI 690592,CML 182,15.0,False,Maize.Group.Ames.Panel.Post.2010,6.1,WGS,ILLUMINA,PAIRED,ftp://ftp.sra.ebi.ac.uk/vol1/fastq/SRR308/009/SRR30895109/SRR30895109_1.fastq.gz,3389802506,0beca04661b95a8e0e4b36fcf5341296
PRJNA1170466,Genome resequencing data of 447 maize inbred lines,SAMN44075611,SRR30895109,PI 690592,CML 182,15.0,False,Maize.Group.Ames.Panel.Post.2010,6.1,WGS,ILLUMINA,PAIRED,ftp://ftp.sra.ebi.ac.uk/vol1/fastq/SRR308/009/SRR30895109/SRR30895109_2.fastq.gz,3514443587,6965a618835a5e5cc83c698aef2a25a0
PRJNA1170466,Genome resequencing data of 447 maize inbred lines,SAMN44075614,SRR30895118,PI 595549,CML 274,20.0,False,Maize.Group.Ames.Panel.2010,5.9,WGS,ILLUMINA,PAIRED,ftp://ftp.sra.ebi.ac.uk/vol1/fastq/SRR308/018/SRR30895118/SRR30895118_1.fastq.gz,3250072742,1962b4564b8d799fbfce70e8f7c3a723
PRJNA1170466,Genome resequencing data of 447 maize inbred lines,SAMN44075614,SRR30895118,PI 595549,CML 274,20.0,False,Maize.Group.Ames.Panel.2010,5.9,WGS,ILLUMINA,PAIRED,ftp://ftp.sra.ebi.ac.uk/vol1/fastq/SRR308/018/SRR30895118/SRR30895118_2.fastq.gz,3376329290,453ac719856e9b68d3146872535cd056
PRJNA1170466,Genome resequencing data of 447 maize inbred lines,SAMN44075676,SRR30895143,PI 690597,CML 258,28.0,False,Maize.Set.Inbred.Diversity.282.Plus.NAM.Parents,6.6,WGS,ILLUMINA,PAIRED,ftp://ftp.sra.ebi.ac.uk/vol1/fastq/SRR308/043/SRR30895143/SRR30895143_1.fastq.gz,3579046200,0f97d2c3d0aa8b2430f36dd217d71e81
PRJNA1170466,Genome resequencing data of 447 maize inbred lines,SAMN44075676,SRR30895143,PI 690597,CML 258,28.0,False,Maize.Set.Inbred.Diversity.282.Plus.NAM.Parents,6.6,WGS,ILLUMINA,PAIRED,ftp://ftp.sra.ebi.ac.uk/vol1/fastq/SRR308/043/SRR30895143/SRR30895143_2.fastq.gz,3759868742,69c8a0b3ce8f8a4387408460a332737d
PRJNA1170466,Genome resequencing data of 447 maize inbred lines,SAMN44075680,SRR30895148,PI 690601,CML 288,15.0,False,Maize.Group.Ames.Panel.2010,6.4,WGS,ILLUMINA,PAIRED,ftp://ftp.sra.ebi.ac.uk/vol1/fastq/SRR308/048/SRR30895148/SRR30895148_1.fastq.gz,3591751074,7cfe58e24d9304d183c089c5aef13326
PRJNA1170466,Genome resequencing data of 447 maize inbred lines,SAMN44075680,SRR30895148,PI 690601,CML 288,15.0,False,Maize.Group.Ames.Panel.2010,6.4,WGS,ILLUMINA,PAIRED,ftp://ftp.sra.ebi.ac.uk/vol1/fastq/SRR308/048/SRR30895148/SRR30895148_2.fastq.gz,3810573847,8bc7de25e5097cc8dfbb81627612300c
PRJNA1142968,Evaluation of genetic diversity across the inbreds used by G2F project - 2024/2025 germplasm (WGS skim sequencing),SAMN44603664,SRR31396963,PI 537098,LH204,30.0,False,Maize.Group.PVP,6.6,WGS,COMPLETE_GENOMICS,PAIRED,ftp://ftp.sra.ebi.ac.uk/vol1/fastq/SRR313/063/SRR31396963/SRR31396963_1.fastq.gz,5006785375,6a998fe2a64de1bb00762a450040d2e6
PRJNA1142968,Evaluation of genetic diversity across the inbreds used by G2F project - 2024/2025 germplasm (WGS skim sequencing),SAMN44603664,SRR31396963,PI 537098,LH204,30.0,False,Maize.Group.PVP,6.6,WGS,COMPLETE_GENOMICS,PAIRED,ftp://ftp.sra.ebi.ac.uk/vol1/fastq/SRR313/063/SRR31396963/SRR31396963_2.fastq.gz,5532125858,c465f5a09e892b73f567d08d7ebafe3e
PRJNA1142968,Evaluation of genetic diversity across the inbreds used by G2F project - 2024/2025 germplasm (WGS skim sequencing),SAMN44603703,SRR31397001,PI 597327,PH07D,17.0,False,Maize.Group.PVP,5.5,WGS,COMPLETE_GENOMICS,PAIRED,ftp://ftp.sra.ebi.ac.uk/vol1/fastq/SRR313/001/SRR31397001/SRR31397001_1.fastq.gz,4377176433,da3bef390d23a5e02c291b5bf1c94d0a
PRJNA1142968,Evaluation of genetic diversity across the inbreds used by G2F project - 2024/2025 germplasm (WGS skim sequencing),SAMN44603703,SRR31397001,PI 597327,PH07D,17.0,False,Maize.Group.PVP,5.5,WGS,COMPLETE_GENOMICS,PAIRED,ftp://ftp.sra.ebi.ac.uk/vol1/fastq/SRR313/001/SRR31397001/SRR31397001_2.fastq.gz,4823842839,0fa48a0743e69db3f081db65eb7eeeaa
PRJNA1142968,Evaluation of genetic diversity across the inbreds used by G2F project - 2024/2025 germplasm (WGS skim sequencing),SAMN44603655,SRR31397002,PI 597326,PH06N,17.0,False,Maize.Group.PVP,5.4,WGS,COMPLETE_GENOMICS,PAIRED,ftp://ftp.sra.ebi.ac.uk/vol1/fastq/SRR313/002/SRR31397002/SRR31397002_1.fastq.gz,4213824709,07c916c7a7db7db4d25f686a2baac85e
PRJNA1142968,Evaluation of genetic diversity across the inbreds used by G2F project - 2024/2025 germplasm (WGS skim sequencing),SAMN44603655,SRR31397002,PI 597326,PH06N,17.0,False,Maize.Group.PVP,5.4,WGS,COMPLETE_GENOMICS,PAIRED,ftp://ftp.sra.ebi.ac.uk/vol1/fastq/SRR313/002/SRR31397002/SRR31397002_2.fastq.gz,4658817386,25bbdd90f939383ba9aa74f979cf2e0b
PRJNA1142968,Evaluation of genetic diversity across the inbreds used by G2F project - 2024/2025 germplasm (WGS skim sequencing),SAMN44603697,SRR31397014,PI 593041,LH235,26.0,False,Maize.Group.PVP,6.5,WGS,COMPLETE_GENOMICS,PAIRED,ftp://ftp.sra.ebi.ac.uk/vol1/fastq/SRR313/014/SRR31397014/SRR31397014_1.fastq.gz,4950031131,deeeb57d42b6c358e0d6e3ddf2d82f54
PRJNA1142968,Evaluation of genetic diversity across the inbreds used by G2F project - 2024/2025 germplasm (WGS skim sequencing),SAMN44603697,SRR31397014,PI 593041,LH235,26.0,False,Maize.Group.PVP,6.5,WGS,COMPLETE_GENOMICS,PAIRED,ftp://ftp.sra.ebi.ac.uk/vol1/fastq/SRR313/014/SRR31397014/SRR31397014_2.fastq.gz,5335081789,6c2ebad2a42540e865da0bde82da45a6
PRJNA1142968,Evaluation of genetic diversity across the inbreds used by G2F project - 2024/2025 germplasm (WGS skim sequencing),SAMN44603696,SRR31397015,PI 593040,LH234,26.0,False,Maize.Group.PVP,6.5,WGS,COMPLETE_GENOMICS,PAIRED,ftp://ftp.sra.ebi.ac.uk/vol1/fastq/SRR313/015/SRR31397015/SRR31397015_1.fastq.gz,4954314460,5245ecb0623e391e533a18fea0db8e94
PRJNA1142968,Evaluation of genetic diversity across the inbreds used by G2F project - 2024/2025 germplasm (WGS skim sequencing),SAMN44603696,SRR31397015,PI 593040,LH234,26.0,False,Maize.Group.PVP,6.5,WGS,COMPLETE_GENOMICS,PAIRED,ftp://ftp.sra.ebi.ac.uk/vol1/fastq/SRR313/015/SRR31397015/SRR31397015_2.fastq.gz,5348527918,95f3dd037315fa922a8106aaee175b7d
PRJNA1142968,Evaluation of genetic diversity across the inbreds used by G2F project - 2024/2025 germplasm (WGS skim sequencing),SAMN44603712,SRR31412941,PI 595346,WQCD10,26.0,False,Maize.Group.PVP,7.6,WGS,COMPLETE_GENOMICS,PAIRED,ftp://ftp.sra.ebi.ac.uk/vol1/fastq/SRR314/041/SRR31412941/SRR31412941_1.fastq.gz,5658046140,ddc1967ca0fd2a7120cad42ce32f2e4a
PRJNA1142968,Evaluation of genetic diversity across the inbreds used by G2F project - 2024/2025 germplasm (WGS skim sequencing),SAMN44603712,SRR31412941,PI 595346,WQCD10,26.0,False,Maize.Group.PVP,7.6,WGS,COMPLETE_GENOMICS,PAIRED,ftp://ftp.sra.ebi.ac.uk/vol1/fastq/SRR314/041/SRR31412941/SRR31412941_2.fastq.gz,6195638746,f43878094ac89a068e4bc3429a812e11
PRJNA1196311,maize-HKW,SAMN45410771,SRR31660957,Ames 34378,CML 312,15.0,False,,5.5,WGS,ILLUMINA,PAIRED,ftp://ftp.sra.ebi.ac.uk/vol1/fastq/SRR316/057/SRR31660957/SRR31660957_1.fastq.gz,3080540269,179d0056e564d1ba2a0c608328aa4249
PRJNA1196311,maize-HKW,SAMN45410771,SRR31660957,Ames 34378,CML 312,15.0,False,,5.5,WGS,ILLUMINA,PAIRED,ftp://ftp.sra.ebi.ac.uk/vol1/fastq/SRR316/057/SRR31660957/SRR31660957_2.fastq.gz,3366532574,37f2a08b14407878c268c8820de64c4e
PRJNA332953,Zea mays strain:PHK46 | cultivar:PHK46 Genome sequencing,SAMN05442976,SRR7699217,PI 543841,PHK46,29.0,False,Maize.Group.PVP,21.4,WGS,ILLUMINA,PAIRED,ftp://ftp.sra.ebi.ac.uk/vol1/fastq/SRR769/007/SRR7699217/SRR7699217_1.fastq.gz,16053392181,ca8130cd16137c445248223d2ce55a34
PRJNA332953,Zea mays strain:PHK46 | cultivar:PHK46 Genome sequencing,SAMN05442976,SRR7699217,PI 543841,PHK46,29.0,False,Maize.Group.PVP,21.4,WGS,ILLUMINA,PAIRED,ftp://ftp.sra.ebi.ac.uk/vol1/fastq/SRR769/007/SRR7699217/SRR7699217_2.fastq.gz,17142468068,e8c2e819057a9d42edcb2758dbd56607
PRJNA332947,Zea mays strain:LH59 | cultivar:LH59 Genome sequencing,SAMN05446034,SRR7699356,PI 601466,LH59,31.0,False,Maize.Group.PVP,17.0,WGS,ILLUMINA,PAIRED,ftp://ftp.sra.ebi.ac.uk/vol1/fastq/SRR769/006/SRR7699356/SRR7699356_1.fastq.gz,11814304669,41c252904ab437cbd51804b55fed2490
PRJNA332947,Zea mays strain:LH59 | cultivar:LH59 Genome sequencing,SAMN05446034,SRR7699356,PI 601466,LH59,31.0,False,Maize.Group.PVP,17.0,WGS,ILLUMINA,PAIRED,ftp://ftp.sra.ebi.ac.uk/vol1/fastq/SRR769/006/SRR7699356/SRR7699356_2.fastq.gz,13321223302,75502ff287867794b5a0c440d75c9dca
PRJNA332954,Zea mays strain:PHK56 | cultivar:PHK56 Genome sequencing,SAMN05446036,SRR7699357,PI 543842,PHK56,30.0,False,Maize.Group.PVP,21.4,WGS,ILLUMINA,PAIRED,ftp://ftp.sra.ebi.ac.uk/vol1/fastq/SRR769/007/SRR7699357/SRR7699357_1.fastq.gz,16258356703,98d8a9f7960ca41dc13e3bc6fe21b971
PRJNA332954,Zea mays strain:PHK56 | cultivar:PHK56 Genome sequencing,SAMN05446036,SRR7699357,PI 543842,PHK56,30.0,False,Maize.Group.PVP,21.4,WGS,ILLUMINA,PAIRED,ftp://ftp.sra.ebi.ac.uk/vol1/fastq/SRR769/007/SRR7699357/SRR7699357_2.fastq.gz,17470613964,cc90a0603f4c3976612002956f585ec8
PRJNA332961,Zea mays strain:PHR03 | cultivar:PHR03 Genome sequencing,SAMN05445958,SRR7699768,PI 548803,PHR03,20.0,False,Maize.Group.PVP,21.4,WGS,ILLUMINA,PAIRED,ftp://ftp.sra.ebi.ac.uk/vol1/fastq/SRR769/008/SRR7699768/SRR7699768_1.fastq.gz,15154740869,5f908a220fdde36b2c5b08fa240b1b71
PRJNA332961,Zea mays strain:PHR03 | cultivar:PHR03 Genome sequencing,SAMN05445958,SRR7699768,PI 548803,PHR03,20.0,False,Maize.Group.PVP,21.4,WGS,ILLUMINA,PAIRED,ftp://ftp.sra.ebi.ac.uk/vol1/fastq/SRR769/008/SRR7699768/SRR7699768_2.fastq.gz,16752693752,4a003ceaeee1ea820184e409545f2c00
PRJNA332943,Zea mays strain:LH168 | cultivar:LH168 Genome sequencing,SAMN05445935,SRR7703400,PI 576169,LH168,29.0,False,Maize.Group.PVP,19.4,WGS,ILLUMINA,PAIRED,ftp://ftp.sra.ebi.ac.uk/vol1/fastq/SRR770/000/SRR7703400/SRR7703400_1.fastq.gz,14209609154,68219854a579931e8e81b8ebe7bbc15c
PRJNA332943,Zea mays strain:LH168 | cultivar:LH168 Genome sequencing,SAMN05445935,SRR7703400,PI 576169,LH168,29.0,False,Maize.Group.PVP,19.4,WGS,ILLUMINA,PAIRED,ftp://ftp.sra.ebi.ac.uk/vol1/fastq/SRR770/000/SRR7703400/SRR7703400_2.fastq.gz,15635622944,5c8d37ab205fc67ce39f18acc4b3c18f
PRJNA531553,Deep DNA resequencing of the association mapping panel,SAMN11370239,SRR8906782,PI 535902,S 25,26.0,False,Maize.Group.Ames.Panel.2010,28.3,WGS,ILLUMINA,PAIRED,ftp://ftp.sra.ebi.ac.uk/vol1/fastq/SRR890/002/SRR8906782/SRR8906782_1.fastq.gz,16176401569,7958130022d7b73ae7abe2335b729778
PRJNA531553,Deep DNA resequencing of the association mapping panel,SAMN11370239,SRR8906782,PI 535902,S 25,26.0,False,Maize.Group.Ames.Panel.2010,28.3,WGS,ILLUMINA,PAIRED,ftp://ftp.sra.ebi.ac.uk/vol1/fastq/SRR890/002/SRR8906782/SRR8906782_2.fastq.gz,17581541289,9fc8b5063f99f12865cc2f13029bb89d
PRJNA531553,Deep DNA resequencing of the association mapping panel,SAMN11370228,SRR8906865,PI 369439,S 14,34.0,False,Maize.Group.Ames.Panel.2010,24.8,WGS,ILLUMINA,PAIRED,ftp://ftp.sra.ebi.ac.uk/vol1/fastq/SRR890/005/SRR8906865/SRR8906865_1.fastq.gz,14146841670,30c485881d8e697a606af821fc49677c
PRJNA531553,Deep DNA resequencing of the association mapping panel,SAMN11370228,SRR8906865,PI 369439,S 14,34.0,False,Maize.Group.Ames.Panel.2010,24.8,WGS,ILLUMINA,PAIRED,ftp://ftp.sra.ebi.ac.uk/vol1/fastq/SRR890/005/SRR8906865/SRR8906865_2.fastq.gz,14993060235,3921006206375234ae05c185251cea75
PRJNA543394,Sequencing of A188 genome,SAMN11665429,SRR9077135,PI 693339,A188,30.0,False,Maize.Set.Inbred.Diversity.282.Plus.NAM.Parents,248.4,WGS,PACBIO_SMRT,SINGLE,ftp://ftp.sra.ebi.ac.uk/vol1/fastq/SRR907/005/SRR9077135/SRR9077135_subreads.fastq.gz,44474894911,f6eb32820ff2db59ab95e5913bc2651a
PRJNA251204,Zea mays cultivar:Mo44 Genome sequencing,SAMN02946043,SRR3715695,Ames 35266,Mo44,29.0,False,Maize.Set.Inbred.Diversity.282.Plus.NAM.Parents,48.2,WGS,ILLUMINA,PAIRED,ftp://ftp.sra.ebi.ac.uk/vol1/fastq/SRR371/005/SRR3715695/SRR3715695_1.fastq.gz,21816594365,afa94b1e7502c1abbeebea765fff8480
PRJNA251204,Zea mays cultivar:Mo44 Genome sequencing,SAMN02946043,SRR3715695,Ames 35266,Mo44,29.0,False,Maize.Set.Inbred.Diversity.282.Plus.NAM.Parents,48.2,WGS,ILLUMINA,PAIRED,ftp://ftp.sra.ebi.ac.uk/vol1/fastq/SRR371/005/SRR3715695/SRR3715695_2.fastq.gz,21965373195,1776a3f62ff3ee215450207e6dbfac64
PRJNA251176,Zea mays strain:PHN11 Genome sequencing,SAMN02821794,SRR3715742,PI 601497,PHN11,31.0,False,Maize.Group.PVP,56.1,WGS,ILLUMINA,PAIRED,ftp://ftp.sra.ebi.ac.uk/vol1/fastq/SRR371/002/SRR3715742/SRR3715742_1.fastq.gz,13336312355,1528f20015a5582d954896a22634178c
PRJNA251176,Zea mays strain:PHN11 Genome sequencing,SAMN02821794,SRR3715742,PI 601497,PHN11,31.0,False,Maize.Group.PVP,56.1,WGS,ILLUMINA,PAIRED,ftp://ftp.sra.ebi.ac.uk/vol1/fastq/SRR371/002/SRR3715742/SRR3715742_2.fastq.gz,13526196567,b30237da4be5954c6e30e899dcb0fbd0
PRJNA251176,Zea mays strain:PHN11 Genome sequencing,SAMN02821794,SRR3715743,PI 601497,PHN11,31.0,False,Maize.Group.PVP,56.1,WGS,ILLUMINA,PAIRED,ftp://ftp.sra.ebi.ac.uk/vol1/fastq/SRR371/003/SRR3715743/SRR3715743_1.fastq.gz,20499410637,e38608f87f86724e6ce26fae2ee278fc
PRJNA251176,Zea mays strain:PHN11 Genome sequencing,SAMN02821794,SRR3715743,PI 601497,PHN11,31.0,False,Maize.Group.PVP,56.1,WGS,ILLUMINA,PAIRED,ftp://ftp.sra.ebi.ac.uk/vol1/fastq/SRR371/003/SRR3715743/SRR3715743_2.fastq.gz,20256340049,82c3516fdec99d7d199bca024f9273e9
PRJNA251167,Zea mays strain:PHG47 Genome sequencing,SAMN02821729,SRR3720262,PI 601318,PHG47,33.0,False,Maize.Group.PVP,61.2,WGS,ILLUMINA,PAIRED,ftp://ftp.sra.ebi.ac.uk/vol1/fastq/SRR372/002/SRR3720262/SRR3720262_1.fastq.gz,21139136030,121236ca9c1af6f21fa48bafbf476dd0
PRJNA251167,Zea mays strain:PHG47 Genome sequencing,SAMN02821729,SRR3720262,PI 601318,PHG47,33.0,False,Maize.Group.PVP,61.2,WGS,ILLUMINA,PAIRED,ftp://ftp.sra.ebi.ac.uk/vol1/fastq/SRR372/002/SRR3720262/SRR3720262_2.fastq.gz,21332753759,2352633dddd7953870d73b005a2cb2a6
PRJNA251167,Zea mays strain:PHG47 Genome sequencing,SAMN02821729,SRR3720263,PI 601318,PHG47,33.0,False,Maize.Group.PVP,61.2,WGS,ILLUMINA,PAIRED,ftp://ftp.sra.ebi.ac.uk/vol1/fastq/SRR372/003/SRR3720263/SRR3720263_1.fastq.gz,21510455872,aa83f53b32dc0c0c802b94b41761b05c
PRJNA251167,Zea mays strain:PHG47 Genome sequencing,SAMN02821729,SRR3720263,PI 601318,PHG47,33.0,False,Maize.Group.PVP,61.2,WGS,ILLUMINA,PAIRED,ftp://ftp.sra.ebi.ac.uk/vol1/fastq/SRR372/003/SRR3720263/SRR3720263_2.fastq.gz,21745221926,daa253e4c70efb8356f8c2749e9ce932
PRJNA251136,Zea mays strain:LH123HT Genome sequencing,SAMN02821810,SRR3720274,PI 601079,LH123HT,35.0,False,Maize.Group.PVP,58.2,WGS,ILLUMINA,PAIRED,ftp://ftp.sra.ebi.ac.uk/vol1/fastq/SRR372/004/SRR3720274/SRR3720274_1.fastq.gz,15048977022,995e997a2f26f4a10d72ea8395e2c1dc
PRJNA251136,Zea mays strain:LH123HT Genome sequencing,SAMN02821810,SRR3720274,PI 601079,LH123HT,35.0,False,Maize.Group.PVP,58.2,WGS,ILLUMINA,PAIRED,ftp://ftp.sra.ebi.ac.uk/vol1/fastq/SRR372/004/SRR3720274/SRR3720274_2.fastq.gz,15308865224,29a0630fecc78bc2ef1dbec0c1df8b98
PRJNA251136,Zea mays strain:LH123HT Genome sequencing,SAMN02821810,SRR3720276,PI 601079,LH123HT,35.0,False,Maize.Group.PVP,58.2,WGS,ILLUMINA,PAIRED,ftp://ftp.sra.ebi.ac.uk/vol1/fastq/SRR372/006/SRR3720276/SRR3720276_1.fastq.gz,20158248455,eb4559f4461d5c66b6fd1e7b54d36e5d
PRJNA251136,Zea mays strain:LH123HT Genome sequencing,SAMN02821810,SRR3720276,PI 601079,LH123HT,35.0,False,Maize.Group.PVP,58.2,WGS,ILLUMINA,PAIRED,ftp://ftp.sra.ebi.ac.uk/vol1/fastq/SRR372/006/SRR3720276/SRR3720276_2.fastq.gz,19977813538,d3f1ecfb46042c043edea0ebd3d62fb1
PRJNA251186,Zea mays strain:NC230 Genome sequencing,SAMN02821436,SRR3720285,PI 690370,NC230,30.0,False,Maize.Set.Inbred.Diversity.282.Plus.NAM.Parents,63.0,WGS,ILLUMINA,PAIRED,ftp://ftp.sra.ebi.ac.uk/vol1/fastq/SRR372/005/SRR3720285/SRR3720285_1.fastq.gz,23199866812,8f3a91c8af75b1160e21510b6ae159df
PRJNA251186,Zea mays strain:NC230 Genome sequencing,SAMN02821436,SRR3720285,PI 690370,NC230,30.0,False,Maize.Set.Inbred.Diversity.282.Plus.NAM.Parents,63.0,WGS,ILLUMINA,PAIRED,ftp://ftp.sra.ebi.ac.uk/vol1/fastq/SRR372/005/SRR3720285/SRR3720285_2.fastq.gz,22667605879,fe5f1d28cfe25bb520bc5b7256616add
PRJNA251166,Zea mays strain:PHG29 Genome sequencing,SAMN02821431,SRR3720298,PI 601270,PHG29,33.0,False,Maize.Group.PVP,59.6,WGS,ILLUMINA,PAIRED,ftp://ftp.sra.ebi.ac.uk/vol1/fastq/SRR372/008/SRR3720298/SRR3720298_1.fastq.gz,20976284827,9a315d01ba40a59390d1e3e692b2d3f4
PRJNA251166,Zea mays strain:PHG29 Genome sequencing,SAMN02821431,SRR3720298,PI 601270,PHG29,33.0,False,Maize.Group.PVP,59.6,WGS,ILLUMINA,PAIRED,ftp://ftp.sra.ebi.ac.uk/vol1/fastq/SRR372/008/SRR3720298/SRR3720298_2.fastq.gz,20651538111,d0e66f60e93dfd30f919d34eebd3ef00
PRJNA251166,Zea mays strain:PHG29 Genome sequencing,SAMN02821431,SRR3720299,PI 601270,PHG29,33.0,False,Maize.Group.PVP,59.6,WGS,ILLUMINA,PAIRED,ftp://ftp.sra.ebi.ac.uk/vol1/fastq/SRR372/009/SRR3720299/SRR3720299_1.fastq.gz,21402698373,4c9af2457c86cf966d7effbedd2368f5
PRJNA251166,Zea mays strain:PHG29 Genome sequencing,SAMN02821431,SRR3720299,PI 601270,PHG29,33.0,False,Maize.Group.PVP,59.6,WGS,ILLUMINA,PAIRED,ftp://ftp.sra.ebi.ac.uk/vol1/fastq/SRR372/009/SRR3720299/SRR3720299_2.fastq.gz,21361165272,e1ee62fc3b078ddf5b31d35f7ebcde2a
PRJNA251182,Zea mays strain:LH145 Genome sequencing,SAMN02822380,SRR3720303,PI 600959,LH145,36.0,False,Maize.Group.PVP,58.6,WGS,ILLUMINA,PAIRED,ftp://ftp.sra.ebi.ac.uk/vol1/fastq/SRR372/003/SRR3720303/SRR3720303_1.fastq.gz,19326592958,2d00a33d5a0032654dedd1ce5ec2fd47
PRJNA251182,Zea mays strain:LH145 Genome sequencing,SAMN02822380,SRR3720303,PI 600959,LH145,36.0,False,Maize.Group.PVP,58.6,WGS,ILLUMINA,PAIRED,ftp://ftp.sra.ebi.ac.uk/vol1/fastq/SRR372/003/SRR3720303/SRR3720303_2.fastq.gz,20142653661,77655e63d99bd8fc6ce6f8a0af9b157d
PRJNA251182,Zea mays strain:LH145 Genome sequencing,SAMN02822380,SRR3720304,PI 600959,LH145,36.0,False,Maize.Group.PVP,58.6,WGS,ILLUMINA,PAIRED,ftp://ftp.sra.ebi.ac.uk/vol1/fastq/SRR372/004/SRR3720304/SRR3720304_1.fastq.gz,16287325538,00252251788dc3f655876dad2f387f99
PRJNA251182,Zea mays strain:LH145 Genome sequencing,SAMN02822380,SRR3720304,PI 600959,LH145,36.0,False,Maize.Group.PVP,58.6,WGS,ILLUMINA,PAIRED,ftp://ftp.sra.ebi.ac.uk/vol1/fastq/SRR372/004/SRR3720304/SRR3720304_2.fastq.gz,16087990422,528a76f473cc597c68ac7851f81add08
PRJNA251172,Zea mays strain:Mo45 Genome sequencing,SAMN02821799,SRR3720319,PI 583350,Mo45,23.0,False,Maize.Set.Inbred.Diversity.282.Plus.NAM.Parents,64.4,WGS,ILLUMINA,PAIRED,ftp://ftp.sra.ebi.ac.uk/vol1/fastq/SRR372/009/SRR3720319/SRR3720319_1.fastq.gz,16504170986,bf67477d742f284fc7407cb554f38350
PRJNA251172,Zea mays strain:Mo45 Genome sequencing,SAMN02821799,SRR3720319,PI 583350,Mo45,23.0,False,Maize.Set.Inbred.Diversity.282.Plus.NAM.Parents,64.4,WGS,ILLUMINA,PAIRED,ftp://ftp.sra.ebi.ac.uk/vol1/fastq/SRR372/009/SRR3720319/SRR3720319_2.fastq.gz,16678033150,ba3061dc14dc0ce22213747fbe91b666
PRJNA251193,Zea mays strain:PHG72 Genome sequencing,SAMN02821811,SRR3720581,PI 601319,PHG72,33.0,False,Maize.Group.PVP,57.4,WGS,ILLUMINA,PAIRED,ftp://ftp.sra.ebi.ac.uk/vol1/fastq/SRR372/001/SRR3720581/SRR3720581_1.fastq.gz,19889740630,6fe663dce21583a41cc79de147593e11
PRJNA251193,Zea mays strain:PHG72 Genome sequencing,SAMN02821811,SRR3720581,PI 601319,PHG72,33.0,False,Maize.Group.PVP,57.4,WGS,ILLUMINA,PAIRED,ftp://ftp.sra.ebi.ac.uk/vol1/fastq/SRR372/001/SRR3720581/SRR3720581_2.fastq.gz,20331803469,ae43235d8191963f4c362242aa70e5bb
PRJNA251121,Zea mays strain:PHB47 Genome sequencing,SAMN02821397,SRR3720602,PI 601009,PHB47,35.0,False,Maize.Group.PVP,61.0,WGS,ILLUMINA,PAIRED,ftp://ftp.sra.ebi.ac.uk/vol1/fastq/SRR372/002/SRR3720602/SRR3720602_1.fastq.gz,15470623826,bf6bb9fd509e8af8a6e4472315338a83
PRJNA251121,Zea mays strain:PHB47 Genome sequencing,SAMN02821397,SRR3720602,PI 601009,PHB47,35.0,False,Maize.Group.PVP,61.0,WGS,ILLUMINA,PAIRED,ftp://ftp.sra.ebi.ac.uk/vol1/fastq/SRR372/002/SRR3720602/SRR3720602_2.fastq.gz,15710794290,1b394da60b75479c185be4bcf55202f6
PRJNA251175,Zea mays strain:CR1HT Genome sequencing,SAMN02822385,SRR3720670,PI 601080,CR1HT,35.0,False,Maize.Group.PVP,62.7,WGS,ILLUMINA,PAIRED,ftp://ftp.sra.ebi.ac.uk/vol1/fastq/SRR372/000/SRR3720670/SRR3720670_1.fastq.gz,14838592469,3e9b075b84142398ebb14be4958c5e47
PRJNA251175,Zea mays strain:CR1HT Genome sequencing,SAMN02822385,SRR3720670,PI 601080,CR1HT,35.0,False,Maize.Group.PVP,62.7,WGS,ILLUMINA,PAIRED,ftp://ftp.sra.ebi.ac.uk/vol1/fastq/SRR372/000/SRR3720670/SRR3720670_2.fastq.gz,14968236244,350ce72bf8023453ca7126a001408cd9
PRJNA251175,Zea mays strain:CR1HT Genome sequencing,SAMN02822385,SRR3720671,PI 601080,CR1HT,35.0,False,Maize.Group.PVP,62.7,WGS,ILLUMINA,PAIRED,ftp://ftp.sra.ebi.ac.uk/vol1/fastq/SRR372/001/SRR3720671/SRR3720671_1.fastq.gz,22627194658,75ef4b5fbffacffb95172648ee07c8b9
PRJNA251175,Zea mays strain:CR1HT Genome sequencing,SAMN02822385,SRR3720671,PI 601080,CR1HT,35.0,False,Maize.Group.PVP,62.7,WGS,ILLUMINA,PAIRED,ftp://ftp.sra.ebi.ac.uk/vol1/fastq/SRR372/001/SRR3720671/SRR3720671_2.fastq.gz,22431862688,94e59291b44311756e38c6996db4f3d2
PRJNA251187,Zea mays strain:LH156 Genome sequencing,SAMN02822347,SRR3720911,PI 601403,LH156,31.0,False,Maize.Group.PVP,54.9,WGS,ILLUMINA,PAIRED,ftp://ftp.sra.ebi.ac.uk/vol1/fastq/SRR372/001/SRR3720911/SRR3720911_1.fastq.gz,16303662549,4670c8749afde98b92a6fd6547042f40
PRJNA251187,Zea mays strain:LH156 Genome sequencing,SAMN02822347,SRR3720911,PI 601403,LH156,31.0,False,Maize.Group.PVP,54.9,WGS,ILLUMINA,PAIRED,ftp://ftp.sra.ebi.ac.uk/vol1/fastq/SRR372/001/SRR3720911/SRR3720911_2.fastq.gz,16072534748,fd0746943addf956f8b72b3db4aae012
PRJNA251187,Zea mays strain:LH156 Genome sequencing,SAMN02822347,SRR3720913,PI 601403,LH156,31.0,False,Maize.Group.PVP,54.9,WGS,ILLUMINA,PAIRED,ftp://ftp.sra.ebi.ac.uk/vol1/fastq/SRR372/003/SRR3720913/SRR3720913_1.fastq.gz,18078713744,8fd13e6b1020fd2999b6994a0a582755
PRJNA251187,Zea mays strain:LH156 Genome sequencing,SAMN02822347,SRR3720913,PI 601403,LH156,31.0,False,Maize.Group.PVP,54.9,WGS,ILLUMINA,PAIRED,ftp://ftp.sra.ebi.ac.uk/vol1/fastq/SRR372/003/SRR3720913/SRR3720913_2.fastq.gz,18206557770,a343b039353390828d6875ecadeb1d4d
PRJNA251180,Zea mays strain:LH85 Genome sequencing,SAMN02822376,SRR3720952,PI 601405,LH85,30.0,False,Maize.Group.PVP,57.9,WGS,ILLUMINA,PAIRED,ftp://ftp.sra.ebi.ac.uk/vol1/fastq/SRR372/002/SRR3720952/SRR3720952_1.fastq.gz,15441290086,f56752ee1794529be168ca8c175a2f4b
PRJNA251180,Zea mays strain:LH85 Genome sequencing,SAMN02822376,SRR3720952,PI 601405,LH85,30.0,False,Maize.Group.PVP,57.9,WGS,ILLUMINA,PAIRED,ftp://ftp.sra.ebi.ac.uk/vol1/fastq/SRR372/002/SRR3720952/SRR3720952_2.fastq.gz,15269554938,9a18b48c1259eb7bf3f46c29c2797af5
PRJNA251181,Zea mays strain:LH93 Genome sequencing,SAMN02821611,SRR3720997,PI 601171,LH93,34.0,False,Maize.Group.PVP,63.6,WGS,ILLUMINA,PAIRED,ftp://ftp.sra.ebi.ac.uk/vol1/fastq/SRR372/007/SRR3720997/SRR3720997_1.fastq.gz,23232257460,1f57989843498dedf7cb61632daa86b5
PRJNA251181,Zea mays strain:LH93 Genome sequencing,SAMN02821611,SRR3720997,PI 601171,LH93,34.0,False,Maize.Group.PVP,63.6,WGS,ILLUMINA,PAIRED,ftp://ftp.sra.ebi.ac.uk/vol1/fastq/SRR372/007/SRR3720997/SRR3720997_2.fastq.gz,23379205244,ea358221f811f2778e852236f73355ea
PRJNA251181,Zea mays strain:LH93 Genome sequencing,SAMN02821611,SRR3720998,PI 601171,LH93,34.0,False,Maize.Group.PVP,63.6,WGS,ILLUMINA,PAIRED,ftp://ftp.sra.ebi.ac.uk/vol1/fastq/SRR372/008/SRR3720998/SRR3720998_1.fastq.gz,23375011081,679a88914d76b67e5cf8563f1440b36d
PRJNA251181,Zea mays strain:LH93 Genome sequencing,SAMN02821611,SRR3720998,PI 601171,LH93,34.0,False,Maize.Group.PVP,63.6,WGS,ILLUMINA,PAIRED,ftp://ftp.sra.ebi.ac.uk/vol1/fastq/SRR372/008/SRR3720998/SRR3720998_2.fastq.gz,23502869264,a46eb3b6d7aa15f3e6ec18aedb20ec35
,Capturing Extant Variation from a Genome in Flux: Maize HapMap II,SAMN00839427,SRR447784,PI 587152,W64A,39.0,False,Maize.Set.Inbred.Diversity.282.Plus.NAM.Parents,17.1,WGS,ILLUMINA,PAIRED,ftp://ftp.sra.ebi.ac.uk/vol1/fastq/SRR447/SRR447784/SRR447784_1.fastq.gz,588070076,9e5a6a2c1e5eba8a65fca823191d2a58
,Capturing Extant Variation from a Genome in Flux: Maize HapMap II,SAMN00839427,SRR447784,PI 587152,W64A,39.0,False,Maize.Set.Inbred.Diversity.282.Plus.NAM.Parents,17.1,WGS,ILLUMINA,PAIRED,ftp://ftp.sra.ebi.ac.uk/vol1/fastq/SRR447/SRR447784/SRR447784_2.fastq.gz,588263633,ba43200dccc48d3c93050b63954d645a
,Capturing Extant Variation from a Genome in Flux: Maize HapMap II,SAMN00839427,SRR447786,PI 587152,W64A,39.0,False,Maize.Set.Inbred.Diversity.282.Plus.NAM.Parents,17.1,WGS,ILLUMINA,PAIRED,ftp://ftp.sra.ebi.ac.uk/vol1/fastq/SRR447/SRR447786/SRR447786_1.fastq.gz,607523040,dabb3ea1fa7497c6dd4b0dadbc20b7f1
,Capturing Extant Variation from a Genome in Flux: Maize HapMap II,SAMN00839427,SRR447786,PI 587152,W64A,39.0,False,Maize.Set.Inbred.Diversity.282.Plus.NAM.Parents,17.1,WGS,ILLUMINA,PAIRED,ftp://ftp.sra.ebi.ac.uk/vol1/fastq/SRR447/SRR447786/SRR447786_2.fastq.gz,608367654,9a2d8fd0bce55055fd6d914e32d52951
,Capturing Extant Variation from a Genome in Flux: Maize HapMap II,SAMN00839427,SRR447787,PI 587152,W64A,39.0,False,Maize.Set.Inbred.Diversity.282.Plus.NAM.Parents,17.1,WGS,ILLUMINA,PAIRED,ftp://ftp.sra.ebi.ac.uk/vol1/fastq/SRR447/SRR447787/SRR447787_1.fastq.gz,594286779,487c7190ac01eb702d9aaff8e1c91069
,Capturing Extant Variation from a Genome in Flux: Maize HapMap II,SAMN00839427,SRR447787,PI 587152,W64A,39.0,False,Maize.Set.Inbred.Diversity.282.Plus.NAM.Parents,17.1,WGS,ILLUMINA,PAIRED,ftp://ftp.sra.ebi.ac.uk/vol1/fastq/SRR447/SRR447787/SRR447787_2.fastq.gz,593329000,1239bce3e113091785a88fdcc0df66e5
,Capturing Extant Variation from a Genome in Flux: Maize HapMap II,SAMN00839427,SRR447791,PI 587152,W64A,39.0,False,Maize.Set.Inbred.Diversity.282.Plus.NAM.Parents,17.1,WGS,ILLUMINA,PAIRED,ftp://ftp.sra.ebi.ac.uk/vol1/fastq/SRR447/SRR447791/SRR447791_1.fastq.gz,601861154,65e61d0ee4d007fe57cd3a3f752104dd
,Capturing Extant Variation from a Genome in Flux: Maize HapMap II,SAMN00839427,SRR447791,PI 587152,W64A,39.0,False,Maize.Set.Inbred.Diversity.282.Plus.NAM.Parents,17.1,WGS,ILLUMINA,PAIRED,ftp://ftp.sra.ebi.ac.uk/vol1/fastq/SRR447/SRR447791/SRR447791_2.fastq.gz,601164392,664990e2471af620059d419084d2beef
,Capturing Extant Variation from a Genome in Flux: Maize HapMap II,SAMN00839427,SRR447792,PI 587152,W64A,39.0,False,Maize.Set.Inbred.Diversity.282.Plus.NAM.Parents,17.1,WGS,ILLUMINA,PAIRED,ftp://ftp.sra.ebi.ac.uk/vol1/fastq/SRR447/SRR447792/SRR447792_1.fastq.gz,612933769,271e6dbf0866d76acae448a08fbf80a2
,Capturing Extant Variation from a Genome in Flux: Maize HapMap II,SAMN00839427,SRR447792,PI 587152,W64A,39.0,False,Maize.Set.Inbred.Diversity.282.Plus.NAM.Parents,17.1,WGS,ILLUMINA,PAIRED,ftp://ftp.sra.ebi.ac.uk/vol1/fastq/SRR447/SRR447792/SRR447792_2.fastq.gz,612081393,85aa95fad17666b654e59a3b252664cb
,Capturing Extant Variation from a Genome in Flux: Maize HapMap II,SAMN00839427,SRR447796,PI 587152,W64A,39.0,False,Maize.Set.Inbred.Diversity.282.Plus.NAM.Parents,17.1,WGS,ILLUMINA,PAIRED,ftp://ftp.sra.ebi.ac.uk/vol1/fastq/SRR447/SRR447796/SRR447796_1.fastq.gz,608729344,9a83cf64e62027ad9bab6998c31e44ad
,Capturing Extant Variation from a Genome in Flux: Maize HapMap II,SAMN00839427,SRR447796,PI 587152,W64A,39.0,False,Maize.Set.Inbred.Diversity.282.Plus.NAM.Parents,17.1,WGS,ILLUMINA,PAIRED,ftp://ftp.sra.ebi.ac.uk/vol1/fastq/SRR447/SRR447796/SRR447796_2.fastq.gz,608149318,d7541feedb0c6bed8410863e5fab6b42
PRJNA168265,Zea mays subsp. mays Genome sequencing,SAMN01047770,SRR512999,PI 636488,KLS_30,25.0,False,,48.3,WGS,ILLUMINA,PAIRED,ftp://ftp.sra.ebi.ac.uk/vol1/fastq/SRR512/SRR512999/SRR512999_1.fastq.gz,4886251929,388ded513ec031454ae7b743e59bb4de
PRJNA168265,Zea mays subsp. mays Genome sequencing,SAMN01047770,SRR512999,PI 636488,KLS_30,25.0,False,,48.3,WGS,ILLUMINA,PAIRED,ftp://ftp.sra.ebi.ac.uk/vol1/fastq/SRR512/SRR512999/SRR512999_2.fastq.gz,4882429203,21603819617dabebf8731f88233bfa5a
PRJNA168265,Zea mays subsp. mays Genome sequencing,SAMN01047770,SRR513000,PI 636488,KLS_30,25.0,False,,48.3,WGS,ILLUMINA,PAIRED,ftp://ftp.sra.ebi.ac.uk/vol1/fastq/SRR513/SRR513000/SRR513000_1.fastq.gz,4826692714,a5a2ede3b5cb99552f7d81c767c89983
PRJNA168265,Zea mays subsp. mays Genome sequencing,SAMN01047770,SRR513000,PI 636488,KLS_30,25.0,False,,48.3,WGS,ILLUMINA,PAIRED,ftp://ftp.sra.ebi.ac.uk/vol1/fastq/SRR513/SRR513000/SRR513000_2.fastq.gz,4828853588,80d5a1c6154a9f27946cbc0c4a7db406
PRJNA168265,Zea mays subsp. mays Genome sequencing,SAMN01047770,SRR513001,PI 636488,KLS_30,25.0,False,,48.3,WGS,ILLUMINA,PAIRED,ftp://ftp.sra.ebi.ac.uk/vol1/fastq/SRR513/SRR513001/SRR513001_1.fastq.gz,1635258880,1ec0775e446ac20e81609a4688de11ee
PRJNA168265,Zea mays subsp. mays Genome sequencing,SAMN01047770,SRR513001,PI 636488,KLS_30,25.0,False,,48.3,WGS,ILLUMINA,PAIRED,ftp://ftp.sra.ebi.ac.uk/vol1/fastq/SRR513/SRR513001/SRR513001_2.fastq.gz,1551014896,355b2fc65d1cb857e3cb1ac1b59ee385
PRJNA168265,Zea mays subsp. mays Genome sequencing,SAMN01047770,SRR513006,PI 636488,KLS_30,25.0,False,,48.3,WGS,ILLUMINA,PAIRED,ftp://ftp.sra.ebi.ac.uk/vol1/fastq/SRR513/SRR513006/SRR513006_1.fastq.gz,2253463317,187d1057003a23f0da008be59f0dd7aa
PRJNA168265,Zea mays subsp. mays Genome sequencing,SAMN01047770,SRR513006,PI 636488,KLS_30,25.0,False,,48.3,WGS,ILLUMINA,PAIRED,ftp://ftp.sra.ebi.ac.uk/vol1/fastq/SRR513/SRR513006/SRR513006_2.fastq.gz,2244479745,8d3bb0fd3e4a19e06e436c502ca9f012
PRJNA168265,Zea mays subsp. mays Genome sequencing,SAMN01047771,SRR513008,PI 636489,KSS_30,25.0,False,,81.6,WGS,ILLUMINA,PAIRED,ftp://ftp.sra.ebi.ac.uk/vol1/fastq/SRR513/SRR513008/SRR513008_1.fastq.gz,6174808356,2b3fac9743e498a23c8500b5c0b517a0
PRJNA168265,Zea mays subsp. mays Genome sequencing,SAMN01047771,SRR513008,PI 636489,KSS_30,25.0,False,,81.6,WGS,ILLUMINA,PAIRED,ftp://ftp.sra.ebi.ac.uk/vol1/fastq/SRR513/SRR513008/SRR513008_2.fastq.gz,6950455123,9d9c36b4ce5600342ce4907ebdd0ed6e
PRJNA168265,Zea mays subsp. mays Genome sequencing,SAMN01047771,SRR513010,PI 636489,KSS_30,25.0,False,,81.6,WGS,ILLUMINA,PAIRED,ftp://ftp.sra.ebi.ac.uk/vol1/fastq/SRR513/SRR513010/SRR513010_1.fastq.gz,2635404169,299536c13336c9cbfa1eca16f9cf73f4
PRJNA168265,Zea mays subsp. mays Genome sequencing,SAMN01047771,SRR513010,PI 636489,KSS_30,25.0,False,,81.6,WGS,ILLUMINA,PAIRED,ftp://ftp.sra.ebi.ac.uk/vol1/fastq/SRR513/SRR513010/SRR513010_2.fastq.gz,2637617171,b3693728ed2f76ecb2e7bacd74124538
PRJNA168265,Zea mays subsp. mays Genome sequencing,SAMN01047771,SRR513014,PI 636489,KSS_30,25.0,False,,81.6,WGS,ILLUMINA,PAIRED,ftp://ftp.sra.ebi.ac.uk/vol1/fastq/SRR513/SRR513014/SRR513014_1.fastq.gz,13872480377,712ceefacdbaaf6b1c2e0e6133fc10c4
PRJNA168265,Zea mays subsp. mays Genome sequencing,SAMN01047771,SRR513014,PI 636489,KSS_30,25.0,False,,81.6,WGS,ILLUMINA,PAIRED,ftp://ftp.sra.ebi.ac.uk/vol1/fastq/SRR513/SRR513014/SRR513014_2.fastq.gz,13627704471,250175f55b0f0f833659a15b2bbbb0ad
PRJNA168265,Zea mays subsp. mays Genome sequencing,SAMN01047771,SRR513015,PI 636489,KSS_30,25.0,False,,81.6,WGS,ILLUMINA,PAIRED,ftp://ftp.sra.ebi.ac.uk/vol1/fastq/SRR513/SRR513015/SRR513015_1.fastq.gz,13782995437,bf8e328d1b4217939261eccd20c9baf3
PRJNA168265,Zea mays subsp. mays Genome sequencing,SAMN01047771,SRR513015,PI 636489,KSS_30,25.0,False,,81.6,WGS,ILLUMINA,PAIRED,ftp://ftp.sra.ebi.ac.uk/vol1/fastq/SRR513/SRR513015/SRR513015_2.fastq.gz,13493422365,ad532d25b1cd40d2949412f74ce1c7eb
PRJNA381642,Zea mays subsp. mays Genome sequencing,SAMN06685748,SRR5491180,PI 601322,PHZ51,34.0,False,Maize.Group.PVP,24.4,WGS,ILLUMINA,PAIRED,ftp://ftp.sra.ebi.ac.uk/vol1/fastq/SRR549/000/SRR5491180/SRR5491180_1.fastq.gz,25163347048,f97ba77db1030f66c8b26242c9b74394
PRJNA381642,Zea mays subsp. mays Genome sequencing,SAMN06685748,SRR5491180,PI 601322,PHZ51,34.0,False,Maize.Group.PVP,24.4,WGS,ILLUMINA,PAIRED,ftp://ftp.sra.ebi.ac.uk/vol1/fastq/SRR549/000/SRR5491180/SRR5491180_2.fastq.gz,25865327567,2164ec2dfa2c8ec2b41f8a8e9fed5e42
PRJNA381642,Zea mays subsp. mays Genome sequencing,SAMN06685738,SRR5491190,PI 644101,LH1,34.0,False,Maize.Group.PVP,27.6,WGS,ILLUMINA,PAIRED,ftp://ftp.sra.ebi.ac.uk/vol1/fastq/SRR549/000/SRR5491190/SRR5491190_1.fastq.gz,27843084193,eb038b331fd52698f7dcff2630f89de1
PRJNA381642,Zea mays subsp. mays Genome sequencing,SAMN06685738,SRR5491190,PI 644101,LH1,34.0,False,Maize.Group.PVP,27.6,WGS,ILLUMINA,PAIRED,ftp://ftp.sra.ebi.ac.uk/vol1/fastq/SRR549/000/SRR5491190/SRR5491190_2.fastq.gz,27394309718,2d82934d97b00b899a18e85062ca3c57
PRJEB56295,Resequencing of eight Polish maize inbred lines.,SAMEA111396945,ERR10286469,PI 535902,S 25,26.0,False,Maize.Group.Ames.Panel.2010,12.6,WGS,ILLUMINA,PAIRED,ftp://ftp.sra.ebi.ac.uk/vol1/fastq/ERR102/069/ERR10286469/ERR10286469_1.fastq.gz,11592468491,a3fba5f261f13c01d89157a226481947
PRJEB56295,Resequencing of eight Polish maize inbred lines.,SAMEA111396945,ERR10286469,PI 535902,S 25,26.0,False,Maize.Group.Ames.Panel.2010,12.6,WGS,ILLUMINA,PAIRED,ftp://ftp.sra.ebi.ac.uk/vol1/fastq/ERR102/069/ERR10286469/ERR10286469_2.fastq.gz,12259177942,3f433adba0d9470d40bd69f695532fa2
PRJEB64865,The Genetics of Highland Adaptation in Maize,SAMEA114248080,ERR12082690,PI 690636,CML 530,16.0,False,Maize.Group.Ames.Panel.Post.2010,21.7,WGS,PACBIO_SMRT,SINGLE,ftp://ftp.sra.ebi.ac.uk/vol1/fastq/ERR120/090/ERR12082690/ERR12082690.fastq.gz,14333726564,574d3781b8ff1f8cd18e22becaea18a9
PRJEB64865,The Genetics of Highland Adaptation in Maize,SAMEA114622078,ERR13361634,PI 708174,TABLONCILLO,18.0,False,,30.4,WGS,PACBIO_SMRT,SINGLE,ftp://ftp.sra.ebi.ac.uk/vol1/fastq/ERR133/034/ERR13361634/ERR13361634.fastq.gz,26876237095,44a1a8ff943903ac6b5e96e60f502965
PRJEB64865,The Genetics of Highland Adaptation in Maize,SAMEA114622078,ERR13361635,PI 708174,TABLONCILLO,18.0,False,,30.4,WGS,PACBIO_SMRT,SINGLE,ftp://ftp.sra.ebi.ac.uk/vol1/fastq/ERR133/035/ERR13361635/ERR13361635.fastq.gz,25806929222,79b010008f0fc9d6653598ce3506c30b
PRJEB66502,Genome assemblies of inbreds capturing diverse maize haplotypes,SAMEA117395509,ERR14004181,PI 154387,K64,21.0,False,Maize.Set.Inbred.Diversity.282.Plus.NAM.Parents,24.3,WGS,PACBIO_SMRT,SINGLE,ftp://ftp.sra.ebi.ac.uk/vol1/fastq/ERR140/081/ERR14004181/ERR14004181.fastq.gz,21111949045,8dfbedf0eedfdb8e335dfafdcf405d68
PRJEB66502,Genome assemblies of inbreds capturing diverse maize haplotypes,SAMEA117395508,ERR14004182,PI 690629,CML 442,25.0,False,,18.8,WGS,PACBIO_SMRT,SINGLE,ftp://ftp.sra.ebi.ac.uk/vol1/fastq/ERR140/082/ERR14004182/ERR14004182.fastq.gz,13093068023,fb2fe29acffc0a2399ad80439db15d83
PRJEB67812,Whole-genome sequencing and de novo assembly of 29 dent and flint maize inbred lines,SAMEA115703357,ERR14085341,PI 601079,LH123HT,35.0,False,Maize.Group.PVP,82.7,WGS,PACBIO_SMRT,SINGLE,ftp://ftp.sra.ebi.ac.uk/vol1/fastq/ERR140/041/ERR14085341/ERR14085341.fastq.gz,49289121212,a51d65cad96017432f8fba58c228d130
PRJNA481365,Genetic Mapping of Resistance to Tetranychus urticae in Maize,SAMN09666178,SRR7527626,PI 270297,B96,46.0,False,Maize.Set.Inbred.Diversity.282.Plus.NAM.Parents,31.0,WGS,ILLUMINA,PAIRED,ftp://ftp.sra.ebi.ac.uk/vol1/fastq/SRR752/006/SRR7527626/SRR7527626_1.fastq.gz,27833164091,b2cc772d8f8925452c8aea41c0b61a44
PRJNA481365,Genetic Mapping of Resistance to Tetranychus urticae in Maize,SAMN09666178,SRR7527626,PI 270297,B96,46.0,False,Maize.Set.Inbred.Diversity.282.Plus.NAM.Parents,31.0,WGS,ILLUMINA,PAIRED,ftp://ftp.sra.ebi.ac.uk/vol1/fastq/SRR752/006/SRR7527626/SRR7527626_2.fastq.gz,27302385467,b3840c584f1b6a62018953e15ba06d2d
PRJEB32404,"Illumina and PacBio reads of NC358, one of the twenty-five founder lines of the the Nested Association Mapping (NAM) population.",SAMEA5313317,ERR3306986,PI 690330,NC358,34.0,False,Maize.Set.Inbred.Diversity.282.Plus.NAM.Parents,107.7,WGS,PACBIO_SMRT,SINGLE,ftp://ftp.sra.ebi.ac.uk/vol1/fastq/ERR330/006/ERR3306986/ERR3306986_subreads.fastq.gz,2786767261,5086203df8a2b9a9cfaf0a545c1834e6
PRJEB32404,"Illumina and PacBio reads of NC358, one of the twenty-five founder lines of the the Nested Association Mapping (NAM) population.",SAMEA5313317,ERR3306988,PI 690330,NC358,34.0,False,Maize.Set.Inbred.Diversity.282.Plus.NAM.Parents,107.7,WGS,PACBIO_SMRT,SINGLE,ftp://ftp.sra.ebi.ac.uk/vol1/fastq/ERR330/008/ERR3306988/ERR3306988_subreads.fastq.gz,2687609584,db94728c55a8d6bb45853dcfa1186e46
PRJEB32404,"Illumina and PacBio reads of NC358, one of the twenty-five founder lines of the the Nested Association Mapping (NAM) population.",SAMEA5313317,ERR3306989,PI 690330,NC358,34.0,False,Maize.Set.Inbred.Diversity.282.Plus.NAM.Parents,107.7,WGS,PACBIO_SMRT,SINGLE,ftp://ftp.sra.ebi.ac.uk/vol1/fastq/ERR330/009/ERR3306989/ERR3306989_subreads.fastq.gz,2529108972,c5a2fa86e7eca1bba48ad5c23dae3e74
PRJEB32404,"Illumina and PacBio reads of NC358, one of the twenty-five founder lines of the the Nested Association Mapping (NAM) population.",SAMEA5313317,ERR3306992,PI 690330,NC358,34.0,False,Maize.Set.Inbred.Diversity.282.Plus.NAM.Parents,107.7,WGS,PACBIO_SMRT,SINGLE,ftp://ftp.sra.ebi.ac.uk/vol1/fastq/ERR330/002/ERR3306992/ERR3306992_subreads.fastq.gz,2982548420,cb8ff0b3d7a5c4caeef15ba7ab43157a
PRJEB32404,"Illumina and PacBio reads of NC358, one of the twenty-five founder lines of the the Nested Association Mapping (NAM) population.",SAMEA5313317,ERR3307001,PI 690330,NC358,34.0,False,Maize.Set.Inbred.Diversity.282.Plus.NAM.Parents,107.7,WGS,PACBIO_SMRT,SINGLE,ftp://ftp.sra.ebi.ac.uk/vol1/fastq/ERR330/001/ERR3307001/ERR3307001_subreads.fastq.gz,1039648072,ff408e1bdbff0d1680fd8499dabc4c9a
PRJEB32404,"Illumina and PacBio reads of NC358, one of the twenty-five founder lines of the the Nested Association Mapping (NAM) population.",SAMEA5313317,ERR3307002,PI 690330,NC358,34.0,False,Maize.Set.Inbred.Diversity.282.Plus.NAM.Parents,107.7,WGS,PACBIO_SMRT,SINGLE,ftp://ftp.sra.ebi.ac.uk/vol1/fastq/ERR330/002/ERR3307002/ERR3307002_subreads.fastq.gz,2429168310,c87ff229c8195aaf866d00f20215ccfb
PRJEB31061,Genome sequence and assembly of the twenty-five founder lines of the the Nested Association Mapping (NAM) population.,SAMEA5313299,ERR3309358,PI 595561,CML 52,21.0,False,Maize.Set.Inbred.Diversity.282.Plus.NAM.Parents,138.9,WGS,PACBIO_SMRT,SINGLE,ftp://ftp.sra.ebi.ac.uk/vol1/fastq/ERR330/008/ERR3309358/ERR3309358_subreads.fastq.gz,2858647001,38e15e9f71f745545550205942819bae
PRJEB31061,Genome sequence and assembly of the twenty-five founder lines of the the Nested Association Mapping (NAM) population.,SAMEA5313299,ERR3309359,PI 595561,CML 52,21.0,False,Maize.Set.Inbred.Diversity.282.Plus.NAM.Parents,138.9,WGS,PACBIO_SMRT,SINGLE,ftp://ftp.sra.ebi.ac.uk/vol1/fastq/ERR330/009/ERR3309359/ERR3309359_subreads.fastq.gz,2511245474,92d49893e664d7d9bebf24a7ed87870e
PRJEB31061,Genome sequence and assembly of the twenty-five founder lines of the the Nested Association Mapping (NAM) population.,SAMEA5313299,ERR3309364,PI 595561,CML 52,21.0,False,Maize.Set.Inbred.Diversity.282.Plus.NAM.Parents,138.9,WGS,PACBIO_SMRT,SINGLE,ftp://ftp.sra.ebi.ac.uk/vol1/fastq/ERR330/004/ERR3309364/ERR3309364_subreads.fastq.gz,2196625082,7acccfdf0a00435d685bb20bf7d056b1
PRJEB31061,Genome sequence and assembly of the twenty-five founder lines of the the Nested Association Mapping (NAM) population.,SAMEA5313299,ERR3309373,PI 595561,CML 52,21.0,False,Maize.Set.Inbred.Diversity.282.Plus.NAM.Parents,138.9,WGS,PACBIO_SMRT,SINGLE,ftp://ftp.sra.ebi.ac.uk/vol1/fastq/ERR330/003/ERR3309373/ERR3309373_subreads.fastq.gz,93982379,84d21b2621faefca9427ea0b78f2b9e2
PRJEB31061,Genome sequence and assembly of the twenty-five founder lines of the the Nested Association Mapping (NAM) population.,SAMEA5313299,ERR3309379,PI 595561,CML 52,21.0,False,Maize.Set.Inbred.Diversity.282.Plus.NAM.Parents,138.9,WGS,PACBIO_SMRT,SINGLE,ftp://ftp.sra.ebi.ac.uk/vol1/fastq/ERR330/009/ERR3309379/ERR3309379_subreads.fastq.gz,1143702437,cd765f5b816c862a85d762adce6b62aa
PRJEB31061,Genome sequence and assembly of the twenty-five founder lines of the the Nested Association Mapping (NAM) population.,SAMEA5313299,ERR3309380,PI 595561,CML 52,21.0,False,Maize.Set.Inbred.Diversity.282.Plus.NAM.Parents,138.9,WGS,PACBIO_SMRT,SINGLE,ftp://ftp.sra.ebi.ac.uk/vol1/fastq/ERR330/000/ERR3309380/ERR3309380_subreads.fastq.gz,1713454688,9755c7fc1c37ae79af746c6d16e8b22e
PRJEB31061,Genome sequence and assembly of the twenty-five founder lines of the the Nested Association Mapping (NAM) population.,SAMEA5313299,ERR3309381,PI 595561,CML 52,21.0,False,Maize.Set.Inbred.Diversity.282.Plus.NAM.Parents,138.9,WGS,PACBIO_SMRT,SINGLE,ftp://ftp.sra.ebi.ac.uk/vol1/fastq/ERR330/001/ERR3309381/ERR3309381_subreads.fastq.gz,1954429373,37c8419da863313d0ca0af492bbfe7c1
PRJEB35367,Genome sequence and assembly of abnormal chromosome 10 genome Ab10,SAMEA6236504,ERR3773558,PI 690316,B73 Ab10,25.0,False,,197.7,WGS,PACBIO_SMRT,SINGLE,ftp://ftp.sra.ebi.ac.uk/vol1/fastq/ERR377/008/ERR3773558/ERR3773558_subreads.fastq.gz,1960466053,6f89daa7e952cefc1ea5378fafd6699b
PRJEB35367,Genome sequence and assembly of abnormal chromosome 10 genome Ab10,SAMEA6236504,ERR3773563,PI 690316,B73 Ab10,25.0,False,,197.7,WGS,PACBIO_SMRT,SINGLE,ftp://ftp.sra.ebi.ac.uk/vol1/fastq/ERR377/003/ERR3773563/ERR3773563_subreads.fastq.gz,2562979570,88b6158568eed86aab9011199352e9af
PRJEB35367,Genome sequence and assembly of abnormal chromosome 10 genome Ab10,SAMEA6236504,ERR3773566,PI 690316,B73 Ab10,25.0,False,,197.7,WGS,PACBIO_SMRT,SINGLE,ftp://ftp.sra.ebi.ac.uk/vol1/fastq/ERR377/006/ERR3773566/ERR3773566_subreads.fastq.gz,2284520038,619706083eff9f793c94c5c357792b48
PRJEB35367,Genome sequence and assembly of abnormal chromosome 10 genome Ab10,SAMEA6236504,ERR3773569,PI 690316,B73 Ab10,25.0,False,,197.7,WGS,PACBIO_SMRT,SINGLE,ftp://ftp.sra.ebi.ac.uk/vol1/fastq/ERR377/009/ERR3773569/ERR3773569_subreads.fastq.gz,2354591327,03c03944892f0eb65aa8ce777c07b0a4
PRJEB35367,Genome sequence and assembly of abnormal chromosome 10 genome Ab10,SAMEA6236504,ERR3773570,PI 690316,B73 Ab10,25.0,False,,197.7,WGS,PACBIO_SMRT,SINGLE,ftp://ftp.sra.ebi.ac.uk/vol1/fastq/ERR377/000/ERR3773570/ERR3773570_subreads.fastq.gz,482072645,edcc927b23340f575ee577c00b16323a
PRJEB44462,"Sequencing, Assembly and Annotation of B104",SAMEA8718246,ERR5952757,PI 594047,B104,35.0,False,Maize.Set.Inbred.Diversity.282.Plus.NAM.Parents,73.1,WGS,PACBIO_SMRT,SINGLE,ftp://ftp.sra.ebi.ac.uk/vol1/fastq/ERR595/007/ERR5952757/ERR5952757.fastq.gz,1888188942,189e305304c959b0d8e073d155911255
PRJEB44462,"Sequencing, Assembly and Annotation of B104",SAMEA8718246,ERR5952758,PI 594047,B104,35.0,False,Maize.Set.Inbred.Diversity.282.Plus.NAM.Parents,73.1,WGS,PACBIO_SMRT,SINGLE,ftp://ftp.sra.ebi.ac.uk/vol1/fastq/ERR595/008/ERR5952758/ERR5952758.fastq.gz,1734984919,4ba3a4e977ffbfdf897a770a5781dbc4
PRJEB44462,"Sequencing, Assembly and Annotation of B104",SAMEA8718246,ERR5952759,PI 594047,B104,35.0,False,Maize.Set.Inbred.Diversity.282.Plus.NAM.Parents,73.1,WGS,PACBIO_SMRT,SINGLE,ftp://ftp.sra.ebi.ac.uk/vol1/fastq/ERR595/009/ERR5952759/ERR5952759.fastq.gz,1563633939,bf804fd091569867215b4b2106124227
PRJEB44462,"Sequencing, Assembly and Annotation of B104",SAMEA8718246,ERR5952761,PI 594047,B104,35.0,False,Maize.Set.Inbred.Diversity.282.Plus.NAM.Parents,73.1,WGS,PACBIO_SMRT,SINGLE,ftp://ftp.sra.ebi.ac.uk/vol1/fastq/ERR595/001/ERR5952761/ERR5952761.fastq.gz,1790713376,7d97478c5114fb16c41d280d0e373eaa
PRJEB44462,"Sequencing, Assembly and Annotation of B104",SAMEA8718246,ERR5952764,PI 594047,B104,35.0,False,Maize.Set.Inbred.Diversity.282.Plus.NAM.Parents,73.1,WGS,PACBIO_SMRT,SINGLE,ftp://ftp.sra.ebi.ac.uk/vol1/fastq/ERR595/004/ERR5952764/ERR5952764.fastq.gz,1781566043,7406e024c2d8ba8b0190171a0ebc79b9
PRJEB44462,"Sequencing, Assembly and Annotation of B104",SAMEA8718246,ERR5952765,PI 594047,B104,35.0,False,Maize.Set.Inbred.Diversity.282.Plus.NAM.Parents,73.1,WGS,PACBIO_SMRT,SINGLE,ftp://ftp.sra.ebi.ac.uk/vol1/fastq/ERR595/005/ERR5952765/ERR5952765.fastq.gz,1666110100,fd73e626ab708ddbea5502172b5a919c
PRJNA635654,Zea mays isolate:Zm00056a Genome sequencing and assembly,SAMN15048684,SRR11870960,PI 693339,A188,30.0,False,Maize.Set.Inbred.Diversity.282.Plus.NAM.Parents,26.9,WGS,ILLUMINA,PAIRED,ftp://ftp.sra.ebi.ac.uk/vol1/fastq/SRR118/060/SRR11870960/SRR11870960_1.fastq.gz,19486289995,4e062a571f59167e78d04ecc3a3990b1
PRJNA635654,Zea mays isolate:Zm00056a Genome sequencing and assembly,SAMN15048684,SRR11870960,PI 693339,A188,30.0,False,Maize.Set.Inbred.Diversity.282.Plus.NAM.Parents,26.9,WGS,ILLUMINA,PAIRED,ftp://ftp.sra.ebi.ac.uk/vol1/fastq/SRR118/060/SRR11870960/SRR11870960_2.fastq.gz,20898951316,af8fdcae30f3590c3599d5cb5b294b47
PRJNA635654,Zea mays isolate:Zm00056a Genome sequencing and assembly,SAMN15048683,SRR11870961,PI 693339,A188,30.0,False,Maize.Set.Inbred.Diversity.282.Plus.NAM.Parents,26.1,WGS,ILLUMINA,PAIRED,ftp://ftp.sra.ebi.ac.uk/vol1/fastq/SRR118/061/SRR11870961/SRR11870961_1.fastq.gz,18694277931,e931ab7276fb5c46873eb5fcdc31ab0f
PRJNA635654,Zea mays isolate:Zm00056a Genome sequencing and assembly,SAMN15048683,SRR11870961,PI 693339,A188,30.0,False,Maize.Set.Inbred.Diversity.282.Plus.NAM.Parents,26.1,WGS,ILLUMINA,PAIRED,ftp://ftp.sra.ebi.ac.uk/vol1/fastq/SRR118/061/SRR11870961/SRR11870961_2.fastq.gz,20050030302,aeaa53d3728f762dc13de5c7d8efe94a
PRJNA644582,The maize structural variation map uncovered by Nanopore sequencing,SAMN15464434,SRR12247819,PI 601469,PHR25,31.0,False,Maize.Group.PVP,68.2,WGS,OXFORD_NANOPORE,SINGLE,ftp://ftp.sra.ebi.ac.uk/vol1/fastq/SRR122/019/SRR12247819/SRR12247819_1.fastq.gz,85700491393,27d08784d3b8238ac63a14dc58db1c21
PRJNA644582,The maize structural variation map uncovered by Nanopore sequencing,SAMN15464401,SRR12247855,PI 587155,W182BN,35.0,False,Maize.Group.Ames.Panel.2010,62.9,WGS,OXFORD_NANOPORE,SINGLE,ftp://ftp.sra.ebi.ac.uk/vol1/fastq/SRR122/055/SRR12247855/SRR12247855_1.fastq.gz,73437360634,02759e83974ebd8a1a1695b7db878f6d
PRJNA644582,The maize structural variation map uncovered by Nanopore sequencing,SAMN15464449,SRR12415236,PI 559949,PHT69,30.0,False,Maize.Group.PVP,59.3,WGS,BGISEQ,PAIRED,ftp://ftp.sra.ebi.ac.uk/vol1/fastq/SRR124/036/SRR12415236/SRR12415236.fastq.gz,59817328795,0c80c7d98f03c01a51fe5a34b91320b5
PRJNA644582,The maize structural variation map uncovered by Nanopore sequencing,SAMN15464436,SRR12415253,PI 601495,PHK42,31.0,False,Maize.Group.PVP,57.0,WGS,BGISEQ,PAIRED,ftp://ftp.sra.ebi.ac.uk/vol1/fastq/SRR124/053/SRR12415253/SRR12415253.fastq.gz,58061558086,ca57710f7dc10c70dd411d7db6e2b110
PRJNA644582,The maize structural variation map uncovered by Nanopore sequencing,SAMN15464435,SRR12415254,PI 601190,Q381,34.0,False,Maize.Group.PVP,65.3,WGS,BGISEQ,PAIRED,ftp://ftp.sra.ebi.ac.uk/vol1/fastq/SRR124/054/SRR12415254/SRR12415254.fastq.gz,56944117548,41246d9801550195419e3056eef302c7
PRJNA635654,Zea mays isolate:Zm00056a Genome sequencing and assembly,SAMN15865861,SRR12482953,PI 693339,A188,30.0,False,Maize.Set.Inbred.Diversity.282.Plus.NAM.Parents,25.7,WGS,OXFORD_NANOPORE,SINGLE,ftp://ftp.sra.ebi.ac.uk/vol1/fastq/SRR124/053/SRR12482953/SRR12482953_1.fastq.gz,8082035105,c186cb74e71a0f79276c81be6db3a163
PRJNA635654,Zea mays isolate:Zm00056a Genome sequencing and assembly,SAMN15865862,SRR12482954,PI 693339,A188,30.0,False,Maize.Set.Inbred.Diversity.282.Plus.NAM.Parents,8.5,WGS,OXFORD_NANOPORE,SINGLE,ftp://ftp.sra.ebi.ac.uk/vol1/fastq/SRR124/054/SRR12482954/SRR12482954_1.fastq.gz,2127602615,dbb3b583f709541f4395f0ed6c37efc5
PRJNA635654,Zea mays isolate:Zm00056a Genome sequencing and assembly,SAMN15865861,SRR12482957,PI 693339,A188,30.0,False,Maize.Set.Inbred.Diversity.282.Plus.NAM.Parents,25.7,WGS,OXFORD_NANOPORE,SINGLE,ftp://ftp.sra.ebi.ac.uk/vol1/fastq/SRR124/057/SRR12482957/SRR12482957_1.fastq.gz,2880683212,2dbfbb71c261fb86d4e5b00c94d5371d
PRJNA635654,Zea mays isolate:Zm00056a Genome sequencing and assembly,SAMN15865859,SRR12482965,PI 693339,A188,30.0,False,Maize.Set.Inbred.Diversity.282.Plus.NAM.Parents,7.7,WGS,OXFORD_NANOPORE,SINGLE,ftp://ftp.sra.ebi.ac.uk/vol1/fastq/SRR124/065/SRR12482965/SRR12482965_1.fastq.gz,6324220492,b10d79ef72d9b786260bf57a80f4fbba
PRJNA635654,Zea mays isolate:Zm00056a Genome sequencing and assembly,SAMN15865864,SRR12482967,PI 693339,A188,30.0,False,Maize.Set.Inbred.Diversity.282.Plus.NAM.Parents,11.9,WGS,OXFORD_NANOPORE,SINGLE,ftp://ftp.sra.ebi.ac.uk/vol1/fastq/SRR124/067/SRR12482967/SRR12482967_1.fastq.gz,14012004387,aa51f2ba786aaa2ea91b433c3c58f510
PRJNA635654,Zea mays isolate:Zm00056a Genome sequencing and assembly,SAMN15865863,SRR12482973,PI 693339,A188,30.0,False,Maize.Set.Inbred.Diversity.282.Plus.NAM.Parents,14.0,WGS,OXFORD_NANOPORE,SINGLE,ftp://ftp.sra.ebi.ac.uk/vol1/fastq/SRR124/073/SRR12482973/SRR12482973_1.fastq.gz,5737081559,19c980c66af11fba0a2e75c5161c7a18
PRJNA635654,Zea mays isolate:Zm00056a Genome sequencing and assembly,SAMN15865861,SRR12482976,PI 693339,A188,30.0,False,Maize.Set.Inbred.Diversity.282.Plus.NAM.Parents,25.7,WGS,OXFORD_NANOPORE,SINGLE,ftp://ftp.sra.ebi.ac.uk/vol1/fastq/SRR124/076/SRR12482976/SRR12482976_1.fastq.gz,8319948773,6801e776c710bf313a9525a2602eed6a
PRJNA635654,Zea mays isolate:Zm00056a Genome sequencing and assembly,SAMN15865863,SRR12482977,PI 693339,A188,30.0,False,Maize.Set.Inbred.Diversity.282.Plus.NAM.Parents,14.0,WGS,OXFORD_NANOPORE,SINGLE,ftp://ftp.sra.ebi.ac.uk/vol1/fastq/SRR124/077/SRR12482977/SRR12482977_1.fastq.gz,10840823467,3c961659add074eaab9749d073868e37
PRJNA635654,Zea mays isolate:Zm00056a Genome sequencing and assembly,SAMN15865861,SRR12482978,PI 693339,A188,30.0,False,Maize.Set.Inbred.Diversity.282.Plus.NAM.Parents,25.7,WGS,OXFORD_NANOPORE,SINGLE,ftp://ftp.sra.ebi.ac.uk/vol1/fastq/SRR124/078/SRR12482978/SRR12482978_1.fastq.gz,2857730366,9bf8ab3f9076ed7374f722e013b90b66
PRJNA609577,Zea mays subsp. mays Genome sequencing,SAMN14255850,SRR11301671,PI 154387,K64,21.0,False,Maize.Set.Inbred.Diversity.282.Plus.NAM.Parents,5.1,WGS,ILLUMINA,PAIRED,ftp://ftp.sra.ebi.ac.uk/vol1/fastq/SRR113/071/SRR11301671/SRR11301671_1.fastq.gz,2954452565,d85d4ba6c94ee94bf950052fb46b0f90
PRJNA609577,Zea mays subsp. mays Genome sequencing,SAMN14255850,SRR11301671,PI 154387,K64,21.0,False,Maize.Set.Inbred.Diversity.282.Plus.NAM.Parents,5.1,WGS,ILLUMINA,PAIRED,ftp://ftp.sra.ebi.ac.uk/vol1/fastq/SRR113/071/SRR11301671/SRR11301671_2.fastq.gz,3294732520,a09377123c334215329fe5191cb3f797
PRJNA609577,Zea mays subsp. mays Genome sequencing,SAMN14255849,SRR11301672,PI 154387,K64,21.0,False,Maize.Set.Inbred.Diversity.282.Plus.NAM.Parents,5.1,WGS,ILLUMINA,PAIRED,ftp://ftp.sra.ebi.ac.uk/vol1/fastq/SRR113/072/SRR11301672/SRR11301672_1.fastq.gz,2944099406,417757251ae9ce991d078a027b5ff44d
PRJNA609577,Zea mays subsp. mays Genome sequencing,SAMN14255849,SRR11301672,PI 154387,K64,21.0,False,Maize.Set.Inbred.Diversity.282.Plus.NAM.Parents,5.1,WGS,ILLUMINA,PAIRED,ftp://ftp.sra.ebi.ac.uk/vol1/fastq/SRR113/072/SRR11301672/SRR11301672_2.fastq.gz,3293805281,a715d44b4524f292e6cf9d7448288b3d
PRJNA684330,Maize diversity to study rare alleles,SAMN17776928,SRR13644715,PI 601576,PHW79,31.0,False,Maize.Group.PVP,5.1,WGS,ILLUMINA,PAIRED,ftp://ftp.sra.ebi.ac.uk/vol1/fastq/SRR136/015/SRR13644715/SRR13644715_1.fastq.gz,3234191267,7b0fe97fe4508b9c42bcf37a23c114ae
PRJNA684330,Maize diversity to study rare alleles,SAMN17776928,SRR13644715,PI 601576,PHW79,31.0,False,Maize.Group.PVP,5.1,WGS,ILLUMINA,PAIRED,ftp://ftp.sra.ebi.ac.uk/vol1/fastq/SRR136/015/SRR13644715/SRR13644715_2.fastq.gz,3777748137,44fcf413614dc13b75401d2596dd8044
PRJNA684330,Maize diversity to study rare alleles,SAMN17776954,SRR13644718,PI 601745,4N506,31.0,False,Maize.Group.PVP,5.9,WGS,ILLUMINA,PAIRED,ftp://ftp.sra.ebi.ac.uk/vol1/fastq/SRR136/018/SRR13644718/SRR13644718_1.fastq.gz,4052593593,d369258747339ff6e944b4ef6e45fa60
PRJNA684330,Maize diversity to study rare alleles,SAMN17776954,SRR13644718,PI 601745,4N506,31.0,False,Maize.Group.PVP,5.9,WGS,ILLUMINA,PAIRED,ftp://ftp.sra.ebi.ac.uk/vol1/fastq/SRR136/018/SRR13644718/SRR13644718_2.fastq.gz,4683768989,3fbea18057b635bf7cd49682bff7f44c
PRJNA771871,Genomic sequences of spider mite resistant maize lines B96 and B75,SAMN22346332,SRR16520212,PI 270297,B96,46.0,False,Maize.Set.Inbred.Diversity.282.Plus.NAM.Parents,63.8,WGS,ILLUMINA,PAIRED,ftp://ftp.sra.ebi.ac.uk/vol1/fastq/SRR165/012/SRR16520212/SRR16520212.fastq.gz,16265138560,f4f3526a70f0be95e8393b981333b05d
PRJNA771871,Genomic sequences of spider mite resistant maize lines B96 and B75,SAMN22346332,SRR16520212,PI 270297,B96,46.0,False,Maize.Set.Inbred.Diversity.282.Plus.NAM.Parents,63.8,WGS,ILLUMINA,PAIRED,ftp://ftp.sra.ebi.ac.uk/vol1/fastq/SRR165/012/SRR16520212/SRR16520212_1.fastq.gz,12088372153,59c11df183ca86f588ac35bd4243e744
PRJNA771871,Genomic sequences of spider mite resistant maize lines B96 and B75,SAMN22346332,SRR16520212,PI 270297,B96,46.0,False,Maize.Set.Inbred.Diversity.282.Plus.NAM.Parents,63.8,WGS,ILLUMINA,PAIRED,ftp://ftp.sra.ebi.ac.uk/vol1/fastq/SRR165/012/SRR16520212/SRR16520212_2.fastq.gz,12625980159,38eb74f89f07b04cbd8b6cb250534c46
PRJNA272385,Zea mays subsp. mays Genome sequencing,SAMN03281113,SRR1754231,PI 587154,W153R,37.0,False,Maize.Set.Inbred.Diversity.282.Plus.NAM.Parents,20.4,WGS,ILLUMINA,PAIRED,ftp://ftp.sra.ebi.ac.uk/vol1/fastq/SRR175/001/SRR1754231/SRR1754231_1.fastq.gz,13595670842,f8e75cd5971ddb75c00c52710ab08b07
PRJNA272385,Zea mays subsp. mays Genome sequencing,SAMN03281113,SRR1754231,PI 587154,W153R,37.0,False,Maize.Set.Inbred.Diversity.282.Plus.NAM.Parents,20.4,WGS,ILLUMINA,PAIRED,ftp://ftp.sra.ebi.ac.uk/vol1/fastq/SRR175/001/SRR1754231/SRR1754231_2.fastq.gz,13747691757,a4040f6f3945983a8588d25219a5d19b
PRJNA272385,Zea mays subsp. mays Genome sequencing,SAMN03281114,SRR1754711,PI 587129,H99,38.0,False,Maize.Set.Inbred.Diversity.282.Plus.NAM.Parents,22.6,WGS,ILLUMINA,PAIRED,ftp://ftp.sra.ebi.ac.uk/vol1/fastq/SRR175/001/SRR1754711/SRR1754711_1.fastq.gz,16454433325,c7f8e2742733a7d2fabe47f8caf1311b
PRJNA272385,Zea mays subsp. mays Genome sequencing,SAMN03281114,SRR1754711,PI 587129,H99,38.0,False,Maize.Set.Inbred.Diversity.282.Plus.NAM.Parents,22.6,WGS,ILLUMINA,PAIRED,ftp://ftp.sra.ebi.ac.uk/vol1/fastq/SRR175/001/SRR1754711/SRR1754711_2.fastq.gz,16544118157,48243869adedec83185c3f95e1c7f354
PRJNA974168,Genomic analysis of a new heterotic maize group,SAMN35169194,SRR24653267,PI 631363,PH4CV,27.0,False,Maize.Group.PVP,22.5,WGS,ILLUMINA,PAIRED,ftp://ftp.sra.ebi.ac.uk/vol1/fastq/SRR246/067/SRR24653267/SRR24653267_1.fastq.gz,642905963,cd1b10925313748a7ab64fa5d163c3f8
PRJNA974168,Genomic analysis of a new heterotic maize group,SAMN35169194,SRR24653267,PI 631363,PH4CV,27.0,False,Maize.Group.PVP,22.5,WGS,ILLUMINA,PAIRED,ftp://ftp.sra.ebi.ac.uk/vol1/fastq/SRR246/067/SRR24653267/SRR24653267_2.fastq.gz,642861978,3e4eb452c7e4c0e15927ba2d6949b357
PRJNA1011459,Study on maize ear length by a multiple parental population,SAMN37219242,SRR25856292,PI 690623,CML 373,15.0,False,Maize.Group.Ames.Panel.2010,7.2,WGS,ILLUMINA,PAIRED,ftp://ftp.sra.ebi.ac.uk/vol1/fastq/SRR258/092/SRR25856292/SRR25856292_1.fastq.gz,3892594986,14a4b8dfe7126d25cb1140ff6afb4332
PRJNA1011459,Study on maize ear length by a multiple parental population,SAMN37219242,SRR25856292,PI 690623,CML 373,15.0,False,Maize.Group.Ames.Panel.2010,7.2,WGS,ILLUMINA,PAIRED,ftp://ftp.sra.ebi.ac.uk/vol1/fastq/SRR258/092/SRR25856292/SRR25856292_2.fastq.gz,4133787189,5f5a698cf3b97efbc62e9a302433ac67
PRJEB59044,Genome assemblies of corn inbreds used by the G2F project,SAMEA112904662,ERR12074694,PI 601322,PHZ51,34.0,False,Maize.Group.PVP,91.9,WGS,PACBIO_SMRT,SINGLE,ftp://ftp.sra.ebi.ac.uk/vol1/fastq/ERR120/094/ERR12074694/ERR12074694.fastq.gz,64298654025,c64624f167406cf3449f715189ba4783
PRJEB64865,The Genetics of Highland Adaptation in Maize,SAMEA114248080,ERR12082691,PI 690636,CML 530,16.0,False,Maize.Group.Ames.Panel.Post.2010,21.7,WGS,PACBIO_SMRT,SINGLE,ftp://ftp.sra.ebi.ac.uk/vol1/fastq/ERR120/091/ERR12082691/ERR12082691.fastq.gz,5049164068,d907095c8b26db7cde53fd5cf96b9a33
PRJEB66502,Genome assemblies of inbreds capturing diverse maize haplotypes,SAMEA117395509,ERR14004180,PI 154387,K64,21.0,False,Maize.Set.Inbred.Diversity.282.Plus.NAM.Parents,24.3,WGS,PACBIO_SMRT,SINGLE,ftp://ftp.sra.ebi.ac.uk/vol1/fastq/ERR140/080/ERR14004180/ERR14004180.fastq.gz,20372815214,72a3698ebb580dc9267eb2ac195e2abc
PRJEB66502,Genome assemblies of inbreds capturing diverse maize haplotypes,SAMEA117395509,ERR14004184,PI 154387,K64,21.0,False,Maize.Set.Inbred.Diversity.282.Plus.NAM.Parents,24.3,WGS,PACBIO_SMRT,SINGLE,ftp://ftp.sra.ebi.ac.uk/vol1/fastq/ERR140/084/ERR14004184/ERR14004184.fastq.gz,1455906489,21f449c6f02187f64e3e62192d2df3af
PRJEB66502,Genome assemblies of inbreds capturing diverse maize haplotypes,SAMEA117395508,ERR14004185,PI 690629,CML 442,25.0,False,,18.8,WGS,PACBIO_SMRT,SINGLE,ftp://ftp.sra.ebi.ac.uk/vol1/fastq/ERR140/085/ERR14004185/ERR14004185.fastq.gz,24096405480,0853c793fe3da20998323d84ff7c4cd4
PRJEB67812,Whole-genome sequencing and de novo assembly of 29 dent and flint maize inbred lines,SAMEA115703355,ERR14085344,PI 548803,PHR03,20.0,False,Maize.Group.PVP,50.9,WGS,PACBIO_SMRT,SINGLE,ftp://ftp.sra.ebi.ac.uk/vol1/fastq/ERR140/044/ERR14085344/ERR14085344.fastq.gz,27421588249,3b4c55cebe52263dc27f3da51ba1c541
PRJEB67812,Whole-genome sequencing and de novo assembly of 29 dent and flint maize inbred lines,SAMEA115703355,ERR14085346,PI 548803,PHR03,20.0,False,Maize.Group.PVP,50.9,WGS,PACBIO_SMRT,SINGLE,ftp://ftp.sra.ebi.ac.uk/vol1/fastq/ERR140/046/ERR14085346/ERR14085346.fastq.gz,4130078451,c64992a3418fc9c1042bad9d9a62fb49
PRJEB67812,Whole-genome sequencing and de novo assembly of 29 dent and flint maize inbred lines,SAMEA115703369,ERR14085369,PI 693332,CM174,29.0,False,Maize.Set.Inbred.Diversity.282.Plus.NAM.Parents,33.3,WGS,PACBIO_SMRT,SINGLE,ftp://ftp.sra.ebi.ac.uk/vol1/fastq/ERR140/069/ERR14085369/ERR14085369.fastq.gz,31285418680,509daad5a5b8a0d8afd88b809d4cad04
PRJNA1108025,Zea mays Raw sequence reads,SAMN41221394,SRR29049767,PI 535924,S 97,28.0,False,Maize.Group.Ames.Panel.2010,5.1,WGS,ILLUMINA,PAIRED,ftp://ftp.sra.ebi.ac.uk/vol1/fastq/SRR290/067/SRR29049767/SRR29049767_1.fastq.gz,2489755795,94bc63218dccbbeb85f55d9bf7d820a2
PRJNA1108025,Zea mays Raw sequence reads,SAMN41221394,SRR29049767,PI 535924,S 97,28.0,False,Maize.Group.Ames.Panel.2010,5.1,WGS,ILLUMINA,PAIRED,ftp://ftp.sra.ebi.ac.uk/vol1/fastq/SRR290/067/SRR29049767/SRR29049767_2.fastq.gz,2493043189,b83a117ba64f9a92ca052a3e99f1ff6d
PRJNA1108025,Zea mays Raw sequence reads,SAMN41221358,SRR29049842,PI 369443,S 61,34.0,False,Maize.Group.Ames.Panel.2010,5.3,WGS,ILLUMINA,PAIRED,ftp://ftp.sra.ebi.ac.uk/vol1/fastq/SRR290/042/SRR29049842/SRR29049842_1.fastq.gz,2510828585,13f0b55bb48043a357cc5d18e6351b81
PRJNA1108025,Zea mays Raw sequence reads,SAMN41221358,SRR29049842,PI 369443,S 61,34.0,False,Maize.Group.Ames.Panel.2010,5.3,WGS,ILLUMINA,PAIRED,ftp://ftp.sra.ebi.ac.uk/vol1/fastq/SRR290/042/SRR29049842/SRR29049842_2.fastq.gz,2567135531,e652ff67361a9c29abe9404ab577cce8
PRJNA1108025,Zea mays Raw sequence reads,SAMN41221340,SRR29049862,Ames 23510,S43,28.0,False,Maize.Group.Ames.Panel.2010,5.6,WGS,ILLUMINA,PAIRED,ftp://ftp.sra.ebi.ac.uk/vol1/fastq/SRR290/062/SRR29049862/SRR29049862_1.fastq.gz,2717580772,d922843ae65b0d2cc39d6aebf3866efb
PRJNA1108025,Zea mays Raw sequence reads,SAMN41221340,SRR29049862,Ames 23510,S43,28.0,False,Maize.Group.Ames.Panel.2010,5.6,WGS,ILLUMINA,PAIRED,ftp://ftp.sra.ebi.ac.uk/vol1/fastq/SRR290/062/SRR29049862/SRR29049862_2.fastq.gz,2762071951,fa76c4c7fd8f69610b7dc0e2f36616e8
PRJNA1108025,Zea mays Raw sequence reads,SAMN41221322,SRR29049882,PI 535902,S 25,26.0,False,Maize.Group.Ames.Panel.2010,7.8,WGS,ILLUMINA,PAIRED,ftp://ftp.sra.ebi.ac.uk/vol1/fastq/SRR290/082/SRR29049882/SRR29049882_1.fastq.gz,3278137915,5744b93edf15f654eaa70847c05824f4
PRJNA1108025,Zea mays Raw sequence reads,SAMN41221322,SRR29049882,PI 535902,S 25,26.0,False,Maize.Group.Ames.Panel.2010,7.8,WGS,ILLUMINA,PAIRED,ftp://ftp.sra.ebi.ac.uk/vol1/fastq/SRR290/082/SRR29049882/SRR29049882_2.fastq.gz,3356242218,3ab2414e0e65c673110aaee8afba37ad
PRJNA1123779,GBS sequencing of maize NAM population-1,SAMN41826402,SRR29408704,Ames 34378,CML 312,15.0,False,,5.5,WGS,ILLUMINA,PAIRED,ftp://ftp.sra.ebi.ac.uk/vol1/fastq/SRR294/004/SRR29408704/SRR29408704_1.fastq.gz,3080534900,7410604cd6f309486ed84b8579ee92b2
PRJNA1123779,GBS sequencing of maize NAM population-1,SAMN41826402,SRR29408704,Ames 34378,CML 312,15.0,False,,5.5,WGS,ILLUMINA,PAIRED,ftp://ftp.sra.ebi.ac.uk/vol1/fastq/SRR294/004/SRR29408704/SRR29408704_2.fastq.gz,3366526200,00e96e28d590ebb56fe4d42cdf79a7eb
PRJEB32404,"Illumina and PacBio reads of NC358, one of the twenty-five founder lines of the the Nested Association Mapping (NAM) population.",SAMEA5313317,ERR3306984,PI 690330,NC358,34.0,False,Maize.Set.Inbred.Diversity.282.Plus.NAM.Parents,107.7,WGS,PACBIO_SMRT,SINGLE,ftp://ftp.sra.ebi.ac.uk/vol1/fastq/ERR330/004/ERR3306984/ERR3306984_subreads.fastq.gz,2095552242,a6de227d9289b6b08cc67dfb953db4df
PRJEB32404,"Illumina and PacBio reads of NC358, one of the twenty-five founder lines of the the Nested Association Mapping (NAM) population.",SAMEA5313317,ERR3306990,PI 690330,NC358,34.0,False,Maize.Set.Inbred.Diversity.282.Plus.NAM.Parents,107.7,WGS,PACBIO_SMRT,SINGLE,ftp://ftp.sra.ebi.ac.uk/vol1/fastq/ERR330/000/ERR3306990/ERR3306990_subreads.fastq.gz,2568213414,492f8ad374f6d306d30dfc28d845c0d5
PRJEB32404,"Illumina and PacBio reads of NC358, one of the twenty-five founder lines of the the Nested Association Mapping (NAM) population.",SAMEA5313317,ERR3306991,PI 690330,NC358,34.0,False,Maize.Set.Inbred.Diversity.282.Plus.NAM.Parents,107.7,WGS,PACBIO_SMRT,SINGLE,ftp://ftp.sra.ebi.ac.uk/vol1/fastq/ERR330/001/ERR3306991/ERR3306991_subreads.fastq.gz,2888600629,21a8ef95814dfeb5aa294d03433e83cb
PRJEB32404,"Illumina and PacBio reads of NC358, one of the twenty-five founder lines of the the Nested Association Mapping (NAM) population.",SAMEA5313317,ERR3306994,PI 690330,NC358,34.0,False,Maize.Set.Inbred.Diversity.282.Plus.NAM.Parents,107.7,WGS,PACBIO_SMRT,SINGLE,ftp://ftp.sra.ebi.ac.uk/vol1/fastq/ERR330/004/ERR3306994/ERR3306994_subreads.fastq.gz,2851149688,12bc31a6b78b30239ed066e3da2e9d75
PRJEB32404,"Illumina and PacBio reads of NC358, one of the twenty-five founder lines of the the Nested Association Mapping (NAM) population.",SAMEA5313317,ERR3306995,PI 690330,NC358,34.0,False,Maize.Set.Inbred.Diversity.282.Plus.NAM.Parents,107.7,WGS,PACBIO_SMRT,SINGLE,ftp://ftp.sra.ebi.ac.uk/vol1/fastq/ERR330/005/ERR3306995/ERR3306995_subreads.fastq.gz,2827394742,81e9c68ed06868dc214a81288dea7780
PRJEB32404,"Illumina and PacBio reads of NC358, one of the twenty-five founder lines of the the Nested Association Mapping (NAM) population.",SAMEA5313317,ERR3306996,PI 690330,NC358,34.0,False,Maize.Set.Inbred.Diversity.282.Plus.NAM.Parents,107.7,WGS,PACBIO_SMRT,SINGLE,ftp://ftp.sra.ebi.ac.uk/vol1/fastq/ERR330/006/ERR3306996/ERR3306996_subreads.fastq.gz,2965175777,9695d7cb254a85ec59aeae1aab15a9b8
PRJEB32404,"Illumina and PacBio reads of NC358, one of the twenty-five founder lines of the the Nested Association Mapping (NAM) population.",SAMEA5313317,ERR3307003,PI 690330,NC358,34.0,False,Maize.Set.Inbred.Diversity.282.Plus.NAM.Parents,107.7,WGS,PACBIO_SMRT,SINGLE,ftp://ftp.sra.ebi.ac.uk/vol1/fastq/ERR330/003/ERR3307003/ERR3307003_subreads.fastq.gz,2279329144,c393955f254497b021abd74987ce6258
PRJNA1170466,Genome resequencing data of 447 maize inbred lines,SAMN44075669,SRR30894794,PI 595533,CML 36,21.0,False,Maize.Group.Ames.Panel.2010,7.7,WGS,ILLUMINA,PAIRED,ftp://ftp.sra.ebi.ac.uk/vol1/fastq/SRR308/094/SRR30894794/SRR30894794_1.fastq.gz,4222916750,8a7fad497dd4dd51d015e6570652f36d
PRJNA1170466,Genome resequencing data of 447 maize inbred lines,SAMN44075669,SRR30894794,PI 595533,CML 36,21.0,False,Maize.Group.Ames.Panel.2010,7.7,WGS,ILLUMINA,PAIRED,ftp://ftp.sra.ebi.ac.uk/vol1/fastq/SRR308/094/SRR30894794/SRR30894794_2.fastq.gz,4445183890,c9a91413fc6ed8fde1c248e840721aa5
PRJNA1170466,Genome resequencing data of 447 maize inbred lines,SAMN44075498,SRR30894828,PI 600955,LH51,36.0,False,Maize.Group.PVP,6.4,WGS,ILLUMINA,PAIRED,ftp://ftp.sra.ebi.ac.uk/vol1/fastq/SRR308/028/SRR30894828/SRR30894828_1.fastq.gz,3480068999,f002ce4881d600b2b03544be010aacdd
PRJNA1170466,Genome resequencing data of 447 maize inbred lines,SAMN44075498,SRR30894828,PI 600955,LH51,36.0,False,Maize.Group.PVP,6.4,WGS,ILLUMINA,PAIRED,ftp://ftp.sra.ebi.ac.uk/vol1/fastq/SRR308/028/SRR30894828/SRR30894828_2.fastq.gz,3686881167,ff73c517d2d5d459f17792b7136181b8
PRJNA1170466,Genome resequencing data of 447 maize inbred lines,SAMN44075645,SRR30894894,PI 690594,CML 218,27.0,False,Maize.Set.Inbred.Diversity.282.Plus.NAM.Parents,6.2,WGS,ILLUMINA,PAIRED,ftp://ftp.sra.ebi.ac.uk/vol1/fastq/SRR308/094/SRR30894894/SRR30894894_1.fastq.gz,3431813227,5cfed61480afc7ff324707d5f79b3efb
PRJNA1170466,Genome resequencing data of 447 maize inbred lines,SAMN44075645,SRR30894894,PI 690594,CML 218,27.0,False,Maize.Set.Inbred.Diversity.282.Plus.NAM.Parents,6.2,WGS,ILLUMINA,PAIRED,ftp://ftp.sra.ebi.ac.uk/vol1/fastq/SRR308/094/SRR30894894/SRR30894894_2.fastq.gz,3668390415,1372e96203afd734c3d70cf2602d5213
PRJEB31061,Genome sequence and assembly of the twenty-five founder lines of the the Nested Association Mapping (NAM) population.,SAMEA5313299,ERR3309357,PI 595561,CML 52,21.0,False,Maize.Set.Inbred.Diversity.282.Plus.NAM.Parents,138.9,WGS,PACBIO_SMRT,SINGLE,ftp://ftp.sra.ebi.ac.uk/vol1/fastq/ERR330/007/ERR3309357/ERR3309357_subreads.fastq.gz,2041516033,989c1507802baa63ad0d05e149104a03
PRJEB31061,Genome sequence and assembly of the twenty-five founder lines of the the Nested Association Mapping (NAM) population.,SAMEA5313299,ERR3309363,PI 595561,CML 52,21.0,False,Maize.Set.Inbred.Diversity.282.Plus.NAM.Parents,138.9,WGS,PACBIO_SMRT,SINGLE,ftp://ftp.sra.ebi.ac.uk/vol1/fastq/ERR330/003/ERR3309363/ERR3309363_subreads.fastq.gz,2716191278,3087cb97fa2d58cbbeaee0553172259a
PRJEB31061,Genome sequence and assembly of the twenty-five founder lines of the the Nested Association Mapping (NAM) population.,SAMEA5313299,ERR3309365,PI 595561,CML 52,21.0,False,Maize.Set.Inbred.Diversity.282.Plus.NAM.Parents,138.9,WGS,PACBIO_SMRT,SINGLE,ftp://ftp.sra.ebi.ac.uk/vol1/fastq/ERR330/005/ERR3309365/ERR3309365_subreads.fastq.gz,2533114693,42248cd83c74271152f46c273d126d0f
PRJEB31061,Genome sequence and assembly of the twenty-five founder lines of the the Nested Association Mapping (NAM) population.,SAMEA5313299,ERR3309366,PI 595561,CML 52,21.0,False,Maize.Set.Inbred.Diversity.282.Plus.NAM.Parents,138.9,WGS,PACBIO_SMRT,SINGLE,ftp://ftp.sra.ebi.ac.uk/vol1/fastq/ERR330/006/ERR3309366/ERR3309366_subreads.fastq.gz,2606687150,da42b90c95346c58f165b527145727ff
PRJEB31061,Genome sequence and assembly of the twenty-five founder lines of the the Nested Association Mapping (NAM) population.,SAMEA5313299,ERR3309369,PI 595561,CML 52,21.0,False,Maize.Set.Inbred.Diversity.282.Plus.NAM.Parents,138.9,WGS,PACBIO_SMRT,SINGLE,ftp://ftp.sra.ebi.ac.uk/vol1/fastq/ERR330/009/ERR3309369/ERR3309369_subreads.fastq.gz,2623964199,256423f8d914ea9b45d89fe6a3502fac
PRJEB31061,Genome sequence and assembly of the twenty-five founder lines of the the Nested Association Mapping (NAM) population.,SAMEA5313299,ERR3309372,PI 595561,CML 52,21.0,False,Maize.Set.Inbred.Diversity.282.Plus.NAM.Parents,138.9,WGS,PACBIO_SMRT,SINGLE,ftp://ftp.sra.ebi.ac.uk/vol1/fastq/ERR330/002/ERR3309372/ERR3309372_subreads.fastq.gz,269902078,a9800b7efba22d90b411fed2149a36aa
PRJNA1170466,Genome resequencing data of 447 maize inbred lines,SAMN44075739,SRR30894944,PI 690614,CML 331,18.0,False,Maize.Set.Inbred.Diversity.282.Plus.NAM.Parents,7.9,WGS,ILLUMINA,PAIRED,ftp://ftp.sra.ebi.ac.uk/vol1/fastq/SRR308/044/SRR30894944/SRR30894944_1.fastq.gz,4450001997,3acc70146618326a6109342ec8a2f34a
PRJNA1170466,Genome resequencing data of 447 maize inbred lines,SAMN44075739,SRR30894944,PI 690614,CML 331,18.0,False,Maize.Set.Inbred.Diversity.282.Plus.NAM.Parents,7.9,WGS,ILLUMINA,PAIRED,ftp://ftp.sra.ebi.ac.uk/vol1/fastq/SRR308/044/SRR30894944/SRR30894944_2.fastq.gz,4757390814,b6be45840468bb926eb48bad74ca64cb
PRJNA1170466,Genome resequencing data of 447 maize inbred lines,SAMN44075582,SRR30895066,PI 601576,PHW79,31.0,False,Maize.Group.PVP,6.5,WGS,ILLUMINA,PAIRED,ftp://ftp.sra.ebi.ac.uk/vol1/fastq/SRR308/066/SRR30895066/SRR30895066_1.fastq.gz,3662653128,a2eab52b2afb3b821a6522d4b770b91a
PRJNA1170466,Genome resequencing data of 447 maize inbred lines,SAMN44075582,SRR30895066,PI 601576,PHW79,31.0,False,Maize.Group.PVP,6.5,WGS,ILLUMINA,PAIRED,ftp://ftp.sra.ebi.ac.uk/vol1/fastq/SRR308/066/SRR30895066/SRR30895066_2.fastq.gz,3831101190,5f629227810d19f5a1602841f8e4e6ca
PRJNA1170466,Genome resequencing data of 447 maize inbred lines,SAMN44075741,SRR30895072,PI 690575,CML 10,27.0,False,Maize.Set.Inbred.Diversity.282.Plus.NAM.Parents,5.1,WGS,ILLUMINA,PAIRED,ftp://ftp.sra.ebi.ac.uk/vol1/fastq/SRR308/072/SRR30895072/SRR30895072_1.fastq.gz,2890675019,eaf1ba5f465adcfcc0cbda8650e23fcb
PRJNA1170466,Genome resequencing data of 447 maize inbred lines,SAMN44075741,SRR30895072,PI 690575,CML 10,27.0,False,Maize.Set.Inbred.Diversity.282.Plus.NAM.Parents,5.1,WGS,ILLUMINA,PAIRED,ftp://ftp.sra.ebi.ac.uk/vol1/fastq/SRR308/072/SRR30895072/SRR30895072_2.fastq.gz,3102929368,75b2647ee4c0db255bacb62e0af9ef62
PRJNA1170466,Genome resequencing data of 447 maize inbred lines,SAMN44075612,SRR30895110,Ames 34384,CML 438,15.0,False,,5.7,WGS,ILLUMINA,PAIRED,ftp://ftp.sra.ebi.ac.uk/vol1/fastq/SRR308/010/SRR30895110/SRR30895110_1.fastq.gz,3205553379,6caacac0b437047b08128fea8e525751
PRJNA1170466,Genome resequencing data of 447 maize inbred lines,SAMN44075612,SRR30895110,Ames 34384,CML 438,15.0,False,,5.7,WGS,ILLUMINA,PAIRED,ftp://ftp.sra.ebi.ac.uk/vol1/fastq/SRR308/010/SRR30895110/SRR30895110_2.fastq.gz,3452770698,e3e56758abc0c3d7b742686d8fb607de
PRJNA1170466,Genome resequencing data of 447 maize inbred lines,SAMN44075505,SRR30895184,PI 601778,PHM10,31.0,False,Maize.Group.PVP,12.9,WGS,ILLUMINA,PAIRED,ftp://ftp.sra.ebi.ac.uk/vol1/fastq/SRR308/084/SRR30895184/SRR30895184_1.fastq.gz,7183391333,3f68a06e9c0ee8960e8187ed1bfe1204
PRJNA1170466,Genome resequencing data of 447 maize inbred lines,SAMN44075505,SRR30895184,PI 601778,PHM10,31.0,False,Maize.Group.PVP,12.9,WGS,ILLUMINA,PAIRED,ftp://ftp.sra.ebi.ac.uk/vol1/fastq/SRR308/084/SRR30895184/SRR30895184_2.fastq.gz,7954400210,7060f85ac31949a6c8393378078b4f63
PRJEB35367,Genome sequence and assembly of abnormal chromosome 10 genome Ab10,SAMEA6236504,ERR3773550,PI 690316,B73 Ab10,25.0,False,,197.7,WGS,PACBIO_SMRT,SINGLE,ftp://ftp.sra.ebi.ac.uk/vol1/fastq/ERR377/000/ERR3773550/ERR3773550_subreads.fastq.gz,2341126435,86cea3aa55362d81f5bd78cf1adfa565
PRJEB35367,Genome sequence and assembly of abnormal chromosome 10 genome Ab10,SAMEA6236504,ERR3773552,PI 690316,B73 Ab10,25.0,False,,197.7,WGS,PACBIO_SMRT,SINGLE,ftp://ftp.sra.ebi.ac.uk/vol1/fastq/ERR377/002/ERR3773552/ERR3773552_subreads.fastq.gz,1928304549,c9f6badfd2abd6772f065d7e85c659eb
PRJEB35367,Genome sequence and assembly of abnormal chromosome 10 genome Ab10,SAMEA6236504,ERR3773557,PI 690316,B73 Ab10,25.0,False,,197.7,WGS,PACBIO_SMRT,SINGLE,ftp://ftp.sra.ebi.ac.uk/vol1/fastq/ERR377/007/ERR3773557/ERR3773557_subreads.fastq.gz,1552161349,7d0274bebf72fdc085215c6d3fe72a77
PRJEB35367,Genome sequence and assembly of abnormal chromosome 10 genome Ab10,SAMEA6236504,ERR3773562,PI 690316,B73 Ab10,25.0,False,,197.7,WGS,PACBIO_SMRT,SINGLE,ftp://ftp.sra.ebi.ac.uk/vol1/fastq/ERR377/002/ERR3773562/ERR3773562_subreads.fastq.gz,2666114107,1292749131523b162d565e648dce1547
PRJEB35367,Genome sequence and assembly of abnormal chromosome 10 genome Ab10,SAMEA6236504,ERR3773565,PI 690316,B73 Ab10,25.0,False,,197.7,WGS,PACBIO_SMRT,SINGLE,ftp://ftp.sra.ebi.ac.uk/vol1/fastq/ERR377/005/ERR3773565/ERR3773565_subreads.fastq.gz,2544834259,02be2ea5c5b1e6fb812acbe219d75502
PRJEB35367,Genome sequence and assembly of abnormal chromosome 10 genome Ab10,SAMEA6236504,ERR3835953,PI 690316,B73 Ab10,25.0,False,,197.7,WGS,OXFORD_NANOPORE,SINGLE,ftp://ftp.sra.ebi.ac.uk/vol1/fastq/ERR383/003/ERR3835953/ERR3835953_1.fastq.gz,114511699761,03c34019cd20b5e1df534eeedc381b31
PRJNA1142968,Evaluation of genetic diversity across the inbreds used by G2F project - 2024/2025 germplasm (WGS skim sequencing),SAMN44603671,SRR31396975,PI 597309,PHDG1,17.0,False,Maize.Group.PVP,5.4,WGS,COMPLETE_GENOMICS,PAIRED,ftp://ftp.sra.ebi.ac.uk/vol1/fastq/SRR313/075/SRR31396975/SRR31396975_1.fastq.gz,4443990060,29ddfcfb95215f663a97bedb1e739d2e
PRJNA1142968,Evaluation of genetic diversity across the inbreds used by G2F project - 2024/2025 germplasm (WGS skim sequencing),SAMN44603671,SRR31396975,PI 597309,PHDG1,17.0,False,Maize.Group.PVP,5.4,WGS,COMPLETE_GENOMICS,PAIRED,ftp://ftp.sra.ebi.ac.uk/vol1/fastq/SRR313/075/SRR31396975/SRR31396975_2.fastq.gz,4672509064,cbce9681d7bf4fa9bb8f33c9794f18b1
PRJNA1142968,Evaluation of genetic diversity across the inbreds used by G2F project - 2024/2025 germplasm (WGS skim sequencing),SAMN44603711,SRR31396986,PI 605733,PH1W2,17.0,False,Maize.Group.PVP,7.6,WGS,COMPLETE_GENOMICS,PAIRED,ftp://ftp.sra.ebi.ac.uk/vol1/fastq/SRR313/086/SRR31396986/SRR31396986_1.fastq.gz,5877563063,68c220a7635fe04864f18e2372ef7236
PRJNA1142968,Evaluation of genetic diversity across the inbreds used by G2F project - 2024/2025 germplasm (WGS skim sequencing),SAMN44603711,SRR31396986,PI 605733,PH1W2,17.0,False,Maize.Group.PVP,7.6,WGS,COMPLETE_GENOMICS,PAIRED,ftp://ftp.sra.ebi.ac.uk/vol1/fastq/SRR313/086/SRR31396986/SRR31396986_2.fastq.gz,6326646729,9d3fb5fcff28480495827ee2c83780a2
PRJNA1142968,Evaluation of genetic diversity across the inbreds used by G2F project - 2024/2025 germplasm (WGS skim sequencing),SAMN44603665,SRR31396993,PI 606336,PH0GP,17.0,False,Maize.Group.PVP,7.3,WGS,COMPLETE_GENOMICS,PAIRED,ftp://ftp.sra.ebi.ac.uk/vol1/fastq/SRR313/093/SRR31396993/SRR31396993_1.fastq.gz,5528610682,ba6615474dee2e90f8e098bf821e66d7
PRJNA1142968,Evaluation of genetic diversity across the inbreds used by G2F project - 2024/2025 germplasm (WGS skim sequencing),SAMN44603665,SRR31396993,PI 606336,PH0GP,17.0,False,Maize.Group.PVP,7.3,WGS,COMPLETE_GENOMICS,PAIRED,ftp://ftp.sra.ebi.ac.uk/vol1/fastq/SRR313/093/SRR31396993/SRR31396993_2.fastq.gz,5996865433,ec82b1510d0438cc255bc0f826981792
PRJNA1142968,Evaluation of genetic diversity across the inbreds used by G2F project - 2024/2025 germplasm (WGS skim sequencing),SAMN44603709,SRR31396998,PI 597331,PH09B,26.0,False,Maize.Group.PVP,6.0,WGS,COMPLETE_GENOMICS,PAIRED,ftp://ftp.sra.ebi.ac.uk/vol1/fastq/SRR313/098/SRR31396998/SRR31396998_1.fastq.gz,4657342115,15bf263fa908791b072b069dbd9c404f
PRJNA1142968,Evaluation of genetic diversity across the inbreds used by G2F project - 2024/2025 germplasm (WGS skim sequencing),SAMN44603709,SRR31396998,PI 597331,PH09B,26.0,False,Maize.Group.PVP,6.0,WGS,COMPLETE_GENOMICS,PAIRED,ftp://ftp.sra.ebi.ac.uk/vol1/fastq/SRR313/098/SRR31396998/SRR31396998_2.fastq.gz,5072633131,d9d30148d70ba0ba24dd4c66441bf12f
PRJNA1142968,Evaluation of genetic diversity across the inbreds used by G2F project - 2024/2025 germplasm (WGS skim sequencing),SAMN44603705,SRR31412942,PI 546481,FBLL,29.0,False,Maize.Group.PVP,5.5,WGS,COMPLETE_GENOMICS,PAIRED,ftp://ftp.sra.ebi.ac.uk/vol1/fastq/SRR314/042/SRR31412942/SRR31412942_1.fastq.gz,4186720979,1e4b6946eda8d2f42c40f422180021a0
PRJNA1142968,Evaluation of genetic diversity across the inbreds used by G2F project - 2024/2025 germplasm (WGS skim sequencing),SAMN44603705,SRR31412942,PI 546481,FBLL,29.0,False,Maize.Group.PVP,5.5,WGS,COMPLETE_GENOMICS,PAIRED,ftp://ftp.sra.ebi.ac.uk/vol1/fastq/SRR314/042/SRR31412942/SRR31412942_2.fastq.gz,4587175336,790109cc9fb5ac64d1136586a87fc8e5
PRJNA1142968,Evaluation of genetic diversity across the inbreds used by G2F project - 2024/2025 germplasm (WGS skim sequencing),SAMN44603708,SRR31412946,PI 595338,01DIB2,26.0,False,Maize.Group.PVP,5.2,WGS,COMPLETE_GENOMICS,PAIRED,ftp://ftp.sra.ebi.ac.uk/vol1/fastq/SRR314/046/SRR31412946/SRR31412946_1.fastq.gz,4033302358,f01c817cb7d120a2a97b17587021ffd9
PRJNA1142968,Evaluation of genetic diversity across the inbreds used by G2F project - 2024/2025 germplasm (WGS skim sequencing),SAMN44603708,SRR31412946,PI 595338,01DIB2,26.0,False,Maize.Group.PVP,5.2,WGS,COMPLETE_GENOMICS,PAIRED,ftp://ftp.sra.ebi.ac.uk/vol1/fastq/SRR314/046/SRR31412946/SRR31412946_2.fastq.gz,4393373485,7078fe56d0ea26b16cf3dd1ba1cf58a1
PRJEB44462,"Sequencing, Assembly and Annotation of B104",SAMEA8718246,ERR5952754,PI 594047,B104,35.0,False,Maize.Set.Inbred.Diversity.282.Plus.NAM.Parents,73.1,WGS,PACBIO_SMRT,SINGLE,ftp://ftp.sra.ebi.ac.uk/vol1/fastq/ERR595/004/ERR5952754/ERR5952754.fastq.gz,1783908331,1faaaab22e294125736e84aafa70c78c
PRJEB44462,"Sequencing, Assembly and Annotation of B104",SAMEA8718246,ERR5952760,PI 594047,B104,35.0,False,Maize.Set.Inbred.Diversity.282.Plus.NAM.Parents,73.1,WGS,PACBIO_SMRT,SINGLE,ftp://ftp.sra.ebi.ac.uk/vol1/fastq/ERR595/000/ERR5952760/ERR5952760.fastq.gz,1882744837,4309a0f688cbb8894774d0e525ce446b
PRJEB44462,"Sequencing, Assembly and Annotation of B104",SAMEA8718246,ERR5952762,PI 594047,B104,35.0,False,Maize.Set.Inbred.Diversity.282.Plus.NAM.Parents,73.1,WGS,PACBIO_SMRT,SINGLE,ftp://ftp.sra.ebi.ac.uk/vol1/fastq/ERR595/002/ERR5952762/ERR5952762.fastq.gz,1762446154,0a5be5404dfbfd57deb3a3606371fa84
PRJNA565870,Resequencing of 775 maize inbred lines,SAMN12770998,SRR10128270,PI 692199,Ill. 12E,27.0,False,Maize.Iowa.Stiff.Stalk.Inbreds,5.2,WGS,ILLUMINA,PAIRED,ftp://ftp.sra.ebi.ac.uk/vol1/fastq/SRR101/070/SRR10128270/SRR10128270_1.fastq.gz,5359784723,ea59fc0d5788741f8884dc7b31ba5fc3
PRJNA565870,Resequencing of 775 maize inbred lines,SAMN12770998,SRR10128270,PI 692199,Ill. 12E,27.0,False,Maize.Iowa.Stiff.Stalk.Inbreds,5.2,WGS,ILLUMINA,PAIRED,ftp://ftp.sra.ebi.ac.uk/vol1/fastq/SRR101/070/SRR10128270/SRR10128270_2.fastq.gz,5406716901,c1a34a10c2350be16fc07bb441b1f1c7
PRJNA635654,Zea mays isolate:Zm00056a Genome sequencing and assembly,SAMN15048682,SRR11870962,PI 693339,A188,30.0,False,Maize.Set.Inbred.Diversity.282.Plus.NAM.Parents,54.8,WGS,ILLUMINA,PAIRED,ftp://ftp.sra.ebi.ac.uk/vol1/fastq/SRR118/062/SRR11870962/SRR11870962_1.fastq.gz,48442600724,5becfd47a70a019573d2071e68b629fd
PRJNA635654,Zea mays isolate:Zm00056a Genome sequencing and assembly,SAMN15048682,SRR11870962,PI 693339,A188,30.0,False,Maize.Set.Inbred.Diversity.282.Plus.NAM.Parents,54.8,WGS,ILLUMINA,PAIRED,ftp://ftp.sra.ebi.ac.uk/vol1/fastq/SRR118/062/SRR11870962/SRR11870962_2.fastq.gz,51162947470,dc40038565f26791761a97cfa6c13b82
PRJNA644582,The maize structural variation map uncovered by Nanopore sequencing,SAMN15464459,SRR12247791,PI 601683,CR14,21.0,False,Maize.Group.PVP,60.5,WGS,OXFORD_NANOPORE,SINGLE,ftp://ftp.sra.ebi.ac.uk/vol1/fastq/SRR122/091/SRR12247791/SRR12247791_1.fastq.gz,68745655739,0c4a974a59bb0006b3c86d2d1d14ab9e
PRJNA644582,The maize structural variation map uncovered by Nanopore sequencing,SAMN15464457,SRR12247793,PI 601611,S8324,30.0,False,Maize.Group.PVP,57.3,WGS,OXFORD_NANOPORE,SINGLE,ftp://ftp.sra.ebi.ac.uk/vol1/fastq/SRR122/093/SRR12247793/SRR12247793_1.fastq.gz,61220757628,22e6189114016f011506caf8e9313d8a
PRJNA644582,The maize structural variation map uncovered by Nanopore sequencing,SAMN15464451,SRR12247800,PI 601080,CR1HT,35.0,False,Maize.Group.PVP,55.3,WGS,OXFORD_NANOPORE,SINGLE,ftp://ftp.sra.ebi.ac.uk/vol1/fastq/SRR122/000/SRR12247800/SRR12247800_1.fastq.gz,57644387391,a3f6d618fc287c1151a520b14e11057b
PRJNA644582,The maize structural variation map uncovered by Nanopore sequencing,SAMN15464449,SRR12247802,PI 559949,PHT69,30.0,False,Maize.Group.PVP,59.3,WGS,OXFORD_NANOPORE,SINGLE,ftp://ftp.sra.ebi.ac.uk/vol1/fastq/SRR122/002/SRR12247802/SRR12247802_1.fastq.gz,65506918728,b6ca469920a0691dca10643f06d1b1c6
PRJNA644582,The maize structural variation map uncovered by Nanopore sequencing,SAMN15464443,SRR12247809,PI 600959,LH145,36.0,False,Maize.Group.PVP,60.3,WGS,OXFORD_NANOPORE,SINGLE,ftp://ftp.sra.ebi.ac.uk/vol1/fastq/SRR122/009/SRR12247809/SRR12247809_1.fastq.gz,69861641420,3eb195590fdc64f570d917ffd3b02569
PRJNA644582,The maize structural variation map uncovered by Nanopore sequencing,SAMN15464436,SRR12247816,PI 601495,PHK42,31.0,False,Maize.Group.PVP,57.0,WGS,OXFORD_NANOPORE,SINGLE,ftp://ftp.sra.ebi.ac.uk/vol1/fastq/SRR122/016/SRR12247816/SRR12247816_1.fastq.gz,62286432628,feef1f1e83722f1ff823f2abe0e7b98b
PRJNA644582,The maize structural variation map uncovered by Nanopore sequencing,SAMN15464431,SRR12247822,PI 601319,PHG72,33.0,False,Maize.Group.PVP,65.7,WGS,OXFORD_NANOPORE,SINGLE,ftp://ftp.sra.ebi.ac.uk/vol1/fastq/SRR122/022/SRR12247822/SRR12247822_1.fastq.gz,81256898937,aaf11e7fdcac02eeac9a9f81c9fb6104
PRJNA644582,The maize structural variation map uncovered by Nanopore sequencing,SAMN15464464,SRR12415222,PI 601785,PHP60,30.0,False,Maize.Group.PVP,70.6,WGS,BGISEQ,PAIRED,ftp://ftp.sra.ebi.ac.uk/vol1/fastq/SRR124/022/SRR12415222/SRR12415222.fastq.gz,57025700517,9c5260946cc361926ec6e91928b76ecc
PRJNA644582,The maize structural variation map uncovered by Nanopore sequencing,SAMN15464461,SRR12415224,PI 601726,L 127,30.0,False,Maize.Group.PVP,61.8,WGS,BGISEQ,PAIRED,ftp://ftp.sra.ebi.ac.uk/vol1/fastq/SRR124/024/SRR12415224/SRR12415224.fastq.gz,58413413810,1b3474763a6aec5d0f76000318789ecc
PRJNA644582,The maize structural variation map uncovered by Nanopore sequencing,SAMN15464457,SRR12415228,PI 601611,S8324,30.0,False,Maize.Group.PVP,57.3,WGS,BGISEQ,PAIRED,ftp://ftp.sra.ebi.ac.uk/vol1/fastq/SRR124/028/SRR12415228/SRR12415228.fastq.gz,57136751617,e6dc4af33376a4ea734b7203925ca4f3
PRJNA644582,The maize structural variation map uncovered by Nanopore sequencing,SAMN15464431,SRR12415257,PI 601319,PHG72,33.0,False,Maize.Group.PVP,65.7,WGS,BGISEQ,PAIRED,ftp://ftp.sra.ebi.ac.uk/vol1/fastq/SRR124/057/SRR12415257/SRR12415257.fastq.gz,58240809721,31e0444cbacd6559b9f21e62eab877dc
PRJNA635654,Zea mays isolate:Zm00056a Genome sequencing and assembly,SAMN15865862,SRR12482950,PI 693339,A188,30.0,False,Maize.Set.Inbred.Diversity.282.Plus.NAM.Parents,8.5,WGS,OXFORD_NANOPORE,SINGLE,ftp://ftp.sra.ebi.ac.uk/vol1/fastq/SRR124/050/SRR12482950/SRR12482950_1.fastq.gz,10388094426,bf71487c949a88ec8e51ab815407ae88
PRJNA635654,Zea mays isolate:Zm00056a Genome sequencing and assembly,SAMN15865862,SRR12482951,PI 693339,A188,30.0,False,Maize.Set.Inbred.Diversity.282.Plus.NAM.Parents,8.5,WGS,OXFORD_NANOPORE,SINGLE,ftp://ftp.sra.ebi.ac.uk/vol1/fastq/SRR124/051/SRR12482951/SRR12482951_1.fastq.gz,7447277745,2e1da8e772d73f32d6346e364820ec4c
PRJNA635654,Zea mays isolate:Zm00056a Genome sequencing and assembly,SAMN15865866,SRR12482956,PI 693339,A188,30.0,False,Maize.Set.Inbred.Diversity.282.Plus.NAM.Parents,31.6,WGS,OXFORD_NANOPORE,SINGLE,ftp://ftp.sra.ebi.ac.uk/vol1/fastq/SRR124/056/SRR12482956/SRR12482956_1.fastq.gz,13262137702,8ee3cf3eeafd8efd7f037c77c8f38314
PRJNA635654,Zea mays isolate:Zm00056a Genome sequencing and assembly,SAMN15865866,SRR12482958,PI 693339,A188,30.0,False,Maize.Set.Inbred.Diversity.282.Plus.NAM.Parents,31.6,WGS,OXFORD_NANOPORE,SINGLE,ftp://ftp.sra.ebi.ac.uk/vol1/fastq/SRR124/058/SRR12482958/SRR12482958_1.fastq.gz,13693826062,dd064f1ee0d1d3ea50e70f37fd96558c
PRJNA635654,Zea mays isolate:Zm00056a Genome sequencing and assembly,SAMN15865866,SRR12482960,PI 693339,A188,30.0,False,Maize.Set.Inbred.Diversity.282.Plus.NAM.Parents,31.6,WGS,OXFORD_NANOPORE,SINGLE,ftp://ftp.sra.ebi.ac.uk/vol1/fastq/SRR124/060/SRR12482960/SRR12482960_1.fastq.gz,14863896931,4bdd2e0774d45d2a3f5c8011a3e01ea5
PRJNA635654,Zea mays isolate:Zm00056a Genome sequencing and assembly,SAMN15865865,SRR12482962,PI 693339,A188,30.0,False,Maize.Set.Inbred.Diversity.282.Plus.NAM.Parents,14.4,WGS,OXFORD_NANOPORE,SINGLE,ftp://ftp.sra.ebi.ac.uk/vol1/fastq/SRR124/062/SRR12482962/SRR12482962_1.fastq.gz,11774172430,9b163021bfd82b0b95170e8bedb84a8d
PRJNA635654,Zea mays isolate:Zm00056a Genome sequencing and assembly,SAMN15865865,SRR12482963,PI 693339,A188,30.0,False,Maize.Set.Inbred.Diversity.282.Plus.NAM.Parents,14.4,WGS,OXFORD_NANOPORE,SINGLE,ftp://ftp.sra.ebi.ac.uk/vol1/fastq/SRR124/063/SRR12482963/SRR12482963_1.fastq.gz,10027002326,b2c23f04b4df34e7d7b617ebb8d5edfb
PRJNA635654,Zea mays isolate:Zm00056a Genome sequencing and assembly,SAMN15865865,SRR12482964,PI 693339,A188,30.0,False,Maize.Set.Inbred.Diversity.282.Plus.NAM.Parents,14.4,WGS,OXFORD_NANOPORE,SINGLE,ftp://ftp.sra.ebi.ac.uk/vol1/fastq/SRR124/064/SRR12482964/SRR12482964_1.fastq.gz,12064231533,fe1a1a90e6f37cc8e4a2f5eaaf2a31c5
PRJNA635654,Zea mays isolate:Zm00056a Genome sequencing and assembly,SAMN15865861,SRR12482972,PI 693339,A188,30.0,False,Maize.Set.Inbred.Diversity.282.Plus.NAM.Parents,25.7,WGS,OXFORD_NANOPORE,SINGLE,ftp://ftp.sra.ebi.ac.uk/vol1/fastq/SRR124/072/SRR12482972/SRR12482972_1.fastq.gz,11227063158,ff7cfc08decfe8c5409aa0e41873ba20
PRJNA684330,Maize diversity to study rare alleles,SAMN17776963,SRR13644687,PI 641266,TZEEI 21,16.0,False,Maize.Group.Ames.Panel.2010,8.9,WGS,ILLUMINA,PAIRED,ftp://ftp.sra.ebi.ac.uk/vol1/fastq/SRR136/087/SRR13644687/SRR13644687_1.fastq.gz,6140079204,bb286e693d3db0a92d23a4e1076fc5f5
PRJNA684330,Maize diversity to study rare alleles,SAMN17776963,SRR13644687,PI 641266,TZEEI 21,16.0,False,Maize.Group.Ames.Panel.2010,8.9,WGS,ILLUMINA,PAIRED,ftp://ftp.sra.ebi.ac.uk/vol1/fastq/SRR136/087/SRR13644687/SRR13644687_2.fastq.gz,7139291309,588f5749cc641b33529fe1c4f7259fc7
PRJNA684330,Maize diversity to study rare alleles,SAMN17776931,SRR13644726,Ames 22441,CH157,18.0,False,Maize.Group.Ames.Panel.2010,7.5,WGS,ILLUMINA,PAIRED,ftp://ftp.sra.ebi.ac.uk/vol1/fastq/SRR136/026/SRR13644726/SRR13644726_1.fastq.gz,5269733331,29e9cdc96b4c74a27fe72289faae622f
PRJNA684330,Maize diversity to study rare alleles,SAMN17776931,SRR13644726,Ames 22441,CH157,18.0,False,Maize.Group.Ames.Panel.2010,7.5,WGS,ILLUMINA,PAIRED,ftp://ftp.sra.ebi.ac.uk/vol1/fastq/SRR136/026/SRR13644726/SRR13644726_2.fastq.gz,6089050828,4bfb9c2ec9fdfff844e1240a14616c19
PRJNA684330,Maize diversity to study rare alleles,SAMN17776994,SRR13644744,PI 595563,CML 283,18.0,False,Maize.Group.Ames.Panel.2010,8.2,WGS,ILLUMINA,PAIRED,ftp://ftp.sra.ebi.ac.uk/vol1/fastq/SRR136/044/SRR13644744/SRR13644744_1.fastq.gz,5515677082,afbc69e0b4115e558b3ccf26fc38e03f
PRJNA684330,Maize diversity to study rare alleles,SAMN17776994,SRR13644744,PI 595563,CML 283,18.0,False,Maize.Group.Ames.Panel.2010,8.2,WGS,ILLUMINA,PAIRED,ftp://ftp.sra.ebi.ac.uk/vol1/fastq/SRR136/044/SRR13644744/SRR13644744_2.fastq.gz,6532810743,4f6faa36b4c162c31e75470ef335ecb8
PRJNA684330,Maize diversity to study rare alleles,SAMN17777004,SRR13644748,PI 595527,CML 3,20.0,False,Maize.Group.Ames.Panel.2010,6.0,WGS,ILLUMINA,PAIRED,ftp://ftp.sra.ebi.ac.uk/vol1/fastq/SRR136/048/SRR13644748/SRR13644748_1.fastq.gz,4204494693,190356079743bd2e56f85c237d34dbc6
PRJNA684330,Maize diversity to study rare alleles,SAMN17777004,SRR13644748,PI 595527,CML 3,20.0,False,Maize.Group.Ames.Panel.2010,6.0,WGS,ILLUMINA,PAIRED,ftp://ftp.sra.ebi.ac.uk/vol1/fastq/SRR136/048/SRR13644748/SRR13644748_2.fastq.gz,4910306003,32511e6e6907e2f8ca9cd79d47b893f1
PRJNA684330,Maize diversity to study rare alleles,SAMN17776988,SRR13644763,PI 641063,TZEI 3,16.0,False,Maize.Group.Ames.Panel.2010,10.4,WGS,ILLUMINA,PAIRED,ftp://ftp.sra.ebi.ac.uk/vol1/fastq/SRR136/063/SRR13644763/SRR13644763_1.fastq.gz,7065102810,09414cbd813a4ff01c5283cadf243653
PRJNA684330,Maize diversity to study rare alleles,SAMN17776988,SRR13644763,PI 641063,TZEI 3,16.0,False,Maize.Group.Ames.Panel.2010,10.4,WGS,ILLUMINA,PAIRED,ftp://ftp.sra.ebi.ac.uk/vol1/fastq/SRR136/063/SRR13644763/SRR13644763_2.fastq.gz,8282357840,e5908940ba15afdb199c4d703c3ad896
PRJNA684330,Maize diversity to study rare alleles,SAMN17776953,SRR13644772,Ames 28361,Mo402,27.0,False,Maize.Group.Ames.Panel.2010,7.5,WGS,ILLUMINA,PAIRED,ftp://ftp.sra.ebi.ac.uk/vol1/fastq/SRR136/072/SRR13644772/SRR13644772_1.fastq.gz,5162266368,387c9e0869b17c996e9dce52754510b7
PRJNA684330,Maize diversity to study rare alleles,SAMN17776953,SRR13644772,Ames 28361,Mo402,27.0,False,Maize.Group.Ames.Panel.2010,7.5,WGS,ILLUMINA,PAIRED,ftp://ftp.sra.ebi.ac.uk/vol1/fastq/SRR136/072/SRR13644772/SRR13644772_2.fastq.gz,5952806539,33b9b0b11e0f10bfc8717ea95ac1557e
PRJNA251176,Zea mays strain:PHN11 Genome sequencing,SAMN02821794,SRR3715744,PI 601497,PHN11,31.0,False,Maize.Group.PVP,56.1,WGS,ILLUMINA,PAIRED,ftp://ftp.sra.ebi.ac.uk/vol1/fastq/SRR371/004/SRR3715744/SRR3715744_1.fastq.gz,20586125020,d2344f65458993de197bb54f354e3aa0
PRJNA251176,Zea mays strain:PHN11 Genome sequencing,SAMN02821794,SRR3715744,PI 601497,PHN11,31.0,False,Maize.Group.PVP,56.1,WGS,ILLUMINA,PAIRED,ftp://ftp.sra.ebi.ac.uk/vol1/fastq/SRR371/004/SRR3715744/SRR3715744_2.fastq.gz,20307822482,a1861fdadc15b4376ee3e94c79b68028
PRJNA251167,Zea mays strain:PHG47 Genome sequencing,SAMN02821729,SRR3720264,PI 601318,PHG47,33.0,False,Maize.Group.PVP,61.2,WGS,ILLUMINA,PAIRED,ftp://ftp.sra.ebi.ac.uk/vol1/fastq/SRR372/004/SRR3720264/SRR3720264_1.fastq.gz,15527497671,5a807293ba097c5ef8c4325096221993
PRJNA251167,Zea mays strain:PHG47 Genome sequencing,SAMN02821729,SRR3720264,PI 601318,PHG47,33.0,False,Maize.Group.PVP,61.2,WGS,ILLUMINA,PAIRED,ftp://ftp.sra.ebi.ac.uk/vol1/fastq/SRR372/004/SRR3720264/SRR3720264_2.fastq.gz,15640580817,c51203c7837d577b3d713455f309e052
PRJNA251186,Zea mays strain:NC230 Genome sequencing,SAMN02821436,SRR3720283,PI 690370,NC230,30.0,False,Maize.Set.Inbred.Diversity.282.Plus.NAM.Parents,63.0,WGS,ILLUMINA,PAIRED,ftp://ftp.sra.ebi.ac.uk/vol1/fastq/SRR372/003/SRR3720283/SRR3720283_1.fastq.gz,14956279928,21576f76e18c987a53e91d0ea0f0e0b6
PRJNA251186,Zea mays strain:NC230 Genome sequencing,SAMN02821436,SRR3720283,PI 690370,NC230,30.0,False,Maize.Set.Inbred.Diversity.282.Plus.NAM.Parents,63.0,WGS,ILLUMINA,PAIRED,ftp://ftp.sra.ebi.ac.uk/vol1/fastq/SRR372/003/SRR3720283/SRR3720283_2.fastq.gz,15110449969,b8c06f6491c9ecdc1b4676cb0716d33d
PRJNA251166,Zea mays strain:PHG29 Genome sequencing,SAMN02821431,SRR3720300,PI 601270,PHG29,33.0,False,Maize.Group.PVP,59.6,WGS,ILLUMINA,PAIRED,ftp://ftp.sra.ebi.ac.uk/vol1/fastq/SRR372/000/SRR3720300/SRR3720300_1.fastq.gz,14019043276,b16cd477d2f0c5498e6fdc6d752bc817
PRJNA251166,Zea mays strain:PHG29 Genome sequencing,SAMN02821431,SRR3720300,PI 601270,PHG29,33.0,False,Maize.Group.PVP,59.6,WGS,ILLUMINA,PAIRED,ftp://ftp.sra.ebi.ac.uk/vol1/fastq/SRR372/000/SRR3720300/SRR3720300_2.fastq.gz,13941855164,b2b8365d9d789fcc85f7e3a9631f81bb
PRJNA251182,Zea mays strain:LH145 Genome sequencing,SAMN02822380,SRR3720302,PI 600959,LH145,36.0,False,Maize.Group.PVP,58.6,WGS,ILLUMINA,PAIRED,ftp://ftp.sra.ebi.ac.uk/vol1/fastq/SRR372/002/SRR3720302/SRR3720302_1.fastq.gz,20332435165,934ac226274580075d2a73b3aec7bf70
PRJNA251182,Zea mays strain:LH145 Genome sequencing,SAMN02822380,SRR3720302,PI 600959,LH145,36.0,False,Maize.Group.PVP,58.6,WGS,ILLUMINA,PAIRED,ftp://ftp.sra.ebi.ac.uk/vol1/fastq/SRR372/002/SRR3720302/SRR3720302_2.fastq.gz,20302239337,f236ab637b544d4f55008a714f1ba92f
PRJNA251121,Zea mays strain:PHB47 Genome sequencing,SAMN02821397,SRR3720600,PI 601009,PHB47,35.0,False,Maize.Group.PVP,61.0,WGS,ILLUMINA,PAIRED,ftp://ftp.sra.ebi.ac.uk/vol1/fastq/SRR372/000/SRR3720600/SRR3720600_1.fastq.gz,21388116428,91deb7a45c66a1faa0d58da59e0e82cf
PRJNA251121,Zea mays strain:PHB47 Genome sequencing,SAMN02821397,SRR3720600,PI 601009,PHB47,35.0,False,Maize.Group.PVP,61.0,WGS,ILLUMINA,PAIRED,ftp://ftp.sra.ebi.ac.uk/vol1/fastq/SRR372/000/SRR3720600/SRR3720600_2.fastq.gz,21321775200,546c019820e2509063e00a7b8b0841ed
PRJNA251121,Zea mays strain:PHB47 Genome sequencing,SAMN02821397,SRR3720601,PI 601009,PHB47,35.0,False,Maize.Group.PVP,61.0,WGS,ILLUMINA,PAIRED,ftp://ftp.sra.ebi.ac.uk/vol1/fastq/SRR372/001/SRR3720601/SRR3720601_1.fastq.gz,21090308539,be0e3b05543ef8d49306d386f0287fc6
PRJNA251121,Zea mays strain:PHB47 Genome sequencing,SAMN02821397,SRR3720601,PI 601009,PHB47,35.0,False,Maize.Group.PVP,61.0,WGS,ILLUMINA,PAIRED,ftp://ftp.sra.ebi.ac.uk/vol1/fastq/SRR372/001/SRR3720601/SRR3720601_2.fastq.gz,21236387693,5ae3d46ab82c297ac0a3e98d20a34bc3
PRJNA251135,Zea mays strain:PHJ40 Genome sequencing,SAMN02822326,SRR3720622,PI 601321,PHJ40,33.0,False,Maize.Group.PVP,63.5,WGS,ILLUMINA,PAIRED,ftp://ftp.sra.ebi.ac.uk/vol1/fastq/SRR372/002/SRR3720622/SRR3720622_1.fastq.gz,23330822605,c66dc5bb77989b28a303d0372549520e
PRJNA251135,Zea mays strain:PHJ40 Genome sequencing,SAMN02822326,SRR3720622,PI 601321,PHJ40,33.0,False,Maize.Group.PVP,63.5,WGS,ILLUMINA,PAIRED,ftp://ftp.sra.ebi.ac.uk/vol1/fastq/SRR372/002/SRR3720622/SRR3720622_2.fastq.gz,23217601157,cd91ce4a447c3c500f4b294bcc1cb7dd
PRJNA251175,Zea mays strain:CR1HT Genome sequencing,SAMN02822385,SRR3720672,PI 601080,CR1HT,35.0,False,Maize.Group.PVP,62.7,WGS,ILLUMINA,PAIRED,ftp://ftp.sra.ebi.ac.uk/vol1/fastq/SRR372/002/SRR3720672/SRR3720672_1.fastq.gz,22980143037,cd3417790db3c22e0cf7428ea90d3299
PRJNA251175,Zea mays strain:CR1HT Genome sequencing,SAMN02822385,SRR3720672,PI 601080,CR1HT,35.0,False,Maize.Group.PVP,62.7,WGS,ILLUMINA,PAIRED,ftp://ftp.sra.ebi.ac.uk/vol1/fastq/SRR372/002/SRR3720672/SRR3720672_2.fastq.gz,22758111791,77b05e1f05fef7e922b1eb5443bf4e82
PRJNA251178,Zea mays strain:W604S Genome sequencing,SAMN02821612,SRR3720696,Ames 30556,W604S,26.0,False,Maize.Group.Ames.Panel.Post.2010,55.3,WGS,ILLUMINA,PAIRED,ftp://ftp.sra.ebi.ac.uk/vol1/fastq/SRR372/006/SRR3720696/SRR3720696_1.fastq.gz,13559074630,dec2f4835efdee1e448897c6f79e9eea
PRJNA251178,Zea mays strain:W604S Genome sequencing,SAMN02821612,SRR3720696,Ames 30556,W604S,26.0,False,Maize.Group.Ames.Panel.Post.2010,55.3,WGS,ILLUMINA,PAIRED,ftp://ftp.sra.ebi.ac.uk/vol1/fastq/SRR372/006/SRR3720696/SRR3720696_2.fastq.gz,13812191310,78a689ed5d321c628038409730b44e8e
PRJNA251180,Zea mays strain:LH85 Genome sequencing,SAMN02822376,SRR3720950,PI 601405,LH85,30.0,False,Maize.Group.PVP,57.9,WGS,ILLUMINA,PAIRED,ftp://ftp.sra.ebi.ac.uk/vol1/fastq/SRR372/000/SRR3720950/SRR3720950_1.fastq.gz,19767120279,9a22ba9af88b773a6ff64e77ffd53c4c
PRJNA251180,Zea mays strain:LH85 Genome sequencing,SAMN02822376,SRR3720950,PI 601405,LH85,30.0,False,Maize.Group.PVP,57.9,WGS,ILLUMINA,PAIRED,ftp://ftp.sra.ebi.ac.uk/vol1/fastq/SRR372/000/SRR3720950/SRR3720950_2.fastq.gz,19636150903,f3c86a1267becb0205ff9fe1e7b66a58
,Capturing Extant Variation from a Genome in Flux: Maize HapMap II,SAMN00839427,SRR447783,PI 587152,W64A,39.0,False,Maize.Set.Inbred.Diversity.282.Plus.NAM.Parents,17.1,WGS,ILLUMINA,PAIRED,ftp://ftp.sra.ebi.ac.uk/vol1/fastq/SRR447/SRR447783/SRR447783_1.fastq.gz,603571859,3ac86ed069084690b0cea1368e2461ce
,Capturing Extant Variation from a Genome in Flux: Maize HapMap II,SAMN00839427,SRR447783,PI 587152,W64A,39.0,False,Maize.Set.Inbred.Diversity.282.Plus.NAM.Parents,17.1,WGS,ILLUMINA,PAIRED,ftp://ftp.sra.ebi.ac.uk/vol1/fastq/SRR447/SRR447783/SRR447783_2.fastq.gz,604637000,32787c250ecaf314223491f95531e9e0
,Capturing Extant Variation from a Genome in Flux: Maize HapMap II,SAMN00839427,SRR447790,PI 587152,W64A,39.0,False,Maize.Set.Inbred.Diversity.282.Plus.NAM.Parents,17.1,WGS,ILLUMINA,PAIRED,ftp://ftp.sra.ebi.ac.uk/vol1/fastq/SRR447/SRR447790/SRR447790_1.fastq.gz,610516630,9da12debbcd05dc58b89ef49f741d10f
,Capturing Extant Variation from a Genome in Flux: Maize HapMap II,SAMN00839427,SRR447790,PI 587152,W64A,39.0,False,Maize.Set.Inbred.Diversity.282.Plus.NAM.Parents,17.1,WGS,ILLUMINA,PAIRED,ftp://ftp.sra.ebi.ac.uk/vol1/fastq/SRR447/SRR447790/SRR447790_2.fastq.gz,611546517,14947386ea57ba63f969e855dd586b90
,Capturing Extant Variation from a Genome in Flux: Maize HapMap II,SAMN00839427,SRR447793,PI 587152,W64A,39.0,False,Maize.Set.Inbred.Diversity.282.Plus.NAM.Parents,17.1,WGS,ILLUMINA,PAIRED,ftp://ftp.sra.ebi.ac.uk/vol1/fastq/SRR447/SRR447793/SRR447793_1.fastq.gz,611655430,77b90142a00ee85a72e42442841ab73d
,Capturing Extant Variation from a Genome in Flux: Maize HapMap II,SAMN00839427,SRR447793,PI 587152,W64A,39.0,False,Maize.Set.Inbred.Diversity.282.Plus.NAM.Parents,17.1,WGS,ILLUMINA,PAIRED,ftp://ftp.sra.ebi.ac.uk/vol1/fastq/SRR447/SRR447793/SRR447793_2.fastq.gz,611076070,5679338a36ee1083b6dbbbdeb3bb4ccb
,Capturing Extant Variation from a Genome in Flux: Maize HapMap II,SAMN00839427,SRR447795,PI 587152,W64A,39.0,False,Maize.Set.Inbred.Diversity.282.Plus.NAM.Parents,17.1,WGS,ILLUMINA,PAIRED,ftp://ftp.sra.ebi.ac.uk/vol1/fastq/SRR447/SRR447795/SRR447795_1.fastq.gz,609714252,24d16c9dc1b565d246e403e6b0273910
,Capturing Extant Variation from a Genome in Flux: Maize HapMap II,SAMN00839427,SRR447795,PI 587152,W64A,39.0,False,Maize.Set.Inbred.Diversity.282.Plus.NAM.Parents,17.1,WGS,ILLUMINA,PAIRED,ftp://ftp.sra.ebi.ac.uk/vol1/fastq/SRR447/SRR447795/SRR447795_2.fastq.gz,610608532,025d451d6f3d2fc72b0c12e266c2861a
PRJNA168265,Zea mays subsp. mays Genome sequencing,SAMN01047770,SRR512997,PI 636488,KLS_30,25.0,False,,48.3,WGS,ILLUMINA,PAIRED,ftp://ftp.sra.ebi.ac.uk/vol1/fastq/SRR512/SRR512997/SRR512997_1.fastq.gz,5152265986,fd5cd7892712076e5659bc98008aca75
PRJNA168265,Zea mays subsp. mays Genome sequencing,SAMN01047770,SRR512997,PI 636488,KLS_30,25.0,False,,48.3,WGS,ILLUMINA,PAIRED,ftp://ftp.sra.ebi.ac.uk/vol1/fastq/SRR512/SRR512997/SRR512997_2.fastq.gz,5053442574,2f21c7110877c1ac474d904ac8cbc7b2
PRJNA168265,Zea mays subsp. mays Genome sequencing,SAMN01047770,SRR513004,PI 636488,KLS_30,25.0,False,,48.3,WGS,ILLUMINA,PAIRED,ftp://ftp.sra.ebi.ac.uk/vol1/fastq/SRR513/SRR513004/SRR513004_1.fastq.gz,4706940593,e5980453af43a38d84422627f5244a9e
PRJNA168265,Zea mays subsp. mays Genome sequencing,SAMN01047770,SRR513004,PI 636488,KLS_30,25.0,False,,48.3,WGS,ILLUMINA,PAIRED,ftp://ftp.sra.ebi.ac.uk/vol1/fastq/SRR513/SRR513004/SRR513004_2.fastq.gz,4550909722,9ce794146ef4ba1ec94314f49972917d
PRJNA168265,Zea mays subsp. mays Genome sequencing,SAMN01047771,SRR513012,PI 636489,KSS_30,25.0,False,,81.6,WGS,ILLUMINA,PAIRED,ftp://ftp.sra.ebi.ac.uk/vol1/fastq/SRR513/SRR513012/SRR513012_1.fastq.gz,4971984143,9426247626cc92abbf6c3c7196fbf5bb
PRJNA168265,Zea mays subsp. mays Genome sequencing,SAMN01047771,SRR513012,PI 636489,KSS_30,25.0,False,,81.6,WGS,ILLUMINA,PAIRED,ftp://ftp.sra.ebi.ac.uk/vol1/fastq/SRR513/SRR513012/SRR513012_2.fastq.gz,4857632094,410f5c00fc22230ec7f5b66c08966c85
PRJNA168265,Zea mays subsp. mays Genome sequencing,SAMN01047771,SRR513013,PI 636489,KSS_30,25.0,False,,81.6,WGS,ILLUMINA,PAIRED,ftp://ftp.sra.ebi.ac.uk/vol1/fastq/SRR513/SRR513013/SRR513013_1.fastq.gz,14068693515,e4be6dc82624ff247c374315cb33c9f8
PRJNA168265,Zea mays subsp. mays Genome sequencing,SAMN01047771,SRR513013,PI 636489,KSS_30,25.0,False,,81.6,WGS,ILLUMINA,PAIRED,ftp://ftp.sra.ebi.ac.uk/vol1/fastq/SRR513/SRR513013/SRR513013_2.fastq.gz,13897550353,6f1f582abf551d54d50cab03fc5785e4
PRJNA381642,Zea mays subsp. mays Genome sequencing,SAMN06685745,SRR5491183,PI 601318,PHG47,33.0,False,Maize.Group.PVP,24.1,WGS,ILLUMINA,PAIRED,ftp://ftp.sra.ebi.ac.uk/vol1/fastq/SRR549/003/SRR5491183/SRR5491183_1.fastq.gz,23309015514,598bf9599bdb25741d0f7d35412bae6e
PRJNA381642,Zea mays subsp. mays Genome sequencing,SAMN06685745,SRR5491183,PI 601318,PHG47,33.0,False,Maize.Group.PVP,24.1,WGS,ILLUMINA,PAIRED,ftp://ftp.sra.ebi.ac.uk/vol1/fastq/SRR549/003/SRR5491183/SRR5491183_2.fastq.gz,23039973729,aff6848b9c13cb265864461ec0a87a9e
PRJNA381642,Zea mays subsp. mays Genome sequencing,SAMN06685743,SRR5491185,PI 601300,4676A,33.0,False,Maize.Group.PVP,34.9,WGS,ILLUMINA,PAIRED,ftp://ftp.sra.ebi.ac.uk/vol1/fastq/SRR549/005/SRR5491185/SRR5491185_1.fastq.gz,32752704728,6674d1680e5024e185dffc2ec89b6ce7
PRJNA381642,Zea mays subsp. mays Genome sequencing,SAMN06685743,SRR5491185,PI 601300,4676A,33.0,False,Maize.Group.PVP,34.9,WGS,ILLUMINA,PAIRED,ftp://ftp.sra.ebi.ac.uk/vol1/fastq/SRR549/005/SRR5491185/SRR5491185_2.fastq.gz,32402046448,89cddb84c8242f5b5443fe79e5060dda
PRJNA381642,Zea mays subsp. mays Genome sequencing,SAMN06685739,SRR5491189,PI 601079,LH123HT,35.0,False,Maize.Group.PVP,26.6,WGS,ILLUMINA,PAIRED,ftp://ftp.sra.ebi.ac.uk/vol1/fastq/SRR549/009/SRR5491189/SRR5491189_1.fastq.gz,25841700379,90541626743a8e1b18a37a41456acc58
PRJNA381642,Zea mays subsp. mays Genome sequencing,SAMN06685739,SRR5491189,PI 601079,LH123HT,35.0,False,Maize.Group.PVP,26.6,WGS,ILLUMINA,PAIRED,ftp://ftp.sra.ebi.ac.uk/vol1/fastq/SRR549/009/SRR5491189/SRR5491189_2.fastq.gz,25322577187,ae324ec9707fdbc1c6e9e933665b442d
PRJNA609577,Zea mays subsp. mays Genome sequencing,SAMN14255865,SRR11301654,NSL 28965,Oh33,28.0,False,Maize.Group.Ames.Panel.2010,5.1,WGS,ILLUMINA,PAIRED,ftp://ftp.sra.ebi.ac.uk/vol1/fastq/SRR113/054/SRR11301654/SRR11301654_1.fastq.gz,2926106800,943685b990b99cf8c30167da1f4838a5
PRJNA609577,Zea mays subsp. mays Genome sequencing,SAMN14255865,SRR11301654,NSL 28965,Oh33,28.0,False,Maize.Group.Ames.Panel.2010,5.1,WGS,ILLUMINA,PAIRED,ftp://ftp.sra.ebi.ac.uk/vol1/fastq/SRR113/054/SRR11301654/SRR11301654_2.fastq.gz,3258449806,19cdedc21ca9f3da9ad49c27362ca578
PRJNA609577,Zea mays subsp. mays Genome sequencing,SAMN14255812,SRR11301713,PI 154384,K 55,23.0,False,Maize.Set.Inbred.Diversity.282.Plus.NAM.Parents,5.1,WGS,ILLUMINA,PAIRED,ftp://ftp.sra.ebi.ac.uk/vol1/fastq/SRR113/013/SRR11301713/SRR11301713_1.fastq.gz,3087706302,a4e8a427a269b9a53e1f5dee4a0a440f
PRJNA609577,Zea mays subsp. mays Genome sequencing,SAMN14255812,SRR11301713,PI 154384,K 55,23.0,False,Maize.Set.Inbred.Diversity.282.Plus.NAM.Parents,5.1,WGS,ILLUMINA,PAIRED,ftp://ftp.sra.ebi.ac.uk/vol1/fastq/SRR113/013/SRR11301713/SRR11301713_2.fastq.gz,3650385523,fb56e4d7c51720cb06c37775a18f6c3a
PRJNA822510,"The Combination of Conventional QTL Analysis, Bulked-Segregant Analysis, and RNA-sequencing Provides New Genetic Insights into Maize Mesocotyl Elongation under Multiple Deep-seeding Environments",SAMN27189590,SRR18594578,PI 587152,W64A,39.0,False,Maize.Set.Inbred.Diversity.282.Plus.NAM.Parents,28.3,WGS,ILLUMINA,PAIRED,ftp://ftp.sra.ebi.ac.uk/vol1/fastq/SRR185/078/SRR18594578/SRR18594578_1.fastq.gz,14959133502,303f1cad38bafc2833985fba6aabbba0
PRJNA822510,"The Combination of Conventional QTL Analysis, Bulked-Segregant Analysis, and RNA-sequencing Provides New Genetic Insights into Maize Mesocotyl Elongation under Multiple Deep-seeding Environments",SAMN27189590,SRR18594578,PI 587152,W64A,39.0,False,Maize.Set.Inbred.Diversity.282.Plus.NAM.Parents,28.3,WGS,ILLUMINA,PAIRED,ftp://ftp.sra.ebi.ac.uk/vol1/fastq/SRR185/078/SRR18594578/SRR18594578_2.fastq.gz,15614773286,3710f4f94c44d7180d79ad1ec0e4f150
PRJNA479960,South American maize genome sequencing,SAMN09622453,SRR7477684,Ames 26815,C30,25.0,False,Maize.Group.Ames.Panel.2010,10.6,WGS,ILLUMINA,PAIRED,ftp://ftp.sra.ebi.ac.uk/vol1/fastq/SRR747/004/SRR7477684/SRR7477684_1.fastq.gz,6901838711,6aa4e7561145ab841362700602927b52
PRJNA479960,South American maize genome sequencing,SAMN09622453,SRR7477684,Ames 26815,C30,25.0,False,Maize.Group.Ames.Panel.2010,10.6,WGS,ILLUMINA,PAIRED,ftp://ftp.sra.ebi.ac.uk/vol1/fastq/SRR747/004/SRR7477684/SRR7477684_2.fastq.gz,7672272948,dcfd359868656802aa1d249443b3ff84
PRJNA479960,South American maize genome sequencing,SAMN09622439,SRR7477697,NSL 42874,C 14,27.0,False,Maize.Group.Ames.Panel.2010,11.1,WGS,ILLUMINA,PAIRED,ftp://ftp.sra.ebi.ac.uk/vol1/fastq/SRR747/007/SRR7477697/SRR7477697_1.fastq.gz,7004313260,787cea3ae755f727d66d1f8005e48bd2
PRJNA479960,South American maize genome sequencing,SAMN09622439,SRR7477697,NSL 42874,C 14,27.0,False,Maize.Group.Ames.Panel.2010,11.1,WGS,ILLUMINA,PAIRED,ftp://ftp.sra.ebi.ac.uk/vol1/fastq/SRR747/007/SRR7477697/SRR7477697_2.fastq.gz,7625853483,de4060d728ed618dbee6a3f6db5c636d
PRJNA479960,South American maize genome sequencing,SAMN09622462,SRR7477703,Ames 22022,C40,18.0,False,Maize.Group.Ames.Panel.2010,8.3,WGS,ILLUMINA,PAIRED,ftp://ftp.sra.ebi.ac.uk/vol1/fastq/SRR747/003/SRR7477703/SRR7477703_1.fastq.gz,5064338946,4991c1d98068ac68016a6ca9925dd655
PRJNA479960,South American maize genome sequencing,SAMN09622462,SRR7477703,Ames 22022,C40,18.0,False,Maize.Group.Ames.Panel.2010,8.3,WGS,ILLUMINA,PAIRED,ftp://ftp.sra.ebi.ac.uk/vol1/fastq/SRR747/003/SRR7477703/SRR7477703_2.fastq.gz,5309416500,7816a3aea74f040b0b97eea53894f961
PRJNA332948,Zea mays strain:LH74 | cultivar:LH74 Genome sequencing,SAMN05446035,SRR7699186,PI 600957,LH74,35.0,False,Maize.Group.PVP,22.7,WGS,ILLUMINA,PAIRED,ftp://ftp.sra.ebi.ac.uk/vol1/fastq/SRR769/006/SRR7699186/SRR7699186_1.fastq.gz,15450072129,cb9cda5c0e999daa38fc83c2b64a1bee
PRJNA332948,Zea mays strain:LH74 | cultivar:LH74 Genome sequencing,SAMN05446035,SRR7699186,PI 600957,LH74,35.0,False,Maize.Group.PVP,22.7,WGS,ILLUMINA,PAIRED,ftp://ftp.sra.ebi.ac.uk/vol1/fastq/SRR769/006/SRR7699186/SRR7699186_2.fastq.gz,17006909620,53caeacaf3468df5f0393f44529de45f
PRJNA332955,Zea mays cultivar:PHK76 Genome sequencing,SAMN05445940,SRR7699355,PI 601496,PHK76,31.0,False,Maize.Group.PVP,24.9,WGS,ILLUMINA,PAIRED,ftp://ftp.sra.ebi.ac.uk/vol1/fastq/SRR769/005/SRR7699355/SRR7699355_1.fastq.gz,19090638910,73bd20b48fe6f02411db522a85cb9d4f
PRJNA332955,Zea mays cultivar:PHK76 Genome sequencing,SAMN05445940,SRR7699355,PI 601496,PHK76,31.0,False,Maize.Group.PVP,24.9,WGS,ILLUMINA,PAIRED,ftp://ftp.sra.ebi.ac.uk/vol1/fastq/SRR769/005/SRR7699355/SRR7699355_2.fastq.gz,20210115047,532320b0cca2f150b18eccd4d1c1a846
PRJNA332950,Zea mays strain:NP899 | cultivar:NP899 Genome sequencing,SAMN05442977,SRR7699358,PI 578215,NP899,29.0,False,Maize.Group.PVP,22.2,WGS,ILLUMINA,PAIRED,ftp://ftp.sra.ebi.ac.uk/vol1/fastq/SRR769/008/SRR7699358/SRR7699358_1.fastq.gz,16501243264,ee3b90d060cf36e99f24ede6cad561d0
PRJNA332950,Zea mays strain:NP899 | cultivar:NP899 Genome sequencing,SAMN05442977,SRR7699358,PI 578215,NP899,29.0,False,Maize.Group.PVP,22.2,WGS,ILLUMINA,PAIRED,ftp://ftp.sra.ebi.ac.uk/vol1/fastq/SRR769/008/SRR7699358/SRR7699358_2.fastq.gz,17885405945,c5ca1e820c190a22e6ce1d5652f43f5f
PRJNA332960,Zea mays strain:PHP38 | cultivar:PHP38 Genome sequencing,SAMN05442948,SRR7699764,PI 543845,PHP38,30.0,False,Maize.Group.PVP,19.7,WGS,ILLUMINA,PAIRED,ftp://ftp.sra.ebi.ac.uk/vol1/fastq/SRR769/004/SRR7699764/SRR7699764_1.fastq.gz,13937076491,c6e6bab01afbcc1c2e66c8d6ad2936e2
PRJNA332960,Zea mays strain:PHP38 | cultivar:PHP38 Genome sequencing,SAMN05442948,SRR7699764,PI 543845,PHP38,30.0,False,Maize.Group.PVP,19.7,WGS,ILLUMINA,PAIRED,ftp://ftp.sra.ebi.ac.uk/vol1/fastq/SRR769/004/SRR7699764/SRR7699764_2.fastq.gz,15534547029,40d276687cccf61b07832dc2194cb7bb
PRJNA332965,Zea mays strain:W37A | cultivar:W37A Genome sequencing,SAMN05445946,SRR7700685,NSL 30073,W37A,28.0,False,Maize.Group.Ames.Panel.2010,22.4,WGS,ILLUMINA,PAIRED,ftp://ftp.sra.ebi.ac.uk/vol1/fastq/SRR770/005/SRR7700685/SRR7700685_1.fastq.gz,15547213514,3a87e28a6869f3a685e0a658fc07edc7
PRJNA332965,Zea mays strain:W37A | cultivar:W37A Genome sequencing,SAMN05445946,SRR7700685,NSL 30073,W37A,28.0,False,Maize.Group.Ames.Panel.2010,22.4,WGS,ILLUMINA,PAIRED,ftp://ftp.sra.ebi.ac.uk/vol1/fastq/SRR770/005/SRR7700685/SRR7700685_2.fastq.gz,17052021567,8945a70d4e4dcd2a28d5bcfe99911c53
PRJNA531553,Deep DNA resequencing of the association mapping panel,SAMN11370275,SRR8906718,PI 369443,S 61,34.0,False,Maize.Group.Ames.Panel.2010,24.5,WGS,ILLUMINA,PAIRED,ftp://ftp.sra.ebi.ac.uk/vol1/fastq/SRR890/008/SRR8906718/SRR8906718_1.fastq.gz,14030111845,8eaf05bae3514247bbe4f5b4f5bd6dd7
PRJNA531553,Deep DNA resequencing of the association mapping panel,SAMN11370275,SRR8906718,PI 369443,S 61,34.0,False,Maize.Group.Ames.Panel.2010,24.5,WGS,ILLUMINA,PAIRED,ftp://ftp.sra.ebi.ac.uk/vol1/fastq/SRR890/008/SRR8906718/SRR8906718_2.fastq.gz,15112601231,f2d14ed0cd097ac4c987664d2ef84055
PRJNA531553,Deep DNA resequencing of the association mapping panel,SAMN11370311,SRR8906736,PI 535924,S 97,28.0,False,Maize.Group.Ames.Panel.2010,16.9,WGS,ILLUMINA,PAIRED,ftp://ftp.sra.ebi.ac.uk/vol1/fastq/SRR890/006/SRR8906736/SRR8906736_1.fastq.gz,10244194926,08dcffcea54785d46c14917af2da81d6
PRJNA531553,Deep DNA resequencing of the association mapping panel,SAMN11370311,SRR8906736,PI 535924,S 97,28.0,False,Maize.Group.Ames.Panel.2010,16.9,WGS,ILLUMINA,PAIRED,ftp://ftp.sra.ebi.ac.uk/vol1/fastq/SRR890/006/SRR8906736/SRR8906736_2.fastq.gz,11200384575,fdf3fff7cfc03a22aadae66ca64d89ac
PRJNA556665,Genetic Mapping of Maize Resistance to Tetranychus urticae,SAMN12362187,SRR9833812,PI 550443,B49,30.0,False,Maize.Group.Ames.Panel.2010,31.2,WGS,ILLUMINA,PAIRED,ftp://ftp.sra.ebi.ac.uk/vol1/fastq/SRR983/002/SRR9833812/SRR9833812_1.fastq.gz,27706263800,d09a2fc87895387e76d6c65bc43cb5c8
PRJNA556665,Genetic Mapping of Maize Resistance to Tetranychus urticae,SAMN12362187,SRR9833812,PI 550443,B49,30.0,False,Maize.Group.Ames.Panel.2010,31.2,WGS,ILLUMINA,PAIRED,ftp://ftp.sra.ebi.ac.uk/vol1/fastq/SRR983/002/SRR9833812/SRR9833812_2.fastq.gz,28537131208,a729e76baedab66d63e3c56fff2b6999
PRJNA1108025,Zea mays Raw sequence reads,SAMN41221342,SRR29049860,PI 535905,S 45,26.0,False,Maize.Group.Ames.Panel.Post.2010,5.7,WGS,ILLUMINA,PAIRED,ftp://ftp.sra.ebi.ac.uk/vol1/fastq/SRR290/060/SRR29049860/SRR29049860_1.fastq.gz,2802476391,2dd09ae47be1919056acb857a561ba23
PRJNA1108025,Zea mays Raw sequence reads,SAMN41221342,SRR29049860,PI 535905,S 45,26.0,False,Maize.Group.Ames.Panel.Post.2010,5.7,WGS,ILLUMINA,PAIRED,ftp://ftp.sra.ebi.ac.uk/vol1/fastq/SRR290/060/SRR29049860/SRR29049860_2.fastq.gz,2840904729,f8cd1aa3aad3b69f25b93f74f6ae213f
PRJNA1108025,Zea mays Raw sequence reads,SAMN41221311,SRR29049908,PI 369439,S 14,34.0,False,Maize.Group.Ames.Panel.2010,5.4,WGS,ILLUMINA,PAIRED,ftp://ftp.sra.ebi.ac.uk/vol1/fastq/SRR290/008/SRR29049908/SRR29049908_1.fastq.gz,2683777119,7c0c5018489dea013080de21fea7189b
PRJNA1108025,Zea mays Raw sequence reads,SAMN41221311,SRR29049908,PI 369439,S 14,34.0,False,Maize.Group.Ames.Panel.2010,5.4,WGS,ILLUMINA,PAIRED,ftp://ftp.sra.ebi.ac.uk/vol1/fastq/SRR290/008/SRR29049908/SRR29049908_2.fastq.gz,2718062109,f48f8ff7ac8906562e75269d551a651e
PRJNA1116581,Studies on the quality of maize in tropical subtropics,SAMN41563854,SRR29202107,PI 690626,CML 384,15.0,False,Maize.Group.Ames.Panel.2010,9.1,WGS,ILLUMINA,PAIRED,ftp://ftp.sra.ebi.ac.uk/vol1/fastq/SRR292/007/SRR29202107/SRR29202107_1.fastq.gz,5114380307,3ec1cd427da2d667b31cfb28f061295e
PRJNA1116581,Studies on the quality of maize in tropical subtropics,SAMN41563854,SRR29202107,PI 690626,CML 384,15.0,False,Maize.Group.Ames.Panel.2010,9.1,WGS,ILLUMINA,PAIRED,ftp://ftp.sra.ebi.ac.uk/vol1/fastq/SRR292/007/SRR29202107/SRR29202107_2.fastq.gz,5279143843,a6d62b4c8369062be907b7a9774c1ade
PRJNA1123779,GBS sequencing of maize NAM population-1,SAMN41826404,SRR29408628,PI 690626,CML 384,15.0,False,Maize.Group.Ames.Panel.2010,9.1,WGS,ILLUMINA,PAIRED,ftp://ftp.sra.ebi.ac.uk/vol1/fastq/SRR294/028/SRR29408628/SRR29408628_1.fastq.gz,5114358607,6cbb7012177f9fb23e42d91a7f50154d
PRJNA1123779,GBS sequencing of maize NAM population-1,SAMN41826404,SRR29408628,PI 690626,CML 384,15.0,False,Maize.Group.Ames.Panel.2010,9.1,WGS,ILLUMINA,PAIRED,ftp://ftp.sra.ebi.ac.uk/vol1/fastq/SRR294/028/SRR29408628/SRR29408628_2.fastq.gz,5279126946,121844e28c13beadc7c76dc7cc27dfb4
PRJNA1170466,Genome resequencing data of 447 maize inbred lines,SAMN44075668,SRR30894793,PI 690590,CML 158,17.0,False,Maize.Set.Inbred.Diversity.282.Plus.NAM.Parents,5.1,WGS,ILLUMINA,PAIRED,ftp://ftp.sra.ebi.ac.uk/vol1/fastq/SRR308/093/SRR30894793/SRR30894793_1.fastq.gz,2777626165,f2ce6a80cc946a88478c9641b540e6c4
PRJNA1170466,Genome resequencing data of 447 maize inbred lines,SAMN44075668,SRR30894793,PI 690590,CML 158,17.0,False,Maize.Set.Inbred.Diversity.282.Plus.NAM.Parents,5.1,WGS,ILLUMINA,PAIRED,ftp://ftp.sra.ebi.ac.uk/vol1/fastq/SRR308/093/SRR30894793/SRR30894793_2.fastq.gz,2937147890,8818d8035f317005eb134aedbbfef706
PRJNA1170466,Genome resequencing data of 447 maize inbred lines,SAMN44075499,SRR30894830,PI 559918,NQ508,31.0,False,Maize.Group.PVP,6.0,WGS,ILLUMINA,PAIRED,ftp://ftp.sra.ebi.ac.uk/vol1/fastq/SRR308/030/SRR30894830/SRR30894830_1.fastq.gz,3258369211,a0a616a1f77e910d0d4592727aab537c
PRJNA1170466,Genome resequencing data of 447 maize inbred lines,SAMN44075499,SRR30894830,PI 559918,NQ508,31.0,False,Maize.Group.PVP,6.0,WGS,ILLUMINA,PAIRED,ftp://ftp.sra.ebi.ac.uk/vol1/fastq/SRR308/030/SRR30894830/SRR30894830_2.fastq.gz,3414075895,8078ec58f34c5479e7cefb8d65689f56
PRJNA1170466,Genome resequencing data of 447 maize inbred lines,SAMN44075646,SRR30894895,PI 690584,CML 91,27.0,False,Maize.Set.Inbred.Diversity.282.Plus.NAM.Parents,6.0,WGS,ILLUMINA,PAIRED,ftp://ftp.sra.ebi.ac.uk/vol1/fastq/SRR308/095/SRR30894895/SRR30894895_1.fastq.gz,3263861650,b8549a426c4df15adfdecdedd42364a7
PRJNA1170466,Genome resequencing data of 447 maize inbred lines,SAMN44075646,SRR30894895,PI 690584,CML 91,27.0,False,Maize.Set.Inbred.Diversity.282.Plus.NAM.Parents,6.0,WGS,ILLUMINA,PAIRED,ftp://ftp.sra.ebi.ac.uk/vol1/fastq/SRR308/095/SRR30894895/SRR30894895_2.fastq.gz,3443851429,6e9453a93cc71600f6a9c874072f494a
PRJNA1170466,Genome resequencing data of 447 maize inbred lines,SAMN44075778,SRR30894915,PI 601683,CR14,21.0,False,Maize.Group.PVP,5.9,WGS,ILLUMINA,PAIRED,ftp://ftp.sra.ebi.ac.uk/vol1/fastq/SRR308/015/SRR30894915/SRR30894915_1.fastq.gz,3185122854,86c8dd97026cbbf5d56aa77d0edbac80
PRJNA1170466,Genome resequencing data of 447 maize inbred lines,SAMN44075778,SRR30894915,PI 601683,CR14,21.0,False,Maize.Group.PVP,5.9,WGS,ILLUMINA,PAIRED,ftp://ftp.sra.ebi.ac.uk/vol1/fastq/SRR308/015/SRR30894915/SRR30894915_2.fastq.gz,3334674353,d5aa0c90adfdeb6e8985e35dff0a8987
PRJNA1170466,Genome resequencing data of 447 maize inbred lines,SAMN44075494,SRR30894957,PI 601270,PHG29,33.0,False,Maize.Group.PVP,6.2,WGS,ILLUMINA,PAIRED,ftp://ftp.sra.ebi.ac.uk/vol1/fastq/SRR308/057/SRR30894957/SRR30894957_1.fastq.gz,3457015579,b24016699b8e687f7304d3664c9a14d4
PRJNA1170466,Genome resequencing data of 447 maize inbred lines,SAMN44075494,SRR30894957,PI 601270,PHG29,33.0,False,Maize.Group.PVP,6.2,WGS,ILLUMINA,PAIRED,ftp://ftp.sra.ebi.ac.uk/vol1/fastq/SRR308/057/SRR30894957/SRR30894957_2.fastq.gz,3691920822,7d30631d898fa8d8a671732bb000426e
PRJNA1170466,Genome resequencing data of 447 maize inbred lines,SAMN44075635,SRR30895014,PI 690639,CML 533,16.0,False,Maize.Group.Ames.Panel.Post.2010,6.5,WGS,ILLUMINA,PAIRED,ftp://ftp.sra.ebi.ac.uk/vol1/fastq/SRR308/014/SRR30895014/SRR30895014_1.fastq.gz,3540470912,2a6348259d8f9da6779c9918243c478f
PRJNA1170466,Genome resequencing data of 447 maize inbred lines,SAMN44075635,SRR30895014,PI 690639,CML 533,16.0,False,Maize.Group.Ames.Panel.Post.2010,6.5,WGS,ILLUMINA,PAIRED,ftp://ftp.sra.ebi.ac.uk/vol1/fastq/SRR308/014/SRR30895014/SRR30895014_2.fastq.gz,3670060755,2455930aaeac9ab4df92a8c87aa6da75
PRJNA1170466,Genome resequencing data of 447 maize inbred lines,SAMN44075440,SRR30895059,PI 601573,PHT10,31.0,False,Maize.Group.PVP,6.0,WGS,ILLUMINA,PAIRED,ftp://ftp.sra.ebi.ac.uk/vol1/fastq/SRR308/059/SRR30895059/SRR30895059_1.fastq.gz,3413118612,9ac2aaea65b08d0b9c79bd72a7c6e512
PRJNA1170466,Genome resequencing data of 447 maize inbred lines,SAMN44075440,SRR30895059,PI 601573,PHT10,31.0,False,Maize.Group.PVP,6.0,WGS,ILLUMINA,PAIRED,ftp://ftp.sra.ebi.ac.uk/vol1/fastq/SRR308/059/SRR30895059/SRR30895059_2.fastq.gz,3587950065,4181c5d4317778a59c4cadae11069b31
PRJNA1170466,Genome resequencing data of 447 maize inbred lines,SAMN44075816,SRR30895079,PI 601779,PHM57,30.0,False,Maize.Group.PVP,5.5,WGS,ILLUMINA,PAIRED,ftp://ftp.sra.ebi.ac.uk/vol1/fastq/SRR308/079/SRR30895079/SRR30895079_1.fastq.gz,3018396928,50f8e5a80a2c267fdc7892d675eacd76
PRJNA1170466,Genome resequencing data of 447 maize inbred lines,SAMN44075816,SRR30895079,PI 601779,PHM57,30.0,False,Maize.Group.PVP,5.5,WGS,ILLUMINA,PAIRED,ftp://ftp.sra.ebi.ac.uk/vol1/fastq/SRR308/079/SRR30895079/SRR30895079_2.fastq.gz,3212664441,725e47a8fd7edb036441895d70fec881
PRJNA1170466,Genome resequencing data of 447 maize inbred lines,SAMN44075683,SRR30895152,PI 690615,CML 332,17.0,False,Maize.Set.Inbred.Diversity.282.Plus.NAM.Parents,6.6,WGS,ILLUMINA,PAIRED,ftp://ftp.sra.ebi.ac.uk/vol1/fastq/SRR308/052/SRR30895152/SRR30895152_1.fastq.gz,3708226172,f1b38abd70691f8b6b6beca52b9300ba
PRJNA1170466,Genome resequencing data of 447 maize inbred lines,SAMN44075683,SRR30895152,PI 690615,CML 332,17.0,False,Maize.Set.Inbred.Diversity.282.Plus.NAM.Parents,6.6,WGS,ILLUMINA,PAIRED,ftp://ftp.sra.ebi.ac.uk/vol1/fastq/SRR308/052/SRR30895152/SRR30895152_2.fastq.gz,3942838018,494d54d90b0e258917fc1d84a7585c0a
PRJNA1170466,Genome resequencing data of 447 maize inbred lines,SAMN44075593,SRR30895195,PI 690624,CML 375,15.0,False,Maize.Group.Ames.Panel.2010,5.6,WGS,ILLUMINA,PAIRED,ftp://ftp.sra.ebi.ac.uk/vol1/fastq/SRR308/095/SRR30895195/SRR30895195_1.fastq.gz,3011806549,f1d93fae871e9726b0e1697cfb006809
PRJNA1170466,Genome resequencing data of 447 maize inbred lines,SAMN44075593,SRR30895195,PI 690624,CML 375,15.0,False,Maize.Group.Ames.Panel.2010,5.6,WGS,ILLUMINA,PAIRED,ftp://ftp.sra.ebi.ac.uk/vol1/fastq/SRR308/095/SRR30895195/SRR30895195_2.fastq.gz,3240739651,635985f76f739c7b9a1cb5e28b1ef8e2
PRJNA1170466,Genome resequencing data of 447 maize inbred lines,SAMN44075602,SRR30895210,PI 690596,CML 238,27.0,False,Maize.Set.Inbred.Diversity.282.Plus.NAM.Parents,5.9,WGS,ILLUMINA,PAIRED,ftp://ftp.sra.ebi.ac.uk/vol1/fastq/SRR308/010/SRR30895210/SRR30895210_1.fastq.gz,3313403935,9423c51d21d0ecf2bdcf52b49f2fa120
PRJNA1170466,Genome resequencing data of 447 maize inbred lines,SAMN44075602,SRR30895210,PI 690596,CML 238,27.0,False,Maize.Set.Inbred.Diversity.282.Plus.NAM.Parents,5.9,WGS,ILLUMINA,PAIRED,ftp://ftp.sra.ebi.ac.uk/vol1/fastq/SRR308/010/SRR30895210/SRR30895210_2.fastq.gz,3466120074,ffe27a32251c4da2c73d22b9147507cf
PRJNA1170466,Genome resequencing data of 447 maize inbred lines,SAMN44075657,SRR30895223,PI 690613,CML 328,27.0,False,Maize.Set.Inbred.Diversity.282.Plus.NAM.Parents,7.1,WGS,ILLUMINA,PAIRED,ftp://ftp.sra.ebi.ac.uk/vol1/fastq/SRR308/023/SRR30895223/SRR30895223_1.fastq.gz,3968075847,aa48dc97529563d0d549234dfb7f7855
PRJNA1170466,Genome resequencing data of 447 maize inbred lines,SAMN44075657,SRR30895223,PI 690613,CML 328,27.0,False,Maize.Set.Inbred.Diversity.282.Plus.NAM.Parents,7.1,WGS,ILLUMINA,PAIRED,ftp://ftp.sra.ebi.ac.uk/vol1/fastq/SRR308/023/SRR30895223/SRR30895223_2.fastq.gz,4245366341,bece5dcbef2eeb17fd2411b5ce3d512c
PRJNA1171432,Off target analysis of CRISPR-Cas9 edited H99 callus in maize,SAMN44243595,SRR30944449,PI 587129,H99,38.0,False,Maize.Set.Inbred.Diversity.282.Plus.NAM.Parents,9.6,WGS,ILLUMINA,PAIRED,ftp://ftp.sra.ebi.ac.uk/vol1/fastq/SRR309/049/SRR30944449/SRR30944449_1.fastq.gz,3335048634,73ec808bbc276ec7170692f31f962fe0
PRJNA1171432,Off target analysis of CRISPR-Cas9 edited H99 callus in maize,SAMN44243595,SRR30944449,PI 587129,H99,38.0,False,Maize.Set.Inbred.Diversity.282.Plus.NAM.Parents,9.6,WGS,ILLUMINA,PAIRED,ftp://ftp.sra.ebi.ac.uk/vol1/fastq/SRR309/049/SRR30944449/SRR30944449_2.fastq.gz,3536727527,95f58be44f6ef325e99148c421834463
PRJNA1142968,Evaluation of genetic diversity across the inbreds used by G2F project - 2024/2025 germplasm (WGS skim sequencing),SAMN44603692,SRR31396961,PI 590560,PHTV7,26.0,False,Maize.Group.PVP,5.4,WGS,COMPLETE_GENOMICS,PAIRED,ftp://ftp.sra.ebi.ac.uk/vol1/fastq/SRR313/061/SRR31396961/SRR31396961_1.fastq.gz,4340090410,65d3b7e6839c3dcc09f0aaf974d6076a
PRJNA1142968,Evaluation of genetic diversity across the inbreds used by G2F project - 2024/2025 germplasm (WGS skim sequencing),SAMN44603692,SRR31396961,PI 590560,PHTV7,26.0,False,Maize.Group.PVP,5.4,WGS,COMPLETE_GENOMICS,PAIRED,ftp://ftp.sra.ebi.ac.uk/vol1/fastq/SRR313/061/SRR31396961/SRR31396961_2.fastq.gz,4844465225,cb4dc6e46049a53401e048980dd71088
PRJNA1142968,Evaluation of genetic diversity across the inbreds used by G2F project - 2024/2025 germplasm (WGS skim sequencing),SAMN44603663,SRR31396989,PI 606334,PH1GC,17.0,False,Maize.Group.PVP,6.5,WGS,COMPLETE_GENOMICS,PAIRED,ftp://ftp.sra.ebi.ac.uk/vol1/fastq/SRR313/089/SRR31396989/SRR31396989_1.fastq.gz,5068317107,ea1d1f5b1d71fdc2dae6946c7e7abbce
PRJNA1142968,Evaluation of genetic diversity across the inbreds used by G2F project - 2024/2025 germplasm (WGS skim sequencing),SAMN44603663,SRR31396989,PI 606334,PH1GC,17.0,False,Maize.Group.PVP,6.5,WGS,COMPLETE_GENOMICS,PAIRED,ftp://ftp.sra.ebi.ac.uk/vol1/fastq/SRR313/089/SRR31396989/SRR31396989_2.fastq.gz,5511196294,87dca35ecd2e43cfa12306a9d94c9ed7
PRJNA1142968,Evaluation of genetic diversity across the inbreds used by G2F project - 2024/2025 germplasm (WGS skim sequencing),SAMN44603672,SRR31412939,PI 583870,ZS0510,25.0,False,Maize.Group.PVP,7.4,WGS,COMPLETE_GENOMICS,PAIRED,ftp://ftp.sra.ebi.ac.uk/vol1/fastq/SRR314/039/SRR31412939/SRR31412939_1.fastq.gz,5739700071,22bc995e2a01a17169fb1ae2250fa1c5
PRJNA1142968,Evaluation of genetic diversity across the inbreds used by G2F project - 2024/2025 germplasm (WGS skim sequencing),SAMN44603672,SRR31412939,PI 583870,ZS0510,25.0,False,Maize.Group.PVP,7.4,WGS,COMPLETE_GENOMICS,PAIRED,ftp://ftp.sra.ebi.ac.uk/vol1/fastq/SRR314/039/SRR31412939/SRR31412939_2.fastq.gz,6254674958,86f980dce0f5e6ab026988363145222a
PRJNA1196311,maize-HKW,SAMN45410773,SRR31660881,PI 690623,CML 373,15.0,False,Maize.Group.Ames.Panel.2010,7.2,WGS,ILLUMINA,PAIRED,ftp://ftp.sra.ebi.ac.uk/vol1/fastq/SRR316/081/SRR31660881/SRR31660881_1.fastq.gz,3892583327,00d260c6ae7984842c05f95f4c031a95
PRJNA1196311,maize-HKW,SAMN45410773,SRR31660881,PI 690623,CML 373,15.0,False,Maize.Group.Ames.Panel.2010,7.2,WGS,ILLUMINA,PAIRED,ftp://ftp.sra.ebi.ac.uk/vol1/fastq/SRR316/081/SRR31660881/SRR31660881_2.fastq.gz,4133770225,3df5ca5c2ff18e9915e4b3e6b0c8ee7d
PRJNA1247151,Genome sequencing of wheat-maize hybrids (Zeawheat) produced by in vitro fertilization,SAMN47805249,SRR33004298,PI 693339,A188,30.0,False,Maize.Set.Inbred.Diversity.282.Plus.NAM.Parents,12.1,WGS,ILLUMINA,PAIRED,ftp://ftp.sra.ebi.ac.uk/vol1/fastq/SRR330/098/SRR33004298/SRR33004298_1.fastq.gz,6630378776,e5bdc60303a65686e804b69667b0bb20
PRJNA1247151,Genome sequencing of wheat-maize hybrids (Zeawheat) produced by in vitro fertilization,SAMN47805249,SRR33004298,PI 693339,A188,30.0,False,Maize.Set.Inbred.Diversity.282.Plus.NAM.Parents,12.1,WGS,ILLUMINA,PAIRED,ftp://ftp.sra.ebi.ac.uk/vol1/fastq/SRR330/098/SRR33004298/SRR33004298_2.fastq.gz,6737075891,d8286190577d27749f5a8d5e04220006
PRJNA974168,Genomic analysis of a new heterotic maize group,SAMN35169194,SRR24653268,PI 631363,PH4CV,27.0,False,Maize.Group.PVP,22.5,WGS,ILLUMINA,PAIRED,ftp://ftp.sra.ebi.ac.uk/vol1/fastq/SRR246/068/SRR24653268/SRR24653268_1.fastq.gz,5225622729,670705e95d82527f2416ea872164c85d
PRJNA974168,Genomic analysis of a new heterotic maize group,SAMN35169194,SRR24653268,PI 631363,PH4CV,27.0,False,Maize.Group.PVP,22.5,WGS,ILLUMINA,PAIRED,ftp://ftp.sra.ebi.ac.uk/vol1/fastq/SRR246/068/SRR24653268/SRR24653268_2.fastq.gz,5238899295,4b121d605ed57181a9397928dfee1d90
,Capturing Extant Variation from a Genome in Flux: Maize HapMap II,SAMN00839427,SRR447785,PI 587152,W64A,39.0,False,Maize.Set.Inbred.Diversity.282.Plus.NAM.Parents,17.1,WGS,ILLUMINA,PAIRED,ftp://ftp.sra.ebi.ac.uk/vol1/fastq/SRR447/SRR447785/SRR447785_1.fastq.gz,612208417,26dd0725ad0389dfab949cad66262b21
,Capturing Extant Variation from a Genome in Flux: Maize HapMap II,SAMN00839427,SRR447785,PI 587152,W64A,39.0,False,Maize.Set.Inbred.Diversity.282.Plus.NAM.Parents,17.1,WGS,ILLUMINA,PAIRED,ftp://ftp.sra.ebi.ac.uk/vol1/fastq/SRR447/SRR447785/SRR447785_2.fastq.gz,611739208,92f180d4abbef0171db158672f2764ff
,Capturing Extant Variation from a Genome in Flux: Maize HapMap II,SAMN00839427,SRR447788,PI 587152,W64A,39.0,False,Maize.Set.Inbred.Diversity.282.Plus.NAM.Parents,17.1,WGS,ILLUMINA,PAIRED,ftp://ftp.sra.ebi.ac.uk/vol1/fastq/SRR447/SRR447788/SRR447788_1.fastq.gz,604548647,7d13966d02597eb7ecf93308584c56d8
,Capturing Extant Variation from a Genome in Flux: Maize HapMap II,SAMN00839427,SRR447788,PI 587152,W64A,39.0,False,Maize.Set.Inbred.Diversity.282.Plus.NAM.Parents,17.1,WGS,ILLUMINA,PAIRED,ftp://ftp.sra.ebi.ac.uk/vol1/fastq/SRR447/SRR447788/SRR447788_2.fastq.gz,605269578,8260c22c56582629894bb58196d880ca
,Capturing Extant Variation from a Genome in Flux: Maize HapMap II,SAMN00839427,SRR447789,PI 587152,W64A,39.0,False,Maize.Set.Inbred.Diversity.282.Plus.NAM.Parents,17.1,WGS,ILLUMINA,PAIRED,ftp://ftp.sra.ebi.ac.uk/vol1/fastq/SRR447/SRR447789/SRR447789_1.fastq.gz,618747281,a62e5b8d9d3f5065ec109834ceece556
,Capturing Extant Variation from a Genome in Flux: Maize HapMap II,SAMN00839427,SRR447789,PI 587152,W64A,39.0,False,Maize.Set.Inbred.Diversity.282.Plus.NAM.Parents,17.1,WGS,ILLUMINA,PAIRED,ftp://ftp.sra.ebi.ac.uk/vol1/fastq/SRR447/SRR447789/SRR447789_2.fastq.gz,618377166,e5ebff248fc7015f1f83527591a90ac9
,Capturing Extant Variation from a Genome in Flux: Maize HapMap II,SAMN00839427,SRR447794,PI 587152,W64A,39.0,False,Maize.Set.Inbred.Diversity.282.Plus.NAM.Parents,17.1,WGS,ILLUMINA,PAIRED,ftp://ftp.sra.ebi.ac.uk/vol1/fastq/SRR447/SRR447794/SRR447794_1.fastq.gz,606721433,35ee6e6b806676bf8dc1dd5acfa7bb9a
,Capturing Extant Variation from a Genome in Flux: Maize HapMap II,SAMN00839427,SRR447794,PI 587152,W64A,39.0,False,Maize.Set.Inbred.Diversity.282.Plus.NAM.Parents,17.1,WGS,ILLUMINA,PAIRED,ftp://ftp.sra.ebi.ac.uk/vol1/fastq/SRR447/SRR447794/SRR447794_2.fastq.gz,607021592,6c9d7a07154f3881c59a8bf84d822c60
PRJNA381642,Zea mays subsp. mays Genome sequencing,SAMN06685747,SRR5491181,PI 601321,PHJ40,33.0,False,Maize.Group.PVP,22.0,WGS,ILLUMINA,PAIRED,ftp://ftp.sra.ebi.ac.uk/vol1/fastq/SRR549/001/SRR5491181/SRR5491181_1.fastq.gz,21510556164,98a89ff0b62c861367e2b0c7fe4eaf0a
PRJNA381642,Zea mays subsp. mays Genome sequencing,SAMN06685747,SRR5491181,PI 601321,PHJ40,33.0,False,Maize.Group.PVP,22.0,WGS,ILLUMINA,PAIRED,ftp://ftp.sra.ebi.ac.uk/vol1/fastq/SRR549/001/SRR5491181/SRR5491181_2.fastq.gz,20815424462,446124c4cdb37dad9e123260389611cf
PRJNA479960,South American maize genome sequencing,SAMN09622438,SRR7477669,PI 587126,C13,23.0,False,Maize.Group.Ames.Panel.2010,8.6,WGS,ILLUMINA,PAIRED,ftp://ftp.sra.ebi.ac.uk/vol1/fastq/SRR747/009/SRR7477669/SRR7477669_1.fastq.gz,5580214718,08ed3ddcde95ea132643fb52d78cd168
PRJNA479960,South American maize genome sequencing,SAMN09622438,SRR7477669,PI 587126,C13,23.0,False,Maize.Group.Ames.Panel.2010,8.6,WGS,ILLUMINA,PAIRED,ftp://ftp.sra.ebi.ac.uk/vol1/fastq/SRR747/009/SRR7477669/SRR7477669_2.fastq.gz,6284602799,ed70380d729e2011722174041df17d10
PRJNA332942,Zea mays strain:LH146Ht | cultivar:LH146Ht Genome sequencing,SAMN05445934,SRR7699218,PI 601402,LH146Ht,31.0,False,Maize.Group.PVP,25.4,WGS,ILLUMINA,PAIRED,ftp://ftp.sra.ebi.ac.uk/vol1/fastq/SRR769/008/SRR7699218/SRR7699218_1.fastq.gz,17525300456,2afd550946e7390fd89de92f1228b3fa
PRJNA332942,Zea mays strain:LH146Ht | cultivar:LH146Ht Genome sequencing,SAMN05445934,SRR7699218,PI 601402,LH146Ht,31.0,False,Maize.Group.PVP,25.4,WGS,ILLUMINA,PAIRED,ftp://ftp.sra.ebi.ac.uk/vol1/fastq/SRR769/008/SRR7699218/SRR7699218_2.fastq.gz,18846734874,66df7ab219887803502fc567cd2c245f
PRJNA332951,Zea mays strain:PHAA0 | cultivar:PHAA0 Genome sequencing,SAMN05445938,SRR7699299,PI 578031,PHAA0,29.0,False,Maize.Group.PVP,23.4,WGS,ILLUMINA,PAIRED,ftp://ftp.sra.ebi.ac.uk/vol1/fastq/SRR769/009/SRR7699299/SRR7699299_1.fastq.gz,17807277605,b244790e2b2095d87e878327c24c5f4a
PRJNA332951,Zea mays strain:PHAA0 | cultivar:PHAA0 Genome sequencing,SAMN05445938,SRR7699299,PI 578031,PHAA0,29.0,False,Maize.Group.PVP,23.4,WGS,ILLUMINA,PAIRED,ftp://ftp.sra.ebi.ac.uk/vol1/fastq/SRR769/009/SRR7699299/SRR7699299_2.fastq.gz,18819459603,3049e749a67b8ccfb988403da21d4332
PRJNA332956,Zea mays strain:PHKM5 | cultivar:PHKM5 Genome sequencing,SAMN05445941,SRR7699354,PI 578037,PHKM5,29.0,False,Maize.Group.PVP,20.0,WGS,ILLUMINA,PAIRED,ftp://ftp.sra.ebi.ac.uk/vol1/fastq/SRR769/004/SRR7699354/SRR7699354_1.fastq.gz,15440010492,81a052dbd4d0ff6c7de3dccef26fe9df
PRJNA332956,Zea mays strain:PHKM5 | cultivar:PHKM5 Genome sequencing,SAMN05445941,SRR7699354,PI 578037,PHKM5,29.0,False,Maize.Group.PVP,20.0,WGS,ILLUMINA,PAIRED,ftp://ftp.sra.ebi.ac.uk/vol1/fastq/SRR769/004/SRR7699354/SRR7699354_2.fastq.gz,16473113156,d36267e4848144d34a7728a66dc86ef4
PRJNA332945,Zea mays strain:LH198 | cultivar:LH198 Genome sequencing,SAMN05442978,SRR7699359,PI 557563,LH198,29.0,False,Maize.Group.PVP,19.7,WGS,ILLUMINA,PAIRED,ftp://ftp.sra.ebi.ac.uk/vol1/fastq/SRR769/009/SRR7699359/SRR7699359_1.fastq.gz,14733611375,ffc26948f14df1375518e1321f8bc764
PRJNA332945,Zea mays strain:LH198 | cultivar:LH198 Genome sequencing,SAMN05442978,SRR7699359,PI 557563,LH198,29.0,False,Maize.Group.PVP,19.7,WGS,ILLUMINA,PAIRED,ftp://ftp.sra.ebi.ac.uk/vol1/fastq/SRR769/009/SRR7699359/SRR7699359_2.fastq.gz,15770825943,8cd0da3dffee44f2e28cc48a985e7b95
PRJNA332939,Zea mays cultivar:3IIH6 Genome sequencing,SAMN05446031,SRR7703401,PI 564754,3IIH6,29.0,False,Maize.Group.PVP,21.8,WGS,ILLUMINA,PAIRED,ftp://ftp.sra.ebi.ac.uk/vol1/fastq/SRR770/001/SRR7703401/SRR7703401_1.fastq.gz,15808409754,b8e8f97a07669f0b423f78f36048397b
PRJNA332939,Zea mays cultivar:3IIH6 Genome sequencing,SAMN05446031,SRR7703401,PI 564754,3IIH6,29.0,False,Maize.Group.PVP,21.8,WGS,ILLUMINA,PAIRED,ftp://ftp.sra.ebi.ac.uk/vol1/fastq/SRR770/001/SRR7703401/SRR7703401_2.fastq.gz,17309965093,d467d46a74ccbfb420426e9391570ae6
PRJNA332941,Zea mays strain:FBLL | cultivar:FBLL Genome sequencing,SAMN05445515,SRR7703427,PI 546481,FBLL,29.0,False,Maize.Group.PVP,19.2,WGS,ILLUMINA,PAIRED,ftp://ftp.sra.ebi.ac.uk/vol1/fastq/SRR770/007/SRR7703427/SRR7703427_1.fastq.gz,14187855607,7cc7791c0fb48d208a0f1771d262661b
PRJNA332941,Zea mays strain:FBLL | cultivar:FBLL Genome sequencing,SAMN05445515,SRR7703427,PI 546481,FBLL,29.0,False,Maize.Group.PVP,19.2,WGS,ILLUMINA,PAIRED,ftp://ftp.sra.ebi.ac.uk/vol1/fastq/SRR770/007/SRR7703427/SRR7703427_2.fastq.gz,15502940572,f66c3b2d1d76a23fcb324f0d273e640f
PRJNA332940,Zea mays strain:A188 | cultivar:A188 Genome sequencing,SAMN05446032,SRR7703780,PI 693339,A188,30.0,False,Maize.Set.Inbred.Diversity.282.Plus.NAM.Parents,23.5,WGS,ILLUMINA,PAIRED,ftp://ftp.sra.ebi.ac.uk/vol1/fastq/SRR770/000/SRR7703780/SRR7703780_1.fastq.gz,17153496067,d5112d757f85629697b61cae58c9cc46
PRJNA332940,Zea mays strain:A188 | cultivar:A188 Genome sequencing,SAMN05446032,SRR7703780,PI 693339,A188,30.0,False,Maize.Set.Inbred.Diversity.282.Plus.NAM.Parents,23.5,WGS,ILLUMINA,PAIRED,ftp://ftp.sra.ebi.ac.uk/vol1/fastq/SRR770/000/SRR7703780/SRR7703780_2.fastq.gz,18761570415,7b74f8c4edda8ad4b2e8380baffa4fce
PRJNA531553,Deep DNA resequencing of the association mapping panel,SAMN11370265,SRR8906806,PI 535917,S 51,28.0,False,Maize.Group.Ames.Panel.2010,27.6,WGS,ILLUMINA,PAIRED,ftp://ftp.sra.ebi.ac.uk/vol1/fastq/SRR890/006/SRR8906806/SRR8906806_1.fastq.gz,16250611900,5a721f3bc70f60d710e238b47dc704cc
PRJNA531553,Deep DNA resequencing of the association mapping panel,SAMN11370265,SRR8906806,PI 535917,S 51,28.0,False,Maize.Group.Ames.Panel.2010,27.6,WGS,ILLUMINA,PAIRED,ftp://ftp.sra.ebi.ac.uk/vol1/fastq/SRR890/006/SRR8906806/SRR8906806_2.fastq.gz,17465597831,253ea8d981b9e9dac0ffcf0cb745490b
PRJNA531553,Deep DNA resequencing of the association mapping panel,SAMN11370259,SRR8906962,PI 535905,S 45,26.0,False,Maize.Group.Ames.Panel.Post.2010,23.3,WGS,ILLUMINA,PAIRED,ftp://ftp.sra.ebi.ac.uk/vol1/fastq/SRR890/002/SRR8906962/SRR8906962_1.fastq.gz,13360425253,042cc67a97bbb77d07517ae3a0c165f5
PRJNA531553,Deep DNA resequencing of the association mapping panel,SAMN11370259,SRR8906962,PI 535905,S 45,26.0,False,Maize.Group.Ames.Panel.Post.2010,23.3,WGS,ILLUMINA,PAIRED,ftp://ftp.sra.ebi.ac.uk/vol1/fastq/SRR890/002/SRR8906962/SRR8906962_2.fastq.gz,14453180938,68642fac0e4f0d20e60e3d6b9abf27bf
PRJNA531553,Deep DNA resequencing of the association mapping panel,SAMN11370262,SRR8906965,PI 369442,S 48,19.0,False,Maize.Group.Ames.Panel.2010,23.6,WGS,ILLUMINA,PAIRED,ftp://ftp.sra.ebi.ac.uk/vol1/fastq/SRR890/005/SRR8906965/SRR8906965_1.fastq.gz,13706326458,064d42278b417e5b2f7b7f8b79f9034e
PRJNA531553,Deep DNA resequencing of the association mapping panel,SAMN11370262,SRR8906965,PI 369442,S 48,19.0,False,Maize.Group.Ames.Panel.2010,23.6,WGS,ILLUMINA,PAIRED,ftp://ftp.sra.ebi.ac.uk/vol1/fastq/SRR890/005/SRR8906965/SRR8906965_2.fastq.gz,14705221921,4e6e7bfdac78bbf1f593b3ca38be595d
PRJNA531553,Deep DNA resequencing of the association mapping panel,SAMN11370339,SRR8907031,PI 535927,S 125,29.0,False,Maize.Group.Ames.Panel.2010,26.2,WGS,ILLUMINA,PAIRED,ftp://ftp.sra.ebi.ac.uk/vol1/fastq/SRR890/001/SRR8907031/SRR8907031_1.fastq.gz,15421599575,af6557e16181c336884e39ddbddeceb4
PRJNA531553,Deep DNA resequencing of the association mapping panel,SAMN11370339,SRR8907031,PI 535927,S 125,29.0,False,Maize.Group.Ames.Panel.2010,26.2,WGS,ILLUMINA,PAIRED,ftp://ftp.sra.ebi.ac.uk/vol1/fastq/SRR890/001/SRR8907031/SRR8907031_2.fastq.gz,16660140625,f0c36285148a1e916b0007001de6abfa
PRJNA543394,Sequencing of A188 genome,SAMN11665429,SRR9077123,PI 693339,A188,30.0,False,Maize.Set.Inbred.Diversity.282.Plus.NAM.Parents,248.4,WGS,ILLUMINA,PAIRED,ftp://ftp.sra.ebi.ac.uk/vol1/fastq/SRR907/003/SRR9077123/SRR9077123_1.fastq.gz,65229805608,ae8da40502f1ac37c48c4f8bfbe4bf51
PRJNA543394,Sequencing of A188 genome,SAMN11665429,SRR9077123,PI 693339,A188,30.0,False,Maize.Set.Inbred.Diversity.282.Plus.NAM.Parents,248.4,WGS,ILLUMINA,PAIRED,ftp://ftp.sra.ebi.ac.uk/vol1/fastq/SRR907/003/SRR9077123/SRR9077123_2.fastq.gz,71094757929,6e0d418e23e1fc6f9e57aedba7859391
PRJNA251204,Zea mays cultivar:Mo44 Genome sequencing,SAMN02946043,SRR3715696,Ames 35266,Mo44,29.0,False,Maize.Set.Inbred.Diversity.282.Plus.NAM.Parents,48.2,WGS,ILLUMINA,PAIRED,ftp://ftp.sra.ebi.ac.uk/vol1/fastq/SRR371/006/SRR3715696/SRR3715696_1.fastq.gz,22416595019,a5089e3b676a027337948fe566056e8c
PRJNA251204,Zea mays cultivar:Mo44 Genome sequencing,SAMN02946043,SRR3715696,Ames 35266,Mo44,29.0,False,Maize.Set.Inbred.Diversity.282.Plus.NAM.Parents,48.2,WGS,ILLUMINA,PAIRED,ftp://ftp.sra.ebi.ac.uk/vol1/fastq/SRR371/006/SRR3715696/SRR3715696_2.fastq.gz,22454796640,3f5bf6a03ddfbd10de5f1ebaf2370204
PRJNA251134,Zea mays strain:PHW65 Genome sequencing,SAMN02822397,SRR3720265,PI 601501,PHW65,30.0,False,Maize.Group.PVP,59.7,WGS,ILLUMINA,PAIRED,ftp://ftp.sra.ebi.ac.uk/vol1/fastq/SRR372/005/SRR3720265/SRR3720265_1.fastq.gz,20236490248,2d1415a2b2b33bd7d721be2d3ab3727a
PRJNA251134,Zea mays strain:PHW65 Genome sequencing,SAMN02822397,SRR3720265,PI 601501,PHW65,30.0,False,Maize.Group.PVP,59.7,WGS,ILLUMINA,PAIRED,ftp://ftp.sra.ebi.ac.uk/vol1/fastq/SRR372/005/SRR3720265/SRR3720265_2.fastq.gz,20591210609,3c06a8ae318b36e9cec9bda39ef28f5b
PRJNA251134,Zea mays strain:PHW65 Genome sequencing,SAMN02822397,SRR3720266,PI 601501,PHW65,30.0,False,Maize.Group.PVP,59.7,WGS,ILLUMINA,PAIRED,ftp://ftp.sra.ebi.ac.uk/vol1/fastq/SRR372/006/SRR3720266/SRR3720266_1.fastq.gz,20812347591,92cdbb534c8f2dcf48650337a8f55909
PRJNA251134,Zea mays strain:PHW65 Genome sequencing,SAMN02822397,SRR3720266,PI 601501,PHW65,30.0,False,Maize.Group.PVP,59.7,WGS,ILLUMINA,PAIRED,ftp://ftp.sra.ebi.ac.uk/vol1/fastq/SRR372/006/SRR3720266/SRR3720266_2.fastq.gz,20851530056,74ca82988cd0431e85adc4bc2d8cce7a
PRJNA251134,Zea mays strain:PHW65 Genome sequencing,SAMN02822397,SRR3720267,PI 601501,PHW65,30.0,False,Maize.Group.PVP,59.7,WGS,ILLUMINA,PAIRED,ftp://ftp.sra.ebi.ac.uk/vol1/fastq/SRR372/007/SRR3720267/SRR3720267_1.fastq.gz,15389526926,ca36d817dd15682d2b28850cd172842f
PRJNA251134,Zea mays strain:PHW65 Genome sequencing,SAMN02822397,SRR3720267,PI 601501,PHW65,30.0,False,Maize.Group.PVP,59.7,WGS,ILLUMINA,PAIRED,ftp://ftp.sra.ebi.ac.uk/vol1/fastq/SRR372/007/SRR3720267/SRR3720267_2.fastq.gz,15531339078,4d3e57d4283885c6dce6e7617a5623bb
PRJNA251136,Zea mays strain:LH123HT Genome sequencing,SAMN02821810,SRR3720275,PI 601079,LH123HT,35.0,False,Maize.Group.PVP,58.2,WGS,ILLUMINA,PAIRED,ftp://ftp.sra.ebi.ac.uk/vol1/fastq/SRR372/005/SRR3720275/SRR3720275_1.fastq.gz,20416341573,536495cd42e3a228ffc0ebdf5ec965f0
PRJNA251136,Zea mays strain:LH123HT Genome sequencing,SAMN02821810,SRR3720275,PI 601079,LH123HT,35.0,False,Maize.Group.PVP,58.2,WGS,ILLUMINA,PAIRED,ftp://ftp.sra.ebi.ac.uk/vol1/fastq/SRR372/005/SRR3720275/SRR3720275_2.fastq.gz,20126471531,740bf399256ad1b09164d9250dde3ec5
PRJNA251173,Zea mays strain:PHG83 Genome sequencing,SAMN02821443,SRR3720277,PI 601229,PHG83,36.0,False,Maize.Group.PVP,58.8,WGS,ILLUMINA,PAIRED,ftp://ftp.sra.ebi.ac.uk/vol1/fastq/SRR372/007/SRR3720277/SRR3720277_1.fastq.gz,14058304114,48e21a45313cd7436e483716af59661f
PRJNA251173,Zea mays strain:PHG83 Genome sequencing,SAMN02821443,SRR3720277,PI 601229,PHG83,36.0,False,Maize.Group.PVP,58.8,WGS,ILLUMINA,PAIRED,ftp://ftp.sra.ebi.ac.uk/vol1/fastq/SRR372/007/SRR3720277/SRR3720277_2.fastq.gz,13859442245,a19750247819b3c31062015ffc9fb01f
PRJNA251173,Zea mays strain:PHG83 Genome sequencing,SAMN02821443,SRR3720278,PI 601229,PHG83,36.0,False,Maize.Group.PVP,58.8,WGS,ILLUMINA,PAIRED,ftp://ftp.sra.ebi.ac.uk/vol1/fastq/SRR372/008/SRR3720278/SRR3720278_1.fastq.gz,21036770280,c495a4695104fe59be3c727c108d9802
PRJNA251173,Zea mays strain:PHG83 Genome sequencing,SAMN02821443,SRR3720278,PI 601229,PHG83,36.0,False,Maize.Group.PVP,58.8,WGS,ILLUMINA,PAIRED,ftp://ftp.sra.ebi.ac.uk/vol1/fastq/SRR372/008/SRR3720278/SRR3720278_2.fastq.gz,21587888937,76ed272e86d48accf629a347939bb11e
PRJNA251173,Zea mays strain:PHG83 Genome sequencing,SAMN02821443,SRR3720279,PI 601229,PHG83,36.0,False,Maize.Group.PVP,58.8,WGS,ILLUMINA,PAIRED,ftp://ftp.sra.ebi.ac.uk/vol1/fastq/SRR372/009/SRR3720279/SRR3720279_1.fastq.gz,21037971588,65fd5b34c2ea3052f6c90d0f9ecd6581
PRJNA251173,Zea mays strain:PHG83 Genome sequencing,SAMN02821443,SRR3720279,PI 601229,PHG83,36.0,False,Maize.Group.PVP,58.8,WGS,ILLUMINA,PAIRED,ftp://ftp.sra.ebi.ac.uk/vol1/fastq/SRR372/009/SRR3720279/SRR3720279_2.fastq.gz,21470029860,13f0a5feec7e80b70b7bf1a26b89cc62
PRJNA251186,Zea mays strain:NC230 Genome sequencing,SAMN02821436,SRR3720284,PI 690370,NC230,30.0,False,Maize.Set.Inbred.Diversity.282.Plus.NAM.Parents,63.0,WGS,ILLUMINA,PAIRED,ftp://ftp.sra.ebi.ac.uk/vol1/fastq/SRR372/004/SRR3720284/SRR3720284_1.fastq.gz,23194702058,501dc5e072431ce4ccf8d3607ba9c228
PRJNA251186,Zea mays strain:NC230 Genome sequencing,SAMN02821436,SRR3720284,PI 690370,NC230,30.0,False,Maize.Set.Inbred.Diversity.282.Plus.NAM.Parents,63.0,WGS,ILLUMINA,PAIRED,ftp://ftp.sra.ebi.ac.uk/vol1/fastq/SRR372/004/SRR3720284/SRR3720284_2.fastq.gz,22875315808,659093ad1ab85ba7b593d90ef1dbea26
PRJNA251172,Zea mays strain:Mo45 Genome sequencing,SAMN02821799,SRR3720320,PI 583350,Mo45,23.0,False,Maize.Set.Inbred.Diversity.282.Plus.NAM.Parents,64.4,WGS,ILLUMINA,PAIRED,ftp://ftp.sra.ebi.ac.uk/vol1/fastq/SRR372/000/SRR3720320/SRR3720320_1.fastq.gz,23863125682,53ebf4e1851303b56551613128f08fec
PRJNA251172,Zea mays strain:Mo45 Genome sequencing,SAMN02821799,SRR3720320,PI 583350,Mo45,23.0,False,Maize.Set.Inbred.Diversity.282.Plus.NAM.Parents,64.4,WGS,ILLUMINA,PAIRED,ftp://ftp.sra.ebi.ac.uk/vol1/fastq/SRR372/000/SRR3720320/SRR3720320_2.fastq.gz,23629032824,a6d81876686461a78c7b0995b53e459b
PRJNA251172,Zea mays strain:Mo45 Genome sequencing,SAMN02821799,SRR3720321,PI 583350,Mo45,23.0,False,Maize.Set.Inbred.Diversity.282.Plus.NAM.Parents,64.4,WGS,ILLUMINA,PAIRED,ftp://ftp.sra.ebi.ac.uk/vol1/fastq/SRR372/001/SRR3720321/SRR3720321_1.fastq.gz,23831126544,2457eff86de25785038fdd441c85694c
PRJNA251172,Zea mays strain:Mo45 Genome sequencing,SAMN02821799,SRR3720321,PI 583350,Mo45,23.0,False,Maize.Set.Inbred.Diversity.282.Plus.NAM.Parents,64.4,WGS,ILLUMINA,PAIRED,ftp://ftp.sra.ebi.ac.uk/vol1/fastq/SRR372/001/SRR3720321/SRR3720321_2.fastq.gz,23711903921,aeaccbde8ba1ab298f6f57789d918897
PRJNA251193,Zea mays strain:PHG72 Genome sequencing,SAMN02821811,SRR3720582,PI 601319,PHG72,33.0,False,Maize.Group.PVP,57.4,WGS,ILLUMINA,PAIRED,ftp://ftp.sra.ebi.ac.uk/vol1/fastq/SRR372/002/SRR3720582/SRR3720582_1.fastq.gz,19482203303,0a3b2743dd41ffb8b61c392614b3d0b0
PRJNA251193,Zea mays strain:PHG72 Genome sequencing,SAMN02821811,SRR3720582,PI 601319,PHG72,33.0,False,Maize.Group.PVP,57.4,WGS,ILLUMINA,PAIRED,ftp://ftp.sra.ebi.ac.uk/vol1/fastq/SRR372/002/SRR3720582/SRR3720582_2.fastq.gz,19889123754,a30adea7c50163adcfdaa3da569e1876
PRJNA251193,Zea mays strain:PHG72 Genome sequencing,SAMN02821811,SRR3720583,PI 601319,PHG72,33.0,False,Maize.Group.PVP,57.4,WGS,ILLUMINA,PAIRED,ftp://ftp.sra.ebi.ac.uk/vol1/fastq/SRR372/003/SRR3720583/SRR3720583_1.fastq.gz,13912499548,a70e52778d8a6b5cd08754c6dc13221a
PRJNA251193,Zea mays strain:PHG72 Genome sequencing,SAMN02821811,SRR3720583,PI 601319,PHG72,33.0,False,Maize.Group.PVP,57.4,WGS,ILLUMINA,PAIRED,ftp://ftp.sra.ebi.ac.uk/vol1/fastq/SRR372/003/SRR3720583/SRR3720583_2.fastq.gz,13757416163,c2dfe1d04533f8d3e719c66a63affad0
PRJNA251135,Zea mays strain:PHJ40 Genome sequencing,SAMN02822326,SRR3720621,PI 601321,PHJ40,33.0,False,Maize.Group.PVP,63.5,WGS,ILLUMINA,PAIRED,ftp://ftp.sra.ebi.ac.uk/vol1/fastq/SRR372/001/SRR3720621/SRR3720621_1.fastq.gz,15523847099,182280e8963e164841ae59e83e156526
PRJNA251135,Zea mays strain:PHJ40 Genome sequencing,SAMN02822326,SRR3720621,PI 601321,PHJ40,33.0,False,Maize.Group.PVP,63.5,WGS,ILLUMINA,PAIRED,ftp://ftp.sra.ebi.ac.uk/vol1/fastq/SRR372/001/SRR3720621/SRR3720621_2.fastq.gz,15709042412,aa8404b57cf45f9ff864bd38e4086336
PRJNA251135,Zea mays strain:PHJ40 Genome sequencing,SAMN02822326,SRR3720623,PI 601321,PHJ40,33.0,False,Maize.Group.PVP,63.5,WGS,ILLUMINA,PAIRED,ftp://ftp.sra.ebi.ac.uk/vol1/fastq/SRR372/003/SRR3720623/SRR3720623_1.fastq.gz,23558511650,e71ecc91a1412c438c4f447dc17783e9
PRJNA251135,Zea mays strain:PHJ40 Genome sequencing,SAMN02822326,SRR3720623,PI 601321,PHJ40,33.0,False,Maize.Group.PVP,63.5,WGS,ILLUMINA,PAIRED,ftp://ftp.sra.ebi.ac.uk/vol1/fastq/SRR372/003/SRR3720623/SRR3720623_2.fastq.gz,23403755378,1a211872b37cef31d5a7450d4a00af5d
PRJNA251179,Zea mays strain:W605S Genome sequencing,SAMN02821783,SRR3720624,Ames 30557,W605S,27.0,False,Maize.Group.Ames.Panel.Post.2010,55.6,WGS,ILLUMINA,PAIRED,ftp://ftp.sra.ebi.ac.uk/vol1/fastq/SRR372/004/SRR3720624/SRR3720624_1.fastq.gz,13838398794,462281bda1e7f7e41afee9cdbf7bc8f2
PRJNA251179,Zea mays strain:W605S Genome sequencing,SAMN02821783,SRR3720624,Ames 30557,W605S,27.0,False,Maize.Group.Ames.Panel.Post.2010,55.6,WGS,ILLUMINA,PAIRED,ftp://ftp.sra.ebi.ac.uk/vol1/fastq/SRR372/004/SRR3720624/SRR3720624_2.fastq.gz,13856148370,b7e587f342ed819fb3c3cbe0b051050b
PRJNA251179,Zea mays strain:W605S Genome sequencing,SAMN02821783,SRR3720625,Ames 30557,W605S,27.0,False,Maize.Group.Ames.Panel.Post.2010,55.6,WGS,ILLUMINA,PAIRED,ftp://ftp.sra.ebi.ac.uk/vol1/fastq/SRR372/005/SRR3720625/SRR3720625_1.fastq.gz,19130639762,a809909c9ddde288f9659941b2a8f9b5
PRJNA251179,Zea mays strain:W605S Genome sequencing,SAMN02821783,SRR3720625,Ames 30557,W605S,27.0,False,Maize.Group.Ames.Panel.Post.2010,55.6,WGS,ILLUMINA,PAIRED,ftp://ftp.sra.ebi.ac.uk/vol1/fastq/SRR372/005/SRR3720625/SRR3720625_2.fastq.gz,19228003250,74f71bba277d0985b0647ffe434791b7
PRJNA251179,Zea mays strain:W605S Genome sequencing,SAMN02821783,SRR3720626,Ames 30557,W605S,27.0,False,Maize.Group.Ames.Panel.Post.2010,55.6,WGS,ILLUMINA,PAIRED,ftp://ftp.sra.ebi.ac.uk/vol1/fastq/SRR372/006/SRR3720626/SRR3720626_1.fastq.gz,19191191434,27a2f468406adb8c5583691b9c00b8b0
PRJNA251179,Zea mays strain:W605S Genome sequencing,SAMN02821783,SRR3720626,Ames 30557,W605S,27.0,False,Maize.Group.Ames.Panel.Post.2010,55.6,WGS,ILLUMINA,PAIRED,ftp://ftp.sra.ebi.ac.uk/vol1/fastq/SRR372/006/SRR3720626/SRR3720626_2.fastq.gz,19359048472,d12169cc9fe3d17978c57a051555ecbc
PRJNA251178,Zea mays strain:W604S Genome sequencing,SAMN02821612,SRR3720694,Ames 30556,W604S,26.0,False,Maize.Group.Ames.Panel.Post.2010,55.3,WGS,ILLUMINA,PAIRED,ftp://ftp.sra.ebi.ac.uk/vol1/fastq/SRR372/004/SRR3720694/SRR3720694_1.fastq.gz,19623745378,3bef7fc8f5e39a8a26a57491cb4ebd3c
PRJNA251178,Zea mays strain:W604S Genome sequencing,SAMN02821612,SRR3720694,Ames 30556,W604S,26.0,False,Maize.Group.Ames.Panel.Post.2010,55.3,WGS,ILLUMINA,PAIRED,ftp://ftp.sra.ebi.ac.uk/vol1/fastq/SRR372/004/SRR3720694/SRR3720694_2.fastq.gz,19509599945,8bfccd54fc5a9c81a7f0817df790409d
PRJNA251178,Zea mays strain:W604S Genome sequencing,SAMN02821612,SRR3720695,Ames 30556,W604S,26.0,False,Maize.Group.Ames.Panel.Post.2010,55.3,WGS,ILLUMINA,PAIRED,ftp://ftp.sra.ebi.ac.uk/vol1/fastq/SRR372/005/SRR3720695/SRR3720695_1.fastq.gz,19630272789,bcef4b5ced94d05ea9b3d8d66d02209b
PRJNA251178,Zea mays strain:W604S Genome sequencing,SAMN02821612,SRR3720695,Ames 30556,W604S,26.0,False,Maize.Group.Ames.Panel.Post.2010,55.3,WGS,ILLUMINA,PAIRED,ftp://ftp.sra.ebi.ac.uk/vol1/fastq/SRR372/005/SRR3720695/SRR3720695_2.fastq.gz,19521884262,05193ff2c31989cea58c8c86b66fd958
PRJNA251187,Zea mays strain:LH156 Genome sequencing,SAMN02822347,SRR3720912,PI 601403,LH156,31.0,False,Maize.Group.PVP,54.9,WGS,ILLUMINA,PAIRED,ftp://ftp.sra.ebi.ac.uk/vol1/fastq/SRR372/002/SRR3720912/SRR3720912_1.fastq.gz,17929982156,da2951820dbc7e7537027bbc1c3d1ccb
PRJNA251187,Zea mays strain:LH156 Genome sequencing,SAMN02822347,SRR3720912,PI 601403,LH156,31.0,False,Maize.Group.PVP,54.9,WGS,ILLUMINA,PAIRED,ftp://ftp.sra.ebi.ac.uk/vol1/fastq/SRR372/002/SRR3720912/SRR3720912_2.fastq.gz,18388778442,12913a68b25808536f4f406bf220365d
PRJNA251180,Zea mays strain:LH85 Genome sequencing,SAMN02822376,SRR3720951,PI 601405,LH85,30.0,False,Maize.Group.PVP,57.9,WGS,ILLUMINA,PAIRED,ftp://ftp.sra.ebi.ac.uk/vol1/fastq/SRR372/001/SRR3720951/SRR3720951_1.fastq.gz,20559881035,16b3d9fee10e208ec4f71bd8d9777837
PRJNA251180,Zea mays strain:LH85 Genome sequencing,SAMN02822376,SRR3720951,PI 601405,LH85,30.0,False,Maize.Group.PVP,57.9,WGS,ILLUMINA,PAIRED,ftp://ftp.sra.ebi.ac.uk/vol1/fastq/SRR372/001/SRR3720951/SRR3720951_2.fastq.gz,20455993704,5bc91b7635642d45818d1edcb7541d75
PRJNA251181,Zea mays strain:LH93 Genome sequencing,SAMN02821611,SRR3720996,PI 601171,LH93,34.0,False,Maize.Group.PVP,63.6,WGS,ILLUMINA,PAIRED,ftp://ftp.sra.ebi.ac.uk/vol1/fastq/SRR372/006/SRR3720996/SRR3720996_1.fastq.gz,15155566730,4386609bb3df989776cfb7558e49447e
PRJNA251181,Zea mays strain:LH93 Genome sequencing,SAMN02821611,SRR3720996,PI 601171,LH93,34.0,False,Maize.Group.PVP,63.6,WGS,ILLUMINA,PAIRED,ftp://ftp.sra.ebi.ac.uk/vol1/fastq/SRR372/006/SRR3720996/SRR3720996_2.fastq.gz,15306402766,89067a1e69e8f9e22c548d65312bbbe3
PRJNA168265,Zea mays subsp. mays Genome sequencing,SAMN01047770,SRR512996,PI 636488,KLS_30,25.0,False,,48.3,WGS,ILLUMINA,PAIRED,ftp://ftp.sra.ebi.ac.uk/vol1/fastq/SRR512/SRR512996/SRR512996_1.fastq.gz,7299472988,716002e77ecbbf95375676e9759b61cf
PRJNA168265,Zea mays subsp. mays Genome sequencing,SAMN01047770,SRR512996,PI 636488,KLS_30,25.0,False,,48.3,WGS,ILLUMINA,PAIRED,ftp://ftp.sra.ebi.ac.uk/vol1/fastq/SRR512/SRR512996/SRR512996_2.fastq.gz,7256236794,6607d8d60c71e6df99a16df3a271bf71
PRJNA168265,Zea mays subsp. mays Genome sequencing,SAMN01047770,SRR512998,PI 636488,KLS_30,25.0,False,,48.3,WGS,ILLUMINA,PAIRED,ftp://ftp.sra.ebi.ac.uk/vol1/fastq/SRR512/SRR512998/SRR512998_1.fastq.gz,5755292005,03b2e012e90e740aa0f85c46bf75e69a
PRJNA168265,Zea mays subsp. mays Genome sequencing,SAMN01047770,SRR512998,PI 636488,KLS_30,25.0,False,,48.3,WGS,ILLUMINA,PAIRED,ftp://ftp.sra.ebi.ac.uk/vol1/fastq/SRR512/SRR512998/SRR512998_2.fastq.gz,5669389062,ff2cc06371c797f946a89da9fee79489
PRJNA168265,Zea mays subsp. mays Genome sequencing,SAMN01047770,SRR513002,PI 636488,KLS_30,25.0,False,,48.3,WGS,ILLUMINA,PAIRED,ftp://ftp.sra.ebi.ac.uk/vol1/fastq/SRR513/SRR513002/SRR513002_1.fastq.gz,1643497437,3feac63568b98c839ed4e9d9b3bdeb12
PRJNA168265,Zea mays subsp. mays Genome sequencing,SAMN01047770,SRR513002,PI 636488,KLS_30,25.0,False,,48.3,WGS,ILLUMINA,PAIRED,ftp://ftp.sra.ebi.ac.uk/vol1/fastq/SRR513/SRR513002/SRR513002_2.fastq.gz,1561913236,d7d8fe2d9fa21abbcd1555dde5f1cb73
PRJNA168265,Zea mays subsp. mays Genome sequencing,SAMN01047770,SRR513003,PI 636488,KLS_30,25.0,False,,48.3,WGS,ILLUMINA,PAIRED,ftp://ftp.sra.ebi.ac.uk/vol1/fastq/SRR513/SRR513003/SRR513003_1.fastq.gz,1649386983,fbbe8068ccfbd944322a29eb1adb5461
PRJNA168265,Zea mays subsp. mays Genome sequencing,SAMN01047770,SRR513003,PI 636488,KLS_30,25.0,False,,48.3,WGS,ILLUMINA,PAIRED,ftp://ftp.sra.ebi.ac.uk/vol1/fastq/SRR513/SRR513003/SRR513003_2.fastq.gz,1571677069,d3bf79c5e75fc513edbe289228687b5d
PRJNA168265,Zea mays subsp. mays Genome sequencing,SAMN01047770,SRR513005,PI 636488,KLS_30,25.0,False,,48.3,WGS,ILLUMINA,PAIRED,ftp://ftp.sra.ebi.ac.uk/vol1/fastq/SRR513/SRR513005/SRR513005_1.fastq.gz,4531118683,810b524891cb63db0d2f383f42e71d31
PRJNA168265,Zea mays subsp. mays Genome sequencing,SAMN01047770,SRR513005,PI 636488,KLS_30,25.0,False,,48.3,WGS,ILLUMINA,PAIRED,ftp://ftp.sra.ebi.ac.uk/vol1/fastq/SRR513/SRR513005/SRR513005_2.fastq.gz,4210174317,b59aa6c4f5453ad27d993d2b58f674b7
PRJNA168265,Zea mays subsp. mays Genome sequencing,SAMN01047771,SRR513007,PI 636489,KSS_30,25.0,False,,81.6,WGS,ILLUMINA,PAIRED,ftp://ftp.sra.ebi.ac.uk/vol1/fastq/SRR513/SRR513007/SRR513007_1.fastq.gz,8555909359,6b1ad26981bd029e80b7a6581ee04dc5
PRJNA168265,Zea mays subsp. mays Genome sequencing,SAMN01047771,SRR513007,PI 636489,KSS_30,25.0,False,,81.6,WGS,ILLUMINA,PAIRED,ftp://ftp.sra.ebi.ac.uk/vol1/fastq/SRR513/SRR513007/SRR513007_2.fastq.gz,8501825492,8e64a6d58f13c6d4ee7bb24169b6059a
PRJNA168265,Zea mays subsp. mays Genome sequencing,SAMN01047771,SRR513009,PI 636489,KSS_30,25.0,False,,81.6,WGS,ILLUMINA,PAIRED,ftp://ftp.sra.ebi.ac.uk/vol1/fastq/SRR513/SRR513009/SRR513009_1.fastq.gz,8520110118,ae9e8e04446a501d59824080246f2b11
PRJNA168265,Zea mays subsp. mays Genome sequencing,SAMN01047771,SRR513009,PI 636489,KSS_30,25.0,False,,81.6,WGS,ILLUMINA,PAIRED,ftp://ftp.sra.ebi.ac.uk/vol1/fastq/SRR513/SRR513009/SRR513009_2.fastq.gz,8487838553,61d38feb1df142295a5948303e6bfe8f
PRJNA168265,Zea mays subsp. mays Genome sequencing,SAMN01047771,SRR513011,PI 636489,KSS_30,25.0,False,,81.6,WGS,ILLUMINA,PAIRED,ftp://ftp.sra.ebi.ac.uk/vol1/fastq/SRR513/SRR513011/SRR513011_1.fastq.gz,5181386844,5a8e494bf0d5c927fad73b1262c1466e
PRJNA168265,Zea mays subsp. mays Genome sequencing,SAMN01047771,SRR513011,PI 636489,KSS_30,25.0,False,,81.6,WGS,ILLUMINA,PAIRED,ftp://ftp.sra.ebi.ac.uk/vol1/fastq/SRR513/SRR513011/SRR513011_2.fastq.gz,5059243523,f2b0221183b98cbd0dc83da457253764
