SRA_ID,Name,name_base,BioProject,key,grin_accession,grin_plant_name,grin_n_acc_for_key,risky,confident_match,pi_linked_in_sra2accession
ERR10235200,S50676,S50676,PRJEB56265,S50676,,,,,False,False
ERR10235203,S68911,S68911,PRJEB56265,S68911,,,,,False,False
ERR10238125,S160,S160,PRJEB56265,S160,,,,,False,False
ERR10288611,YU796NS,YU796NS,PRJEB56320,YU796NS,Ames 27196,Yu796_NS,1.0,False,True,False
ERR10288612,YELLOW3-4,YELLOW3-4,PRJEB56320,YELLOW34,Ames 2331,Yellow 3-4,1.0,False,True,False
ERR10288613,W816G,W816G,PRJEB56320,W816G,Ames 30573,W816G,1.0,False,True,True
ERR10288614,W818G,W818G,PRJEB56320,W818G,Ames 30575,W818G,1.0,False,True,True
ERR10288615,VA52,VA52,PRJEB56320,VA52,Ames 19014,Va52,1.0,False,True,False
ERR10288616,YONG28,YONG28,PRJEB56320,YONG28,Ames 2333,Yong 28,1.0,False,True,False
ERR10288617,W601S,W601S,PRJEB56320,W601S,Ames 30553,W601S,1.0,False,True,True
ERR10288618,YANG,YANG,PRJEB56320,YANG,PI 391672,YANG,1.0,False,True,True
ERR10288619,SD15,SD15,PRJEB56320,SD15,NSL 34374,SD15,1.0,False,True,True
ERR10288620,T141,T141,PRJEB56320,T141,PI 340827,T141,1.0,False,True,True
ERR10288621,YE-CHI-HUNG,YE-CHI-HUNG,PRJEB56320,YECHIHUNG,PI 391682,YE-CHI-HUNG,1.0,False,True,True
ERR10288622,W802G,W802G,PRJEB56320,W802G,Ames 30559,W802G,1.0,False,True,True
ERR10288623,W703,W703,PRJEB56320,W703,NSL 30056,W703,1.0,False,True,True
ERR10288624,ZS1791,ZS1791,PRJEB56320,ZS1791,PI 591619,ZS1791,1.0,False,True,True
ERR10288625,S-56,S-56,PRJEB56320,S56,PI 535906,S 56,1.0,False,True,False
ERR10288626,T146,T146,PRJEB56320,T146,PI 340829,T146,1.0,False,True,True
ERR10288627,TR,TR,PRJEB56320,TR,Ames 26022,Tr,1.0,True,False,False
ERR10288628,T9,T9,PRJEB56320,T9,PI 340819,T9,1.0,True,False,True
ERR10288629,TZU-CHIAO-HSI-W,TZU-CHIAO-HSI-W,PRJEB56320,TZUCHIAOHSIW,,,,,False,False
ERR10288630,VA38,VA38,PRJEB56320,VA38,Ames 19011,Va38,1.0,False,True,False
ERR10288632,U-123,U-123,PRJEB56320,U123,PI 369446,U 123,1.0,False,True,False
ERR10288633,SG-30A,SG-30A,PRJEB56320,SG30A,PI 686067,SG 30A,1.0,False,True,False
ERR10288634,SEAGULLSEVENTEE,SEAGULLSEVENTEE,PRJEB56320,SEAGULLSEVENTEE,,,,,False,False
ERR10288635,SD42,SD42,PRJEB56320,SD42,PI 508277,SD42,1.0,False,True,True
ERR10288636,YE4,YE4,PRJEB56320,YE4,Ames 2335,Ye 4,1.0,False,True,False
ERR10288637,R30,R30,PRJEB56320,R30,Ames 15917,R30,2.0,False,False,False
ERR10288638,PHTD5,PHTD5,PRJEB56320,PHTD5,PI 578035,PHTD5,1.0,False,True,True
ERR10288640,PHV07,PHV07,PRJEB56320,PHV07,PI 543847,PHV07,1.0,False,True,True
ERR10288641,R197,R197,PRJEB56320,R197,NSL 30902,R197,1.0,False,True,True
ERR10288642,R134,R134,PRJEB56320,R134,NSL 30884,R134,1.0,False,True,True
ERR10289252,PHWRZ,PHWRZ,PRJEB56320,PHWRZ,PI 658504,PHWRZ,1.0,False,True,True
ERR10289277,PHT73,PHT73,PRJEB56320,PHT73,PI 559950,PHT73,1.0,False,True,True
ERR10289278,PHJ90,PHJ90,PRJEB56320,PHJ90,PI 548799,PHJ90,1.0,False,True,True
ERR10289279,R101,R101,PRJEB56320,R101,PI 693875,R101,1.0,False,True,True
ERR10289280,PHR61,PHR61,PRJEB56320,PHR61,PI 548806,PHR61,1.0,False,True,True
ERR10289281,PHW06,PHW06,PRJEB56320,PHW06,PI 543848,PHW06,1.0,False,True,True
ERR10289282,PHN18,PHN18,PRJEB56320,PHN18,PI 559943,PHN18,1.0,False,True,True
ERR10289283,PHTE4,PHTE4,PRJEB56320,PHTE4,PI 578034,PHTE4,1.0,False,True,True
ERR10289284,PHHB9,PHHB9,PRJEB56320,PHHB9,PI 565104,PHHB9,1.0,False,True,True
ERR10289285,PHHB4,PHHB4,PRJEB56320,PHHB4,PI 578033,PHHB4,1.0,False,True,True
ERR10289286,PHN41,PHN41,PRJEB56320,PHN41,PI 565109,PHN41,1.0,False,True,True
ERR10289287,R53,R53,PRJEB56320,R53,NSL 30869,R53,1.0,False,True,True
ERR10289288,PHRE1,PHRE1,PRJEB56320,PHRE1,PI 565110,PHRE1,1.0,False,True,True
ERR10289289,PHGG7,PHGG7,PRJEB56320,PHGG7,PI 559938,PHGG7,1.0,False,True,True
ERR10289291,PHEM7,PHEM7,PRJEB56320,PHEM7,PI 578032,PHEM7,1.0,False,True,True
ERR10289292,R225,R225,PRJEB56320,R225,PI 531509,R225,1.0,False,True,True
ERR10289293,PHEW7,PHEW7,PRJEB56320,PHEW7,PI 565102,PHEW7,1.0,False,True,True
ERR10289294,PHFA5,PHFA5,PRJEB56320,PHFA5,PI 565103,PHFA5,1.0,False,True,True
ERR10289295,PHEM9,PHEM9,PRJEB56320,PHEM9,PI 565101,PHEM9,1.0,False,True,True
ERR10289296,PHGV6,PHGV6,PRJEB56320,PHGV6,PI 559939,PHGV6,1.0,False,True,True
ERR10289297,PHDD6,PHDD6,PRJEB56320,PHDD6,PI 559937,PHDD6,1.0,False,True,True
ERR10289298,PHJ65,PHJ65,PRJEB56320,PHJ65,PI 543840,PHJ65,1.0,False,True,True
ERR10289299,PHAW6,PHAW6,PRJEB56320,PHAW6,PI 565100,PHAW6,1.0,False,True,True
ERR10289300,PA405,PA405,PRJEB56320,PA405,Ames 22757,Pa405,1.0,False,True,False
ERR10289301,PA778,PA778,PRJEB56320,PA778,PI 560081,Pa778,1.0,False,True,False
ERR10289302,OQ601,OQ601,PRJEB56320,OQ601,PI 583773,OQ601,1.0,False,True,True
ERR10289303,OQ101,OQ101,PRJEB56320,OQ101,PI 559919,OQ101,1.0,False,True,True
ERR10289304,PA468,PA468,PRJEB56320,PA468,PI 517971,Pa468,1.0,False,True,False
ERR10289305,PH5HK,PH5HK,PRJEB56320,PH5HK,PI 628348,PH5HK,1.0,False,True,True
ERR10289306,PA392,PA392,PRJEB56320,PA392,PI 517968,Pa392,1.0,False,True,False
ERR10289307,NY_166__NEVEH_Y,NY_166__NEVEH_Y,PRJEB56320,NY166NEVEHY,,,,,False,False
ERR10289308,NY159_NEVEHYAAR,NY159_NEVEHYAAR,PRJEB56320,NY159NEVEHYAAR,PI 200182,NY 159 (Neveh Yaar),1.0,False,True,False
ERR10289309,OH3167B,OH3167B,PRJEB56320,OH3167B,PI 692198,Oh 3167B,1.0,False,True,False
ERR10289310,OS426,OS426,PRJEB56320,OS426,PI 151531,Os426,1.0,False,True,False
ERR10289311,PA891,PA891,PRJEB56320,PA891,PI 531083,Pa891,1.0,False,True,False
ERR10289312,NP87,NP87,PRJEB56320,NP87,PI 542716,NP87,1.0,False,True,True
ERR10289313,NQ402,NQ402,PRJEB56320,NQ402,PI 566940,NQ402,1.0,False,True,True
ERR10289314,NO-380,NO-380,PRJEB56320,NO380,PI 303924,NO. 380,1.0,False,True,False
ERR10289315,NORTH7,NORTH7,PRJEB56320,NORTH7,Ames 2328,North 7,1.0,False,True,False
ERR10289316,NKBCC03,NKBCC03,PRJEB56320,NKBCC03,,,,,False,False
ERR10289317,NKNP901,NKNP901,PRJEB56320,NKNP901,,,,,False,False
ERR10289318,NK907,NK907,PRJEB56320,NK907,,,,,False,False
ERR10289319,NK794,NK794,PRJEB56320,NK794,,,,,False,False
ERR10289320,ND262,ND262,PRJEB56320,ND262,PI 522250,ND262,1.0,False,True,True
ERR10289322,ND287,ND287,PRJEB56320,ND287,PI 602956,ND287,1.0,False,True,True
ERR10289323,ND251,ND251,PRJEB56320,ND251,PI 550532,ND251,1.0,False,True,True
ERR10289324,ND283,ND283,PRJEB56320,ND283,NSL 32738,ND283,1.0,False,True,True
ERR10289325,ND260,ND260,PRJEB56320,ND260,PI 550573,ND260,1.0,False,True,True
ERR10289326,ND167,ND167,PRJEB56320,ND167,NSL 32726,ND167,1.0,False,True,True
ERR10289327,ND245,ND245,PRJEB56320,ND245,PI 550489,ND245,1.0,False,True,True
ERR10289328,ND1,ND1,PRJEB56320,ND1,NSL 32723,ND1,1.0,False,True,True
ERR10289329,ND249,ND249,PRJEB56320,ND249,PI 550530,ND249,1.0,False,True,True
ERR10289330,N216,N216,PRJEB56320,N216,PI 596355,N216,1.0,False,True,True
ERR10289331,ND230,ND230,PRJEB56320,ND230,PI 700795,ND230,1.0,False,True,True
ERR10289332,NC13,NC13,PRJEB56320,NC13,PI 690361,NC13,1.0,False,True,True
ERR10289333,N538,N538,PRJEB56320,N538,PI 594084,N538,1.0,False,True,True
ERR10289334,N545,N545,PRJEB56320,N545,PI 594091,N545,1.0,False,True,True
ERR10289335,N534,N534,PRJEB56320,N534,PI 594080,N534,1.0,False,True,True
ERR10289336,MS223,MS223,PRJEB56320,MS223,Ames 24748,MS223,1.0,False,True,True
ERR10289337,N540,N540,PRJEB56320,N540,PI 594086,N540,1.0,False,True,True
ERR10289338,MS106,MS106,PRJEB56320,MS106,Ames 24727,MS106,1.0,False,True,True
ERR10289339,MS222,MS222,PRJEB56320,MS222,Ames 24747,MS222,1.0,False,True,True
ERR10289341,MO7,MO7,PRJEB56320,MO7,PI 558516,Mo7,1.0,False,True,False
ERR10289342,N199,N199,PRJEB56320,N199,PI 568158,N199,1.0,False,True,True
ERR10289343,MS12,MS12,PRJEB56320,MS12,Ames 24706,MS12,1.0,False,True,True
ERR10289344,MO3,MO3,PRJEB56320,MO3,PI 558522,Mo3,1.0,False,True,False
ERR10289345,MO39,MO39,PRJEB56320,MO39,Ames 28937,Mo39,1.0,False,True,False
ERR10289346,MS142,MS142,PRJEB56320,MS142,Ames 24733,MS142,1.0,False,True,True
ERR10289347,MO28W,MO28W,PRJEB56320,MO28W,Ames 28928,Mo28W,1.0,False,True,False
ERR10289348,MO16W,MO16W,PRJEB56320,MO16W,PI 558531,Mo16W,1.0,False,True,False
ERR10289349,MO30W,MO30W,PRJEB56320,MO30W,,,,,False,False
ERR10289350,MO5,MO5,PRJEB56320,MO5,PI 558523,Mo5,1.0,False,True,False
ERR10289351,MO23W,MO23W,PRJEB56320,MO23W,Ames 20116,Mo23W,1.0,False,True,False
ERR10289352,MO15W,MO15W,PRJEB56320,MO15W,PI 558518,Mo15W,1.0,False,True,False
ERR10289354,MO13,MO13,PRJEB56320,MO13,PI 558529,Mo13,1.0,False,True,False
ERR10289355,LP1NRHT,LP1NRHT,PRJEB56320,LP1NRHT,PI 600729,LP1 NR HT,1.0,False,True,False
ERR10289356,LH284,LH284,PRJEB56320,LH284,PI 602590,LH284,1.0,False,True,True
ERR10289357,LH225,LH225,PRJEB56320,LH225,PI 574391,LH225,1.0,False,True,True
ERR10289358,LH212HT,LH212HT,PRJEB56320,LH212HT,PI 547089,LH212Ht,1.0,False,True,False
ERR10289359,LH218,LH218,PRJEB56320,LH218,PI 574390,LH218,1.0,False,True,True
ERR10289360,LH299,LH299,PRJEB56320,LH299,PI 642029,LH299,1.0,False,True,True
ERR10289361,LH217,LH217,PRJEB56320,LH217,PI 564540,LH217,1.0,False,True,True
ERR10289362,LH250,LH250,PRJEB56320,LH250,PI 583874,LH250,1.0,False,True,True
ERR10289363,LH252,LH252,PRJEB56320,LH252,PI 585227,LH252,1.0,False,True,True
ERR10289364,LH210,LH210,PRJEB56320,LH210,PI 537100,LH210,1.0,False,True,True
ERR10289365,LH260,LH260,PRJEB56320,LH260,PI 585228,LH260,1.0,False,True,True
ERR10289366,LH231,LH231,PRJEB56320,LH231,PI 585226,LH231,1.0,False,True,True
ERR10289367,LH175,LH175,PRJEB56320,LH175,PI 583872,LH175,1.0,False,True,True
ERR10289368,LH189HT,LH189HT,PRJEB56320,LH189HT,,,,,False,False
ERR10289975,LH183,LH183,PRJEB56320,LH183,PI 564755,LH183,1.0,False,True,True
ERR10289976,LH163,LH163,PRJEB56320,LH163,PI 538008,LH163,1.0,False,True,True
ERR10289977,LH188,LH188,PRJEB56320,LH188,PI 585224,LH188,1.0,False,True,True
ERR10289978,LH169HT,LH169HT,PRJEB56320,LH169HT,PI 576170,LH169Ht,1.0,False,True,False
ERR10290059,LH167,LH167,PRJEB56320,LH167,PI 564543,LH167,1.0,False,True,True
ERR10290060,LH159,LH159,PRJEB56320,LH159,PI 562377,LH159,1.0,False,True,True
ERR10290061,LH186,LH186,PRJEB56320,LH186,PI 576172,LH186,1.0,False,True,True
ERR10290062,L222,L222,PRJEB56320,L222,PI 584325,L222,1.0,False,True,True
ERR10290063,L155,L155,PRJEB56320,L155,PI 550695,L 155,1.0,False,True,False
ERR10290064,KO679Y,KO679Y,PRJEB56320,KO679Y,PI 591017,KO679Y,1.0,False,True,True
ERR10290065,L289,L289,PRJEB56320,L289,NSL 65872,L 289,1.0,False,True,False
ERR10290066,K155,K155,PRJEB56320,K155,PI 706570,K155,1.0,False,True,True
ERR10290067,K201,K201,PRJEB56320,K201,PI 706569,K201,1.0,False,True,True
ERR10290068,INBRED305,INBRED305,PRJEB56320,INBRED305,,,,,False,False
ERR10290069,LH164,LH164,PRJEB56320,LH164,PI 555659,LH164,1.0,False,True,True
ERR10290070,INBRED309,INBRED309,PRJEB56320,INBRED309,,,,,False,False
ERR10290071,INBRED_321,INBRED_321,PRJEB56320,INBRED321,,,,,False,False
ERR10290072,IL778D,IL778D,PRJEB56320,IL778D,PI 706561,IL 778d,1.0,False,True,False
ERR10290073,INBRED141,INBRED141,PRJEB56320,INBRED141,,,,,False,False
ERR10290074,ICI986,ICI986,PRJEB56320,ICI986,PI 559384,ICI 986,1.0,False,True,False
ERR10290075,INBRED_109,INBRED_109,PRJEB56320,INBRED109,,,,,False,False
ERR10290076,I159,I159,PRJEB56320,I159,Ames 24589,I159,1.0,False,True,True
ERR10290077,INBRED2-687,INBRED2-687,PRJEB56320,INBRED2687,,,,,False,False
ERR10290078,IL101T,IL101T,PRJEB56320,IL101T,PI 693367,IL101T,1.0,False,True,True
ERR10290079,INBRED_100,INBRED_100,PRJEB56320,INBRED100,,,,,False,False
ERR10290080,H124W,H124W,PRJEB56320,H124W,PI 698996,H124w,1.0,False,True,False
ERR10290081,H52,H52,PRJEB56320,H52,PI 698972,H52,1.0,False,True,True
ERR10290082,H122W,H122W,PRJEB56320,H122W,PI 698994,H122w,1.0,False,True,False
ERR10290083,HI26,HI26,PRJEB56320,HI26,PI 593008,Hi26,1.0,False,True,False
ERR10290084,ICI740,ICI740,PRJEB56320,ICI740,PI 559382,ICI 740,1.0,False,True,False
ERR10290085,G22T122,G22T122,PRJEB56320,G22T122,,,,,False,False
ERR10290086,HI28,HI28,PRJEB56320,HI28,PI 593010,Hi28,1.0,False,True,False
ERR10290087,FE,FE,PRJEB56320,FE,PI 692201,Fe,1.0,True,False,False
ERR10290088,H14,H14,PRJEB56320,H14,PI 698954,H14,1.0,False,True,True
ERR10290089,ICI893,ICI893,PRJEB56320,ICI893,PI 559383,ICI 893,1.0,False,True,False
ERR10290090,ICI441,ICI441,PRJEB56320,ICI441,PI 559381,ICI 441,1.0,False,True,False
ERR10290091,DK84BRQ4,DK84BRQ4,PRJEB56320,DK84BRQ4,,,,,False,False
ERR10290092,DK6F545,DK6F545,PRJEB56320,DK6F545,,,,,False,False
ERR10290093,DK8F196,DK8F196,PRJEB56320,DK8F196,,,,,False,False
ERR10290094,GE54,GE54,PRJEB56320,GE54,PI 700948,GE54,1.0,False,True,True
ERR10290095,F44,F44,PRJEB56320,F44,,,,,False,False
ERR10290096,CO236,CO236,PRJEB56320,CO236,Ames 27046,CO236,1.0,False,True,True
ERR10290097,G3T5A,G3T5A,PRJEB56320,G3T5A,,,,,False,False
ERR10290098,GE129,GE129,PRJEB56320,GE129,PI 700950,GE129,1.0,False,True,True
ERR10290099,ENG-LICHIH,ENG-LICHIH,PRJEB56320,ENGLICHIH,PI 427109,Eng-li Chih,1.0,False,True,False
ERR10290100,DKMFD-13D,DKMFD-13D,PRJEB56320,DKMFD13D,,,,,False,False
ERR10290101,F115,F115,PRJEB56320,F115,PI 257513,F115,1.0,False,True,True
ERR10290102,DKNL001,DKNL001,PRJEB56320,DKNL001,,,,,False,False
ERR10290103,DK8M129,DK8M129,PRJEB56320,DK8M129,,,,,False,False
ERR10290104,ICI193,ICI193,PRJEB56320,ICI193,PI 559380,ICI 193,1.0,False,True,False
ERR10290105,DKMBZA,DKMBZA,PRJEB56320,DKMBZA,,,,,False,False
ERR10290106,DKF274,DKF274,PRJEB56320,DKF274,,,,,False,False
ERR10290107,IA453,IA453,PRJEB56320,IA453,Ames 22030,Ia453,1.0,False,True,False
ERR10290108,DKWDAD1,DKWDAD1,PRJEB56320,DKWDAD1,,,,,False,False
ERR10290109,DK8M116,DK8M116,PRJEB56320,DK8M116,,,,,False,False
ERR10290110,IA5125B,IA5125B,PRJEB56320,IA5125B,Ames 27117,Ia5125B,1.0,False,True,False
ERR10290111,DK3IIH6,DK3IIH6,PRJEB56320,DK3IIH6,,,,,False,False
ERR10290112,CSJ3,CSJ3,PRJEB56320,CSJ3,Ames 27057,CSJ3,1.0,False,True,True
ERR10290113,CL17,CL17,PRJEB56320,CL17,Ames 27024,CL17,1.0,False,True,True
ERR10290114,CQ806,CQ806,PRJEB56320,CQ806,PI 566939,CQ806,1.0,False,True,True
ERR10290115,CI91B,CI91B,PRJEB56320,CI91B,PI 694098,C.I. 91b,1.0,False,True,False
ERR10290116,CO256,CO256,PRJEB56320,CO256,Ames 27051,CO256,1.0,False,True,True
ERR10290117,CI90C,CI90C,PRJEB56320,CI90C,PI 694097,CI 90C,1.0,False,True,False
ERR10290118,CS608,CS608,PRJEB56320,CS608,PI 560316,CS608,1.0,False,True,True
ERR10290119,CO245,CO245,PRJEB56320,CO245,Ames 27048,CO245,1.0,False,True,True
ERR10290120,CO192,CO192,PRJEB56320,CO192,Ames 27043,CO192,1.0,False,True,True
ERR10290121,CO237,CO237,PRJEB56320,CO237,Ames 27047,CO237,1.0,False,True,True
ERR10290122,CO216,CO216,PRJEB56320,CO216,Ames 27044,CO216,1.0,False,True,True
ERR10290123,BEI10-NORTH10,BEI10-NORTH10,PRJEB56320,BEI10NORTH10,,,,,False,False
ERR10290747,CM99,CM99,PRJEB56320,CM99,Ames 27031,CM99,1.0,False,True,True
ERR10290748,B99,B99,PRJEB56320,B99,PI 584528,B99,1.0,False,True,True
ERR10290749,CML395,CML395,PRJEB56320,CML395,PI 690627,CML 395,1.0,False,True,False
ERR10290750,CO158,CO158,PRJEB56320,CO158,Ames 27042,CO158,1.0,False,True,True
ERR10290751,CL27,CL27,PRJEB56320,CL27,Ames 27029,CL27,1.0,False,True,True
ERR10290752,B42,B42,PRJEB56320,B42,PI 603939,B42,1.0,False,True,True
ERR10290753,B54,B54,PRJEB56320,B54,PI 550470,B54,1.0,False,True,True
ERR10290754,CM48,CM48,PRJEB56320,CM48,Ames 22747,CM48,1.0,False,True,True
ERR10290755,CO117,CO117,PRJEB56320,CO117,Ames 27039,CO117,1.0,False,True,True
ERR10290756,CI540,CI540,PRJEB56320,CI540,PI 151090,CI 540,1.0,False,True,False
ERR10290757,C42,C42,PRJEB56320,C42,Ames 23507,C42,1.0,False,True,True
ERR10290758,CG10,CG10,PRJEB56320,CG10,Ames 24585,CG10,1.0,False,True,True
ERR10290759,C68,C68,PRJEB56320,C68,Ames 22023,C68,1.0,False,True,True
ERR10290760,A96,A96,PRJEB56320,A96,Ames 23393,A96,1.0,False,True,True
ERR10290761,CHI-TAN120,CHI-TAN120,PRJEB56320,CHITAN120,PI 427111,Chi-tan 120,1.0,False,True,False
ERR10290762,A651,A651,PRJEB56320,A651,Ames 23484,A651,1.0,False,True,True
ERR10290763,C102,C102,PRJEB56320,C102,NSL 22983,C102,1.0,False,True,True
ERR10290764,C15,C15,PRJEB56320,C15,Ames 22016,C15,1.0,False,True,True
ERR10290765,CI40H,CI40H,PRJEB56320,CI40H,PI 694078,C.I. 40h,1.0,False,True,False
ERR10290766,B91,B91,PRJEB56320,B91,PI 527700,B91,1.0,False,True,True
ERR10290767,B90,B90,PRJEB56320,B90,PI 527699,B90,1.0,False,True,True
ERR10290769,A171,A171,PRJEB56320,A171,NSL 42878,A171,1.0,False,True,True
ERR10290773,B101,B101,PRJEB56320,B101,PI 564852,B101,1.0,False,True,True
ERR10290776,A155,A155,PRJEB56320,A155,Ames 23396,A155,1.0,False,True,True
ERR10290778,B-18_INBR_FR_SU,B-18_INBR_FR_SU,PRJEB56320,B18INBRFRSU,,,,,False,False
ERR10290780,AM0776,AM0776,PRJEB56320,AM0776,PI 583356,AM0776,1.0,False,True,True
ERR10290781,B106,B106,PRJEB56320,B106,PI 594049,B106,1.0,False,True,True
ERR10290786,A15,A15,PRJEB56320,A15,Ames 23389,A15,1.0,False,True,True
ERR10290789,A673,A673,PRJEB56320,A673,Ames 23497,A673,1.0,False,True,True
ERR10290790,A12,A12,PRJEB56320,A12,NSL 42873,A12,1.0,False,True,True
ERR10290791,A662,A662,PRJEB56320,A662,PI 607522,A662,1.0,False,True,True
ERR10290794,AR228,AR228,PRJEB56320,AR228,PI 561522,AR228,1.0,False,True,True
ERR10290797,AH83,AH83,PRJEB56320,AH83,PI 692203,AH83,1.0,False,True,True
ERR10290799,A508,A508,PRJEB56320,A508,Ames 23446,A508,1.0,False,True,True
ERR10290801,A3G-3-3-1-313,A3G-3-3-1-313,PRJEB56320,A3G331313,PI 692202,A3G-3-3-1-313,1.0,False,True,True
ERR10290802,A415-1-3-INBRED,A415-1-3-INBRED,PRJEB56320,A41513,PI 221773,A415-1-3 INBRED,1.0,False,True,False
ERR10290803,A344,A344,PRJEB56320,A344,Ames 23425,A344,1.0,False,True,True
ERR10290806,4F-234BX4,4F-234BX4,PRJEB56320,4F234BX4,PI 198892,4F-234 BX 4,1.0,False,True,False
ERR10290809,80-2,80-2,PRJEB56320,802,PI 369437,80-2,1.0,True,False,True
ERR10290812,4F-306_108,4F-306_108,PRJEB56320,4F306108,PI 198897,4F-306 108,1.0,False,True,False
ERR10290814,904,904,PRJEB56320,904,PI 560317,904,1.0,True,False,True
ERR10290815,4554_INBRED,4554_INBRED,PRJEB56320,4554INBRED,,,,,False,False
ERR10290816,52220,52220,PRJEB56320,52220,Ames 2336,52220,1.0,True,False,True
ERR10290818,4578INBRED,4578INBRED,PRJEB56320,4578INBRED,,,,,False,False
ERR11202955,Par_N16,Par_N16,PRJEB61159,PARN16,,,,,False,False
ERR1462650,A374_inra,A374_inra,PRJEB14212,A374INRA,,,,,False,False
ERR1462651,AR210_inra,AR210_inra,PRJEB14212,AR210INRA,,,,,False,False
ERR1462652,Ak3_inra,Ak3_inra,PRJEB14212,AK3INRA,,,,,False,False
ERR1462653,CH10-4_ethz,CH10-4_ethz,PRJEB14212,CH104ETHZ,,,,,False,False
ERR1462654,CH19-1_ethz,CH19-1_ethz,PRJEB14212,CH191ETHZ,,,,,False,False
ERR1462655,CH34_ethz,CH34_ethz,PRJEB14212,CH34ETHZ,,,,,False,False
ERR1462656,CH36_ethz,CH36_ethz,PRJEB14212,CH36ETHZ,,,,,False,False
ERR1462657,CH446A_ethz,CH446A_ethz,PRJEB14212,CH446AETHZ,,,,,False,False
ERR1462658,CO109_inra,CO109_inra,PRJEB14212,CO109INRA,,,,,False,False
ERR1462659,CQ502_inra,CQ502_inra,PRJEB14212,CQ502INRA,,,,,False,False
ERR1462660,EP4_csic,EP4_csic,PRJEB14212,EP4CSIC,,,,,False,False
ERR1462661,EP80_csic,EP80_csic,PRJEB14212,EP80CSIC,,,,,False,False
ERR1462662,EV18_csic,EV18_csic,PRJEB14212,EV18CSIC,,,,,False,False
ERR1462663,EZ4_csic,EZ4_csic,PRJEB14212,EZ4CSIC,,,,,False,False
ERR1462664,F48_inra,F48_inra,PRJEB14212,F48INRA,,,,,False,False
ERR1462666,F759_inra,F759_inra,PRJEB14212,F759INRA,,,,,False,False
ERR1462667,GA219_inra,GA219_inra,PRJEB14212,GA219INRA,,,,,False,False
ERR1462668,FV1_inra,FV1_inra,PRJEB14212,FV1INRA,,,,,False,False
ERR1462669,FV70_inra,FV70_inra,PRJEB14212,FV70INRA,,,,,False,False
ERR1462670,FV72_inra,FV72_inra,PRJEB14212,FV72INRA,,,,,False,False
ERR1462671,FV76_inra,FV76_inra,PRJEB14212,FV76INRA,,,,,False,False
ERR1462672,F39_inra,F39_inra,PRJEB14212,F39INRA,,,,,False,False
ERR1462673,FC16_inra,FC16_inra,PRJEB14212,FC16INRA,,,,,False,False
ERR1462674,FC24_inra,FC24_inra,PRJEB14212,FC24INRA,,,,,False,False
ERR1462675,FC673_inra,FC673_inra,PRJEB14212,FC673INRA,,,,,False,False
ERR1462676,FC25_inra,FC25_inra,PRJEB14212,FC25INRA,,,,,False,False
ERR1462677,Mo15W_inra,Mo15W_inra,PRJEB14212,MO15WINRA,,,,,False,False
ERR1462678,N22_inra,N22_inra,PRJEB14212,N22INRA,,,,,False,False
ERR1462679,N6_inra,N6_inra,PRJEB14212,N6INRA,,,,,False,False
ERR1462680,NC222_inra,NC222_inra,PRJEB14212,NC222INRA,,,,,False,False
ERR1462682,ND1_inra,ND1_inra,PRJEB14212,ND1INRA,,,,,False,False
ERR1462683,ND283_inra,ND283_inra,PRJEB14212,ND283INRA,,,,,False,False
ERR1462684,ND30_inra,ND30_inra,PRJEB14212,ND30INRA,,,,,False,False
ERR1462686,NY303_inra,NY303_inra,PRJEB14212,NY303INRA,,,,,False,False
ERR1462687,NYS302_inra,NYS302_inra,PRJEB14212,NYS302INRA,,,,,False,False
ERR1462688,PB18_inra,PB18_inra,PRJEB14212,PB18INRA,,,,,False,False
ERR1462690,PB79-2_inra,PB79-2_inra,PRJEB14212,PB792INRA,,,,,False,False
ERR1462691,PB86_inra,PB86_inra,PRJEB14212,PB86INRA,,,,,False,False
ERR1462692,PLS14_inra,PLS14_inra,PRJEB14212,PLS14INRA,,,,,False,False
ERR1462693,PP147_inra,PP147_inra,PRJEB14212,PP147INRA,,,,,False,False
ERR1462694,RT9_inra,RT9_inra,PRJEB14212,RT9INRA,,,,,False,False
ERR1462695,UH_FF0721H_uh,UH_FF0721H_uh,PRJEB14212,UHFF0721HUH,,,,,False,False
ERR1462696,Wf9_inra,Wf9_inra,PRJEB14212,WF9INRA,,,,,False,False
ERR1462697,WJ_inra,WJ_inra,PRJEB14212,WJINRA,,,,,False,False
ERR1462698,ARZM01097_CIMMYT,ARZM01097_CIMMYT,PRJEB14212,ARZM01097CIMMYT,,,,,False,False
ERR1462699,ARZM07086_CIMMYT,ARZM07086_CIMMYT,PRJEB14212,ARZM07086CIMMYT,,,,,False,False
ERR1462700,MR25_JDHMV2,MR25_JDHMV2,PRJEB14212,MR25JDHMV2,,,,,False,False
ERR1462701,MR05_JDHMV2,MR05_JDHMV2,PRJEB14212,MR05JDHMV2,,,,,False,False
ERR1462702,MR07_JDHMV2,MR07_JDHMV2,PRJEB14212,MR07JDHMV2,,,,,False,False
ERR1462703,MR18_JDHMV2,MR18_JDHMV2,PRJEB14212,MR18JDHMV2,,,,,False,False
ERR1462704,MR09_JDHMV2,MR09_JDHMV2,PRJEB14212,MR09JDHMV2,,,,,False,False
ERR1462705,SNLP305_CIMMYT,SNLP305_CIMMYT,PRJEB14212,SNLP305CIMMYT,,,,,False,False
ERR1462706,PDZ37_SSD23,PDZ37_SSD23,PRJEB14212,PDZ37SSD23,,,,,False,False
ERR1462707,PDZ676-103,PDZ676-103,PRJEB14212,PDZ676103,,,,,False,False
ERR1462708,PDZ666-102,PDZ666-102,PRJEB14212,PDZ666102,,,,,False,False
ERR1462709,EM1197_inra,EM1197_inra,PRJEB14212,EM1197INRA,,,,,False,False
ERR1462710,EM1433_inra,EM1433_inra,PRJEB14212,EM1433INRA,,,,,False,False
ERR1462711,EM1712_inra,EM1712_inra,PRJEB14212,EM1712INRA,,,,,False,False
ERR1462712,EM2000_inra,EM2000_inra,PRJEB14212,EM2000INRA,,,,,False,False
ERR1462713,PDZ668-101,PDZ668-101,PRJEB14212,PDZ668101,,,,,False,False
ERR1462714,PDZ689-201,PDZ689-201,PRJEB14212,PDZ689201,,,,,False,False
ERR1462715,PDZ741-101,PDZ741-101,PRJEB14212,PDZ741101,,,,,False,False
ERR1462716,PDZ737-101,PDZ737-101,PRJEB14212,PDZ737101,,,,,False,False
ERR1462717,MR23_JDHMV2,MR23_JDHMV2,PRJEB14212,MR23JDHMV2,,,,,False,False
ERR1462718,PDZ682-101,PDZ682-101,PRJEB14212,PDZ682101,,,,,False,False
ERR1462719,MR08_JDHMV2,MR08_JDHMV2,PRJEB14212,MR08JDHMV2,,,,,False,False
ERR1462720,MR01_JDHMV2,MR01_JDHMV2,PRJEB14212,MR01JDHMV2,,,,,False,False
ERR3155224,Tzi8,Tzi8,PRJEB31061,TZI8,PI 506246,Tzi 8,1.0,False,True,False
ERR3155516,Tzi8,Tzi8,PRJEB31061,TZI8,PI 506246,Tzi 8,1.0,False,True,False
ERR3155517,Tzi8,Tzi8,PRJEB31061,TZI8,PI 506246,Tzi 8,1.0,False,True,False
ERR3155518,Tzi8,Tzi8,PRJEB31061,TZI8,PI 506246,Tzi 8,1.0,False,True,False
ERR3288215,B73_v5rep1,B73,PRJEB32225,B73,PI 550473,B73,1.0,False,True,True
ERR3288216,B73_v5rep2,B73,PRJEB32225,B73,PI 550473,B73,1.0,False,True,True
ERR3288217,B73_v5rep3,B73,PRJEB32225,B73,PI 550473,B73,1.0,False,True,True
ERR3288218,B73_v5rep4,B73,PRJEB32225,B73,PI 550473,B73,1.0,False,True,True
ERR3307809,B97rep1,B,PRJEB31061,B,PI 218044,B,1.0,True,False,True
ERR3307810,B97rep2,B,PRJEB31061,B,PI 218044,B,1.0,True,False,True
ERR3307811,B97rep3,B,PRJEB31061,B,PI 218044,B,1.0,True,False,True
ERR3307812,B97rep4,B,PRJEB31061,B,PI 218044,B,1.0,True,False,True
ERR3307829,CML69,CML69,PRJEB31061,CML69,PI 690318,CML 69,1.0,False,True,False
ERR3307830,CML69,CML69,PRJEB31061,CML69,PI 690318,CML 69,1.0,False,True,False
ERR3307831,CML69,CML69,PRJEB31061,CML69,PI 690318,CML 69,1.0,False,True,False
ERR3307832,CML69,CML69,PRJEB31061,CML69,PI 690318,CML 69,1.0,False,True,False
ERR3307833,CML103,CML103,PRJEB31061,CML103,PI 690319,CML 103,1.0,False,True,False
ERR3307834,CML103,CML103,PRJEB31061,CML103,PI 690319,CML 103,1.0,False,True,False
ERR3307835,CML103,CML103,PRJEB31061,CML103,PI 690319,CML 103,1.0,False,True,False
ERR3307836,CML103,CML103,PRJEB31061,CML103,PI 690319,CML 103,1.0,False,True,False
ERR3307837,CML228,CML228,PRJEB31061,CML228,PI 690320,CML 228,1.0,False,True,False
ERR3307838,CML228,CML228,PRJEB31061,CML228,PI 690320,CML 228,1.0,False,True,False
ERR3307839,CML228,CML228,PRJEB31061,CML228,PI 690320,CML 228,1.0,False,True,False
ERR3307840,CML228,CML228,PRJEB31061,CML228,PI 690320,CML 228,1.0,False,True,False
ERR3307841,CML247,CML247,PRJEB31061,CML247,PI 595541,CML 247,1.0,False,True,False
ERR3307842,CML247,CML247,PRJEB31061,CML247,PI 595541,CML 247,1.0,False,True,False
ERR3307843,CML247,CML247,PRJEB31061,CML247,PI 595541,CML 247,1.0,False,True,False
ERR3307844,CML247,CML247,PRJEB31061,CML247,PI 595541,CML 247,1.0,False,True,False
ERR3307845,CML277,CML277,PRJEB31061,CML277,PI 595550,CML 277,1.0,False,True,False
ERR3307846,CML277,CML277,PRJEB31061,CML277,PI 595550,CML 277,1.0,False,True,False
ERR3307847,CML277,CML277,PRJEB31061,CML277,PI 595550,CML 277,1.0,False,True,False
ERR3307848,CML277,CML277,PRJEB31061,CML277,PI 595550,CML 277,1.0,False,True,False
ERR3307849,CML322,CML322,PRJEB31061,CML322,PI 690321,CML 322,1.0,False,True,False
ERR3307850,CML322,CML322,PRJEB31061,CML322,PI 690321,CML 322,1.0,False,True,False
ERR3307851,CML322,CML322,PRJEB31061,CML322,PI 690321,CML 322,1.0,False,True,False
ERR3307852,CML322,CML322,PRJEB31061,CML322,PI 690321,CML 322,1.0,False,True,False
ERR3307853,CML333,CML333,PRJEB31061,CML333,PI 690322,CML 333,1.0,False,True,False
ERR3307854,CML333,CML333,PRJEB31061,CML333,PI 690322,CML 333,1.0,False,True,False
ERR3307855,CML333,CML333,PRJEB31061,CML333,PI 690322,CML 333,1.0,False,True,False
ERR3307856,CML333,CML333,PRJEB31061,CML333,PI 690322,CML 333,1.0,False,True,False
ERR3307857,Hp301,Hp301,PRJEB31061,HP301,PI 587131,HP301,1.0,False,True,False
ERR3307866,Il14H,Il14H,PRJEB31061,IL14H,PI 358523,Il14H,1.0,False,True,True
ERR3307867,Il14H,Il14H,PRJEB31061,IL14H,PI 358523,Il14H,1.0,False,True,True
ERR3307868,Il14H,Il14H,PRJEB31061,IL14H,PI 358523,Il14H,1.0,False,True,True
ERR3307869,Il14H,Il14H,PRJEB31061,IL14H,PI 358523,Il14H,1.0,False,True,True
ERR3307874,Ki3,Ki3,PRJEB31061,KI3,PI 690324,Ki3,1.0,False,True,True
ERR3307875,Ki3,Ki3,PRJEB31061,KI3,PI 690324,Ki3,1.0,False,True,True
ERR3307876,Ki3,Ki3,PRJEB31061,KI3,PI 690324,Ki3,1.0,False,True,True
ERR3307877,Ki3,Ki3,PRJEB31061,KI3,PI 690324,Ki3,1.0,False,True,True
ERR3307878,Ki11,Ki11,PRJEB31061,KI11,PI 690325,Ki11,1.0,False,True,True
ERR3307879,Ky21,Ky21,PRJEB31061,KY21,PI 690326,Ky21,1.0,False,True,True
ERR3307880,Ky21,Ky21,PRJEB31061,KY21,PI 690326,Ky21,1.0,False,True,True
ERR3307881,Ky21,Ky21,PRJEB31061,KY21,PI 690326,Ky21,1.0,False,True,True
ERR3307882,Ky21,Ky21,PRJEB31061,KY21,PI 690326,Ky21,1.0,False,True,True
ERR3307883,M162W,M162W,PRJEB31061,M162W,PI 690328,M162W,1.0,False,True,True
ERR3307884,M37W,M37W,PRJEB31061,M37W,PI 690327,M37W,1.0,False,True,True
ERR3307885,Mo18W,Mo18W,PRJEB31061,MO18W,PI 550441,Mo18W,1.0,False,True,True
ERR3307886,MS71,MS71,PRJEB31061,MS71,PI 587137,Ms71,1.0,False,True,False
ERR3307887,MS71,MS71,PRJEB31061,MS71,PI 587137,Ms71,1.0,False,True,False
ERR3307888,MS71,MS71,PRJEB31061,MS71,PI 587137,Ms71,1.0,False,True,False
ERR3307889,MS71,MS71,PRJEB31061,MS71,PI 587137,Ms71,1.0,False,True,False
ERR3307890,NC350,NC350,PRJEB31061,NC350,PI 690329,NC350,1.0,False,True,True
ERR3307891,NC350,NC350,PRJEB31061,NC350,PI 690329,NC350,1.0,False,True,True
ERR3307892,NC350,NC350,PRJEB31061,NC350,PI 690329,NC350,1.0,False,True,True
ERR3307893,NC350,NC350,PRJEB31061,NC350,PI 690329,NC350,1.0,False,True,True
ERR3307894,Oh43,Oh43,PRJEB31061,OH43,PI 690332,Oh43,1.0,False,True,True
ERR3307895,Oh43,Oh43,PRJEB31061,OH43,PI 690332,Oh43,1.0,False,True,True
ERR3307896,Oh43,Oh43,PRJEB31061,OH43,PI 690332,Oh43,1.0,False,True,True
ERR3307897,Oh43,Oh43,PRJEB31061,OH43,PI 690332,Oh43,1.0,False,True,True
ERR3307898,Oh7B,Oh7B,PRJEB31061,OH7B,PI 690331,Oh7B,1.0,False,True,True
ERR3307899,Oh7B,Oh7B,PRJEB31061,OH7B,PI 690331,Oh7B,1.0,False,True,True
ERR3307900,Oh7B,Oh7B,PRJEB31061,OH7B,PI 690331,Oh7B,1.0,False,True,True
ERR3307901,Oh7B,Oh7B,PRJEB31061,OH7B,PI 690331,Oh7B,1.0,False,True,True
ERR3307902,P39,P39,PRJEB31061,P39,PI 587133,P39,2.0,False,False,False
ERR3307903,P39,P39,PRJEB31061,P39,PI 587133,P39,2.0,False,False,False
ERR3307904,P39,P39,PRJEB31061,P39,PI 587133,P39,2.0,False,False,False
ERR3307905,P39,P39,PRJEB31061,P39,PI 587133,P39,2.0,False,False,False
ERR3307906,Tx303,Tx303,PRJEB31061,TX303,PI 690334,Tx303,1.0,False,True,True
ERR3307907,Tx303,Tx303,PRJEB31061,TX303,PI 690334,Tx303,1.0,False,True,True
ERR3307908,Tx303,Tx303,PRJEB31061,TX303,PI 690334,Tx303,1.0,False,True,True
ERR3307909,Tx303,Tx303,PRJEB31061,TX303,PI 690334,Tx303,1.0,False,True,True
SRR11301547,Dong46,Dong46,PRJNA609577,DONG46,,,,,False,False
SRR11301548,Dong46,Dong46,PRJNA609577,DONG46,,,,,False,False
SRR11301551,3IBZ2,3IBZ2,PRJNA609577,3IBZ2,PI 554616,3IBZ2,1.0,False,True,True
SRR11301553,Lx9801,Lx9801,PRJNA609577,LX9801,,,,,False,False
SRR11301554,Lx9801,Lx9801,PRJNA609577,LX9801,,,,,False,False
SRR11301555,Lx9801,Lx9801,PRJNA609577,LX9801,,,,,False,False
SRR11301556,515,515,PRJNA609577,515,,,,,False,False
SRR11301557,515,515,PRJNA609577,515,,,,,False,False
SRR11301558,K12,K12,PRJNA609577,K12,Ames 34543,K12,1.0,False,True,True
SRR11301559,K12,K12,PRJNA609577,K12,Ames 34543,K12,1.0,False,True,True
SRR11301560,444,444,PRJNA609577,444,,,,,False,False
SRR11301561,444,444,PRJNA609577,444,,,,,False,False
SRR11301562,6F629,6F629,PRJNA609577,6F629,PI 546483,6F629,1.0,False,True,True
SRR11301563,Jing7,Jing7,PRJNA609577,JING7,,,,,False,False
SRR11301564,Jing7,Jing7,PRJNA609577,JING7,,,,,False,False
SRR11301565,Ji853,Ji853,PRJNA609577,JI853,,,,,False,False
SRR11301566,Ji853,Ji853,PRJNA609577,JI853,,,,,False,False
SRR11301573,6F629,6F629,PRJNA609577,6F629,PI 546483,6F629,1.0,False,True,True
SRR11301579,P138,P138,PRJNA609577,P138,Ames 17681,P138,1.0,False,True,True
SRR11301580,P138,P138,PRJNA609577,P138,Ames 17681,P138,1.0,False,True,True
SRR11301582,Shen137,Shen137,PRJNA609577,SHEN137,,,,,False,False
SRR11301583,Shen137,Shen137,PRJNA609577,SHEN137,,,,,False,False
SRR11301584,Qi319,Qi319,PRJNA609577,QI319,,,,,False,False
SRR11301585,FBLA,FBLA,PRJNA609577,FBLA,PI 546482,FBLA,1.0,False,True,True
SRR11301586,Qi319,Qi319,PRJNA609577,QI319,,,,,False,False
SRR11301587,698_3,698_3,PRJNA609577,6983,,,,,False,False
SRR11301588,698_3,698_3,PRJNA609577,6983,,,,,False,False
SRR11301589,Longkang11,Longkang11,PRJNA609577,LONGKANG11,,,,,False,False
SRR11301590,Longkang11,Longkang11,PRJNA609577,LONGKANG11,,,,,False,False
SRR11301591,Huobai,Huobai,PRJNA609577,HUOBAI,Ames 2339,Huobai,1.0,False,True,True
SRR11301592,Huobai,Huobai,PRJNA609577,HUOBAI,Ames 2339,Huobai,1.0,False,True,True
SRR11301593,9058,9058,PRJNA609577,9058,,,,,False,False
SRR11301594,9058,9058,PRJNA609577,9058,,,,,False,False
SRR11301596,FBLA,FBLA,PRJNA609577,FBLA,PI 546482,FBLA,1.0,False,True,True
SRR11301599,Huangyesi3,Huangyesi3,PRJNA609577,HUANGYESI3,,,,,False,False
SRR11301600,7884_7Ht,7884_7Ht,PRJNA609577,78847HT,,,,,False,False
SRR11301601,5005,5005,PRJNA609577,5005,,,,,False,False
SRR11301602,81162,81162,PRJNA609577,81162,,,,,False,False
SRR11301603,18_599,18_599,PRJNA609577,18599,,,,,False,False
SRR11301604,PHH93,PHH93,PRJNA609577,PHH93,PI 601567,PHH93,1.0,False,True,True
SRR11301605,IBB14,IBB14,PRJNA609577,IBB14,PI 601565,IBB14,1.0,False,True,True
SRR11301606,Aijin525,Aijin525,PRJNA609577,AIJIN525,,,,,False,False
SRR11301607,IBB14,IBB14,PRJNA609577,IBB14,PI 601565,IBB14,1.0,False,True,True
SRR11301608,787,787,PRJNA609577,787,PI 601490,787,1.0,True,False,True
SRR11301609,787,787,PRJNA609577,787,PI 601490,787,1.0,True,False,True
SRR11301610,PHW30,PHW30,PRJNA609577,PHW30,PI 548808,PHW30,1.0,False,True,True
SRR11301611,PHW30,PHW30,PRJNA609577,PHW30,PI 548808,PHW30,1.0,False,True,True
SRR11301612,LH220Ht,LH220Ht,PRJNA609577,LH220HT,PI 538011,LH220Ht,1.0,False,True,True
SRR11301613,LH220Ht,LH220Ht,PRJNA609577,LH220HT,PI 538011,LH220Ht,1.0,False,True,True
SRR11301614,W23,W23,PRJNA609577,W23,NSL 30060,W23,1.0,False,True,True
SRR11301615,W23,W23,PRJNA609577,W23,NSL 30060,W23,1.0,False,True,True
SRR11301616,H84,H84,PRJNA609577,H84,PI 587128,H84,1.0,False,True,True
SRR11301617,Yuanqi123,Yuanqi123,PRJNA609577,YUANQI123,,,,,False,False
SRR11301618,H84,H84,PRJNA609577,H84,PI 587128,H84,1.0,False,True,True
SRR11301619,Va26,Va26,PRJNA609577,VA26,PI 587149,Va26,1.0,False,True,True
SRR11301620,Va26,Va26,PRJNA609577,VA26,PI 587149,Va26,1.0,False,True,True
SRR11301621,B76,B76,PRJNA609577,B76,PI 550483,B76,1.0,False,True,True
SRR11301622,B76,B76,PRJNA609577,B76,PI 550483,B76,1.0,False,True,True
SRR11301623,B95,B95,PRJNA609577,B95,PI 561565,B95,1.0,False,True,True
SRR11301624,B95,B95,PRJNA609577,B95,PI 561565,B95,1.0,False,True,True
SRR11301625,B100,B100,PRJNA609577,B100,PI 584529,B100,1.0,False,True,True
SRR11301626,B100,B100,PRJNA609577,B100,PI 584529,B100,1.0,False,True,True
SRR11301627,B73,B73,PRJNA609577,B73,PI 550473,B73,1.0,False,True,True
SRR11301628,Qi35,Qi35,PRJNA609577,QI35,,,,,False,False
SRR11301629,B73,B73,PRJNA609577,B73,PI 550473,B73,1.0,False,True,True
SRR11301630,BZN,BZN,PRJNA609577,BZN,,,,,False,False
SRR11301631,BZN,BZN,PRJNA609577,BZN,,,,,False,False
SRR11301632,A632,A632,PRJNA609577,A632,PI 587140,A632,1.0,False,True,True
SRR11301633,A632,A632,PRJNA609577,A632,PI 587140,A632,1.0,False,True,True
SRR11301634,200B,200B,PRJNA609577,200B,,,,,False,False
SRR11301635,200B,200B,PRJNA609577,200B,,,,,False,False
SRR11301636,Zong3,Zong3,PRJNA609577,ZONG3,,,,,False,False
SRR11301637,Zong3,Zong3,PRJNA609577,ZONG3,,,,,False,False
SRR11301638,Zi330,Zi330,PRJNA609577,ZI330,PI 452256,Zi 330,1.0,False,True,False
SRR11301639,Yuanwu02,Yuanwu02,PRJNA609577,YUANWU02,,,,,False,False
SRR11301640,Zi330,Zi330,PRJNA609577,ZI330,PI 452256,Zi 330,1.0,False,True,False
SRR11301641,488,488,PRJNA609577,488,PI 520704,488,1.0,True,False,True
SRR11301642,488,488,PRJNA609577,488,PI 520704,488,1.0,True,False,True
SRR11301643,Xi14,Xi14,PRJNA609577,XI14,,,,,False,False
SRR11301644,Xi14,Xi14,PRJNA609577,XI14,,,,,False,False
SRR11301645,Tie7922,Tie7922,PRJNA609577,TIE7922,,,,,False,False
SRR11301646,Tie7922,Tie7922,PRJNA609577,TIE7922,,,,,False,False
SRR11301647,Ji842,Ji842,PRJNA609577,JI842,,,,,False,False
SRR11301648,Ji842,Ji842,PRJNA609577,JI842,,,,,False,False
SRR11301658,C102,C102,PRJNA609577,C102,NSL 22983,C102,1.0,False,True,True
SRR11301666,Tai184,Tai184,PRJNA609577,TAI184,,,,,False,False
SRR11301677,Hai1134,Hai1134,PRJNA609577,HAI1134,,,,,False,False
SRR11301688,Cheng687,Cheng687,PRJNA609577,CHENG687,,,,,False,False
SRR11301694,MS153,MS153,PRJNA609577,MS153,,,,,False,False
SRR11301695,MS153,MS153,PRJNA609577,MS153,,,,,False,False
SRR11301696,MS153,MS153,PRJNA609577,MS153,,,,,False,False
SRR11301698,I159,I159,PRJNA609577,I159,Ames 24589,I159,1.0,False,True,True
SRR11301699,Xinaiguang10,Xinaiguang10,PRJNA609577,XINAIGUANG10,,,,,False,False
SRR11301700,I159,I159,PRJNA609577,I159,Ames 24589,I159,1.0,False,True,True
SRR11301708,A334,A334,PRJNA609577,A334,Ames 23423,A334,1.0,False,True,True
SRR11301709,A334,A334,PRJNA609577,A334,Ames 23423,A334,1.0,False,True,True
SRR11301710,Dan341,Dan341,PRJNA609577,DAN341,,,,,False,False
SRR11301721,Dan99chang,Dan99chang,PRJNA609577,DAN99CHANG,,,,,False,False
SRR11301722,CM37,CM37,PRJNA609577,CM37,Ames 35264,CM37,2.0,False,False,False
SRR11301723,CM37,CM37,PRJNA609577,CM37,Ames 35264,CM37,2.0,False,False,False
SRR11301724,Mt42,Mt42,PRJNA609577,MT42,PI 693337,Mt42,1.0,False,True,True
SRR11301725,R168,R168,PRJNA609577,R168,PI 693334,R168,1.0,False,True,True
SRR11301726,N28,N28,PRJNA609577,N28,Ames 19321,N28,2.0,False,False,False
SRR11301727,H95,H95,PRJNA609577,H95,PI 693333,H95,1.0,False,True,True
SRR11301728,C123,C123,PRJNA609577,C123,PI 693330,C123,1.0,False,True,True
SRR11301729,WF9,WF9,PRJNA609577,WF9,PI 146374,Wf9,1.0,False,True,False
SRR11301730,VA59,VA59,PRJNA609577,VA59,PI 693326,Va59,1.0,False,True,False
SRR11301731,Va17,Va17,PRJNA609577,VA17,PI 693325,Va17,1.0,False,True,True
SRR11301732,LD61,LD61,PRJNA609577,LD61,,,,,False,False
SRR11301735,LH212Ht,LH212Ht,PRJNA609577,LH212HT,PI 547089,LH212Ht,1.0,False,True,True
SRR11301736,LH212Ht,LH212Ht,PRJNA609577,LH212HT,PI 547089,LH212Ht,1.0,False,True,True
SRR11301741,Wu105,Wu105,PRJNA609577,WU105,PI 442884,Wu 105,1.0,False,True,False
SRR11301743,LH208,LH208,PRJNA609577,LH208,PI 547088,LH208,1.0,False,True,True
SRR11301744,LH208,LH208,PRJNA609577,LH208,PI 547088,LH208,1.0,False,True,True
SRR11301745,LH181,LH181,PRJNA609577,LH181,PI 547087,LH181,1.0,False,True,True
SRR11301746,LH181,LH181,PRJNA609577,LH181,PI 547087,LH181,1.0,False,True,True
SRR11301747,LH128,LH128,PRJNA609577,LH128,PI 547086,LH128,1.0,False,True,True
SRR11301748,LH128,LH128,PRJNA609577,LH128,PI 547086,LH128,1.0,False,True,True
SRR11301749,NL001,NL001,PRJNA609577,NL001,PI 546485,NL001,1.0,False,True,True
SRR11301750,NL001,NL001,PRJNA609577,NL001,PI 546485,NL001,1.0,False,True,True
SRR11301751,BCC03,BCC03,PRJNA609577,BCC03,PI 544065,BCC03,1.0,False,True,True
SRR11301752,75_1,75_1,PRJNA609577,751,,,,,False,False
SRR11301753,BCC03,BCC03,PRJNA609577,BCC03,PI 544065,BCC03,1.0,False,True,True
SRR11301754,PHV07,PHV07,PRJNA609577,PHV07,PI 543847,PHV07,1.0,False,True,True
SRR11301755,PHV07,PHV07,PRJNA609577,PHV07,PI 543847,PHV07,1.0,False,True,True
SRR11301756,PHP76,PHP76,PRJNA609577,PHP76,PI 543846,PHP76,1.0,False,True,True
SRR11301757,PHP76,PHP76,PRJNA609577,PHP76,PI 543846,PHP76,1.0,False,True,True
SRR11301758,PHJ65,PHJ65,PRJNA609577,PHJ65,PI 543840,PHJ65,1.0,False,True,True
SRR11301759,PHJ65,PHJ65,PRJNA609577,PHJ65,PI 543840,PHJ65,1.0,False,True,True
SRR11301760,LH191,LH191,PRJNA609577,LH191,PI 539925,LH191,1.0,False,True,True
SRR11301761,Nan21_3,Nan21_3,PRJNA609577,NAN213,,,,,False,False
SRR11301762,Zaodahuang,Zaodahuang,PRJNA609577,ZAODAHUANG,,,,,False,False
SRR11301763,Chang72,Chang72,PRJNA609577,CHANG72,,,,,False,False
SRR11301764,832,832,PRJNA609577,832,,,,,False,False
SRR11301765,803,803,PRJNA609577,803,,,,,False,False
SRR11301766,803,803,PRJNA609577,803,,,,,False,False
SRR11301767,Wenhuang31413,Wenhuang31413,PRJNA609577,WENHUANG31413,,,,,False,False
SRR11301768,Wenhuang31413,Wenhuang31413,PRJNA609577,WENHUANG31413,,,,,False,False
SRR11301769,434,434,PRJNA609577,434,,,,,False,False
SRR11301770,434,434,PRJNA609577,434,,,,,False,False
SRR11301771,Hai014,Hai014,PRJNA609577,HAI014,,,,,False,False
SRR11301772,4112,4112,PRJNA609577,4112,,,,,False,False
SRR11301773,Ji876,Ji876,PRJNA609577,JI876,,,,,False,False
SRR11301774,4F1,4F1,PRJNA609577,4F1,,,,,False,False
SRR11301775,4F1,4F1,PRJNA609577,4F1,,,,,False,False
SRR11301776,812,812,PRJNA609577,812,,,,,False,False
SRR11301777,812,812,PRJNA609577,812,,,,,False,False
SRR11301778,446,446,PRJNA609577,446,,,,,False,False
SRR11301779,446,446,PRJNA609577,446,,,,,False,False
SRR11301780,Yan414,Yan414,PRJNA609577,YAN414,,,,,False,False
SRR11301781,Yan414,Yan414,PRJNA609577,YAN414,,,,,False,False
SRR11301782,CI66,CI66,PRJNA609577,CI66,PI 587148,CI 66,1.0,False,True,False
SRR11301783,CI66,CI66,PRJNA609577,CI66,PI 587148,CI 66,1.0,False,True,False
SRR11301784,Dahuang46,Dahuang46,PRJNA609577,DAHUANG46,,,,,False,False
SRR11301785,Oh7,Oh7,PRJNA609577,OH7,PI 587146,Oh7,1.0,False,True,True
SRR11301786,Oh7,Oh7,PRJNA609577,OH7,PI 587146,Oh7,1.0,False,True,True
SRR11301787,KY228,KY228,PRJNA609577,KY228,PI 587136,Ky228,1.0,False,True,False
SRR11301788,KY228,KY228,PRJNA609577,KY228,PI 587136,Ky228,1.0,False,True,False
SRR11301789,CM105,CM105,PRJNA609577,CM105,PI 587124,CM105,1.0,False,True,True
SRR11301790,CM105,CM105,PRJNA609577,CM105,PI 587124,CM105,1.0,False,True,True
SRR11301791,B57,B57,PRJNA609577,B57,PI 550472,B57,1.0,False,True,True
SRR11301792,B57,B57,PRJNA609577,B57,PI 550472,B57,1.0,False,True,True
SRR11301793,B69,B69,PRJNA609577,B69,PI 550456,B69,1.0,False,True,True
SRR11301794,B69,B69,PRJNA609577,B69,PI 550456,B69,1.0,False,True,True
SRR11301795,Hua94,Hua94,PRJNA609577,HUA94,PI 405707,HUA 94 INBRED,1.0,False,True,False
SRR11301796,MO18W,MO18W,PRJNA609577,MO18W,PI 550441,Mo18W,1.0,False,True,False
SRR11301797,MO18W,MO18W,PRJNA609577,MO18W,PI 550441,Mo18W,1.0,False,True,False
SRR11301798,B64,B64,PRJNA609577,B64,PI 550440,B64,1.0,False,True,True
SRR11301799,B64,B64,PRJNA609577,B64,PI 550440,B64,1.0,False,True,True
SRR11301806,Liao2202,Liao2202,PRJNA609577,LIAO2202,,,,,False,False
SRR11301810,B8,B8,PRJNA609577,B8,NSL 65864,B8,1.0,True,False,True
SRR11301811,B8,B8,PRJNA609577,B8,NSL 65864,B8,1.0,True,False,True
SRR11301812,B8,B8,PRJNA609577,B8,NSL 65864,B8,1.0,True,False,True
SRR11301817,Lv10,Lv10,PRJNA609577,LV10,,,,,False,False
SRR11301825,C46,C46,PRJNA609577,C46,,,,,False,False
SRR11301826,C46,C46,PRJNA609577,C46,,,,,False,False
SRR11301827,ND255,ND255,PRJNA609577,ND255,PI 700792,ND255,1.0,False,True,True
SRR11301828,ND255,ND255,PRJNA609577,ND255,PI 700792,ND255,1.0,False,True,True
SRR11301829,Baihe43,Baihe43,PRJNA609577,BAIHE43,,,,,False,False
SRR11301830,ND255,ND255,PRJNA609577,ND255,PI 700792,ND255,1.0,False,True,True
SRR11301840,334_1,334_1,PRJNA609577,3341,,,,,False,False
SRR11301845,Qi205,Qi205,PRJNA609577,QI205,,,,,False,False
SRR11301846,Qi205,Qi205,PRJNA609577,QI205,,,,,False,False
SRR11301847,Zheng22,Zheng22,PRJNA609577,ZHENG22,,,,,False,False
SRR11301848,Zheng22,Zheng22,PRJNA609577,ZHENG22,,,,,False,False
SRR11301849,Dan340,Dan340,PRJNA609577,DAN340,,,,,False,False
SRR11301850,Dan340,Dan340,PRJNA609577,DAN340,,,,,False,False
SRR11301854,S37,S37,PRJNA609577,S37,PI 535916,S 37,1.0,False,True,False
SRR11301855,PHR30,PHR30,PRJNA609577,PHR30,PI 559946,PHR30,1.0,False,True,True
SRR11301856,S37,S37,PRJNA609577,S37,PI 535916,S 37,1.0,False,True,False
SRR11301857,Ji63,Ji63,PRJNA609577,JI63,,,,,False,False
SRR11301858,Ji63,Ji63,PRJNA609577,JI63,,,,,False,False
SRR11301859,Dong237,Dong237,PRJNA609577,DONG237,,,,,False,False
SRR11301860,Dong237,Dong237,PRJNA609577,DONG237,,,,,False,False
SRR11301861,Chang3,Chang3,PRJNA609577,CHANG3,,,,,False,False
SRR11301862,Chang3,Chang3,PRJNA609577,CHANG3,,,,,False,False
SRR11301863,Lv9kuan,Lv9kuan,PRJNA609577,LV9KUAN,,,,,False,False
SRR11301864,Lv9kuan,Lv9kuan,PRJNA609577,LV9KUAN,,,,,False,False
SRR11301865,48_2,48_2,PRJNA609577,482,,,,,False,False
SRR11301866,PHBA6,PHBA6,PRJNA609577,PHBA6,PI 559935,PHBA6,1.0,False,True,True
SRR11301867,48_2,48_2,PRJNA609577,482,,,,,False,False
SRR11301868,48_2,48_2,PRJNA609577,482,,,,,False,False
SRR11301869,Luyuan92,Luyuan92,PRJNA609577,LUYUAN92,,,,,False,False
SRR11301870,Luyuan92,Luyuan92,PRJNA609577,LUYUAN92,,,,,False,False
SRR11301871,Luyuan92,Luyuan92,PRJNA609577,LUYUAN92,,,,,False,False
SRR11301872,Dong46,Dong46,PRJNA609577,DONG46,,,,,False,False
SRR11301873,LH215,LH215,PRJNA609577,LH215,PI 552815,LH215,1.0,False,True,True
SRR11301874,LH215,LH215,PRJNA609577,LH215,PI 552815,LH215,1.0,False,True,True
SRR11301875,LH196,LH196,PRJNA609577,LH196,PI 538009,LH196,1.0,False,True,True
SRR11301876,LH162,LH162,PRJNA609577,LH162,PI 539921,LH162,1.0,False,True,True
SRR11301877,LH196,LH196,PRJNA609577,LH196,PI 538009,LH196,1.0,False,True,True
SRR11301884,WIL_22,WIL_22,PRJNA609577,WIL22,,,,,False,False
SRR11301885,WIL_25,WIL_25,PRJNA609577,WIL25,,,,,False,False
SRR11301886,WIL_6,WIL_6,PRJNA609577,WIL6,,,,,False,False
SRR11301887,LH205,LH205,PRJNA609577,LH205,PI 537099,LH205,1.0,False,True,True
SRR11301888,Lx03_2,Lx03_2,PRJNA609577,LX032,,,,,False,False
SRR11301889,DH40,DH40,PRJNA609577,DH40,,,,,False,False
SRR11301890,PH207,PH207,PRJNA609577,PH207,PI 601005,PH207,1.0,False,True,True
SRR11301891,Y223,Y223,PRJNA609577,Y223,,,,,False,False
SRR11301892,811A,811A,PRJNA609577,811A,,,,,False,False
SRR11301893,Fu8501,Fu8501,PRJNA609577,FU8501,,,,,False,False
SRR11301894,Luosu3,Luosu3,PRJNA609577,LUOSU3,,,,,False,False
SRR11301895,PHGG7,PHGG7,PRJNA609577,PHGG7,PI 559938,PHGG7,1.0,False,True,True
SRR11301896,OQ101,OQ101,PRJNA609577,OQ101,PI 559919,OQ101,1.0,False,True,True
SRR11301897,MQ305,MQ305,PRJNA609577,MQ305,PI 559917,MQ305,1.0,False,True,True
SRR11301898,LH195,LH195,PRJNA609577,LH195,PI 537097,LH195,1.0,False,True,True
SRR11301901,18_599,18_599,PRJNA609577,18599,,,,,False,False
SRR11301902,PHH93,PHH93,PRJNA609577,PHH93,PI 601567,PHH93,1.0,False,True,True
SRR11301903,Lv28,Lv28,PRJNA609577,LV28,,,,,False,False
SRR11301904,Lv28,Lv28,PRJNA609577,LV28,,,,,False,False
SRR11301905,LH193,LH193,PRJNA609577,LH193,PI 539927,LH193,1.0,False,True,True
SRR11301906,Zong31,Zong31,PRJNA609577,ZONG31,,,,,False,False
SRR11301907,Zong31,Zong31,PRJNA609577,ZONG31,,,,,False,False
SRR11301908,87_1,87_1,PRJNA609577,871,,,,,False,False
SRR11301909,87_1,87_1,PRJNA609577,871,,,,,False,False
SRR11301910,Wu109,Wu109,PRJNA609577,WU109,,,,,False,False
SRR11301911,Wu109,Wu109,PRJNA609577,WU109,,,,,False,False
SRR11301916,RS_710,RS_710,PRJNA609577,RS710,PI 539930,RS 710,1.0,False,True,False
SRR11301932,CS405,CS405,PRJNA609577,CS405,PI 559916,CS405,1.0,False,True,True
SRR11301933,CS405,CS405,PRJNA609577,CS405,PI 559916,CS405,1.0,False,True,True
SRR11301934,ICI_893,ICI_893,PRJNA609577,ICI893,PI 559383,ICI 893,1.0,False,True,False
SRR11301935,ICI_893,ICI_893,PRJNA609577,ICI893,PI 559383,ICI 893,1.0,False,True,False
SRR11301936,ICI_441,ICI_441,PRJNA609577,ICI441,PI 559381,ICI 441,1.0,False,True,False
SRR11301937,K14,K14,PRJNA609577,K14,,,,,False,False
SRR11301938,ICI_441,ICI_441,PRJNA609577,ICI441,PI 559381,ICI 441,1.0,False,True,False
SRR11301939,ICI_193,ICI_193,PRJNA609577,ICI193,PI 559380,ICI 193,1.0,False,True,False
SRR11301940,ICI_193,ICI_193,PRJNA609577,ICI193,PI 559380,ICI 193,1.0,False,True,False
SRR11301941,LH222,LH222,PRJNA609577,LH222,PI 559375,LH222,1.0,False,True,True
SRR11301942,LH222,LH222,PRJNA609577,LH222,PI 559375,LH222,1.0,False,True,True
SRR11301943,LH214,LH214,PRJNA609577,LH214,PI 555660,LH214,1.0,False,True,True
SRR11301944,LH214,LH214,PRJNA609577,LH214,PI 555660,LH214,1.0,False,True,True
SRR11301945,83IBI3,83IBI3,PRJNA609577,83IBI3,PI 555651,83IBI3,1.0,False,True,True
SRR11301946,83IBI3,83IBI3,PRJNA609577,83IBI3,PI 555651,83IBI3,1.0,False,True,True
SRR11301947,LIBC_4,LIBC_4,PRJNA609577,LIBC4,PI 555650,LIBC 4,1.0,False,True,False
SRR11301948,Weifeng322,Weifeng322,PRJNA609577,WEIFENG322,,,,,False,False
SRR11301949,LIBC_4,LIBC_4,PRJNA609577,LIBC4,PI 555650,LIBC 4,1.0,False,True,False
SRR11301950,F118,F118,PRJNA609577,F118,PI 555462,F118,1.0,False,True,True
SRR11301951,F118,F118,PRJNA609577,F118,PI 555462,F118,1.0,False,True,True
SRR11301952,LH209,LH209,PRJNA609577,LH209,PI 554612,LH209,1.0,False,True,True
SRR11301953,LH209,LH209,PRJNA609577,LH209,PI 554612,LH209,1.0,False,True,True
SRR11301954,MBUB,MBUB,PRJNA609577,MBUB,PI 548839,MBUB,1.0,False,True,True
SRR11301955,MBUB,MBUB,PRJNA609577,MBUB,PI 548839,MBUB,1.0,False,True,True
SRR11301956,29MIBZ2,29MIBZ2,PRJNA609577,29MIBZ2,PI 548830,29MIBZ2,1.0,False,True,True
SRR11301961,PHM81,PHM81,PRJNA609577,PHM81,PI 548801,PHM81,1.0,False,True,True
SRR11301962,LH206,LH206,PRJNA609577,LH206,PI 538010,LH206,1.0,False,True,True
SRR11301963,LH163,LH163,PRJNA609577,LH163,PI 538008,LH163,1.0,False,True,True
SRR11301964,LH127,LH127,PRJNA609577,LH127,PI 538007,LH127,1.0,False,True,True
SRR11301965,2FACC,2FACC,PRJNA609577,2FACC,PI 601808,2FACC,1.0,False,True,True
SRR11301967,PHW43,PHW43,PRJNA609577,PHW43,PI 601792,PHW43,1.0,False,True,True
SRR11301968,PHP55,PHP55,PRJNA609577,PHP55,PI 601784,PHP55,1.0,False,True,True
SRR11301969,M14,M14,PRJNA609577,M14,PI 693398,M14,1.0,False,True,True
SRR11301970,WIL_8,WIL_8,PRJNA609577,WIL8,,,,,False,False
SRR11301971,WIL_7,WIL_7,PRJNA609577,WIL7,,,,,False,False
SRR11301972,WIL_11,WIL_11,PRJNA609577,WIL11,,,,,False,False
SRR11301973,Baiye4,Baiye4,PRJNA609577,BAIYE4,,,,,False,False
SRR11301974,8723,8723,PRJNA609577,8723,,,,,False,False
SRR11301975,WIL_14,WIL_14,PRJNA609577,WIL14,,,,,False,False
SRR11301976,WIL_3,WIL_3,PRJNA609577,WIL3,,,,,False,False
SRR11301978,F42,F42,PRJNA609577,F42,PI 601026,F42,1.0,False,True,True
SRR11301979,CT52C,CT52C,PRJNA609577,CT52C,,,,,False,False
SRR11301980,PHG35,PHG35,PRJNA609577,PHG35,PI 601008,PHG35,1.0,False,True,True
SRR11301981,WIL_5,WIL_5,PRJNA609577,WIL5,,,,,False,False
SRR11301982,Mo24W,Mo24W,PRJNA609577,MO24W,PI 587144,Mo24W,1.0,False,True,True
SRR11301983,ML606,ML606,PRJNA609577,ML606,PI 583774,ML606,1.0,False,True,True
SRR11301984,ML606,ML606,PRJNA609577,ML606,PI 583774,ML606,1.0,False,True,True
SRR11301985,29MIBZ2,29MIBZ2,PRJNA609577,29MIBZ2,PI 548830,29MIBZ2,1.0,False,True,True
SRR11301986,PHR58,PHR58,PRJNA609577,PHR58,PI 548805,PHR58,1.0,False,True,True
SRR11301987,C103,C103,PRJNA609577,C103,PI 693327,C103,1.0,False,True,True
SRR11301989,PHR58,PHR58,PRJNA609577,PHR58,PI 548805,PHR58,1.0,False,True,True
SRR11301995,PHN66,PHN66,PRJNA609577,PHN66,PI 548802,PHN66,1.0,False,True,True
SRR11301997,PHJ90,PHJ90,PRJNA609577,PHJ90,PI 548799,PHJ90,1.0,False,True,True
SRR11301998,PHJ90,PHJ90,PRJNA609577,PHJ90,PI 548799,PHJ90,1.0,False,True,True
SRR11301999,B14,B14,PRJNA609577,B14,NSL 65866,B14,1.0,False,True,True
SRR11302005,PHJ89,PHJ89,PRJNA609577,PHJ89,PI 548798,PHJ89,1.0,False,True,True
SRR11302006,PHJ89,PHJ89,PRJNA609577,PHJ89,PI 548798,PHJ89,1.0,False,True,True
SRR11302007,Lp215D,Lp215D,PRJNA609577,LP215D,PI 547107,Lp215D,1.0,False,True,True
SRR11302008,Lp215D,Lp215D,PRJNA609577,LP215D,PI 547107,Lp215D,1.0,False,True,True
SRR11302010,Aiji205,Aiji205,PRJNA609577,AIJI205,,,,,False,False
SRR11302013,HuangC,HuangC,PRJNA609577,HUANGC,,,,,False,False
SRR11302014,618,618,PRJNA609577,618,PI 520726,618,1.0,True,False,True
SRR11302016,HuangC,HuangC,PRJNA609577,HUANGC,,,,,False,False
SRR11302017,Ernan24,Ernan24,PRJNA609577,ERNAN24,,,,,False,False
SRR11302018,Ernan24,Ernan24,PRJNA609577,ERNAN24,,,,,False,False
SRR11302019,H21,H21,PRJNA609577,H21,PI 698956,H21,1.0,False,True,True
SRR11302020,H21,H21,PRJNA609577,H21,PI 698956,H21,1.0,False,True,True
SRR11302021,5237,5237,PRJNA609577,5237,,,,,False,False
SRR11302022,5237,5237,PRJNA609577,5237,,,,,False,False
SRR11302023,485,485,PRJNA609577,485,,,,,False,False
SRR11302024,485,485,PRJNA609577,485,,,,,False,False
SRR11302025,9010,9010,PRJNA609577,9010,,,,,False,False
SRR11302026,Longkang1,Longkang1,PRJNA609577,LONGKANG1,,,,,False,False
SRR11302027,9010,9010,PRJNA609577,9010,,,,,False,False
SRR11302028,Dan360,Dan360,PRJNA609577,DAN360,,,,,False,False
SRR11302029,Dan360,Dan360,PRJNA609577,DAN360,,,,,False,False
SRR11302030,Liao9586,Liao9586,PRJNA609577,LIAO9586,,,,,False,False
SRR11302031,Liao9586,Liao9586,PRJNA609577,LIAO9586,,,,,False,False
SRR11302032,Si273,Si273,PRJNA609577,SI273,,,,,False,False
SRR11302033,Si273,Si273,PRJNA609577,SI273,,,,,False,False
SRR11302034,Ying64,Ying64,PRJNA609577,YING64,PI 391666,YING-64,1.0,False,True,False
SRR11302035,Ying64,Ying64,PRJNA609577,YING64,PI 391666,YING-64,1.0,False,True,False
SRR11302036,Dian11,Dian11,PRJNA609577,DIAN11,,,,,False,False
SRR11302037,Diangu11A,Diangu11A,PRJNA609577,DIANGU11A,,,,,False,False
SRR11302038,Dian11,Dian11,PRJNA609577,DIAN11,,,,,False,False
SRR11302039,81565,81565,PRJNA609577,81565,,,,,False,False
SRR11302040,81565,81565,PRJNA609577,81565,,,,,False,False
SRR11302041,Ye8001,Ye8001,PRJNA609577,YE8001,,,,,False,False
SRR11302042,Ye8001,Ye8001,PRJNA609577,YE8001,,,,,False,False
SRR11302043,C8605_2,C8605_2,PRJNA609577,C86052,,,,,False,False
SRR11302044,C8605_2,C8605_2,PRJNA609577,C86052,,,,,False,False
SRR11302045,8902,8902,PRJNA609577,8902,,,,,False,False
SRR11302046,8902,8902,PRJNA609577,8902,,,,,False,False
SRR11302047,Huang428,Huang428,PRJNA609577,HUANG428,,,,,False,False
SRR11302048,Ken44,Ken44,PRJNA609577,KEN44,,,,,False,False
SRR11302049,Huang428,Huang428,PRJNA609577,HUANG428,,,,,False,False
SRR11302050,H152,H152,PRJNA609577,H152,,,,,False,False
SRR11302051,H152,H152,PRJNA609577,H152,,,,,False,False
SRR11302052,Danhuang02,Danhuang02,PRJNA609577,DANHUANG02,,,,,False,False
SRR11302053,Danhuang02,Danhuang02,PRJNA609577,DANHUANG02,,,,,False,False
SRR11302054,ZaC546,ZaC546,PRJNA609577,ZAC546,,,,,False,False
SRR11302055,ZaC546,ZaC546,PRJNA609577,ZAC546,,,,,False,False
SRR11302056,HZ85,HZ85,PRJNA609577,HZ85,,,,,False,False
SRR11302057,HZ85,HZ85,PRJNA609577,HZ85,,,,,False,False
SRR11302058,Dan599,Dan599,PRJNA609577,DAN599,,,,,False,False
SRR11302059,Dong17,Dong17,PRJNA609577,DONG17,,,,,False,False
SRR11302060,Oh43,Oh43,PRJNA609577,OH43,PI 690332,Oh43,1.0,False,True,True
SRR11302061,Cheng18,Cheng18,PRJNA609577,CHENG18,,,,,False,False
SRR11302062,7327,7327,PRJNA609577,7327,,,,,False,False
SRR11302063,Ji533,Ji533,PRJNA609577,JI533,,,,,False,False
SRR11302064,Suwan1611,Suwan1611,PRJNA609577,SUWAN1611,,,,,False,False
SRR11302065,Suwan1611,Suwan1611,PRJNA609577,SUWAN1611,,,,,False,False
SRR11302066,Ye52106,Ye52106,PRJNA609577,YE52106,,,,,False,False
SRR11302067,Ye52106,Ye52106,PRJNA609577,YE52106,,,,,False,False
SRR11302068,Nan21_3,Nan21_3,PRJNA609577,NAN213,,,,,False,False
SRR11302070,H49,H49,PRJNA609577,H49,PI 693348,H49,1.0,False,True,True
SRR11302073,Dan598,Dan598,PRJNA609577,DAN598,,,,,False,False
SRR11302074,Dan598,Dan598,PRJNA609577,DAN598,,,,,False,False
SRR11302075,Dan598,Dan598,PRJNA609577,DAN598,,,,,False,False
SRR11302080,A801,A801,PRJNA609577,A801,,,,,False,False
SRR11302086,WIL_19,WIL_19,PRJNA609577,WIL19,,,,,False,False
SRR11302087,WIL_19,WIL_19,PRJNA609577,WIL19,,,,,False,False
SRR11302088,WIL_19,WIL_19,PRJNA609577,WIL19,,,,,False,False
SRR11302089,WIL_20,WIL_20,PRJNA609577,WIL20,,,,,False,False
SRR11302090,WIL_20,WIL_20,PRJNA609577,WIL20,,,,,False,False
SRR11302091,DH65232,DH65232,PRJNA609577,DH65232,,,,,False,False
SRR11302092,WIL_20,WIL_20,PRJNA609577,WIL20,,,,,False,False
SRR11302096,LY16F,LY16F,PRJNA609577,LY16F,,,,,False,False
SRR11302099,WIL_17,WIL_17,PRJNA609577,WIL17,,,,,False,False
SRR11302100,WIL_17,WIL_17,PRJNA609577,WIL17,,,,,False,False
SRR11302101,WIL_17,WIL_17,PRJNA609577,WIL17,,,,,False,False
SRR11302102,Baihunhuang,Baihunhuang,PRJNA609577,BAIHUNHUANG,,,,,False,False
SRR11302103,WIL_18,WIL_18,PRJNA609577,WIL18,,,,,False,False
SRR11302104,WIL_18,WIL_18,PRJNA609577,WIL18,,,,,False,False
SRR11302105,WIL_18,WIL_18,PRJNA609577,WIL18,,,,,False,False
SRR11302106,Jian1495b,Jian1495b,PRJNA609577,JIAN1495B,,,,,False,False
SRR11302107,Jian1495b,Jian1495b,PRJNA609577,JIAN1495B,,,,,False,False
SRR11302108,Jian1495b,Jian1495b,PRJNA609577,JIAN1495B,,,,,False,False
SRR11302109,Jian1495a,Jian1495a,PRJNA609577,JIAN1495A,,,,,False,False
SRR11302110,178,178,PRJNA609577,178,,,,,False,False
SRR11302111,Huangzaosi,Huangzaosi,PRJNA609577,HUANGZAOSI,,,,,False,False
SRR11302112,WIL_16,WIL_16,PRJNA609577,WIL16,,,,,False,False
SRR11302113,Xu052,Xu052,PRJNA609577,XU052,,,,,False,False
SRR11302114,Xun92_8,Xun92_8,PRJNA609577,XUN928,,,,,False,False
SRR11302115,Xun92_8,Xun92_8,PRJNA609577,XUN928,,,,,False,False
SRR11302116,Q1261,Q1261,PRJNA609577,Q1261,,,,,False,False
SRR11302117,Q1261,Q1261,PRJNA609577,Q1261,,,,,False,False
SRR11302118,Denghai4866,Denghai4866,PRJNA609577,DENGHAI4866,,,,,False,False
SRR11302119,Denghai4866,Denghai4866,PRJNA609577,DENGHAI4866,,,,,False,False
SRR11302120,32,32,PRJNA609577,32,,,,,False,False
SRR11302121,32,32,PRJNA609577,32,,,,,False,False
SRR11302122,Ye107,Ye107,PRJNA609577,YE107,,,,,False,False
SRR11302123,Ye107,Ye107,PRJNA609577,YE107,,,,,False,False
SRR11302124,PHWG5,PHWG5,PRJNA609577,PHWG5,PI 559954,PHWG5,1.0,False,True,True
SRR11302125,ICI_740,ICI_740,PRJNA609577,ICI740,PI 559382,ICI 740,1.0,False,True,False
SRR11302126,912,912,PRJNA609577,912,PI 557557,912,1.0,True,False,True
SRR11302127,911,911,PRJNA609577,911,PI 557556,911,1.0,True,False,True
SRR11302128,PHR55,PHR55,PRJNA609577,PHR55,PI 548804,PHR55,1.0,False,True,True
SRR11302129,PHW51,PHW51,PRJNA609577,PHW51,PI 543849,PHW51,1.0,False,True,True
SRR11302130,LH192,LH192,PRJNA609577,LH192,PI 539926,LH192,1.0,False,True,True
SRR11302131,LH202,LH202,PRJNA609577,LH202,PI 539924,LH202,1.0,False,True,True
SRR11302132,S7913,S7913,PRJNA609577,S7913,,,,,False,False
SRR11302133,B12,B12,PRJNA609577,B12,,,,,False,False
SRR11302134,Ay420,Ay420,PRJNA609577,AY420,,,,,False,False
SRR11302135,H105W,H105W,PRJNA609577,H105W,PI 587127,H105W,1.0,False,True,True
SRR11302136,WIL_27,WIL_27,PRJNA609577,WIL27,,,,,False,False
SRR11302137,WIL_28,WIL_28,PRJNA609577,WIL28,,,,,False,False
SRR11302138,WIL_26,WIL_26,PRJNA609577,WIL26,,,,,False,False
SRR11302139,WIL_12,WIL_12,PRJNA609577,WIL12,,,,,False,False
SRR11302140,WIL_13,WIL_13,PRJNA609577,WIL13,,,,,False,False
SRR11302141,WIL_9,WIL_9,PRJNA609577,WIL9,,,,,False,False
SRR11302142,WIL_10,WIL_10,PRJNA609577,WIL10,,,,,False,False
SRR11302143,WIL_4,WIL_4,PRJNA609577,WIL4,,,,,False,False
SRR11302144,B37,B37,PRJNA609577,B37,PI 550467,B37,1.0,False,True,True
SRR11302145,Ji53,Ji53,PRJNA609577,JI53,,,,,False,False
SRR11302147,Ye502,Ye502,PRJNA609577,YE502,,,,,False,False
SRR11302148,WIL_1,WIL_1,PRJNA609577,WIL1,,,,,False,False
SRR11302149,WIL_2,WIL_2,PRJNA609577,WIL2,,,,,False,False
SRR11302150,A659,A659,PRJNA609577,A659,PI 693402,A659,1.0,False,True,True
SRR11302151,Shuang741,Shuang741,PRJNA609577,SHUANG741,,,,,False,False
SRR11302152,3H_2,3H_2,PRJNA609577,3H2,,,,,False,False
SRR11302153,B98,B98,PRJNA609577,B98,PI 564683,B98,1.0,False,True,True
SRR11302154,FusheA,FusheA,PRJNA609577,FUSHEA,,,,,False,False
SRR11302155,M9,M9,PRJNA609577,M9,,,,,False,False
SRR11302156,Yu82,Yu82,PRJNA609577,YU82,,,,,False,False
SRR11302158,PHG39,PHG39,PRJNA609577,PHG39,PI 600981,PHG39,1.0,False,True,True
SRR11302159,ZK11M,ZK11M,PRJNA609577,ZK11M,,,,,False,False
SRR11302160,PHT73,PHT73,PRJNA609577,PHT73,PI 559950,PHT73,1.0,False,True,True
SRR11302161,LH213,LH213,PRJNA609577,LH213,PI 547090,LH213,1.0,False,True,True
SRR11302162,ZS01250,ZS01250,PRJNA609577,ZS01250,PI 595616,ZS01250,1.0,False,True,True
SRR11302163,ZS01250,ZS01250,PRJNA609577,ZS01250,PI 595616,ZS01250,1.0,False,True,True
SRR11302164,6M502A,6M502A,PRJNA609577,6M502A,PI 546484,6M502A,1.0,False,True,True
SRR11302165,904,904,PRJNA609577,904,PI 560317,904,1.0,True,False,True
SRR11302166,904,904,PRJNA609577,904,PI 560317,904,1.0,True,False,True
SRR11302174,PHVA9,PHVA9,PRJNA609577,PHVA9,PI 559953,PHVA9,1.0,False,True,True
SRR11302175,PHT55,PHT55,PRJNA609577,PHT55,PI 601498,PHT55,1.0,False,True,True
SRR11302176,PHVA9,PHVA9,PRJNA609577,PHVA9,PI 559953,PHVA9,1.0,False,True,True
SRR11302177,PHV53,PHV53,PRJNA609577,PHV53,PI 559952,PHV53,1.0,False,True,True
SRR11302178,PHPR5,PHPR5,PRJNA609577,PHPR5,PI 559945,PHPR5,1.0,False,True,True
SRR11302179,PHP85,PHP85,PRJNA609577,PHP85,PI 559944,PHP85,1.0,False,True,True
SRR11302180,OS602,OS602,PRJNA609577,OS602,PI 559921,OS602,1.0,False,True,True
SRR11302181,OS602,OS602,PRJNA609577,OS602,PI 559921,OS602,1.0,False,True,True
SRR11302182,OQ403,OQ403,PRJNA609577,OQ403,PI 559920,OQ403,1.0,False,True,True
SRR11302183,OQ403,OQ403,PRJNA609577,OQ403,PI 559920,OQ403,1.0,False,True,True
SRR11302186,Tian4,Tian4,PRJNA609577,TIAN4,,,,,False,False
SRR11302189,LH191,LH191,PRJNA609577,LH191,PI 539925,LH191,1.0,False,True,True
SRR11302190,LH190,LH190,PRJNA609577,LH190,PI 539922,LH190,1.0,False,True,True
SRR11302191,27_263,27_263,PRJNA609577,27263,,,,,False,False
SRR11302192,LH190,LH190,PRJNA609577,LH190,PI 539922,LH190,1.0,False,True,True
SRR11302193,LH160,LH160,PRJNA609577,LH160,PI 539920,LH160,1.0,False,True,True
SRR11302194,LH160,LH160,PRJNA609577,LH160,PI 539920,LH160,1.0,False,True,True
SRR11302195,PHN82,PHN82,PRJNA609577,PHN82,PI 601783,PHN82,1.0,False,True,True
SRR11302196,PHN82,PHN82,PRJNA609577,PHN82,PI 601783,PHN82,1.0,False,True,True
SRR11302197,E8501,E8501,PRJNA609577,E8501,PI 601724,E8501,1.0,False,True,True
SRR11302198,E8501,E8501,PRJNA609577,E8501,PI 601724,E8501,1.0,False,True,True
SRR12460347,ACC.29778,ACC.29778,PRJNA641489,ACC29778,,,,,False,False
SRR12460348,ACC.12825,ACC.12825,PRJNA641489,ACC12825,,,,,False,False
SRR12460349,ACC.29777,ACC.29777,PRJNA641489,ACC29777,,,,,False,False
SRR12460350,ACC.29776,ACC.29776,PRJNA641489,ACC29776,,,,,False,False
SRR12460351,ACC.29774,ACC.29774,PRJNA641489,ACC29774,,,,,False,False
SRR12460352,ACC.8768,ACC.8768,PRJNA641489,ACC8768,,,,,False,False
SRR12460353,ACC.29772,ACC.29772,PRJNA641489,ACC29772,,,,,False,False
SRR12460354,ACC.29771,ACC.29771,PRJNA641489,ACC29771,,,,,False,False
SRR12460355,ACC.29770,ACC.29770,PRJNA641489,ACC29770,,,,,False,False
SRR12460356,ACC.29769,ACC.29769,PRJNA641489,ACC29769,,,,,False,False
SRR12460357,ACC.29783,ACC.29783,PRJNA641489,ACC29783,,,,,False,False
SRR12460358,ACC.29780,ACC.29780,PRJNA641489,ACC29780,,,,,False,False
SRR12460359,ACC.29779,ACC.29779,PRJNA641489,ACC29779,,,,,False,False
SRR12460360,ACC.29768,ACC.29768,PRJNA641489,ACC29768,,,,,False,False
SRR12460361,ACC.27495,ACC.27495,PRJNA641489,ACC27495,,,,,False,False
SRR12460362,ACC.27494,ACC.27494,PRJNA641489,ACC27494,,,,,False,False
SRR12460363,ACC.8767,ACC.8767,PRJNA641489,ACC8767,,,,,False,False
SRR12460364,ACC.27493,ACC.27493,PRJNA641489,ACC27493,,,,,False,False
SRR12460365,ACC.27492,ACC.27492,PRJNA641489,ACC27492,,,,,False,False
SRR12460366,ACC.27491,ACC.27491,PRJNA641489,ACC27491,,,,,False,False
SRR12460367,ACC.27490,ACC.27490,PRJNA641489,ACC27490,,,,,False,False
SRR12460368,ACC.27489,ACC.27489,PRJNA641489,ACC27489,,,,,False,False
SRR12460369,ACC.27488,ACC.27488,PRJNA641489,ACC27488,,,,,False,False
SRR12460370,ACC.27479b,ACC.27479b,PRJNA641489,ACC27479B,,,,,False,False
SRR12460371,ACC.27481b,ACC.27481b,PRJNA641489,ACC27481B,,,,,False,False
SRR12460372,ACC.27487,ACC.27487,PRJNA641489,ACC27487,,,,,False,False
SRR12460373,ACC.27483,ACC.27483,PRJNA641489,ACC27483,,,,,False,False
SRR12460374,ACC.8766,ACC.8766,PRJNA641489,ACC8766,,,,,False,False
SRR12460375,ACC.27482,ACC.27482,PRJNA641489,ACC27482,,,,,False,False
SRR12460376,ACC.8758,ACC.8758,PRJNA641489,ACC8758,,,,,False,False
SRR12460377,ACC.8759,ACC.8759,PRJNA641489,ACC8759,,,,,False,False
SRR12460378,ACC.8749,ACC.8749,PRJNA641489,ACC8749,,,,,False,False
SRR12460379,ACC.11397,ACC.11397,PRJNA641489,ACC11397,,,,,False,False
SRR12460380,ACC.11407,ACC.11407,PRJNA641489,ACC11407,,,,,False,False
SRR12460381,ACC.11406,ACC.11406,PRJNA641489,ACC11406,,,,,False,False
SRR12460382,ACC.11405,ACC.11405,PRJNA641489,ACC11405,,,,,False,False
SRR12460383,ACC.11396,ACC.11396,PRJNA641489,ACC11396,,,,,False,False
SRR12460384,ACC.8755,ACC.8755,PRJNA641489,ACC8755,,,,,False,False
SRR12460385,ACC.11392,ACC.11392,PRJNA641489,ACC11392,,,,,False,False
SRR12460386,ACC.11391,ACC.11391,PRJNA641489,ACC11391,,,,,False,False
SRR12460387,ACC.11390,ACC.11390,PRJNA641489,ACC11390,,,,,False,False
SRR12460388,ACC.11389,ACC.11389,PRJNA641489,ACC11389,,,,,False,False
SRR12460389,ACC.11388,ACC.11388,PRJNA641489,ACC11388,,,,,False,False
SRR12460390,ACC.11387,ACC.11387,PRJNA641489,ACC11387,,,,,False,False
SRR12460391,ACC.11386,ACC.11386,PRJNA641489,ACC11386,,,,,False,False
SRR12460392,ACC.11385,ACC.11385,PRJNA641489,ACC11385,,,,,False,False
SRR12460393,ACC.11395,ACC.11395,PRJNA641489,ACC11395,,,,,False,False
SRR12460394,ACC.11394,ACC.11394,PRJNA641489,ACC11394,,,,,False,False
SRR12460395,ACC.8754,ACC.8754,PRJNA641489,ACC8754,,,,,False,False
SRR12460396,ACC.11393,ACC.11393,PRJNA641489,ACC11393,,,,,False,False
SRR12460397,ACC.11384,ACC.11384,PRJNA641489,ACC11384,,,,,False,False
SRR12460398,ACC.11376,ACC.11376,PRJNA641489,ACC11376,,,,,False,False
SRR12460399,ACC.11375,ACC.11375,PRJNA641489,ACC11375,,,,,False,False
SRR12460400,ACC.11374,ACC.11374,PRJNA641489,ACC11374,,,,,False,False
SRR12460401,ACC.11373,ACC.11373,PRJNA641489,ACC11373,,,,,False,False
SRR12460402,ACC.11372,ACC.11372,PRJNA641489,ACC11372,,,,,False,False
SRR12460403,ACC.11371,ACC.11371,PRJNA641489,ACC11371,,,,,False,False
SRR12460404,ACC.11370,ACC.11370,PRJNA641489,ACC11370,,,,,False,False
SRR12460405,ACC.11369,ACC.11369,PRJNA641489,ACC11369,,,,,False,False
SRR12460406,ACC.8753,ACC.8753,PRJNA641489,ACC8753,,,,,False,False
SRR12460407,ACC.11383,ACC.11383,PRJNA641489,ACC11383,,,,,False,False
SRR12460408,ACC.11378,ACC.11378,PRJNA641489,ACC11378,,,,,False,False
SRR12460409,ACC.11377,ACC.11377,PRJNA641489,ACC11377,,,,,False,False
SRR12460410,ACC.11368,ACC.11368,PRJNA641489,ACC11368,,,,,False,False
SRR12460411,ACC.11364,ACC.11364,PRJNA641489,ACC11364,,,,,False,False
SRR12460412,ACC.11363,ACC.11363,PRJNA641489,ACC11363,,,,,False,False
SRR12460413,ACC.11362,ACC.11362,PRJNA641489,ACC11362,,,,,False,False
SRR12460414,ACC.11361,ACC.11361,PRJNA641489,ACC11361,,,,,False,False
SRR12460415,ACC.11360,ACC.11360,PRJNA641489,ACC11360,,,,,False,False
SRR12460416,ACC.11359,ACC.11359,PRJNA641489,ACC11359,,,,,False,False
SRR12460417,ACC.8752,ACC.8752,PRJNA641489,ACC8752,,,,,False,False
SRR12460418,ACC.11358,ACC.11358,PRJNA641489,ACC11358,,,,,False,False
SRR12460419,ACC.11357,ACC.11357,PRJNA641489,ACC11357,,,,,False,False
SRR12460420,ACC.11367,ACC.11367,PRJNA641489,ACC11367,,,,,False,False
SRR12460421,ACC.11366,ACC.11366,PRJNA641489,ACC11366,,,,,False,False
SRR12460422,ACC.11365,ACC.11365,PRJNA641489,ACC11365,,,,,False,False
SRR12460423,ACC.11356,ACC.11356,PRJNA641489,ACC11356,,,,,False,False
SRR12460424,ACC.11352,ACC.11352,PRJNA641489,ACC11352,,,,,False,False
SRR12460425,ACC.11083,ACC.11083,PRJNA641489,ACC11083,,,,,False,False
SRR12460426,ACC.10003,ACC.10003,PRJNA641489,ACC10003,,,,,False,False
SRR12460427,ACC.9479,ACC.9479,PRJNA641489,ACC9479,,,,,False,False
SRR12460428,ACC.8751,ACC.8751,PRJNA641489,ACC8751,,,,,False,False
SRR12460429,ACC.9478,ACC.9478,PRJNA641489,ACC9478,,,,,False,False
SRR12460430,ACC.9477,ACC.9477,PRJNA641489,ACC9477,,,,,False,False
SRR12460431,ACC.9476,ACC.9476,PRJNA641489,ACC9476,,,,,False,False
SRR12460432,ACC.9475,ACC.9475,PRJNA641489,ACC9475,,,,,False,False
SRR12460433,ACC.11355,ACC.11355,PRJNA641489,ACC11355,,,,,False,False
SRR12460434,ACC.11354,ACC.11354,PRJNA641489,ACC11354,,,,,False,False
SRR12460435,ACC.12824,ACC.12824,PRJNA641489,ACC12824,,,,,False,False
SRR12460436,ACC.12823,ACC.12823,PRJNA641489,ACC12823,,,,,False,False
SRR12460437,ACC.11410,ACC.11410,PRJNA641489,ACC11410,,,,,False,False
SRR12460438,ACC.11409,ACC.11409,PRJNA641489,ACC11409,,,,,False,False
SRR12460439,ACC.13793,ACC.13793,PRJNA641489,ACC13793,,,,,False,False
SRR12460440,ACC.13792,ACC.13792,PRJNA641489,ACC13792,,,,,False,False
SRR12460441,ACC.13791,ACC.13791,PRJNA641489,ACC13791,,,,,False,False
SRR12460442,ACC.11408,ACC.11408,PRJNA641489,ACC11408,,,,,False,False
SRR12460443,ACC.11404,ACC.11404,PRJNA641489,ACC11404,,,,,False,False
SRR12460444,ACC.11403,ACC.11403,PRJNA641489,ACC11403,,,,,False,False
SRR12460445,ACC.8756,ACC.8756,PRJNA641489,ACC8756,,,,,False,False
SRR12460446,ACC.11402,ACC.11402,PRJNA641489,ACC11402,,,,,False,False
SRR12460447,ACC.11401,ACC.11401,PRJNA641489,ACC11401,,,,,False,False
SRR12460448,ACC.11400,ACC.11400,PRJNA641489,ACC11400,,,,,False,False
SRR12460449,ACC.11399,ACC.11399,PRJNA641489,ACC11399,,,,,False,False
SRR12460450,ACC.11398,ACC.11398,PRJNA641489,ACC11398,,,,,False,False
SRR12460451,ACC.11353,ACC.11353,PRJNA641489,ACC11353,,,,,False,False
SRR12460452,ACC.8837,ACC.8837,PRJNA641489,ACC8837,,,,,False,False
SRR12460453,ACC.8782,ACC.8782,PRJNA641489,ACC8782,,,,,False,False
SRR12460454,ACC.8781,ACC.8781,PRJNA641489,ACC8781,,,,,False,False
SRR12460455,ACC.8750,ACC.8750,PRJNA641489,ACC8750,,,,,False,False
SRR12460456,ACC.8780,ACC.8780,PRJNA641489,ACC8780,,,,,False,False
SRR12460457,ACC.8779,ACC.8779,PRJNA641489,ACC8779,,,,,False,False
SRR12460458,ACC.8778,ACC.8778,PRJNA641489,ACC8778,,,,,False,False
SRR12460459,ACC.8777,ACC.8777,PRJNA641489,ACC8777,,,,,False,False
SRR12460460,ACC.8776,ACC.8776,PRJNA641489,ACC8776,,,,,False,False
SRR12460461,ACC.8775,ACC.8775,PRJNA641489,ACC8775,,,,,False,False
SRR12460462,ACC.8785,ACC.8785,PRJNA641489,ACC8785,,,,,False,False
SRR12460463,ACC.8784,ACC.8784,PRJNA641489,ACC8784,,,,,False,False
SRR12460464,ACC.8783,ACC.8783,PRJNA641489,ACC8783,,,,,False,False
SRR12460465,ACC.8774,ACC.8774,PRJNA641489,ACC8774,,,,,False,False
SRR12460466,ACC.8760,ACC.8760,PRJNA641489,ACC8760,,,,,False,False
SRR12460467,ACC.8770,ACC.8770,PRJNA641489,ACC8770,,,,,False,False
SRR12460469,ACC.29798,ACC.29798,PRJNA641489,ACC29798,,,,,False,False
SRR12460470,ACC.29796,ACC.29796,PRJNA641489,ACC29796,,,,,False,False
SRR12460471,ACC.29793,ACC.29793,PRJNA641489,ACC29793,,,,,False,False
SRR12460472,ACC.8769,ACC.8769,PRJNA641489,ACC8769,,,,,False,False
SRR12460473,ACC.29792,ACC.29792,PRJNA641489,ACC29792,,,,,False,False
SRR12460474,ACC.29791,ACC.29791,PRJNA641489,ACC29791,,,,,False,False
SRR12460475,ACC.29788,ACC.29788,PRJNA641489,ACC29788,,,,,False,False
SRR12460476,ACC.29787,ACC.29787,PRJNA641489,ACC29787,,,,,False,False
SRR12460477,ACC.29786,ACC.29786,PRJNA641489,ACC29786,,,,,False,False
SRR12460478,ACC.29785,ACC.29785,PRJNA641489,ACC29785,,,,,False,False
SRR12460479,ACC.27481a,ACC.27481a,PRJNA641489,ACC27481A,,,,,False,False
SRR12460480,ACC.27479a,ACC.27479a,PRJNA641489,ACC27479A,,,,,False,False
SRR12460481,ACC.27477,ACC.27477,PRJNA641489,ACC27477,,,,,False,False
SRR12460482,ACC.27476,ACC.27476,PRJNA641489,ACC27476,,,,,False,False
SRR12460483,ACC.27475,ACC.27475,PRJNA641489,ACC27475,,,,,False,False
SRR12460484,ACC.27486,ACC.27486,PRJNA641489,ACC27486,,,,,False,False
SRR12460485,ACC.27485,ACC.27485,PRJNA641489,ACC27485,,,,,False,False
SRR12460486,ACC.27484,ACC.27484,PRJNA641489,ACC27484,,,,,False,False
SRR12460487,ACC.27473,ACC.27473,PRJNA641489,ACC27473,,,,,False,False
SRR12460488,ACC.8765,ACC.8765,PRJNA641489,ACC8765,,,,,False,False
SRR12460489,ACC.27469,ACC.27469,PRJNA641489,ACC27469,,,,,False,False
SRR12460490,ACC.27468,ACC.27468,PRJNA641489,ACC27468,,,,,False,False
SRR12460491,ACC.27462,ACC.27462,PRJNA641489,ACC27462,,,,,False,False
SRR12460492,ACC.27461,ACC.27461,PRJNA641489,ACC27461,,,,,False,False
SRR12460493,ACC.27460,ACC.27460,PRJNA641489,ACC27460,,,,,False,False
SRR12460494,ACC.27243,ACC.27243,PRJNA641489,ACC27243,,,,,False,False
SRR12460495,ACC.27242,ACC.27242,PRJNA641489,ACC27242,,,,,False,False
SRR12460496,ACC.27241,ACC.27241,PRJNA641489,ACC27241,,,,,False,False
SRR12460497,ACC.27472,ACC.27472,PRJNA641489,ACC27472,,,,,False,False
SRR12460498,ACC.27471,ACC.27471,PRJNA641489,ACC27471,,,,,False,False
SRR12460499,ACC.8764,ACC.8764,PRJNA641489,ACC8764,,,,,False,False
SRR12460500,ACC.27470,ACC.27470,PRJNA641489,ACC27470,,,,,False,False
SRR12460501,ACC.27240,ACC.27240,PRJNA641489,ACC27240,,,,,False,False
SRR12460502,ACC.27235,ACC.27235,PRJNA641489,ACC27235,,,,,False,False
SRR12460503,ACC.27234,ACC.27234,PRJNA641489,ACC27234,,,,,False,False
SRR12460504,ACC.27233,ACC.27233,PRJNA641489,ACC27233,,,,,False,False
SRR12460505,ACC.27232,ACC.27232,PRJNA641489,ACC27232,,,,,False,False
SRR12460506,ACC.27231,ACC.27231,PRJNA641489,ACC27231,,,,,False,False
SRR12460507,ACC.27230,ACC.27230,PRJNA641489,ACC27230,,,,,False,False
SRR12460508,ACC.27229,ACC.27229,PRJNA641489,ACC27229,,,,,False,False
SRR12460509,ACC.27228,ACC.27228,PRJNA641489,ACC27228,,,,,False,False
SRR12460510,ACC.8763,ACC.8763,PRJNA641489,ACC8763,,,,,False,False
SRR12460511,ACC.27239,ACC.27239,PRJNA641489,ACC27239,,,,,False,False
SRR12460512,ACC.27237,ACC.27237,PRJNA641489,ACC27237,,,,,False,False
SRR12460513,ACC.27236,ACC.27236,PRJNA641489,ACC27236,,,,,False,False
SRR12460514,ACC.27227,ACC.27227,PRJNA641489,ACC27227,,,,,False,False
SRR12460515,ACC.27223,ACC.27223,PRJNA641489,ACC27223,,,,,False,False
SRR12460516,ACC.27222,ACC.27222,PRJNA641489,ACC27222,,,,,False,False
SRR12460517,ACC.27221,ACC.27221,PRJNA641489,ACC27221,,,,,False,False
SRR12460518,ACC.27220,ACC.27220,PRJNA641489,ACC27220,,,,,False,False
SRR12460519,ACC.27219,ACC.27219,PRJNA641489,ACC27219,,,,,False,False
SRR12460520,ACC.27218,ACC.27218,PRJNA641489,ACC27218,,,,,False,False
SRR12460521,ACC.8762,ACC.8762,PRJNA641489,ACC8762,,,,,False,False
SRR12460522,ACC.27217,ACC.27217,PRJNA641489,ACC27217,,,,,False,False
SRR12460523,ACC.27216,ACC.27216,PRJNA641489,ACC27216,,,,,False,False
SRR12460524,ACC.27226,ACC.27226,PRJNA641489,ACC27226,,,,,False,False
SRR12460525,ACC.27225,ACC.27225,PRJNA641489,ACC27225,,,,,False,False
SRR12460526,ACC.27224,ACC.27224,PRJNA641489,ACC27224,,,,,False,False
SRR12460527,ACC.27215,ACC.27215,PRJNA641489,ACC27215,,,,,False,False
SRR12460528,ACC.13790,ACC.13790,PRJNA641489,ACC13790,,,,,False,False
SRR12460529,ACC.13789,ACC.13789,PRJNA641489,ACC13789,,,,,False,False
SRR12460530,ACC.13788,ACC.13788,PRJNA641489,ACC13788,,,,,False,False
SRR1575495,B73,B73,PRJNA260788,B73,PI 550473,B73,1.0,False,True,True
SRR1575496,CH10,CH10,PRJNA260788,CH10,,,,,False,False
SRR1575497,D06,D06,PRJNA260788,D06,,,,,False,False
SRR1575498,D09,D09,PRJNA260788,D09,,,,,False,False
SRR1575499,D152,D152,PRJNA260788,D152,,,,,False,False
SRR1575500,DK105,DK105,PRJNA260788,DK105,,,,,False,False
SRR1575501,EC169,EC169,PRJNA260788,EC169,,,,,False,False
SRR1575502,EC49A,EC49A,PRJNA260788,EC49A,,,,,False,False
SRR1575503,EP1,EP1,PRJNA260788,EP1,PI 693362,EP1,1.0,False,True,True
SRR1575504,EP44,EP44,PRJNA260788,EP44,,,,,False,False
SRR1575505,EZ5,EZ5,PRJNA260788,EZ5,,,,,False,False
SRR1575506,F03802,F03802,PRJNA260788,F03802,,,,,False,False
SRR1575507,F2,F2,PRJNA260788,F2,PI 257506,F2,1.0,True,False,True
SRR1575508,F252,F252,PRJNA260788,F252,,,,,False,False
SRR1575509,F283,F283,PRJNA260788,F283,,,,,False,False
SRR1575510,F353,F353,PRJNA260788,F353,,,,,False,False
SRR1575511,F618,F618,PRJNA260788,F618,,,,,False,False
SRR1575512,F64,F64,PRJNA260788,F64,,,,,False,False
SRR1575513,F7,F7,PRJNA260788,F7,PI 257507,F7,1.0,True,False,True
SRR1575514,F98902,F98902,PRJNA260788,F98902,,,,,False,False
SRR1575515,FF0721H-7,FF0721H-7,PRJNA260788,FF0721H7,,,,,False,False
SRR1575516,Lo11,Lo11,PRJNA260788,LO11,,,,,False,False
SRR1575517,Mo17,Mo17,PRJNA260788,MO17,PI 558532,Mo17,1.0,False,True,True
SRR1575518,PH207,PH207,PRJNA260788,PH207,PI 601005,PH207,1.0,False,True,True
SRR1575519,Teosinte,Teosinte,PRJNA260788,TEOSINTE,,,,,False,False
SRR1575520,UH006,UH006,PRJNA260788,UH006,,,,,False,False
SRR1575521,UH007,UH007,PRJNA260788,UH007,,,,,False,False
SRR1575522,UH009,UH009,PRJNA260788,UH009,,,,,False,False
SRR1575523,UH250,UH250,PRJNA260788,UH250,,,,,False,False
SRR1575524,UH304,UH304,PRJNA260788,UH304,,,,,False,False
SRR1575525,W117,W117,PRJNA260788,W117,PI 587153,W117,1.0,False,True,True
SRR17045840,1014,1014,PRJNA783885,1014,,,,,False,False
SRR17045841,1013,1013,PRJNA783885,1013,,,,,False,False
SRR17045842,1012,1012,PRJNA783885,1012,,,,,False,False
SRR17045843,1011,1011,PRJNA783885,1011,,,,,False,False
SRR17045844,1010,1010,PRJNA783885,1010,,,,,False,False
SRR17045845,838,838,PRJNA783885,838,,,,,False,False
SRR17045846,1009,1009,PRJNA783885,1009,,,,,False,False
SRR17045847,1008,1008,PRJNA783885,1008,,,,,False,False
SRR17045848,1007,1007,PRJNA783885,1007,,,,,False,False
SRR17045849,1006,1006,PRJNA783885,1006,,,,,False,False
SRR17045850,1005,1005,PRJNA783885,1005,,,,,False,False
SRR17045851,1004,1004,PRJNA783885,1004,Ames 16446,1004,1.0,True,False,True
SRR17045852,1003,1003,PRJNA783885,1003,,,,,False,False
SRR17045853,1946,1946,PRJNA783885,1946,,,,,False,False
SRR17045854,1898,1898,PRJNA783885,1898,,,,,False,False
SRR17045855,1868,1868,PRJNA783885,1868,,,,,False,False
SRR17045856,837,837,PRJNA783885,837,,,,,False,False
SRR17045857,1867,1867,PRJNA783885,1867,,,,,False,False
SRR17045858,1862,1862,PRJNA783885,1862,,,,,False,False
SRR17045859,1859,1859,PRJNA783885,1859,,,,,False,False
SRR17045860,1810,1810,PRJNA783885,1810,,,,,False,False
SRR17045861,1777,1777,PRJNA783885,1777,,,,,False,False
SRR17045862,1759,1759,PRJNA783885,1759,,,,,False,False
SRR17045863,1755,1755,PRJNA783885,1755,,,,,False,False
SRR17045864,1754,1754,PRJNA783885,1754,,,,,False,False
SRR17045865,1740,1740,PRJNA783885,1740,,,,,False,False
SRR17045866,1727,1727,PRJNA783885,1727,,,,,False,False
SRR17045867,836,836,PRJNA783885,836,,,,,False,False
SRR17045868,1629,1629,PRJNA783885,1629,,,,,False,False
SRR17045869,1605,1605,PRJNA783885,1605,,,,,False,False
SRR17045870,1602,1602,PRJNA783885,1602,,,,,False,False
SRR17045871,1582,1582,PRJNA783885,1582,,,,,False,False
SRR17045872,1213,1213,PRJNA783885,1213,,,,,False,False
SRR17045873,1212,1212,PRJNA783885,1212,,,,,False,False
SRR17045874,1211,1211,PRJNA783885,1211,,,,,False,False
SRR17045875,1210,1210,PRJNA783885,1210,,,,,False,False
SRR17045876,1209,1209,PRJNA783885,1209,,,,,False,False
SRR17045877,14,14,PRJNA783885,14,PI 433649,14,1.0,True,False,True
SRR17045878,1208,1208,PRJNA783885,1208,,,,,False,False
SRR17045879,1207,1207,PRJNA783885,1207,,,,,False,False
SRR17045880,1206,1206,PRJNA783885,1206,,,,,False,False
SRR17045881,1205,1205,PRJNA783885,1205,,,,,False,False
SRR17045882,1204,1204,PRJNA783885,1204,,,,,False,False
SRR17045883,1203,1203,PRJNA783885,1203,,,,,False,False
SRR17045884,1202,1202,PRJNA783885,1202,,,,,False,False
SRR17045885,1201,1201,PRJNA783885,1201,,,,,False,False
SRR17045886,1200,1200,PRJNA783885,1200,,,,,False,False
SRR17045887,1199,1199,PRJNA783885,1199,,,,,False,False
SRR17045888,13,13,PRJNA783885,13,PI 490409,13,3.0,True,False,False
SRR17045889,1198,1198,PRJNA783885,1198,,,,,False,False
SRR17045890,1197,1197,PRJNA783885,1197,,,,,False,False
SRR17045891,1196,1196,PRJNA783885,1196,,,,,False,False
SRR17045892,1195,1195,PRJNA783885,1195,,,,,False,False
SRR17045893,1194,1194,PRJNA783885,1194,,,,,False,False
SRR17045894,1193,1193,PRJNA783885,1193,,,,,False,False
SRR17045895,1192,1192,PRJNA783885,1192,,,,,False,False
SRR17045896,1191,1191,PRJNA783885,1191,,,,,False,False
SRR17045897,1190,1190,PRJNA783885,1190,,,,,False,False
SRR17045898,1189,1189,PRJNA783885,1189,,,,,False,False
SRR17045899,12,12,PRJNA783885,12,,,,,False,False
SRR17045900,1188,1188,PRJNA783885,1188,,,,,False,False
SRR17045901,1187,1187,PRJNA783885,1187,,,,,False,False
SRR17045902,1186,1186,PRJNA783885,1186,,,,,False,False
SRR17045903,1185,1185,PRJNA783885,1185,,,,,False,False
SRR17045904,1184,1184,PRJNA783885,1184,,,,,False,False
SRR17045905,1183,1183,PRJNA783885,1183,,,,,False,False
SRR17045906,1182,1182,PRJNA783885,1182,,,,,False,False
SRR17045907,1181,1181,PRJNA783885,1181,,,,,False,False
SRR17045908,1180,1180,PRJNA783885,1180,,,,,False,False
SRR17045909,1179,1179,PRJNA783885,1179,,,,,False,False
SRR17045910,11,11,PRJNA783885,11,PI 490408,11,1.0,True,False,True
SRR17045911,1178,1178,PRJNA783885,1178,,,,,False,False
SRR17045912,1177,1177,PRJNA783885,1177,,,,,False,False
SRR17045913,1176,1176,PRJNA783885,1176,,,,,False,False
SRR17045914,1175,1175,PRJNA783885,1175,,,,,False,False
SRR17045915,1174,1174,PRJNA783885,1174,,,,,False,False
SRR17045916,1171,1171,PRJNA783885,1171,,,,,False,False
SRR17045917,1170,1170,PRJNA783885,1170,,,,,False,False
SRR17045918,1169,1169,PRJNA783885,1169,,,,,False,False
SRR17045919,1168,1168,PRJNA783885,1168,,,,,False,False
SRR17045920,1167,1167,PRJNA783885,1167,,,,,False,False
SRR17045921,1060,1060,PRJNA783885,1060,,,,,False,False
SRR17045922,1166,1166,PRJNA783885,1166,,,,,False,False
SRR17045923,1165,1165,PRJNA783885,1165,,,,,False,False
SRR17045924,1164,1164,PRJNA783885,1164,,,,,False,False
SRR17045925,1163,1163,PRJNA783885,1163,,,,,False,False
SRR17045926,1162,1162,PRJNA783885,1162,,,,,False,False
SRR17045927,1161,1161,PRJNA783885,1161,,,,,False,False
SRR17045928,1160,1160,PRJNA783885,1160,,,,,False,False
SRR17045929,1159,1159,PRJNA783885,1159,,,,,False,False
SRR17045930,1158,1158,PRJNA783885,1158,,,,,False,False
SRR17045931,1157,1157,PRJNA783885,1157,,,,,False,False
SRR17045932,10,10,PRJNA783885,10,,,,,False,False
SRR17045933,1156,1156,PRJNA783885,1156,,,,,False,False
SRR17045934,1155,1155,PRJNA783885,1155,Ames 21883,1155,1.0,True,False,True
SRR17045935,1154,1154,PRJNA783885,1154,,,,,False,False
SRR17045936,1123,1123,PRJNA783885,1123,,,,,False,False
SRR17045937,1121,1121,PRJNA783885,1121,,,,,False,False
SRR17045938,1120,1120,PRJNA783885,1120,PI 462368,1120,1.0,True,False,True
SRR17045939,1119,1119,PRJNA783885,1119,,,,,False,False
SRR17045940,1118,1118,PRJNA783885,1118,,,,,False,False
SRR17045941,1117,1117,PRJNA783885,1117,,,,,False,False
SRR17045942,1116,1116,PRJNA783885,1116,,,,,False,False
SRR17045943,1115,1115,PRJNA783885,1115,,,,,False,False
SRR17045944,1114,1114,PRJNA783885,1114,,,,,False,False
SRR17045945,848,848,PRJNA783885,848,,,,,False,False
SRR17045946,1113,1113,PRJNA783885,1113,,,,,False,False
SRR17045947,1112,1112,PRJNA783885,1112,,,,,False,False
SRR17045948,1111,1111,PRJNA783885,1111,,,,,False,False
SRR17045949,1110,1110,PRJNA783885,1110,,,,,False,False
SRR17045950,1109,1109,PRJNA783885,1109,,,,,False,False
SRR17045951,1108,1108,PRJNA783885,1108,,,,,False,False
SRR17045952,1107,1107,PRJNA783885,1107,,,,,False,False
SRR17045953,1106,1106,PRJNA783885,1106,,,,,False,False
SRR17045954,1105,1105,PRJNA783885,1105,,,,,False,False
SRR17045955,1104,1104,PRJNA783885,1104,,,,,False,False
SRR17045956,847,847,PRJNA783885,847,,,,,False,False
SRR17045957,1103,1103,PRJNA783885,1103,,,,,False,False
SRR17045958,1102,1102,PRJNA783885,1102,,,,,False,False
SRR17045959,1101,1101,PRJNA783885,1101,,,,,False,False
SRR17045960,1100,1100,PRJNA783885,1100,,,,,False,False
SRR17045961,1099,1099,PRJNA783885,1099,,,,,False,False
SRR17045962,1098,1098,PRJNA783885,1098,,,,,False,False
SRR17045963,1097,1097,PRJNA783885,1097,,,,,False,False
SRR17045964,1096,1096,PRJNA783885,1096,,,,,False,False
SRR17045965,1095,1095,PRJNA783885,1095,PI 486227,1095,1.0,True,False,True
SRR17045966,1094,1094,PRJNA783885,1094,,,,,False,False
SRR17045967,846,846,PRJNA783885,846,,,,,False,False
SRR17045968,1546,1546,PRJNA783885,1546,,,,,False,False
SRR17045969,1513,1513,PRJNA783885,1513,,,,,False,False
SRR17045970,1506,1506,PRJNA783885,1506,,,,,False,False
SRR17045971,1475,1475,PRJNA783885,1475,,,,,False,False
SRR17045972,1413,1413,PRJNA783885,1413,,,,,False,False
SRR17045973,1407,1407,PRJNA783885,1407,,,,,False,False
SRR17045974,835,835,PRJNA783885,835,,,,,False,False
SRR17045975,1394,1394,PRJNA783885,1394,,,,,False,False
SRR17045976,1385,1385,PRJNA783885,1385,,,,,False,False
SRR17045977,1383,1383,PRJNA783885,1383,,,,,False,False
SRR17045978,1371,1371,PRJNA783885,1371,,,,,False,False
SRR17045979,1335,1335,PRJNA783885,1335,,,,,False,False
SRR17045980,1329,1329,PRJNA783885,1329,,,,,False,False
SRR17045981,1322,1322,PRJNA783885,1322,,,,,False,False
SRR17045982,9,9,PRJNA783885,9,PI 490407,9,1.0,True,False,True
SRR17045983,8,8,PRJNA783885,8,PI 520624,8,1.0,True,False,True
SRR17045984,7,7,PRJNA783885,7,,,,,False,False
SRR17045985,834,834,PRJNA783885,834,,,,,False,False
SRR17045986,6,6,PRJNA783885,6,,,,,False,False
SRR17045987,5,5,PRJNA783885,5,PI 357094,5,1.0,True,False,True
SRR17045988,4,4,PRJNA783885,4,PI 357093,4,1.0,True,False,True
SRR17045989,3,3,PRJNA783885,3,PI 520623,3,2.0,True,False,True
SRR17045990,21,21,PRJNA783885,21,,,,,False,False
SRR17045991,20,20,PRJNA783885,20,,,,,False,False
SRR17045992,2666,2666,PRJNA783885,2666,,,,,False,False
SRR17045993,1282,1282,PRJNA783885,1282,,,,,False,False
SRR17045994,1280,1280,PRJNA783885,1280,PI 271642,1280,1.0,True,False,True
SRR17045995,1279,1279,PRJNA783885,1279,,,,,False,False
SRR17045996,1278,1278,PRJNA783885,1278,PI 271641,1278,1.0,True,False,True
SRR17045997,1277,1277,PRJNA783885,1277,,,,,False,False
SRR17045998,1276,1276,PRJNA783885,1276,,,,,False,False
SRR17045999,1274,1274,PRJNA783885,1274,,,,,False,False
SRR17046000,1273,1273,PRJNA783885,1273,,,,,False,False
SRR17046001,1272,1272,PRJNA783885,1272,,,,,False,False
SRR17046002,2,2,PRJNA783885,2,Ames 13506,Line 2,1.0,True,False,False
SRR17046003,1271,1271,PRJNA783885,1271,,,,,False,False
SRR17046004,1270,1270,PRJNA783885,1270,,,,,False,False
SRR17046005,1268,1268,PRJNA783885,1268,,,,,False,False
SRR17046006,1267,1267,PRJNA783885,1267,,,,,False,False
SRR17046007,1266,1266,PRJNA783885,1266,,,,,False,False
SRR17046008,1265,1265,PRJNA783885,1265,,,,,False,False
SRR17046009,1264,1264,PRJNA783885,1264,,,,,False,False
SRR17046010,1263,1263,PRJNA783885,1263,,,,,False,False
SRR17046011,1262,1262,PRJNA783885,1262,,,,,False,False
SRR17046012,1261,1261,PRJNA783885,1261,,,,,False,False
SRR17046013,19,19,PRJNA783885,19,,,,,False,False
SRR17046014,1260,1260,PRJNA783885,1260,,,,,False,False
SRR17046015,1259,1259,PRJNA783885,1259,,,,,False,False
SRR17046016,1258,1258,PRJNA783885,1258,,,,,False,False
SRR17046017,1257,1257,PRJNA783885,1257,,,,,False,False
SRR17046018,1256,1256,PRJNA783885,1256,,,,,False,False
SRR17046019,1255,1255,PRJNA783885,1255,,,,,False,False
SRR17046020,1254,1254,PRJNA783885,1254,Ames 19997,1254,1.0,True,False,True
SRR17046021,1253,1253,PRJNA783885,1253,,,,,False,False
SRR17046022,1252,1252,PRJNA783885,1252,,,,,False,False
SRR17046023,1251,1251,PRJNA783885,1251,,,,,False,False
SRR17046024,18,18,PRJNA783885,18,PI 520625,18,2.0,True,False,False
SRR17046025,1250,1250,PRJNA783885,1250,PI 441932,1250,1.0,True,False,True
SRR17046026,1249,1249,PRJNA783885,1249,,,,,False,False
SRR17046027,1248,1248,PRJNA783885,1248,,,,,False,False
SRR17046028,1247,1247,PRJNA783885,1247,,,,,False,False
SRR17046029,1246,1246,PRJNA783885,1246,,,,,False,False
SRR17046030,1245,1245,PRJNA783885,1245,,,,,False,False
SRR17046031,1244,1244,PRJNA783885,1244,,,,,False,False
SRR17046032,1243,1243,PRJNA783885,1243,,,,,False,False
SRR17046033,1242,1242,PRJNA783885,1242,,,,,False,False
SRR17046034,1241,1241,PRJNA783885,1241,,,,,False,False
SRR17046035,17,17,PRJNA783885,17,,,,,False,False
SRR17046036,833,833,PRJNA783885,833,,,,,False,False
SRR17046037,1240,1240,PRJNA783885,1240,,,,,False,False
SRR17046038,1239,1239,PRJNA783885,1239,,,,,False,False
SRR17046039,1238,1238,PRJNA783885,1238,,,,,False,False
SRR17046040,1237,1237,PRJNA783885,1237,,,,,False,False
SRR17046041,1236,1236,PRJNA783885,1236,,,,,False,False
SRR17046042,1235,1235,PRJNA783885,1235,,,,,False,False
SRR17046043,1234,1234,PRJNA783885,1234,,,,,False,False
SRR17046044,1233,1233,PRJNA783885,1233,,,,,False,False
SRR17046045,1232,1232,PRJNA783885,1232,,,,,False,False
SRR17046046,1231,1231,PRJNA783885,1231,,,,,False,False
SRR17046047,16,16,PRJNA783885,16,PI 462374,16,1.0,True,False,True
SRR17046048,1230,1230,PRJNA783885,1230,,,,,False,False
SRR17046049,1229,1229,PRJNA783885,1229,,,,,False,False
SRR17046050,1228,1228,PRJNA783885,1228,,,,,False,False
SRR17046051,1227,1227,PRJNA783885,1227,,,,,False,False
SRR17046052,1226,1226,PRJNA783885,1226,,,,,False,False
SRR17046053,1225,1225,PRJNA783885,1225,,,,,False,False
SRR17046054,1223,1223,PRJNA783885,1223,,,,,False,False
SRR17046055,1221,1221,PRJNA783885,1221,,,,,False,False
SRR17046056,1220,1220,PRJNA783885,1220,,,,,False,False
SRR17046057,1219,1219,PRJNA783885,1219,,,,,False,False
SRR17046058,15,15,PRJNA783885,15,,,,,False,False
SRR17046059,1218,1218,PRJNA783885,1218,,,,,False,False
SRR17046060,1217,1217,PRJNA783885,1217,,,,,False,False
SRR17046061,1216,1216,PRJNA783885,1216,,,,,False,False
SRR17046062,1215,1215,PRJNA783885,1215,,,,,False,False
SRR17046063,1214,1214,PRJNA783885,1214,,,,,False,False
SRR17046064,1093,1093,PRJNA783885,1093,,,,,False,False
SRR17046065,1092,1092,PRJNA783885,1092,,,,,False,False
SRR17046066,1091,1091,PRJNA783885,1091,,,,,False,False
SRR17046067,1090,1090,PRJNA783885,1090,,,,,False,False
SRR17046068,1089,1089,PRJNA783885,1089,,,,,False,False
SRR17046069,1088,1088,PRJNA783885,1088,,,,,False,False
SRR17046070,1087,1087,PRJNA783885,1087,,,,,False,False
SRR17046071,1086,1086,PRJNA783885,1086,,,,,False,False
SRR17046072,1085,1085,PRJNA783885,1085,,,,,False,False
SRR17046073,1084,1084,PRJNA783885,1084,,,,,False,False
SRR17046074,845,845,PRJNA783885,845,,,,,False,False
SRR17046075,1083,1083,PRJNA783885,1083,,,,,False,False
SRR17046076,1082,1082,PRJNA783885,1082,,,,,False,False
SRR17046077,1081,1081,PRJNA783885,1081,PI 271639,1081,1.0,True,False,True
SRR17046078,1080,1080,PRJNA783885,1080,PI 271638,1080,1.0,True,False,True
SRR17046079,1079,1079,PRJNA783885,1079,,,,,False,False
SRR17046080,1078,1078,PRJNA783885,1078,,,,,False,False
SRR17046081,1077,1077,PRJNA783885,1077,,,,,False,False
SRR17046082,1076,1076,PRJNA783885,1076,,,,,False,False
SRR17046083,1075,1075,PRJNA783885,1075,,,,,False,False
SRR17046084,1073,1073,PRJNA783885,1073,,,,,False,False
SRR17046085,844,844,PRJNA783885,844,,,,,False,False
SRR17046086,1072,1072,PRJNA783885,1072,,,,,False,False
SRR17046087,1070,1070,PRJNA783885,1070,,,,,False,False
SRR17046088,1069,1069,PRJNA783885,1069,,,,,False,False
SRR17046089,1068,1068,PRJNA783885,1068,,,,,False,False
SRR17046090,1067,1067,PRJNA783885,1067,,,,,False,False
SRR17046091,1066,1066,PRJNA783885,1066,,,,,False,False
SRR17046092,1065,1065,PRJNA783885,1065,,,,,False,False
SRR17046093,1064,1064,PRJNA783885,1064,,,,,False,False
SRR17046094,1063,1063,PRJNA783885,1063,,,,,False,False
SRR17046095,1062,1062,PRJNA783885,1062,,,,,False,False
SRR17046096,1030,1030,PRJNA783885,1030,,,,,False,False
SRR17046097,1029,1029,PRJNA783885,1029,,,,,False,False
SRR17046098,1028,1028,PRJNA783885,1028,,,,,False,False
SRR17046099,1027,1027,PRJNA783885,1027,,,,,False,False
SRR17046100,1026,1026,PRJNA783885,1026,,,,,False,False
SRR17046101,1025,1025,PRJNA783885,1025,,,,,False,False
SRR17046102,1024,1024,PRJNA783885,1024,,,,,False,False
SRR17046103,1023,1023,PRJNA783885,1023,,,,,False,False
SRR17046104,1022,1022,PRJNA783885,1022,,,,,False,False
SRR17046105,1021,1021,PRJNA783885,1021,,,,,False,False
SRR17046106,839,839,PRJNA783885,839,,,,,False,False
SRR17046107,1019,1019,PRJNA783885,1019,,,,,False,False
SRR17046108,1018,1018,PRJNA783885,1018,,,,,False,False
SRR17046109,1017,1017,PRJNA783885,1017,,,,,False,False
SRR17046110,1016,1016,PRJNA783885,1016,,,,,False,False
SRR17046111,1015,1015,PRJNA783885,1015,,,,,False,False
SRR17046112,1153,1153,PRJNA783885,1153,,,,,False,False
SRR17046113,1152,1152,PRJNA783885,1152,,,,,False,False
SRR17046114,1151,1151,PRJNA783885,1151,,,,,False,False
SRR17046115,1150,1150,PRJNA783885,1150,,,,,False,False
SRR17046116,1149,1149,PRJNA783885,1149,,,,,False,False
SRR17046117,1148,1148,PRJNA783885,1148,,,,,False,False
SRR17046118,1147,1147,PRJNA783885,1147,,,,,False,False
SRR17046119,1,1,PRJNA783885,1,Ames 13505,Line 1,1.0,True,False,False
SRR17046120,1145,1145,PRJNA783885,1145,,,,,False,False
SRR17046121,1144,1144,PRJNA783885,1144,,,,,False,False
SRR17046122,1143,1143,PRJNA783885,1143,,,,,False,False
SRR17046123,1142,1142,PRJNA783885,1142,,,,,False,False
SRR17046124,1141,1141,PRJNA783885,1141,,,,,False,False
SRR17046125,1140,1140,PRJNA783885,1140,,,,,False,False
SRR17046126,1139,1139,PRJNA783885,1139,,,,,False,False
SRR17046127,1138,1138,PRJNA783885,1138,,,,,False,False
SRR17046128,1136,1136,PRJNA783885,1136,,,,,False,False
SRR17046129,1135,1135,PRJNA783885,1135,,,,,False,False
SRR17046130,850,850,PRJNA783885,850,,,,,False,False
SRR17046131,832,832,PRJNA783885,832,,,,,False,False
SRR17046132,1134,1134,PRJNA783885,1134,,,,,False,False
SRR17046133,1133,1133,PRJNA783885,1133,,,,,False,False
SRR17046134,1132,1132,PRJNA783885,1132,,,,,False,False
SRR17046135,1131,1131,PRJNA783885,1131,,,,,False,False
SRR17046136,1130,1130,PRJNA783885,1130,,,,,False,False
SRR17046137,1129,1129,PRJNA783885,1129,,,,,False,False
SRR17046138,1128,1128,PRJNA783885,1128,,,,,False,False
SRR17046139,1127,1127,PRJNA783885,1127,PI 271640,1127,1.0,True,False,True
SRR17046140,1126,1126,PRJNA783885,1126,,,,,False,False
SRR17046141,1125,1125,PRJNA783885,1125,,,,,False,False
SRR17046142,849,849,PRJNA783885,849,,,,,False,False
SRR17046143,1124,1124,PRJNA783885,1124,,,,,False,False
SRR17046144,843,843,PRJNA783885,843,,,,,False,False
SRR17046145,1061,1061,PRJNA783885,1061,,,,,False,False
SRR17046146,1059,1059,PRJNA783885,1059,,,,,False,False
SRR17046147,1058,1058,PRJNA783885,1058,,,,,False,False
SRR17046148,1057,1057,PRJNA783885,1057,,,,,False,False
SRR17046149,1056,1056,PRJNA783885,1056,,,,,False,False
SRR17046150,1055,1055,PRJNA783885,1055,,,,,False,False
SRR17046151,1054,1054,PRJNA783885,1054,,,,,False,False
SRR17046152,1053,1053,PRJNA783885,1053,,,,,False,False
SRR17046153,1052,1052,PRJNA783885,1052,,,,,False,False
SRR17046154,1051,1051,PRJNA783885,1051,,,,,False,False
SRR17046155,842,842,PRJNA783885,842,,,,,False,False
SRR17046156,1050,1050,PRJNA783885,1050,Ames 21882,1050,1.0,True,False,True
SRR17046157,1049,1049,PRJNA783885,1049,,,,,False,False
SRR17046158,1048,1048,PRJNA783885,1048,,,,,False,False
SRR17046159,1047,1047,PRJNA783885,1047,,,,,False,False
SRR17046160,1046,1046,PRJNA783885,1046,,,,,False,False
SRR17046161,1045,1045,PRJNA783885,1045,,,,,False,False
SRR17046162,1044,1044,PRJNA783885,1044,,,,,False,False
SRR17046163,1043,1043,PRJNA783885,1043,,,,,False,False
SRR17046164,1042,1042,PRJNA783885,1042,,,,,False,False
SRR17046165,1041,1041,PRJNA783885,1041,,,,,False,False
SRR17046166,841,841,PRJNA783885,841,,,,,False,False
SRR17046167,1040,1040,PRJNA783885,1040,,,,,False,False
SRR17046168,1039,1039,PRJNA783885,1039,,,,,False,False
SRR17046169,1038,1038,PRJNA783885,1038,,,,,False,False
SRR17046170,1037,1037,PRJNA783885,1037,,,,,False,False
SRR17046171,1036,1036,PRJNA783885,1036,,,,,False,False
SRR17046172,1035,1035,PRJNA783885,1035,,,,,False,False
SRR17046173,1034,1034,PRJNA783885,1034,,,,,False,False
SRR17046174,1033,1033,PRJNA783885,1033,,,,,False,False
SRR17046175,1032,1032,PRJNA783885,1032,,,,,False,False
SRR17046176,1031,1031,PRJNA783885,1031,,,,,False,False
SRR17046177,840,840,PRJNA783885,840,,,,,False,False
SRR17046178,831,831,PRJNA783885,831,,,,,False,False
SRR17046179,830,830,PRJNA783885,830,,,,,False,False
SRR18441530,PI 306617,PI 306617,PRJNA816255,PI306617,,,,,False,True
SRR18441531,PI 306615,PI 306615,PRJNA816255,PI306615,,,,,False,True
SRR18441532,Ames 21879,Ames 21879,PRJNA816255,AMES21879,,,,,False,False
SRR18441533,Ames 21878,Ames 21878,PRJNA816255,AMES21878,,,,,False,True
SRR18441534,Ames 21877,Ames 21877,PRJNA816255,AMES21877,,,,,False,True
SRR18441535,Ames 21867,Ames 21867,PRJNA816255,AMES21867,,,,,False,True
SRR18441536,RIMH001,RIMH001,PRJNA816255,RIMH001,,,,,False,False
SRR18441537,RRA-14,RRA-14,PRJNA816255,RRA14,,,,,False,False
SRR18441538,RID0009,RID0009,PRJNA816255,RID0009,,,,,False,False
SRR18441539,Ames 21865,Ames 21865,PRJNA816255,AMES21865,,,,,False,True
SRR18441540,RID0008,RID0008,PRJNA816255,RID0008,,,,,False,False
SRR18441541,RID0007,RID0007,PRJNA816255,RID0007,,,,,False,False
SRR18441542,RID0006,RID0006,PRJNA816255,RID0006,,,,,False,False
SRR18441543,RID0005,RID0005,PRJNA816255,RID0005,,,,,False,False
SRR18441544,PI 462368,PI 462368,PRJNA816255,PI462368,,,,,False,True
SRR18441545,PI 441932,PI 441932,PRJNA816255,PI441932,,,,,False,True
SRR18441546,PI 441931,PI 441931,PRJNA816255,PI441931,,,,,False,True
SRR18441547,PI 441929,PI 441929,PRJNA816255,PI441929,,,,,False,True
SRR18441548,Ames 2317,Ames 2317,PRJNA816255,AMES2317,Ames 2317,Ames 2317,1.0,False,True,True
SRR18441549,Ames 21884,Ames 21884,PRJNA816255,AMES21884,,,,,False,True
SRR18441550,Ames 21864,Ames 21864,PRJNA816255,AMES21864,,,,,False,True
SRR18441551,Ames 21882,Ames 21882,PRJNA816255,AMES21882,,,,,False,True
SRR18441552,Ames 21875,Ames 21875,PRJNA816255,AMES21875,,,,,False,True
SRR18441553,Ames 21874,Ames 21874,PRJNA816255,AMES21874,,,,,False,True
SRR18441554,Ames 21873,Ames 21873,PRJNA816255,AMES21873,,,,,False,True
SRR18441555,Ames 21872,Ames 21872,PRJNA816255,AMES21872,,,,,False,True
SRR18441556,Ames 21871,Ames 21871,PRJNA816255,AMES21871,,,,,False,True
SRR18441557,Ames 21870,Ames 21870,PRJNA816255,AMES21870,,,,,False,True
SRR18441558,RIN1,RIN1,PRJNA816255,RIN1,,,,,False,False
SRR18441559,RIL2,RIL2,PRJNA816255,RIL2,,,,,False,False
SRR18441560,RIL003,RIL003,PRJNA816255,RIL003,,,,,False,False
SRR18441561,Ames 21863,Ames 21863,PRJNA816255,AMES21863,,,,,False,True
SRR18458783,5D3_2,5D3_2,PRJNA816255,5D32,,,,,False,False
SRR18458784,5D2_5,5D2_5,PRJNA816255,5D25,,,,,False,False
SRR18458785,5D2_3,5D2_3,PRJNA816255,5D23,,,,,False,False
SRR18458786,5D2_2,5D2_2,PRJNA816255,5D22,,,,,False,False
SRR18458787,5D1_5,5D1_5,PRJNA816255,5D15,,,,,False,False
SRR18458788,5D1_3,5D1_3,PRJNA816255,5D13,,,,,False,False
SRR18458789,5D1_2,5D1_2,PRJNA816255,5D12,,,,,False,False
SRR18458790,Hmes-21875,Hmes-21875,PRJNA816255,HMES21875,,,,,False,False
SRR18458791,5D2,5D2,PRJNA816255,5D2,,,,,False,False
SRR18458792,5D1,5D1,PRJNA816255,5D1,,,,,False,False
SRR18458793,6.00E+06,6.00E+06,PRJNA816255,600E+06,,,,,False,False
SRR18458794,5D7_5,5D7_5,PRJNA816255,5D75,,,,,False,False
SRR18458795,6E6_5,6E6_5,PRJNA816255,6E65,,,,,False,False
SRR18458796,5D7_3,5D7_3,PRJNA816255,5D73,,,,,False,False
SRR18458797,5D7_2,5D7_2,PRJNA816255,5D72,,,,,False,False
SRR18458798,5D6_5,5D6_5,PRJNA816255,5D65,,,,,False,False
SRR18458799,5D6_3,5D6_3,PRJNA816255,5D63,,,,,False,False
SRR18458800,5D6_2,5D6_2,PRJNA816255,5D62,,,,,False,False
SRR18458801,5D5_5,5D5_5,PRJNA816255,5D55,,,,,False,False
SRR18458802,5D5_3,5D5_3,PRJNA816255,5D53,,,,,False,False
SRR18458803,5D5_2,5D5_2,PRJNA816255,5D52,,,,,False,False
SRR18458804,5D3_5,5D3_5,PRJNA816255,5D35,,,,,False,False
SRR18458805,5D3_3,5D3_3,PRJNA816255,5D33,,,,,False,False
SRR18458806,6E6_3,6E6_3,PRJNA816255,6E63,,,,,False,False
SRR18458807,6E6_2,6E6_2,PRJNA816255,6E62,,,,,False,False
SRR2527695,F283,F283,PRJNA260788,F283,,,,,False,False
SRR2527696,F353,F353,PRJNA260788,F353,,,,,False,False
SRR2858648,RIMMA0383,RIMMA0383,PRJNA300309,RIMMA0383,,,,,False,False
SRR2858657,RIMMA0383,RIMMA0383,PRJNA300309,RIMMA0383,,,,,False,False
SRR2859791,RIMMA0384,RIMMA0384,PRJNA300309,RIMMA0384,,,,,False,False
SRR2859793,RIMMA0384,RIMMA0384,PRJNA300309,RIMMA0384,,,,,False,False
SRR2859795,RIMMA0387,RIMMA0387,PRJNA300309,RIMMA0387,,,,,False,False
SRR2859796,RIMMA0387,RIMMA0387,PRJNA300309,RIMMA0387,,,,,False,False
SRR2886831,RIMMA0415,RIMMA0415,PRJNA300309,RIMMA0415,,,,,False,False
SRR2886832,RIMMA0415,RIMMA0415,PRJNA300309,RIMMA0415,,,,,False,False
SRR2886833,RIMMA0670,RIMMA0670,PRJNA300309,RIMMA0670,,,,,False,False
SRR2886834,RIMMA0670,RIMMA0670,PRJNA300309,RIMMA0670,,,,,False,False
SRR2886856,RIMMA0672,RIMMA0672,PRJNA300309,RIMMA0672,,,,,False,False
SRR2886869,RIMMA0672,RIMMA0672,PRJNA300309,RIMMA0672,,,,,False,False
SRR2886873,RIMMA0720,RIMMA0720,PRJNA300309,RIMMA0720,,,,,False,False
SRR2886874,RIMMA0720,RIMMA0720,PRJNA300309,RIMMA0720,,,,,False,False
SRR2886875,RIMMA1007,RIMMA1007,PRJNA300309,RIMMA1007,,,,,False,False
SRR2886876,RIMMA1007,RIMMA1007,PRJNA300309,RIMMA1007,,,,,False,False
SRR2886877,RIMMA1012,RIMMA1012,PRJNA300309,RIMMA1012,,,,,False,False
SRR2886878,RIMMA1012,RIMMA1012,PRJNA300309,RIMMA1012,,,,,False,False
SRR2886904,RIMMA0390,RIMMA0390,PRJNA300309,RIMMA0390,,,,,False,False
SRR2886906,RIMMA0390,RIMMA0390,PRJNA300309,RIMMA0390,,,,,False,False
SRR2889568,RIMMA0392,RIMMA0392,PRJNA300309,RIMMA0392,,,,,False,False
SRR2889569,RIMMA0392,RIMMA0392,PRJNA300309,RIMMA0392,,,,,False,False
SRR2889570,RIMMA0393,RIMMA0393,PRJNA300309,RIMMA0393,,,,,False,False
SRR2889571,RIMMA0393,RIMMA0393,PRJNA300309,RIMMA0393,,,,,False,False
SRR2889573,RIMMA0409,RIMMA0409,PRJNA300309,RIMMA0409,,,,,False,False
SRR2889574,RIMMA0409,RIMMA0409,PRJNA300309,RIMMA0409,,,,,False,False
SRR2889575,RIMMA0421,RIMMA0421,PRJNA300309,RIMMA0421,,,,,False,False
SRR2889576,RIMMA0421,RIMMA0421,PRJNA300309,RIMMA0421,,,,,False,False
SRR2889577,RIMMA0662,RIMMA0662,PRJNA300309,RIMMA0662,,,,,False,False
SRR2889578,RIMMA0662,RIMMA0662,PRJNA300309,RIMMA0662,,,,,False,False
SRR2889579,RIMMA0703,RIMMA0703,PRJNA300309,RIMMA0703,,,,,False,False
SRR2889580,RIMMA0703,RIMMA0703,PRJNA300309,RIMMA0703,,,,,False,False
SRR2889581,RIMMA0399,RIMMA0399,PRJNA300309,RIMMA0399,,,,,False,False
SRR2889583,RIMMA0399,RIMMA0399,PRJNA300309,RIMMA0399,,,,,False,False
SRR2889669,RIMMA0395,RIMMA0395,PRJNA300309,RIMMA0395,,,,,False,False
SRR2889672,RIMMA0395,RIMMA0395,PRJNA300309,RIMMA0395,,,,,False,False
SRR2889676,RIMMA0398,RIMMA0398,PRJNA300309,RIMMA0398,,,,,False,False
SRR2889677,RIMMA0398,RIMMA0398,PRJNA300309,RIMMA0398,,,,,False,False
SRR2889678,RIMMA0398,RIMMA0398,PRJNA300309,RIMMA0398,,,,,False,False
SRR2889688,RIMMA0466,RIMMA0466,PRJNA300309,RIMMA0466,,,,,False,False
SRR2889689,RIMMA0466,RIMMA0466,PRJNA300309,RIMMA0466,,,,,False,False
SRR2889690,RIMMA0466,RIMMA0466,PRJNA300309,RIMMA0466,,,,,False,False
SRR2889702,RIMMA0625,RIMMA0625,PRJNA300309,RIMMA0625,,,,,False,False
SRR2889704,RIMMA0625,RIMMA0625,PRJNA300309,RIMMA0625,,,,,False,False
SRR2889705,RIMMA0625,RIMMA0625,PRJNA300309,RIMMA0625,,,,,False,False
SRR2889706,RIMMA0438,RIMMA0438,PRJNA300309,RIMMA0438,,,,,False,False
SRR2889707,RIMMA0438,RIMMA0438,PRJNA300309,RIMMA0438,,,,,False,False
SRR2889708,RIMMA0438,RIMMA0438,PRJNA300309,RIMMA0438,,,,,False,False
SRR2889709,RIMMA0438,RIMMA0438,PRJNA300309,RIMMA0438,,,,,False,False
SRR2889710,RIMMA1008,RIMMA1008,PRJNA300309,RIMMA1008,,,,,False,False
SRR2889711,RIMMA1008,RIMMA1008,PRJNA300309,RIMMA1008,,,,,False,False
SRR2890159,RIMMA0626,RIMMA0626,PRJNA300309,RIMMA0626,,,,,False,False
SRR2890160,RIMMA0626,RIMMA0626,PRJNA300309,RIMMA0626,,,,,False,False
SRR2890161,RIMMA0677,RIMMA0677,PRJNA300309,RIMMA0677,,,,,False,False
SRR2890162,RIMMA0677,RIMMA0677,PRJNA300309,RIMMA0677,,,,,False,False
SRR2890163,RIMMA0733,RIMMA0733,PRJNA300309,RIMMA0733,,,,,False,False
SRR2890164,RIMMA0733,RIMMA0733,PRJNA300309,RIMMA0733,,,,,False,False
SRR2890165,RIMMA1010,RIMMA1010,PRJNA300309,RIMMA1010,,,,,False,False
SRR2890166,RIMMA1010,RIMMA1010,PRJNA300309,RIMMA1010,,,,,False,False
SRR2890167,RIMMA0468,RIMMA0468,PRJNA300309,RIMMA0468,,,,,False,False
SRR2890168,RIMMA0468,RIMMA0468,PRJNA300309,RIMMA0468,,,,,False,False
SRR2890169,RIMMA0665,RIMMA0665,PRJNA300309,RIMMA0665,,,,,False,False
SRR2890171,RIMMA0665,RIMMA0665,PRJNA300309,RIMMA0665,,,,,False,False
SRR2890172,RIMMA0385,RIMMA0385,PRJNA300309,RIMMA0385,,,,,False,False
SRR2890173,RIMMA0385,RIMMA0385,PRJNA300309,RIMMA0385,,,,,False,False
SRR2891010,RIMMA0703,RIMMA0703,PRJNA300309,RIMMA0703,,,,,False,False
SRR2891011,RIMMA0703,RIMMA0703,PRJNA300309,RIMMA0703,,,,,False,False
SRR4999771,Tehuacan162,Tehuacan162,PRJNA352392,TEHUACAN162,,,,,False,False
SRR5663770,282set_Ms71,282set_Ms71,PRJNA389800,282SETMS71,,,,,False,False
SRR5663782,282set_VaW6,282set_VaW6,PRJNA389800,282SETVAW6,,,,,False,False
SRR5664041,282set_B57,282set_B57,PRJNA389800,282SETB57,,,,,False,False
SRR5725631,282set_B103,282set_B103,PRJNA389800,282SETB103,,,,,False,False
SRR5725639,282set_VA102,282set_VA102,PRJNA389800,282SETVA102,,,,,False,False
SRR5725654,282set_H91,282set_H91,PRJNA389800,282SETH91,,,,,False,False
SRR5725655,282set_H95,282set_H95,PRJNA389800,282SETH95,,,,,False,False
SRR5725657,282set_HP301,282set_HP301,PRJNA389800,282SETHP301,,,,,False,False
SRR5725663,282set_A679,282set_A679,PRJNA389800,282SETA679,,,,,False,False
SRR5725665,282set_A654,282set_A654,PRJNA389800,282SETA654,,,,,False,False
SRR5725666,282set_A641,282set_A641,PRJNA389800,282SETA641,,,,,False,False
SRR5725669,282set_A632,282set_A632,PRJNA389800,282SETA632,,,,,False,False
SRR5725672,282set_A634,282set_A634,PRJNA389800,282SETA634,,,,,False,False
SRR5725675,282set_T8,282set_T8,PRJNA389800,282SETT8,,,,,False,False
SRR5725679,282set_NC336,282set_NC336,PRJNA389800,282SETNC336,,,,,False,False
SRR5725680,282set_NC328,282set_NC328,PRJNA389800,282SETNC328,,,,,False,False
SRR5725688,282set_IDS91,282set_IDS91,PRJNA389800,282SETIDS91,,,,,False,False
SRR5725689,282set_IDS69,282set_IDS69,PRJNA389800,282SETIDS69,,,,,False,False
SRR5725694,282set_4722,282set_4722,PRJNA389800,282SET4722,,,,,False,False
SRR5725707,282set_Ki21,282set_Ki21,PRJNA389800,282SETKI21,,,,,False,False
SRR5725723,282set_R177,282set_R177,PRJNA389800,282SETR177,,,,,False,False
SRR5725735,282set_CML158Q,282set_CML158Q,PRJNA389800,282SETCML158Q,,,,,False,False
SRR5725749,282set_L578,282set_L578,PRJNA389800,282SETL578,,,,,False,False
SRR5725763,282set_Os420,282set_Os420,PRJNA389800,282SETOS420,,,,,False,False
SRR5725787,282set_Tzi18,282set_Tzi18,PRJNA389800,282SETTZI18,,,,,False,False
SRR5725795,282set_A441-5,282set_A441-5,PRJNA389800,282SETA4415,,,,,False,False
SRR5725796,282set_A239,282set_A239,PRJNA389800,282SETA239,,,,,False,False
SRR5725801,282set_38-11Goodman-Buckler,282set_38-11Goodman-Buckler,PRJNA389800,282SET3811GOODMANBUCKLER,,,,,False,False
SRR5725803,282set_CML331,282set_CML331,PRJNA389800,282SETCML331,,,,,False,False
SRR5725812,282set_VaW6,282set_VaW6,PRJNA389800,282SETVAW6,,,,,False,False
SRR5725822,282set_Mt42,282set_Mt42,PRJNA389800,282SETMT42,,,,,False,False
SRR5725823,282set_Ms71,282set_Ms71,PRJNA389800,282SETMS71,,,,,False,False
SRR5725824,282set_Ms71,282set_Ms71,PRJNA389800,282SETMS71,,,,,False,False
SRR5725829,282set_Sg1533,282set_Sg1533,PRJNA389800,282SETSG1533,,,,,False,False
SRR5725844,282set_CML77,282set_CML77,PRJNA389800,282SETCML77,,,,,False,False
SRR5725845,282set_CML69,282set_CML69,PRJNA389800,282SETCML69,,,,,False,False
SRR5725848,282set_B79,282set_B79,PRJNA389800,282SETB79,,,,,False,False
SRR5725852,282set_C103,282set_C103,PRJNA389800,282SETC103,,,,,False,False
SRR5725853,282set_B84,282set_B84,PRJNA389800,282SETB84,,,,,False,False
SRR5725855,282set_C123,282set_C123,PRJNA389800,282SETC123,,,,,False,False
SRR5725858,282set_CI187-2,282set_CI187-2,PRJNA389800,282SETCI1872,,,,,False,False
SRR5725873,282set_D940Y,282set_D940Y,PRJNA389800,282SETD940Y,,,,,False,False
SRR5725877,282set_CO255,282set_CO255,PRJNA389800,282SETCO255,,,,,False,False
SRR5725887,282set_Va59,282set_Va59,PRJNA389800,282SETVA59,,,,,False,False
SRR5725891,282set_B57,282set_B57,PRJNA389800,282SETB57,,,,,False,False
SRR5725900,282set_NC262,282set_NC262,PRJNA389800,282SETNC262,,,,,False,False
SRR5725902,282set_NC258,282set_NC258,PRJNA389800,282SETNC258,,,,,False,False
SRR5725906,282set_CML311,282set_CML311,PRJNA389800,282SETCML311,,,,,False,False
SRR5725930,282set_A682,282set_A682,PRJNA389800,282SETA682,,,,,False,False
SRR5962624,hmp3_ZEAxppRDLDIAAPEI-2,hmp3_ZEAxppRDLDIAAPEI-2,PRJNA399729,HMP3ZEAXPPRDLDIAAPEI2,,,,,False,False
SRR5962636,hmp3_MAIdgiRAWDIAAPEI-5,hmp3_MAIdgiRAWDIAAPEI-5,PRJNA399729,HMP3MAIDGIRAWDIAAPEI5,,,,,False,False
SRR5962637,hmp3_MAIdgiRAXDIAAPEI-6,hmp3_MAIdgiRAXDIAAPEI-6,PRJNA399729,HMP3MAIDGIRAXDIAAPEI6,,,,,False,False
SRR5962639,hmp3_MAIdgiRAYDIAAPEI-7,hmp3_MAIdgiRAYDIAAPEI-7,PRJNA399729,HMP3MAIDGIRAYDIAAPEI7,,,,,False,False
SRR5962641,hmp3_MAIdgiRAYDIAAPEI-7,hmp3_MAIdgiRAYDIAAPEI-7,PRJNA399729,HMP3MAIDGIRAYDIAAPEI7,,,,,False,False
SRR5962647,hmp3_ZEAxppRDHDIAAPEI-12,hmp3_ZEAxppRDHDIAAPEI-12,PRJNA399729,HMP3ZEAXPPRDHDIAAPEI12,,,,,False,False
SRR5962665,hmp3_MAIdgiRCIDIAAPEI-7,hmp3_MAIdgiRCIDIAAPEI-7,PRJNA399729,HMP3MAIDGIRCIDIAAPEI7,,,,,False,False
SRR5962671,hmp3_ZEAxppRCWDIAAPEI-3,hmp3_ZEAxppRCWDIAAPEI-3,PRJNA399729,HMP3ZEAXPPRCWDIAAPEI3,,,,,False,False
SRR5962672,hmp3_ZEAxppRCXDIAAPEI-4,hmp3_ZEAxppRCXDIAAPEI-4,PRJNA399729,HMP3ZEAXPPRCXDIAAPEI4,,,,,False,False
SRR5962673,hmp3_ZEAxppRCXDIAAPEI-4,hmp3_ZEAxppRCXDIAAPEI-4,PRJNA399729,HMP3ZEAXPPRCXDIAAPEI4,,,,,False,False
SRR5962675,hmp3_ZEAxppRCUDIAAPEI-1,hmp3_ZEAxppRCUDIAAPEI-1,PRJNA399729,HMP3ZEAXPPRCUDIAAPEI1,,,,,False,False
SRR5962677,hmp3_ZEAxppRCVDIAAPEI-2,hmp3_ZEAxppRCVDIAAPEI-2,PRJNA399729,HMP3ZEAXPPRCVDIAAPEI2,,,,,False,False
SRR5962679,hmp3_ZEAxppRCYDIAAPEI-5,hmp3_ZEAxppRCYDIAAPEI-5,PRJNA399729,HMP3ZEAXPPRCYDIAAPEI5,,,,,False,False
SRR5962681,hmp3_MAIdgiRCKDIAAPEI-9,hmp3_MAIdgiRCKDIAAPEI-9,PRJNA399729,HMP3MAIDGIRCKDIAAPEI9,,,,,False,False
SRR5962682,hmp3_ZEAxujRBCDIBAPE,hmp3_ZEAxujRBCDIBAPE,PRJNA399729,HMP3ZEAXUJRBCDIBAPE,,,,,False,False
SRR5962693,hmp3_MAIdgiRAPDIAAPEI-12,hmp3_MAIdgiRAPDIAAPEI-12,PRJNA399729,HMP3MAIDGIRAPDIAAPEI12,,,,,False,False
SRR5962694,hmp3_MAIdgiRAPDIAAPEI-12,hmp3_MAIdgiRAPDIAAPEI-12,PRJNA399729,HMP3MAIDGIRAPDIAAPEI12,,,,,False,False
SRR5962700,hmp3_MAIdgiRAMDIAAPEI-10,hmp3_MAIdgiRAMDIAAPEI-10,PRJNA399729,HMP3MAIDGIRAMDIAAPEI10,,,,,False,False
SRR5962709,hmp3_MAIdgiRABDIAAPEI-2,hmp3_MAIdgiRABDIAAPEI-2,PRJNA399729,HMP3MAIDGIRABDIAAPEI2,,,,,False,False
SRR5962714,hmp3_ZEAxppRCODIAAPEI-9,hmp3_ZEAxppRCODIAAPEI-9,PRJNA399729,HMP3ZEAXPPRCODIAAPEI9,,,,,False,False
SRR5962715,hmp3_ZEAxppRCODIAAPEI-9,hmp3_ZEAxppRCODIAAPEI-9,PRJNA399729,HMP3ZEAXPPRCODIAAPEI9,,,,,False,False
SRR5962716,hmp3_ZEAxppRCODIAAPEI-9,hmp3_ZEAxppRCODIAAPEI-9,PRJNA399729,HMP3ZEAXPPRCODIAAPEI9,,,,,False,False
SRR5962717,hmp3_ZEAxppRCJDIAAPEI-7,hmp3_ZEAxppRCJDIAAPEI-7,PRJNA399729,HMP3ZEAXPPRCJDIAAPEI7,,,,,False,False
SRR5962719,hmp3_ZEAxppRCPDIAAPEI-10,hmp3_ZEAxppRCPDIAAPEI-10,PRJNA399729,HMP3ZEAXPPRCPDIAAPEI10,,,,,False,False
SRR5962720,hmp3_ZEAxppRCPDIAAPEI-10,hmp3_ZEAxppRCPDIAAPEI-10,PRJNA399729,HMP3ZEAXPPRCPDIAAPEI10,,,,,False,False
SRR5962721,hmp3_ZEAxppRCPDIAAPEI-10,hmp3_ZEAxppRCPDIAAPEI-10,PRJNA399729,HMP3ZEAXPPRCPDIAAPEI10,,,,,False,False
SRR5962738,hmp3_MAIdgiRAWDIAAPEI-5,hmp3_MAIdgiRAWDIAAPEI-5,PRJNA399729,HMP3MAIDGIRAWDIAAPEI5,,,,,False,False
SRR5962739,hmp3_MAIdgiRARDIAAPEI-1,hmp3_MAIdgiRARDIAAPEI-1,PRJNA399729,HMP3MAIDGIRARDIAAPEI1,,,,,False,False
SRR5962742,hmp3_ZEAxujRAWDIAAPE,hmp3_ZEAxujRAWDIAAPE,PRJNA399729,HMP3ZEAXUJRAWDIAAPE,,,,,False,False
SRR5962745,hmp3_MAIdgiRAVDIAAPEI-4,hmp3_MAIdgiRAVDIAAPEI-4,PRJNA399729,HMP3MAIDGIRAVDIAAPEI4,,,,,False,False
SRR5962746,hmp3_MAIdgiRAVDIAAPEI-4,hmp3_MAIdgiRAVDIAAPEI-4,PRJNA399729,HMP3MAIDGIRAVDIAAPEI4,,,,,False,False
SRR5962747,hmp3_ZEAxppRCHDIAAPEI-6,hmp3_ZEAxppRCHDIAAPEI-6,PRJNA399729,HMP3ZEAXPPRCHDIAAPEI6,,,,,False,False
SRR5962749,hmp3_ZEAxppRCGDIAAPEI-5,hmp3_ZEAxppRCGDIAAPEI-5,PRJNA399729,HMP3ZEAXPPRCGDIAAPEI5,,,,,False,False
SRR5962750,hmp3_ZEAxppRCHDIAAPEI-6,hmp3_ZEAxppRCHDIAAPEI-6,PRJNA399729,HMP3ZEAXPPRCHDIAAPEI6,,,,,False,False
SRR5962751,hmp3_ZEAxppRCFDIAAPEI-4,hmp3_ZEAxppRCFDIAAPEI-4,PRJNA399729,HMP3ZEAXPPRCFDIAAPEI4,,,,,False,False
SRR5962752,hmp3_ZEAxppRCGDIAAPEI-5,hmp3_ZEAxppRCGDIAAPEI-5,PRJNA399729,HMP3ZEAXPPRCGDIAAPEI5,,,,,False,False
SRR5962755,hmp3_ZEAxppRCBDIAAPEI-3,hmp3_ZEAxppRCBDIAAPEI-3,PRJNA399729,HMP3ZEAXPPRCBDIAAPEI3,,,,,False,False
SRR5962756,hmp3_ZEAxppRCDDIAAPEI-12,hmp3_ZEAxppRCDDIAAPEI-12,PRJNA399729,HMP3ZEAXPPRCDDIAAPEI12,,,,,False,False
SRR5962764,hmp3_ZEAxppRAZDIAAPEI-7,hmp3_ZEAxppRAZDIAAPEI-7,PRJNA399729,HMP3ZEAXPPRAZDIAAPEI7,,,,,False,False
SRR5962766,hmp3_ZEAxppRBCDIAAPEI-2,hmp3_ZEAxppRBCDIAAPEI-2,PRJNA399729,HMP3ZEAXPPRBCDIAAPEI2,,,,,False,False
SRR5962780,hmp3_ZEAxppRCBDIAAPEI-3,hmp3_ZEAxppRCBDIAAPEI-3,PRJNA399729,HMP3ZEAXPPRCBDIAAPEI3,,,,,False,False
SRR5962785,hmp3_ZEAxppRBYDIAAPEI-2,hmp3_ZEAxppRBYDIAAPEI-2,PRJNA399729,HMP3ZEAXPPRBYDIAAPEI2,,,,,False,False
SRR5962788,hmp3_ZEAxppRBUDIAAPEI-5,hmp3_ZEAxppRBUDIAAPEI-5,PRJNA399729,HMP3ZEAXPPRBUDIAAPEI5,,,,,False,False
SRR5962818,hmp3_MAIdgiRAKDIAAPEI-9,hmp3_MAIdgiRAKDIAAPEI-9,PRJNA399729,HMP3MAIDGIRAKDIAAPEI9,,,,,False,False
SRR5962819,hmp3_MAIdgiRAKDIAAPEI-9,hmp3_MAIdgiRAKDIAAPEI-9,PRJNA399729,HMP3MAIDGIRAKDIAAPEI9,,,,,False,False
SRR5962830,hmp3_ZEAxppRAFDIAAPEI-5,hmp3_ZEAxppRAFDIAAPEI-5,PRJNA399729,HMP3ZEAXPPRAFDIAAPEI5,,,,,False,False
SRR5962836,hmp3_ZEAxppRAHDIAAPEI-6,hmp3_ZEAxppRAHDIAAPEI-6,PRJNA399729,HMP3ZEAXPPRAHDIAAPEI6,,,,,False,False
SRR5962862,hmp3_ZEAxppRATDIAAPEI-12,hmp3_ZEAxppRATDIAAPEI-12,PRJNA399729,HMP3ZEAXPPRATDIAAPEI12,,,,,False,False
SRR5962864,hmp3_ZEAxppRAUDIAAPEI-1,hmp3_ZEAxppRAUDIAAPEI-1,PRJNA399729,HMP3ZEAXPPRAUDIAAPEI1,,,,,False,False
SRR5962866,hmp3_ZEAxppRANDIAAPEI-10,hmp3_ZEAxppRANDIAAPEI-10,PRJNA399729,HMP3ZEAXPPRANDIAAPEI10,,,,,False,False
SRR5976220,A272,A272,PRJNA399729,A272,Ames 27063,A272,1.0,False,True,True
SRR5976229,CML103,CML103,PRJNA399729,CML103,PI 690319,CML 103,1.0,False,True,False
SRR5976250,CML69,CML69,PRJNA399729,CML69,PI 690318,CML 69,1.0,False,True,False
SRR5976252,CML69,CML69,PRJNA399729,CML69,PI 690318,CML 69,1.0,False,True,False
SRR5976253,CML69,CML69,PRJNA399729,CML69,PI 690318,CML 69,1.0,False,True,False
SRR5976255,CML69,CML69,PRJNA399729,CML69,PI 690318,CML 69,1.0,False,True,False
SRR5976276,Oh40B,Oh40B,PRJNA399729,OH40B,PI 693397,Oh40B,1.0,False,True,True
SRR5976302,Mo17,Mo17,PRJNA399729,MO17,PI 558532,Mo17,1.0,False,True,True
SRR5976309,TIL15,TIL15,PRJNA399729,TIL15,Ames 28407,TIL15,1.0,False,True,True
SRR5976310,TIL25-TIP489.2,TIL25-TIP489.2,PRJNA399729,TIL25TIP4892,,,,,False,False
SRR5976317,M37W,M37W,PRJNA399729,M37W,PI 690327,M37W,1.0,False,True,True
SRR5976322,MM-1A,MM-1A,PRJNA399729,MM1A,,,,,False,False
SRR5976325,W22,W22,PRJNA399729,W22,NSL 30053,W22,1.0,False,True,True
SRR5976354,Tx601,Tx601,PRJNA399729,TX601,PI 693341,Tx601,1.0,False,True,True
SRR5976424,Ki3,Ki3,PRJNA399729,KI3,PI 690324,Ki3,1.0,False,True,True
SRR5976469,Ki21,Ki21,PRJNA399729,KI21,PI 706557,Ki21,1.0,False,True,True
SRR5976474,N6,N6,PRJNA399729,N6,PI 693372,N6,1.0,True,False,True
SRR5976491,TIL14-TIP498.2,TIL14-TIP498.2,PRJNA399729,TIL14TIP4982,,,,,False,False
SRR5976492,TIL09,TIL09,PRJNA399729,TIL09,,,,,False,False
SRR5976493,TIL10,TIL10,PRJNA399729,TIL10,Ames 28404,TIL10,1.0,False,True,True
SRR5976494,TIL03,TIL03,PRJNA399729,TIL03,,,,,False,False
SRR5976495,TIL05,TIL05,PRJNA399729,TIL05,,,,,False,False
SRR5976496,RIMMA0438,RIMMA0438,PRJNA399729,RIMMA0438,,,,,False,False
SRR5976497,TIL01,TIL01,PRJNA399729,TIL01,,,,,False,False
SRR5976511,TIL11,TIL11,PRJNA399729,TIL11,Ames 28405,TIL11,1.0,False,True,True
SRR5991979,B73,B73,PRJNA399729,B73,PI 550473,B73,1.0,False,True,True
SRR7477667,Z66,Z66,PRJNA479960,Z66,,,,,False,False
SRR7477668,Z65,Z65,PRJNA479960,Z65,,,,,False,False
SRR7477670,Z67,Z67,PRJNA479960,Z67,,,,,False,False
SRR7477671,Arica5,Arica5,PRJNA479960,ARICA5,,,,,False,False
SRR7477672,Arica4,Arica4,PRJNA479960,ARICA4,,,,,False,False
SRR7477673,Z6,Z6,PRJNA479960,Z6,,,,,False,False
SRR7477674,Z2,Z2,PRJNA479960,Z2,,,,,False,False
SRR8906635,526018,526018,PRJNA531553,526018,,,,,False,False
SRR8906636,CML229,CML229,PRJNA531553,CML229,,,,,False,False
SRR8906637,CIMBL29,CIMBL29,PRJNA531553,CIMBL29,,,,,False,False
SRR8906638,CML480,CML480,PRJNA531553,CML480,,,,,False,False
SRR8906639,CIMBL111,CIMBL111,PRJNA531553,CIMBL111,,,,,False,False
SRR8906640,BT1,BT1,PRJNA531553,BT1,,,,,False,False
SRR8906641,CML168,CML168,PRJNA531553,CML168,,,,,False,False
SRR8906642,CML360,CML360,PRJNA531553,CML360,,,,,False,False
SRR8906643,CML426,CML426,PRJNA531553,CML426,,,,,False,False
SRR8906644,CML223,CML223,PRJNA531553,CML223,,,,,False,False
SRR8906645,SW1611,SW1611,PRJNA531553,SW1611,,,,,False,False
SRR8906646,CIMBL146,CIMBL146,PRJNA531553,CIMBL146,,,,,False,False
SRR8906647,CML163,CML163,PRJNA531553,CML163,,,,,False,False
SRR8906648,CIMBL51,CIMBL51,PRJNA531553,CIMBL51,,,,,False,False
SRR8906649,CIMBL16,CIMBL16,PRJNA531553,CIMBL16,,,,,False,False
SRR8906650,CML189,CML189,PRJNA531553,CML189,,,,,False,False
SRR8906651,CML497,CML497,PRJNA531553,CML497,,,,,False,False
SRR8906652,P138,P138,PRJNA531553,P138,Ames 17681,P138,1.0,False,True,True
SRR8906653,CIMBL155,CIMBL155,PRJNA531553,CIMBL155,,,,,False,False
SRR8906654,CIMBL15,CIMBL15,PRJNA531553,CIMBL15,,,,,False,False
SRR8906655,CIMBL39,CIMBL39,PRJNA531553,CIMBL39,,,,,False,False
SRR8906656,PH4VC,PH4VC,PRJNA531553,PH4VC,,,,,False,False
SRR8906657,04K5702,04K5702,PRJNA531553,04K5702,,,,,False,False
SRR8906658,GEMS55,GEMS55,PRJNA531553,GEMS55,,,,,False,False
SRR8906659,TX5,TX5,PRJNA531553,TX5,,,,,False,False
SRR8906660,ZHENG58,ZHENG58,PRJNA531553,ZHENG58,,,,,False,False
SRR8906661,JI846,JI846,PRJNA531553,JI846,,,,,False,False
SRR8906662,9642,9642,PRJNA531553,9642,,,,,False,False
SRR8906663,GEMS36,GEMS36,PRJNA531553,GEMS36,,,,,False,False
SRR8906664,BY815,BY815,PRJNA531553,BY815,,,,,False,False
SRR8906665,W138,W138,PRJNA531553,W138,,,,,False,False
SRR8906666,H21,H21,PRJNA531553,H21,PI 698956,H21,1.0,False,True,True
SRR8906667,CIMBL137,CIMBL137,PRJNA531553,CIMBL137,,,,,False,False
SRR8906668,BK,BK,PRJNA531553,BK,,,,,False,False
SRR8906669,CIMBL149,CIMBL149,PRJNA531553,CIMBL149,,,,,False,False
SRR8906670,CIMBL37,CIMBL37,PRJNA531553,CIMBL37,,,,,False,False
SRR8906671,CML433,CML433,PRJNA531553,CML433,,,,,False,False
SRR8906672,CIMBL18,CIMBL18,PRJNA531553,CIMBL18,,,,,False,False
SRR8906673,CIMBL140,CIMBL140,PRJNA531553,CIMBL140,,,,,False,False
SRR8906674,CIMBL135,CIMBL135,PRJNA531553,CIMBL135,,,,,False,False
SRR8906675,CIMBL28,CIMBL28,PRJNA531553,CIMBL28,,,,,False,False
SRR8906676,CIMBL109,CIMBL109,PRJNA531553,CIMBL109,,,,,False,False
SRR8906677,CIMBL31,CIMBL31,PRJNA531553,CIMBL31,,,,,False,False
SRR8906678,CIMBL110,CIMBL110,PRJNA531553,CIMBL110,,,,,False,False
SRR8906679,CIMBL92,CIMBL92,PRJNA531553,CIMBL92,,,,,False,False
SRR8906680,ZHENG653,ZHENG653,PRJNA531553,ZHENG653,,,,,False,False
SRR8906681,ZHI41,ZHI41,PRJNA531553,ZHI41,,,,,False,False
SRR8906682,LIAO5114,LIAO5114,PRJNA531553,LIAO5114,,,,,False,False
SRR8906683,JI63,JI63,PRJNA531553,JI63,,,,,False,False
SRR8906684,LY,LY,PRJNA531553,LY,,,,,False,False
SRR8906685,TY1,TY1,PRJNA531553,TY1,,,,,False,False
SRR8906686,R08,R08,PRJNA531553,R08,,,,,False,False
SRR8906687,GEMS56,GEMS56,PRJNA531553,GEMS56,,,,,False,False
SRR8906688,04K5686,04K5686,PRJNA531553,04K5686,,,,,False,False
SRR8906689,SY1035,SY1035,PRJNA531553,SY1035,,,,,False,False
SRR8906690,8902,8902,PRJNA531553,8902,,,,,False,False
SRR8906691,FCD0602,FCD0602,PRJNA531553,FCD0602,,,,,False,False
SRR8906692,GEMS30,GEMS30,PRJNA531553,GEMS30,,,,,False,False
SRR8906693,ZONG31,ZONG31,PRJNA531553,ZONG31,,,,,False,False
SRR8906694,GEMS21,GEMS21,PRJNA531553,GEMS21,,,,,False,False
SRR8906695,RY737,RY737,PRJNA531553,RY737,,,,,False,False
SRR8906696,DSB,DSB,PRJNA531553,DSB,,,,,False,False
SRR8906697,JIAO51,JIAO51,PRJNA531553,JIAO51,,,,,False,False
SRR8906698,177,177,PRJNA531553,177,,,,,False,False
SRR8906699,GEMS40,GEMS40,PRJNA531553,GEMS40,,,,,False,False
SRR8906700,GEMS45,GEMS45,PRJNA531553,GEMS45,,,,,False,False
SRR8906701,GEMS12,GEMS12,PRJNA531553,GEMS12,,,,,False,False
SRR8906702,SHEN5003,SHEN5003,PRJNA531553,SHEN5003,,,,,False,False
SRR8906703,GEMS32,GEMS32,PRJNA531553,GEMS32,,,,,False,False
SRR8906704,GEMS35,GEMS35,PRJNA531553,GEMS35,,,,,False,False
SRR8906705,XI502,XI502,PRJNA531553,XI502,,,,,False,False
SRR8906706,B77,B77,PRJNA531553,B77,PI 608765,B77,1.0,False,True,True
SRR8906707,GEMS49,GEMS49,PRJNA531553,GEMS49,,,,,False,False
SRR8906708,RY713,RY713,PRJNA531553,RY713,,,,,False,False
SRR8906709,WU109,WU109,PRJNA531553,WU109,,,,,False,False
SRR8906710,CIMBL96,CIMBL96,PRJNA531553,CIMBL96,,,,,False,False
SRR8906711,CIMBL53,CIMBL53,PRJNA531553,CIMBL53,,,,,False,False
SRR8906712,CML134,CML134,PRJNA531553,CML134,,,,,False,False
SRR8906713,CIMBL131,CIMBL131,PRJNA531553,CIMBL131,,,,,False,False
SRR8906714,CML300,CML300,PRJNA531553,CML300,PI 595569,CML 300,1.0,False,True,False
SRR8906715,CML51,CML51,PRJNA531553,CML51,,,,,False,False
SRR8906716,S37,S37,PRJNA531553,S37,PI 535916,S 37,1.0,False,True,False
SRR8906717,CML29,CML29,PRJNA531553,CML29,PI 595556,CML 29,1.0,False,True,False
SRR8906718,CIMBL25,CIMBL25,PRJNA531553,CIMBL25,,,,,False,False
SRR8906719,CIMBL11,CIMBL11,PRJNA531553,CIMBL11,,,,,False,False
SRR8906720,CML290,CML290,PRJNA531553,CML290,,,,,False,False
SRR8906721,CIMBL54,CIMBL54,PRJNA531553,CIMBL54,,,,,False,False
SRR8906722,CML172,CML172,PRJNA531553,CML172,,,,,False,False
SRR8906723,CIMBL33,CIMBL33,PRJNA531553,CIMBL33,,,,,False,False
SRR8906724,SHEN137,SHEN137,PRJNA531553,SHEN137,,,,,False,False
SRR8906725,CML451,CML451,PRJNA531553,CML451,Ames 34386,CML 451,1.0,False,True,False
SRR8906726,CIMBL10,CIMBL10,PRJNA531553,CIMBL10,,,,,False,False
SRR8906727,CML486,CML486,PRJNA531553,CML486,Ames 34388,CML 486,1.0,False,True,False
SRR8906728,CML493,CML493,PRJNA531553,CML493,,,,,False,False
SRR8906729,CIMBL127,CIMBL127,PRJNA531553,CIMBL127,,,,,False,False
SRR8906730,CML364,CML364,PRJNA531553,CML364,,,,,False,False
SRR8906731,CIMBL132,CIMBL132,PRJNA531553,CIMBL132,,,,,False,False
SRR8906732,CML454,CML454,PRJNA531553,CML454,,,,,False,False
SRR8906733,CIMBL59,CIMBL59,PRJNA531553,CIMBL59,,,,,False,False
SRR8906734,CML113,CML113,PRJNA531553,CML113,,,,,False,False
SRR8906735,CML415,CML415,PRJNA531553,CML415,,,,,False,False
SRR8906736,CIMBL45,CIMBL45,PRJNA531553,CIMBL45,,,,,False,False
SRR8906737,CIMBL7,CIMBL7,PRJNA531553,CIMBL7,,,,,False,False
SRR8906738,CML423,CML423,PRJNA531553,CML423,,,,,False,False
SRR8906739,CIMBL70,CIMBL70,PRJNA531553,CIMBL70,,,,,False,False
SRR8906740,CIMBL46,CIMBL46,PRJNA531553,CIMBL46,,,,,False,False
SRR8906741,238,238,PRJNA531553,238,,,,,False,False
SRR8906742,GEMS14,GEMS14,PRJNA531553,GEMS14,,,,,False,False
SRR8906743,GEMS60,GEMS60,PRJNA531553,GEMS60,,,,,False,False
SRR8906744,EN25,EN25,PRJNA531553,EN25,,,,,False,False
SRR8906745,CY72,CY72,PRJNA531553,CY72,,,,,False,False
SRR8906746,BZN,BZN,PRJNA531553,BZN,,,,,False,False
SRR8906747,GEMS52,GEMS52,PRJNA531553,GEMS52,,,,,False,False
SRR8906748,JH59,JH59,PRJNA531553,JH59,,,,,False,False
SRR8906749,DH3732,DH3732,PRJNA531553,DH3732,,,,,False,False
SRR8906750,CIMBL87,CIMBL87,PRJNA531553,CIMBL87,,,,,False,False
SRR8906751,150,150,PRJNA531553,150,,,,,False,False
SRR8906752,GY386,GY386,PRJNA531553,GY386,,,,,False,False
SRR8906753,CIMBL24,CIMBL24,PRJNA531553,CIMBL24,,,,,False,False
SRR8906754,CIMBL153,CIMBL153,PRJNA531553,CIMBL153,,,,,False,False
SRR8906755,CIMBL143,CIMBL143,PRJNA531553,CIMBL143,,,,,False,False
SRR8906756,CIMBL65,CIMBL65,PRJNA531553,CIMBL65,,,,,False,False
SRR8906757,M97,M97,PRJNA531553,M97,,,,,False,False
SRR8906758,R15,R15,PRJNA531553,R15,,,,,False,False
SRR8906759,ZHENG32,ZHENG32,PRJNA531553,ZHENG32,,,,,False,False
SRR8906760,TY4,TY4,PRJNA531553,TY4,,,,,False,False
SRR8906761,BS16,BS16,PRJNA531553,BS16,PI 608783,BS16,1.0,False,True,True
SRR8906762,B111,B111,PRJNA531553,B111,PI 607382,B111,1.0,False,True,True
SRR8906763,BY807,BY807,PRJNA531553,BY807,,,,,False,False
SRR8906764,U8112,U8112,PRJNA531553,U8112,,,,,False,False
SRR8906765,GEMS29,GEMS29,PRJNA531553,GEMS29,,,,,False,False
SRR8906766,1323,1323,PRJNA531553,1323,,,,,False,False
SRR8906767,TY5,TY5,PRJNA531553,TY5,,,,,False,False
SRR8906768,RY697,RY697,PRJNA531553,RY697,,,,,False,False
SRR8906769,SY1077,SY1077,PRJNA531553,SY1077,,,,,False,False
SRR8906770,K12,K12,PRJNA531553,K12,Ames 34543,K12,1.0,False,True,True
SRR8906771,JI842,JI842,PRJNA531553,JI842,,,,,False,False
SRR8906772,GEMS66,GEMS66,PRJNA531553,GEMS66,,,,,False,False
SRR8906773,ZHENG35,ZHENG35,PRJNA531553,ZHENG35,,,,,False,False
SRR8906774,GY386B,GY386B,PRJNA531553,GY386B,,,,,False,False
SRR8906775,GEMS51,GEMS51,PRJNA531553,GEMS51,,,,,False,False
SRR8906776,CIMBL21,CIMBL21,PRJNA531553,CIMBL21,,,,,False,False
SRR8906777,CIMBL118,CIMBL118,PRJNA531553,CIMBL118,,,,,False,False
SRR8906778,CIMBL99,CIMBL99,PRJNA531553,CIMBL99,,,,,False,False
SRR8906779,CML286,CML286,PRJNA531553,CML286,,,,,False,False
SRR8906780,CML169,CML169,PRJNA531553,CML169,,,,,False,False
SRR8906781,CIMBL56,CIMBL56,PRJNA531553,CIMBL56,,,,,False,False
SRR8906782,CIMBL49,CIMBL49,PRJNA531553,CIMBL49,,,,,False,False
SRR8906783,CIMBL154,CIMBL154,PRJNA531553,CIMBL154,,,,,False,False
SRR8906784,CML228,CML228,PRJNA531553,CML228,PI 690320,CML 228,1.0,False,True,False
SRR8906785,CML165,CML165,PRJNA531553,CML165,,,,,False,False
SRR8906786,K22,K22,PRJNA531553,K22,,,,,False,False
SRR8906787,18-599,18-599,PRJNA531553,18599,,,,,False,False
SRR8906788,ZHENG28,ZHENG28,PRJNA531553,ZHENG28,,,,,False,False
SRR8906789,CIMBL84,CIMBL84,PRJNA531553,CIMBL84,,,,,False,False
SRR8906790,CML31,CML31,PRJNA531553,CML31,PI 595557,CML 31,1.0,False,True,False
SRR8906791,CIMBL77,CIMBL77,PRJNA531553,CIMBL77,,,,,False,False
SRR8906792,CML324,CML324,PRJNA531553,CML324,,,,,False,False
SRR8906793,CIMBL124,CIMBL124,PRJNA531553,CIMBL124,,,,,False,False
SRR8906794,CIMBL68,CIMBL68,PRJNA531553,CIMBL68,,,,,False,False
SRR8906795,CIMBL71,CIMBL71,PRJNA531553,CIMBL71,,,,,False,False
SRR8906796,CIMBL34,CIMBL34,PRJNA531553,CIMBL34,,,,,False,False
SRR8906797,CIMBL69,CIMBL69,PRJNA531553,CIMBL69,,,,,False,False
SRR8906798,CIMBL23,CIMBL23,PRJNA531553,CIMBL23,,,,,False,False
SRR8906799,CIMBL121,CIMBL121,PRJNA531553,CIMBL121,,,,,False,False
SRR8906800,CML118,CML118,PRJNA531553,CML118,,,,,False,False
SRR8906801,CIMBL156,CIMBL156,PRJNA531553,CIMBL156,,,,,False,False
SRR8906802,CML470,CML470,PRJNA531553,CML470,,,,,False,False
SRR8906803,CML411,CML411,PRJNA531553,CML411,,,,,False,False
SRR8906804,CIMBL107,CIMBL107,PRJNA531553,CIMBL107,,,,,False,False
SRR8906805,CIMBL98,CIMBL98,PRJNA531553,CIMBL98,,,,,False,False
SRR8906806,CIMBL100,CIMBL100,PRJNA531553,CIMBL100,,,,,False,False
SRR8906807,CIMBL150,CIMBL150,PRJNA531553,CIMBL150,,,,,False,False
SRR8906808,CIMBL35,CIMBL35,PRJNA531553,CIMBL35,,,,,False,False
SRR8906809,CML428,CML428,PRJNA531553,CML428,,,,,False,False
SRR8906810,CIMBL115,CIMBL115,PRJNA531553,CIMBL115,,,,,False,False
SRR8906811,CML305,CML305,PRJNA531553,CML305,PI 595571,CML 305,1.0,False,True,False
SRR8906812,CIMBL82,CIMBL82,PRJNA531553,CIMBL82,,,,,False,False
SRR8906813,CIMBL57,CIMBL57,PRJNA531553,CIMBL57,,,,,False,False
SRR8906814,CIMBL91,CIMBL91,PRJNA531553,CIMBL91,,,,,False,False
SRR8906815,CIMBL43,CIMBL43,PRJNA531553,CIMBL43,,,,,False,False
SRR8906816,CML121,CML121,PRJNA531553,CML121,,,,,False,False
SRR8906817,CIMBL27,CIMBL27,PRJNA531553,CIMBL27,,,,,False,False
SRR8906818,CIMBL102,CIMBL102,PRJNA531553,CIMBL102,,,,,False,False
SRR8906819,TY9,TY9,PRJNA531553,TY9,,,,,False,False
SRR8906820,GEMS3,GEMS3,PRJNA531553,GEMS3,,,,,False,False
SRR8906821,9782,9782,PRJNA531553,9782,,,,,False,False
SRR8906822,303WX,303WX,PRJNA531553,303WX,,,,,False,False
SRR8906823,GEMS10,GEMS10,PRJNA531553,GEMS10,,,,,False,False
SRR8906824,GEMS62,GEMS62,PRJNA531553,GEMS62,,,,,False,False
SRR8906825,7381,7381,PRJNA531553,7381,,,,,False,False
SRR8906826,GEMS4,GEMS4,PRJNA531553,GEMS4,,,,,False,False
SRR8906827,K10,K10,PRJNA531553,K10,PI 369438,K 10,1.0,False,True,False
SRR8906828,1462,1462,PRJNA531553,1462,,,,,False,False
SRR8906829,ZHENG29,ZHENG29,PRJNA531553,ZHENG29,,,,,False,False
SRR8906830,K14,K14,PRJNA531553,K14,,,,,False,False
SRR8906831,LIAO5262,LIAO5262,PRJNA531553,LIAO5262,,,,,False,False
SRR8906832,GEMS31,GEMS31,PRJNA531553,GEMS31,,,,,False,False
SRR8906833,GY923,GY923,PRJNA531553,GY923,,,,,False,False
SRR8906834,TY6,TY6,PRJNA531553,TY6,,,,,False,False
SRR8906835,384-2,384-2,PRJNA531553,3842,,,,,False,False
SRR8906836,HYS,HYS,PRJNA531553,HYS,,,,,False,False
SRR8906837,LY042,LY042,PRJNA531553,LY042,,,,,False,False
SRR8906838,5311,5311,PRJNA531553,5311,,,,,False,False
SRR8906839,BY843,BY843,PRJNA531553,BY843,,,,,False,False
SRR8906840,DAN340,DAN340,PRJNA531553,DAN340,,,,,False,False
SRR8906841,CF3,CF3,PRJNA531553,CF3,,,,,False,False
SRR8906842,ZAC546,ZAC546,PRJNA531553,ZAC546,,,,,False,False
SRR8906843,GEMS24,GEMS24,PRJNA531553,GEMS24,,,,,False,False
SRR8906844,975-12,975-12,PRJNA531553,97512,,,,,False,False
SRR8906845,4F1,4F1,PRJNA531553,4F1,,,,,False,False
SRR8906846,GEMS23,GEMS23,PRJNA531553,GEMS23,,,,,False,False
SRR8906847,TY8,TY8,PRJNA531553,TY8,,,,,False,False
SRR8906848,R15X1141,R15X1141,PRJNA531553,R15X1141,,,,,False,False
SRR8906849,GEMS18,GEMS18,PRJNA531553,GEMS18,,,,,False,False
SRR8906850,SI446,SI446,PRJNA531553,SI446,,,,,False,False
SRR8906851,GEMS63,GEMS63,PRJNA531553,GEMS63,,,,,False,False
SRR8906852,GEMS44,GEMS44,PRJNA531553,GEMS44,,,,,False,False
SRR8906853,CML432,CML432,PRJNA531553,CML432,,,,,False,False
SRR8906854,SI273,SI273,PRJNA531553,SI273,,,,,False,False
SRR8906855,SY999,SY999,PRJNA531553,SY999,,,,,False,False
SRR8906856,ZH68,ZH68,PRJNA531553,ZH68,,,,,False,False
SRR8906857,TIE7922,TIE7922,PRJNA531553,TIE7922,,,,,False,False
SRR8906858,CML408,CML408,PRJNA531553,CML408,,,,,False,False
SRR8906859,DONG46,DONG46,PRJNA531553,DONG46,,,,,False,False
SRR8906860,05W002,05W002,PRJNA531553,05W002,,,,,False,False
SRR8906861,YE478,YE478,PRJNA531553,YE478,,,,,False,False
SRR8906862,HZS,HZS,PRJNA531553,HZS,,,,,False,False
SRR8906863,CIMBL41,CIMBL41,PRJNA531553,CIMBL41,,,,,False,False
SRR8906864,CIMBL85,CIMBL85,PRJNA531553,CIMBL85,,,,,False,False
SRR8906865,CML192,CML192,PRJNA531553,CML192,,,,,False,False
SRR8906866,CIMBL44,CIMBL44,PRJNA531553,CIMBL44,,,,,False,False
SRR8906867,CIMBL40,CIMBL40,PRJNA531553,CIMBL40,,,,,False,False
SRR8906868,CML115,CML115,PRJNA531553,CML115,,,,,False,False
SRR8906869,CIMBL1,CIMBL1,PRJNA531553,CIMBL1,,,,,False,False
SRR8906870,CIMBL95,CIMBL95,PRJNA531553,CIMBL95,,,,,False,False
SRR8906871,CML170,CML170,PRJNA531553,CML170,,,,,False,False
SRR8906872,CIMBL152,CIMBL152,PRJNA531553,CIMBL152,,,,,False,False
SRR8906873,CIMBL74,CIMBL74,PRJNA531553,CIMBL74,,,,,False,False
SRR8906874,CML338,CML338,PRJNA531553,CML338,,,,,False,False
SRR8906875,CIMBL120,CIMBL120,PRJNA531553,CIMBL120,,,,,False,False
SRR8906876,CML28,CML28,PRJNA531553,CML28,PI 595555,CML 28,1.0,False,True,False
SRR8906877,CIMBL38,CIMBL38,PRJNA531553,CIMBL38,,,,,False,False
SRR8906878,CIMBL26,CIMBL26,PRJNA531553,CIMBL26,,,,,False,False
SRR8906879,CML40,CML40,PRJNA531553,CML40,PI 595560,CML 40,1.0,False,True,False
SRR8906880,CIMBL128,CIMBL128,PRJNA531553,CIMBL128,,,,,False,False
SRR8906881,CML162,CML162,PRJNA531553,CML162,,,,,False,False
SRR8906882,CIMBL104,CIMBL104,PRJNA531553,CIMBL104,,,,,False,False
SRR8906883,GEMS1,GEMS1,PRJNA531553,GEMS1,,,,,False,False
SRR8906884,CIMBL106,CIMBL106,PRJNA531553,CIMBL106,,,,,False,False
SRR8906885,CIMBL125,CIMBL125,PRJNA531553,CIMBL125,,,,,False,False
SRR8906886,CML496,CML496,PRJNA531553,CML496,,,,,False,False
SRR8906887,CML130,CML130,PRJNA531553,CML130,,,,,False,False
SRR8906888,CML307,CML307,PRJNA531553,CML307,PI 690606,CML 307,1.0,False,True,False
SRR8906889,CIMBL9,CIMBL9,PRJNA531553,CIMBL9,,,,,False,False
SRR8906890,CIMBL122,CIMBL122,PRJNA531553,CIMBL122,,,,,False,False
SRR8906891,CIMBL134,CIMBL134,PRJNA531553,CIMBL134,,,,,False,False
SRR8906892,CIMBL20,CIMBL20,PRJNA531553,CIMBL20,,,,,False,False
SRR8906893,GEMS59,GEMS59,PRJNA531553,GEMS59,,,,,False,False
SRR8906894,SY1052,SY1052,PRJNA531553,SY1052,,,,,False,False
SRR8906895,GEMS16,GEMS16,PRJNA531553,GEMS16,,,,,False,False
SRR8906896,CML171,CML171,PRJNA531553,CML171,,,,,False,False
SRR8906897,DH29,DH29,PRJNA531553,DH29,,,,,False,False
SRR8906898,NMJT,NMJT,PRJNA531553,NMJT,,,,,False,False
SRR8906899,ZHENG30,ZHENG30,PRJNA531553,ZHENG30,,,,,False,False
SRR8906900,WH413,WH413,PRJNA531553,WH413,,,,,False,False
SRR8906901,GEMS43,GEMS43,PRJNA531553,GEMS43,,,,,False,False
SRR8906902,QI205,QI205,PRJNA531553,QI205,,,,,False,False
SRR8906903,DAN360,DAN360,PRJNA531553,DAN360,,,,,False,False
SRR8906904,LXN,LXN,PRJNA531553,LXN,,,,,False,False
SRR8906905,CHANG3,CHANG3,PRJNA531553,CHANG3,,,,,False,False
SRR8906906,GY1032,GY1032,PRJNA531553,GY1032,,,,,False,False
SRR8906907,CI7,CI7,PRJNA531553,CI7,PI 146368,CI 7,1.0,False,True,False
SRR8906908,GEMS53,GEMS53,PRJNA531553,GEMS53,,,,,False,False
SRR8906909,CIMBL83,CIMBL83,PRJNA531553,CIMBL83,,,,,False,False
SRR8906910,CIMBL101,CIMBL101,PRJNA531553,CIMBL101,,,,,False,False
SRR8906911,CIMBL67,CIMBL67,PRJNA531553,CIMBL67,,,,,False,False
SRR8906912,P178,P178,PRJNA531553,P178,,,,,False,False
SRR8906913,CIMBL113,CIMBL113,PRJNA531553,CIMBL113,,,,,False,False
SRR8906914,CIMBL62,CIMBL62,PRJNA531553,CIMBL62,,,,,False,False
SRR8906915,ZZ01,ZZ01,PRJNA531553,ZZ01,,,,,False,False
SRR8906916,CML50,CML50,PRJNA531553,CML50,,,,,False,False
SRR8906917,CIMBL19,CIMBL19,PRJNA531553,CIMBL19,,,,,False,False
SRR8906918,CIMBL88,CIMBL88,PRJNA531553,CIMBL88,,,,,False,False
SRR8906919,CIMBL66,CIMBL66,PRJNA531553,CIMBL66,,,,,False,False
SRR8906920,CIMBL94,CIMBL94,PRJNA531553,CIMBL94,,,,,False,False
SRR8906921,CML323,CML323,PRJNA531553,CML323,PI 690610,CML 323,1.0,False,True,False
SRR8906922,CIMBL93,CIMBL93,PRJNA531553,CIMBL93,,,,,False,False
SRR8906923,CIMBL117,CIMBL117,PRJNA531553,CIMBL117,,,,,False,False
SRR8906924,CML473,CML473,PRJNA531553,CML473,,,,,False,False
SRR8906925,CIMBL58,CIMBL58,PRJNA531553,CIMBL58,,,,,False,False
SRR8906926,YE52106,YE52106,PRJNA531553,YE52106,,,,,False,False
SRR8906927,XUN971,XUN971,PRJNA531553,XUN971,,,,,False,False
SRR8906928,WMR,WMR,PRJNA531553,WMR,,,,,False,False
SRR8906929,D863F,D863F,PRJNA531553,D863F,,,,,False,False
SRR8906930,CHUAN48-2,CHUAN48-2,PRJNA531553,CHUAN482,,,,,False,False
SRR8906931,05WN230,05WN230,PRJNA531553,05WN230,,,,,False,False
SRR8906932,BY4839,BY4839,PRJNA531553,BY4839,,,,,False,False
SRR8906933,B114,B114,PRJNA531553,B114,PI 607384,B114,1.0,False,True,True
SRR8906934,501,501,PRJNA531553,501,,,,,False,False
SRR8906935,YE488,YE488,PRJNA531553,YE488,,,,,False,False
SRR8906936,3H-2,3H-2,PRJNA531553,3H2,,,,,False,False
SRR8906937,CHENG698,CHENG698,PRJNA531553,CHENG698,,,,,False,False
SRR8906938,LK11,LK11,PRJNA531553,LK11,,,,,False,False
SRR8906939,CML27,CML27,PRJNA531553,CML27,PI 595554,CML 27,1.0,False,True,False
SRR8906940,CML225,CML225,PRJNA531553,CML225,,,,,False,False
SRR8906941,TY2,TY2,PRJNA531553,TY2,,,,,False,False
SRR8906942,81162,81162,PRJNA531553,81162,,,,,False,False
SRR8906943,RY729,RY729,PRJNA531553,RY729,,,,,False,False
SRR8906944,CIMBL145,CIMBL145,PRJNA531553,CIMBL145,,,,,False,False
SRR8906945,CML327,CML327,PRJNA531553,CML327,PI 690612,CML 327,1.0,False,True,False
SRR8906946,CIMBL32,CIMBL32,PRJNA531553,CIMBL32,,,,,False,False
SRR8906947,CIMBL48,CIMBL48,PRJNA531553,CIMBL48,,,,,False,False
SRR8906948,CIMBL108,CIMBL108,PRJNA531553,CIMBL108,,,,,False,False
SRR8906949,CIMBL2,CIMBL2,PRJNA531553,CIMBL2,,,,,False,False
SRR8906950,CIMBL75,CIMBL75,PRJNA531553,CIMBL75,,,,,False,False
SRR8906951,CML287,CML287,PRJNA531553,CML287,PI 595565,CML 287,1.0,False,True,False
SRR8906952,CML226,CML226,PRJNA531553,CML226,,,,,False,False
SRR8906953,CML298,CML298,PRJNA531553,CML298,PI 595567,CML 298,1.0,False,True,False
SRR8906954,CIMBL50,CIMBL50,PRJNA531553,CIMBL50,,,,,False,False
SRR8906955,HUANGC,HUANGC,PRJNA531553,HUANGC,,,,,False,False
SRR8906956,CIMBL144,CIMBL144,PRJNA531553,CIMBL144,,,,,False,False
SRR8906957,CIMBL139,CIMBL139,PRJNA531553,CIMBL139,,,,,False,False
SRR8906958,CIMBL72,CIMBL72,PRJNA531553,CIMBL72,,,,,False,False
SRR8906959,CIMBL105,CIMBL105,PRJNA531553,CIMBL105,,,,,False,False
SRR8906960,CML304,CML304,PRJNA531553,CML304,PI 690605,CML 304,1.0,False,True,False
SRR8906961,CML471,CML471,PRJNA531553,CML471,Ames 34387,CML 471,1.0,False,True,False
SRR8906962,CML361,CML361,PRJNA531553,CML361,,,,,False,False
SRR8906963,CML69,CML69,PRJNA531553,CML69,PI 690318,CML 69,1.0,False,True,False
SRR8906964,CIMBL116,CIMBL116,PRJNA531553,CIMBL116,,,,,False,False
SRR8906965,DAN599,DAN599,PRJNA531553,DAN599,,,,,False,False
SRR8906966,CIMBL36,CIMBL36,PRJNA531553,CIMBL36,,,,,False,False
SRR8906967,CML289,CML289,PRJNA531553,CML289,PI 690602,CML 289,1.0,False,True,False
SRR8906968,CIMBL89,CIMBL89,PRJNA531553,CIMBL89,,,,,False,False
SRR8906969,SC55,SC55,PRJNA531553,SC55,PI 693376,SC55,1.0,False,True,True
SRR8906970,CML114,CML114,PRJNA531553,CML114,,,,,False,False
SRR8906971,CIMBL76,CIMBL76,PRJNA531553,CIMBL76,,,,,False,False
SRR8906972,CML431,CML431,PRJNA531553,CML431,,,,,False,False
SRR8906973,CML282,CML282,PRJNA531553,CML282,PI 595562,CML 282,1.0,False,True,False
SRR8906974,CIMBL151,CIMBL151,PRJNA531553,CIMBL151,,,,,False,False
SRR8906975,CIMBL141,CIMBL141,PRJNA531553,CIMBL141,,,,,False,False
SRR8906976,CIMBL90,CIMBL90,PRJNA531553,CIMBL90,,,,,False,False
SRR8906977,CIMBL79,CIMBL79,PRJNA531553,CIMBL79,,,,,False,False
SRR8906978,CIMBL112,CIMBL112,PRJNA531553,CIMBL112,,,,,False,False
SRR8906979,YAN414,YAN414,PRJNA531553,YAN414,,,,,False,False
SRR8906980,BY855,BY855,PRJNA531553,BY855,,,,,False,False
SRR8906981,Z2018F,Z2018F,PRJNA531553,Z2018F,,,,,False,False
SRR8906982,YE515,YE515,PRJNA531553,YE515,,,,,False,False
SRR8906983,MO113,MO113,PRJNA531553,MO113,,,,,False,False
SRR8906984,BY813,BY813,PRJNA531553,BY813,,,,,False,False
SRR8906985,JI53,JI53,PRJNA531553,JI53,,,,,False,False
SRR8906986,GEMS15,GEMS15,PRJNA531553,GEMS15,,,,,False,False
SRR8906987,SI434,SI434,PRJNA531553,SI434,,,,,False,False
SRR8906988,B151,B151,PRJNA531553,B151,,,,,False,False
SRR8906989,TY11,TY11,PRJNA531553,TY11,,,,,False,False
SRR8906990,IRF314,IRF314,PRJNA531553,IRF314,,,,,False,False
SRR8906991,L3180,L3180,PRJNA531553,L3180,,,,,False,False
SRR8906992,GY462,GY462,PRJNA531553,GY462,,,,,False,False
SRR8906993,SY1032,SY1032,PRJNA531553,SY1032,,,,,False,False
SRR8906994,GEMS9,GEMS9,PRJNA531553,GEMS9,,,,,False,False
SRR8906995,GEMS17,GEMS17,PRJNA531553,GEMS17,,,,,False,False
SRR8906996,HU803,HU803,PRJNA531553,HU803,,,,,False,False
SRR8906997,GEMS41,GEMS41,PRJNA531553,GEMS41,,,,,False,False
SRR8906998,GEMS58,GEMS58,PRJNA531553,GEMS58,,,,,False,False
SRR8906999,CIMBL123,CIMBL123,PRJNA531553,CIMBL123,,,,,False,False
SRR8907000,GEMS50,GEMS50,PRJNA531553,GEMS50,,,,,False,False
SRR8907001,M153,M153,PRJNA531553,M153,,,,,False,False
SRR8907002,LIAO5263,LIAO5263,PRJNA531553,LIAO5263,,,,,False,False
SRR8907003,C8605,C8605,PRJNA531553,C8605,,,,,False,False
SRR8907004,ZHONG69,ZHONG69,PRJNA531553,ZHONG69,,,,,False,False
SRR8907005,GEMS27,GEMS27,PRJNA531553,GEMS27,,,,,False,False
SRR8907006,DAN598,DAN598,PRJNA531553,DAN598,,,,,False,False
SRR8907007,7327,7327,PRJNA531553,7327,,,,,False,False
SRR8907008,GEMS13,GEMS13,PRJNA531553,GEMS13,,,,,False,False
SRR8907009,GEMS54,GEMS54,PRJNA531553,GEMS54,,,,,False,False
SRR8907010,GEMS37,GEMS37,PRJNA531553,GEMS37,,,,,False,False
SRR8907011,MN,MN,PRJNA531553,MN,,,,,False,False
SRR8907012,04K5672,04K5672,PRJNA531553,04K5672,,,,,False,False
SRR8907013,JY01,JY01,PRJNA531553,JY01,,,,,False,False
SRR8907014,GEMS28,GEMS28,PRJNA531553,GEMS28,,,,,False,False
SRR8907015,GEMS42,GEMS42,PRJNA531553,GEMS42,,,,,False,False
SRR8907016,GEMS61,GEMS61,PRJNA531553,GEMS61,,,,,False,False
SRR8907017,SK_resequencing,SK_resequencing,PRJNA531553,SKRESEQUENCING,,,,,False,False
SRR8907018,TY10,TY10,PRJNA531553,TY10,,,,,False,False
SRR8907019,GEMS19,GEMS19,PRJNA531553,GEMS19,,,,,False,False
SRR8907020,BY4944,BY4944,PRJNA531553,BY4944,,,,,False,False
SRR8907021,SI444,SI444,PRJNA531553,SI444,,,,,False,False
SRR8907022,BGY,BGY,PRJNA531553,BGY,,,,,False,False
SRR8907023,SW92E114,SW92E114,PRJNA531553,SW92E114,,,,,False,False
SRR8907024,BY809,BY809,PRJNA531553,BY809,,,,,False,False
SRR8907025,DONG237,DONG237,PRJNA531553,DONG237,,,,,False,False
SRR8907026,SY3073,SY3073,PRJNA531553,SY3073,,,,,False,False
SRR8907027,CIMBL52,CIMBL52,PRJNA531553,CIMBL52,,,,,False,False
SRR8907028,CIMBL63,CIMBL63,PRJNA531553,CIMBL63,,,,,False,False
SRR8907029,CIMBL157,CIMBL157,PRJNA531553,CIMBL157,,,,,False,False
SRR8907030,CIMBL142,CIMBL142,PRJNA531553,CIMBL142,,,,,False,False
SRR8907031,CML122,CML122,PRJNA531553,CML122,,,,,False,False
SRR8907032,CIMBL136,CIMBL136,PRJNA531553,CIMBL136,,,,,False,False
SRR8907033,CIMBL3,CIMBL3,PRJNA531553,CIMBL3,,,,,False,False
SRR8907034,CIMBL130,CIMBL130,PRJNA531553,CIMBL130,,,,,False,False
SRR8907035,CML32,CML32,PRJNA531553,CML32,PI 595558,CML 32,1.0,False,True,False
SRR8907036,CIMBL4,CIMBL4,PRJNA531553,CIMBL4,,,,,False,False
SRR8907037,B113,B113,PRJNA531553,B113,PI 607383,B113,1.0,False,True,True
SRR8907038,CML326,CML326,PRJNA531553,CML326,,,,,False,False
SRR8907039,LIAO138,LIAO138,PRJNA531553,LIAO138,,,,,False,False
SRR8907040,DAN3130,DAN3130,PRJNA531553,DAN3130,,,,,False,False
SRR8907041,ZB648,ZB648,PRJNA531553,ZB648,,,,,False,False
SRR8907042,CML139,CML139,PRJNA531553,CML139,,,,,False,False
SRR8907043,CIMBL148,CIMBL148,PRJNA531553,CIMBL148,,,,,False,False
SRR8907044,CIMBL133,CIMBL133,PRJNA531553,CIMBL133,,,,,False,False
SRR8907045,CIMBL5,CIMBL5,PRJNA531553,CIMBL5,,,,,False,False
SRR8907046,CIMBL8,CIMBL8,PRJNA531553,CIMBL8,,,,,False,False
SRR8907047,QI319,QI319,PRJNA531553,QI319,,,,,False,False
SRR8907048,CIMBL42,CIMBL42,PRJNA531553,CIMBL42,,,,,False,False
SRR8907049,CIMBL17,CIMBL17,PRJNA531553,CIMBL17,,,,,False,False
SRR8907050,CIMBL126,CIMBL126,PRJNA531553,CIMBL126,,,,,False,False
SRR8907051,CML412,CML412,PRJNA531553,CML412,,,,,False,False
SRR8907052,CIMBL147,CIMBL147,PRJNA531553,CIMBL147,,,,,False,False
SRR8907053,CML479,CML479,PRJNA531553,CML479,,,,,False,False
SRR8907054,CIMBL13,CIMBL13,PRJNA531553,CIMBL13,,,,,False,False
SRR8907055,CIMBL22,CIMBL22,PRJNA531553,CIMBL22,,,,,False,False
SRR8907056,B11,B11,PRJNA531553,B11,,,,,False,False
SRR8907057,CML422,CML422,PRJNA531553,CML422,Ames 34383,CML 422,1.0,False,True,False
SRR8907058,CML20,CML20,PRJNA531553,CML20,PI 595552,CML 20,1.0,False,True,False
SRR8907059,CIMBL78,CIMBL78,PRJNA531553,CIMBL78,,,,,False,False
SRR8907060,CML465,CML465,PRJNA531553,CML465,,,,,False,False
SRR8907061,CIMBL47,CIMBL47,PRJNA531553,CIMBL47,,,,,False,False
SRR8907062,HSBN,HSBN,PRJNA531553,HSBN,,,,,False,False
SRR8907063,GEMS64,GEMS64,PRJNA531553,GEMS64,,,,,False,False
SRR8907064,B110,B110,PRJNA531553,B110,PI 607381,B110,1.0,False,True,True
SRR8907065,Q1261,Q1261,PRJNA531553,Q1261,,,,,False,False
SRR8907066,GEMS20,GEMS20,PRJNA531553,GEMS20,,,,,False,False
SRR8907067,A619,A619,PRJNA531553,A619,PI 587139,A619,1.0,False,True,True
SRR8907068,ZHENG22,ZHENG22,PRJNA531553,ZHENG22,,,,,False,False
SRR8907069,GEMS6,GEMS6,PRJNA531553,GEMS6,,,,,False,False
SRR8907070,268,268,PRJNA531553,268,,,,,False,False
SRR8907071,SY998,SY998,PRJNA531553,SY998,,,,,False,False
SRR8907072,GEMS57,GEMS57,PRJNA531553,GEMS57,,,,,False,False
SRR8907073,GEMS65,GEMS65,PRJNA531553,GEMS65,,,,,False,False
SRR8907074,D047,D047,PRJNA531553,D047,,,,,False,False
SRR8907075,DE.EX,DE.EX,PRJNA531553,DEEX,,,,,False,False
SRR8907076,JI853,JI853,PRJNA531553,JI853,,,,,False,False
SRR8907077,835B,835B,PRJNA531553,835B,,,,,False,False
SRR8907078,P6WC,P6WC,PRJNA531553,P6WC,,,,,False,False
SRR8907079,JING724,JING724,PRJNA531553,JING724,,,,,False,False
SRR8907080,MO17,MO17,PRJNA531553,MO17,PI 558532,Mo17,1.0,False,True,False
SRR8907081,3411,3411,PRJNA531553,3411,,,,,False,False
SRR8907082,JING24,JING24,PRJNA531553,JING24,,,,,False,False
SRR8907083,E28,E28,PRJNA531553,E28,,,,,False,False
SRR8907084,812,812,PRJNA531553,812,,,,,False,False
SRR8907085,TIAN77,TIAN77,PRJNA531553,TIAN77,,,,,False,False
SRR8907086,CHANG7-2,CHANG7-2,PRJNA531553,CHANG72,,,,,False,False
SRR8907087,YE107,YE107,PRJNA531553,YE107,,,,,False,False
SRR8907088,GY220,GY220,PRJNA531553,GY220,,,,,False,False
SRR8907089,M165,M165,PRJNA531553,M165,,,,,False,False
SRR8907090,TT16,TT16,PRJNA531553,TT16,,,,,False,False
SRR8907091,LV28,LV28,PRJNA531553,LV28,,,,,False,False
SRR8907092,07KS4,07KS4,PRJNA531553,07KS4,,,,,False,False
SRR8907093,832,832,PRJNA531553,832,,,,,False,False
SRR8907094,7884-4HT,7884-4HT,PRJNA531553,78844HT,,,,,False,False
SRR8907095,SY1128,SY1128,PRJNA531553,SY1128,,,,,False,False
SRR8907096,GEMS39,GEMS39,PRJNA531553,GEMS39,,,,,False,False
SRR8907097,GEMS5,GEMS5,PRJNA531553,GEMS5,,,,,False,False
SRR8907098,CIMBL61,CIMBL61,PRJNA531553,CIMBL61,,,,,False,False
SRR8907099,CML325,CML325,PRJNA531553,CML325,PI 690611,CML 325,1.0,False,True,False
SRR8907100,NAN21-3,NAN21-3,PRJNA531553,NAN213,,,,,False,False
SRR8907101,CML191,CML191,PRJNA531553,CML191,,,,,False,False
SRR8907102,CIMBL14,CIMBL14,PRJNA531553,CIMBL14,,,,,False,False
SRR8907103,CIMBL60,CIMBL60,PRJNA531553,CIMBL60,,,,,False,False
SRR8907104,CIMBL114,CIMBL114,PRJNA531553,CIMBL114,,,,,False,False
SRR8907105,CML285,CML285,PRJNA531553,CML285,PI 595564,CML 285,1.0,False,True,False
SRR8907106,CIMBL119,CIMBL119,PRJNA531553,CIMBL119,,,,,False,False
SRR8907107,CIMBL73,CIMBL73,PRJNA531553,CIMBL73,,,,,False,False
SRR8907108,IRF291,IRF291,PRJNA531553,IRF291,,,,,False,False
SRR8907109,CML468,CML468,PRJNA531553,CML468,,,,,False,False
SRR8907110,CIMBL97,CIMBL97,PRJNA531553,CIMBL97,,,,,False,False
SRR8907111,CIMBL6,CIMBL6,PRJNA531553,CIMBL6,,,,,False,False
SRR8907112,CIMBL30,CIMBL30,PRJNA531553,CIMBL30,,,,,False,False
SRR8907113,CIMBL138,CIMBL138,PRJNA531553,CIMBL138,,,,,False,False
SRR8907114,CIMBL129,CIMBL129,PRJNA531553,CIMBL129,,,,,False,False
SRR8907115,CIMBL81,CIMBL81,PRJNA531553,CIMBL81,,,,,False,False
SRR8907116,647,647,PRJNA531553,647,PI 520731,647,1.0,True,False,True
SRR8907117,CIMBL86,CIMBL86,PRJNA531553,CIMBL86,,,,,False,False
SRR8907118,CIMBL80,CIMBL80,PRJNA531553,CIMBL80,,,,,False,False
SRR8907119,YU374,YU374,PRJNA531553,YU374,,,,,False,False
SRR8907120,ZONG3,ZONG3,PRJNA531553,ZONG3,,,,,False,False
SRR8907121,GEMS11,GEMS11,PRJNA531553,GEMS11,,,,,False,False
SRR8907122,5237,5237,PRJNA531553,5237,,,,,False,False
SRR8907123,BY804,BY804,PRJNA531553,BY804,,,,,False,False
SRR8907124,LIAO159,LIAO159,PRJNA531553,LIAO159,,,,,False,False
SRR8907125,RY732,RY732,PRJNA531553,RY732,,,,,False,False
SRR8907126,GY798,GY798,PRJNA531553,GY798,,,,,False,False
SRR8907127,YE8001,YE8001,PRJNA531553,YE8001,,,,,False,False
SRR8907128,XZ698,XZ698,PRJNA531553,XZ698,,,,,False,False
SRR8907129,GY237,GY237,PRJNA531553,GY237,,,,,False,False
SRR8907130,SY1039,SY1039,PRJNA531553,SY1039,,,,,False,False
SRR8907131,YU87-1,YU87-1,PRJNA531553,YU871,,,,,False,False
SRR8907132,TY3,TY3,PRJNA531553,TY3,,,,,False,False
SRR8907133,DAN4245,DAN4245,PRJNA531553,DAN4245,,,,,False,False
SRR8907134,GEMS2,GEMS2,PRJNA531553,GEMS2,,,,,False,False
SRR8907135,GEMS46,GEMS46,PRJNA531553,GEMS46,,,,,False,False
SRR8907136,GEMS33,GEMS33,PRJNA531553,GEMS33,,,,,False,False
SRR8907137,ZI330,ZI330,PRJNA531553,ZI330,PI 452256,Zi 330,1.0,False,True,False
SRR8907138,HB,HB,PRJNA531553,HB,,,,,False,False
SRR8907139,GEMS48,GEMS48,PRJNA531553,GEMS48,,,,,False,False
SRR8907140,HTH-17,HTH-17,PRJNA531553,HTH17,,,,,False,False
SRR8907141,BEM,BEM,PRJNA531553,BEM,,,,,False,False
SRR8907142,B73,B73,PRJNA531553,B73,PI 550473,B73,1.0,False,True,True
SRR8907143,4019,4019,PRJNA531553,4019,,,,,False,False
SRR8907144,ES40,ES40,PRJNA531553,ES40,,,,,False,False
SRR8907145,ZZ03,ZZ03,PRJNA531553,ZZ03,,,,,False,False
SRR8907146,GEMS25,GEMS25,PRJNA531553,GEMS25,,,,,False,False
SRR8907147,RY684,RY684,PRJNA531553,RY684,,,,,False,False
SRR8907148,JH96C,JH96C,PRJNA531553,JH96C,,,,,False,False
SRR8907149,DAN9046,DAN9046,PRJNA531553,DAN9046,,,,,False,False
SRR8907150,HUA83-2,HUA83-2,PRJNA531553,HUA832,,,,,False,False
SRR8907151,TY7,TY7,PRJNA531553,TY7,,,,,False,False
SRR8907152,GEMS47,GEMS47,PRJNA531553,GEMS47,,,,,False,False
SRR8907153,BY4960,BY4960,PRJNA531553,BY4960,,,,,False,False
SRR8907154,S22,S22,PRJNA531553,S22,PI 535914,S 22,1.0,False,True,False
SRR8907155,LG001,LG001,PRJNA531553,LG001,,,,,False,False
CRR504155,8941,8941,PRJCA009749,8941,,,,,False,False
CRR504156,81162,81162,PRJCA009749,81162,,,,,False,False
CRR504157,4F1,4F1,PRJCA009749,4F1,,,,,False,False
CRR504158,C8605_2,C8605_2,PRJCA009749,C86052,,,,,False,False
CRR504161,Dongbeihu,Dongbeihu,PRJCA009749,DONGBEIHU,,,,,False,False
CRR504164,Jing388,Jing388,PRJCA009749,JING388,,,,,False,False
CRR504172,Longxi65,Longxi65,PRJCA009749,LONGXI65,,,,,False,False
CRR504174,Hai9818,Hai9818,PRJCA009749,HAI9818,,,,,False,False
CRR504182,Ji4112,Ji4112,PRJCA009749,JI4112,,,,,False,False
CRR504183,W499,W499,PRJCA009749,W499,,,,,False,False
CRR504185,NC268,NC268,PRJCA009749,NC268,PI 587145,NC268,1.0,False,True,True
CRR504186,Zhongzi01,Zhongzi01,PRJCA009749,ZHONGZI01,,,,,False,False
CRR504189,Jinghuang59,Jinghuang59,PRJCA009749,JINGHUANG59,,,,,False,False
CRR504190,JN15,JN15,PRJCA009749,JN15,,,,,False,False
CRR504194,J0045,J0045,PRJCA009749,J0045,,,,,False,False
CRR504202,Hai1134,Hai1134,PRJCA009749,HAI1134,,,,,False,False
CRR504203,H9442,H9442,PRJCA009749,H9442,,,,,False,False
CRR504206,1205A,1205A,PRJCA009749,1205A,,,,,False,False
CRR504212,Shen977,Shen977,PRJCA009749,SHEN977,,,,,False,False
CRR504213,68122,68122,PRJCA009749,68122,,,,,False,False
CRR504214,D869,D869,PRJCA009749,D869,,,,,False,False
CRR504215,K21,K21,PRJCA009749,K21,,,,,False,False
CRR504217,D886,D886,PRJCA009749,D886,,,,,False,False
CRR504227,MC6179,MC6179,PRJCA009749,MC6179,,,,,False,False
CRR504235,MC9269,MC9269,PRJCA009749,MC9269,,,,,False,False
CRR504236,MC9270,MC9270,PRJCA009749,MC9270,,,,,False,False
CRR504237,MC9274,MC9274,PRJCA009749,MC9274,,,,,False,False
CRR504238,MC9282,MC9282,PRJCA009749,MC9282,,,,,False,False
CRR504239,MC9287,MC9287,PRJCA009749,MC9287,,,,,False,False
CRR504240,MC9288,MC9288,PRJCA009749,MC9288,,,,,False,False
CRR504243,MC9300,MC9300,PRJCA009749,MC9300,,,,,False,False
CRR504244,T5107,T5107,PRJCA009749,T5107,,,,,False,False
CRR504247,T5588,T5588,PRJCA009749,T5588,,,,,False,False
CRR504256,T33169,T33169,PRJCA009749,T33169,,,,,False,False
CRR504262,T33336,T33336,PRJCA009749,T33336,,,,,False,False
CRR504264,T33362,T33362,PRJCA009749,T33362,,,,,False,False
CRR504265,T24223,T24223,PRJCA009749,T24223,,,,,False,False
CRR504273,Jia6,Jia6,PRJCA009749,JIA6,,,,,False,False
CRR504280,833,833,PRJCA009749,833,,,,,False,False
CRR504281,T116,T116,PRJCA009749,T116,,,,,False,False
CRR504285,Suixi608,Suixi608,PRJCA009749,SUIXI608,,,,,False,False
CRR504287,Suixi613,Suixi613,PRJCA009749,SUIXI613,,,,,False,False
CRR504288,Suixi703,Suixi703,PRJCA009749,SUIXI703,,,,,False,False
CRR504290,Suixi707,Suixi707,PRJCA009749,SUIXI707,,,,,False,False
CRR504291,Suixi708,Suixi708,PRJCA009749,SUIXI708,,,,,False,False
CRR504292,Suixi709,Suixi709,PRJCA009749,SUIXI709,,,,,False,False
CRR504296,An441A,An441A,PRJCA009749,AN441A,,,,,False,False
CRR504297,Nan5,Nan5,PRJCA009749,NAN5,,,,,False,False
CRR504301,HR30,HR30,PRJCA009749,HR30,,,,,False,False
CRR504304,KL45,KL45,PRJCA009749,KL45,,,,,False,False
CRR504305,HB410,HB410,PRJCA009749,HB410,,,,,False,False
CRR504311,HB322,HB322,PRJCA009749,HB322,,,,,False,False
CRR504314,DN139,DN139,PRJCA009749,DN139,,,,,False,False
CRR504315,DN1722,DN1722,PRJCA009749,DN1722,,,,,False,False
CRR504319,DN4402,DN4402,PRJCA009749,DN4402,,,,,False,False
CRR504333,HRB16038,HRB16038,PRJCA009749,HRB16038,,,,,False,False
CRR504340,HRB16055,HRB16055,PRJCA009749,HRB16055,,,,,False,False
CRR504342,HRB16061,HRB16061,PRJCA009749,HRB16061,,,,,False,False
CRR504344,HRB16072,HRB16072,PRJCA009749,HRB16072,,,,,False,False
CRR504345,HRB16073,HRB16073,PRJCA009749,HRB16073,,,,,False,False
CRR504348,HRB16085,HRB16085,PRJCA009749,HRB16085,,,,,False,False
CRR504354,HRWC1,HRWC1,PRJCA009749,HRWC1,,,,,False,False
CRR504355,DKM8,DKM8,PRJCA009749,DKM8,,,,,False,False
CRR504360,HR73,HR73,PRJCA009749,HR73,,,,,False,False
CRR504368,HRM8,HRM8,PRJCA009749,HRM8,,,,,False,False
CRR504375,Mo113,Mo113,PRJCA009749,MO113,,,,,False,False
CRR504383,Dong96,Dong96,PRJCA009749,DONG96,,,,,False,False
CRR504390,HRB16179,HRB16179,PRJCA009749,HRB16179,,,,,False,False
CRR504391,HRB16193,HRB16193,PRJCA009749,HRB16193,,,,,False,False
CRR504393,Zhe931,Zhe931,PRJCA009749,ZHE931,,,,,False,False
CRR504394,Zhe969,Zhe969,PRJCA009749,ZHE969,,,,,False,False
CRR504395,Zhe461,Zhe461,PRJCA009749,ZHE461,,,,,False,False
CRR504398,SCML202,SCML202,PRJCA009749,SCML202,,,,,False,False
CRR504399,SCML205Rel,SCML205Rel,PRJCA009749,SCML205REL,,,,,False,False
CRR504401,Ji9_033,Ji9_033,PRJCA009749,JI9033,,,,,False,False
CRR504402,JiZ_S24_9,JiZ_S24_9,PRJCA009749,JIZS249,,,,,False,False
CRR504404,Zheng60,Zheng60,PRJCA009749,ZHENG60,,,,,False,False
CRR504405,Jizi1006,Jizi1006,PRJCA009749,JIZI1006,,,,,False,False
CRR504407,Jizi1018,Jizi1018,PRJCA009749,JIZI1018,,,,,False,False
CRR504408,Jizi1023,Jizi1023,PRJCA009749,JIZI1023,,,,,False,False
CRR504409,Jizi1034,Jizi1034,PRJCA009749,JIZI1034,,,,,False,False
CRR504410,Jizi1039,Jizi1039,PRJCA009749,JIZI1039,,,,,False,False
CRR504418,Jizi1058,Jizi1058,PRJCA009749,JIZI1058,,,,,False,False
CRR504419,Jizi1082,Jizi1082,PRJCA009749,JIZI1082,,,,,False,False
CRR504421,Jizi1092,Jizi1092,PRJCA009749,JIZI1092,,,,,False,False
CRR504422,Jizi1134,Jizi1134,PRJCA009749,JIZI1134,,,,,False,False
CRR504423,Jizi1138,Jizi1138,PRJCA009749,JIZI1138,,,,,False,False
CRR504424,Jizi1140,Jizi1140,PRJCA009749,JIZI1140,,,,,False,False
CRR504429,9083,9083,PRJCA009749,9083,,,,,False,False
CRR504440,444_1,444_1,PRJCA009749,4441,,,,,False,False
CRR504447,JLXH_4,JLXH_4,PRJCA009749,JLXH4,,,,,False,False
CRR504450,JLXH_12,JLXH_12,PRJCA009749,JLXH12,,,,,False,False
CRR504452,JLXH_17,JLXH_17,PRJCA009749,JLXH17,,,,,False,False
CRR504455,PHW51,PHW51,PRJCA009749,PHW51,PI 543849,PHW51,1.0,False,True,True
CRR504462,Liao51,Liao51,PRJCA009749,LIAO51,,,,,False,False
CRR504464,Liao785,Liao785,PRJCA009749,LIAO785,,,,,False,False
CRR504465,Liao8022,Liao8022,PRJCA009749,LIAO8022,,,,,False,False
CRR504466,Liao428,Liao428,PRJCA009749,LIAO428,,,,,False,False
CRR504467,Shen161,Shen161,PRJCA009749,SHEN161,,,,,False,False
CRR504472,Dan598whitecob,Dan598whitecob,PRJCA009749,DAN598WHITECOB,,,,,False,False
CRR504477,Tie9010,Tie9010,PRJCA009749,TIE9010,,,,,False,False
CRR504479,Ming2325,Ming2325,PRJCA009749,MING2325,,,,,False,False
CRR504480,G285,G285,PRJCA009749,G285,,,,,False,False
CRR504483,Liao1A407,Liao1A407,PRJCA009749,LIAO1A407,,,,,False,False
CRR504484,Liao63024,Liao63024,PRJCA009749,LIAO63024,,,,,False,False
CRR504485,Liao20358,Liao20358,PRJCA009749,LIAO20358,,,,,False,False
CRR504486,Liao2572,Liao2572,PRJCA009749,LIAO2572,,,,,False,False
CRR504487,Liao3348,Liao3348,PRJCA009749,LIAO3348,,,,,False,False
CRR504494,Liao0513,Liao0513,PRJCA009749,LIAO0513,,,,,False,False
CRR504497,Liao0567,Liao0567,PRJCA009749,LIAO0567,,,,,False,False
CRR504501,Shen5003,Shen5003,PRJCA009749,SHEN5003,,,,,False,False
CRR504507,Liao6027,Liao6027,PRJCA009749,LIAO6027,,,,,False,False
CRR504508,Shen501,Shen501,PRJCA009749,SHEN501,,,,,False,False
CRR504511,CAW4w,CAW4w,PRJCA009749,CAW4W,,,,,False,False
CRR504512,9626,9626,PRJCA009749,9626,,,,,False,False
CRR504516,9534,9534,PRJCA009749,9534,,,,,False,False
CRR504517,9580,9580,PRJCA009749,9580,,,,,False,False
CRR504525,TD282,TD282,PRJCA009749,TD282,,,,,False,False
CRR504526,TE322,TE322,PRJCA009749,TE322,,,,,False,False
CRR504529,TE350,TE350,PRJCA009749,TE350,,,,,False,False
CRR504534,W_25,W_25,PRJCA009749,W25,,,,,False,False
CRR504537,HH4,HH4,PRJCA009749,HH4,,,,,False,False
CRR504538,H446,H446,PRJCA009749,H446,,,,,False,False
CRR504542,L98,L98,PRJCA009749,L98,,,,,False,False
CRR504543,H81,H81,PRJCA009749,H81,,,,,False,False
CRR504547,Chang98,Chang98,PRJCA009749,CHANG98,,,,,False,False
CRR504548,Jizi4658,Jizi4658,PRJCA009749,JIZI4658,,,,,False,False
CRR504549,B17,B17,PRJCA009749,B17,,,,,False,False
CRR504551,Jizi147048,Jizi147048,PRJCA009749,JIZI147048,,,,,False,False
CRR504553,Jizi13L115,Jizi13L115,PRJCA009749,JIZI13L115,,,,,False,False
CRR504557,Jizi13L377,Jizi13L377,PRJCA009749,JIZI13L377,,,,,False,False
CRR504560,JiziB154,JiziB154,PRJCA009749,JIZIB154,,,,,False,False
CRR504561,JiziA150,JiziA150,PRJCA009749,JIZIA150,,,,,False,False
CRR504562,JiziA199,JiziA199,PRJCA009749,JIZIA199,,,,,False,False
CRR504563,ZhengT22,ZhengT22,PRJCA009749,ZHENGT22,,,,,False,False
CRR504566,Xun313,Xun313,PRJCA009749,XUN313,,,,,False,False
CRR504567,Xun5872,Xun5872,PRJCA009749,XUN5872,,,,,False,False
CRR504568,ZK02_1,ZK02_1,PRJCA009749,ZK021,,,,,False,False
CRR504569,Luo1223,Luo1223,PRJCA009749,LUO1223,,,,,False,False
CRR504571,A1393,A1393,PRJCA009749,A1393,,,,,False,False
CRR504572,Zhu07,Zhu07,PRJCA009749,ZHU07,,,,,False,False
CRR504575,5N65,5N65,PRJCA009749,5N65,,,,,False,False
CRR504576,5N74,5N74,PRJCA009749,5N74,,,,,False,False
CRR504578,5N78,5N78,PRJCA009749,5N78,,,,,False,False
CRR504580,5N545,5N545,PRJCA009749,5N545,,,,,False,False
CRR504589,Zheng600,Zheng600,PRJCA009749,ZHENG600,,,,,False,False
CRR504591,Zheng603,Zheng603,PRJCA009749,ZHENG603,,,,,False,False
CRR504592,Zheng561,Zheng561,PRJCA009749,ZHENG561,,,,,False,False
CRR504593,lx00_1,lx00_1,PRJCA009749,LX001,,,,,False,False
CRR504595,16SD007,16SD007,PRJCA009749,16SD007,,,,,False,False
CRR504600,16SD034,16SD034,PRJCA009749,16SD034,,,,,False,False
CRR504603,16SD044,16SD044,PRJCA009749,16SD044,,,,,False,False
CRR504608,16SD088,16SD088,PRJCA009749,16SD088,,,,,False,False
CRR504620,50034,50034,PRJCA009749,50034,,,,,False,False
CRR504621,50035,50035,PRJCA009749,50035,,,,,False,False
CRR504624,50073,50073,PRJCA009749,50073,,,,,False,False
CRR504631,5660,5660,PRJCA009749,5660,,,,,False,False
CRR504632,5661,5661,PRJCA009749,5661,,,,,False,False
CRR504634,41006,41006,PRJCA009749,41006,,,,,False,False
CRR504638,M08N171,M08N171,PRJCA009749,M08N171,,,,,False,False
CRR504639,MZ_315,MZ_315,PRJCA009749,MZ315,,,,,False,False
CRR504643,M09N041,M09N041,PRJCA009749,M09N041,,,,,False,False
CRR504644,M05N32,M05N32,PRJCA009749,M05N32,,,,,False,False
CRR504648,M75,M75,PRJCA009749,M75,,,,,False,False
CRR504651,M6021C546,M6021C546,PRJCA009749,M6021C546,,,,,False,False
CRR504653,M08N144,M08N144,PRJCA009749,M08N144,,,,,False,False
CRR504654,M9N165,M9N165,PRJCA009749,M9N165,,,,,False,False
CRR504659,M09N160,M09N160,PRJCA009749,M09N160,,,,,False,False
CRR504668,M45589,M45589,PRJCA009749,M45589,,,,,False,False
CRR504669,M45172,M45172,PRJCA009749,M45172,,,,,False,False
CRR504670,M15044,M15044,PRJCA009749,M15044,,,,,False,False
CRR504671,M35119,M35119,PRJCA009749,M35119,,,,,False,False
CRR504672,M15208,M15208,PRJCA009749,M15208,,,,,False,False
CRR504673,M35457,M35457,PRJCA009749,M35457,,,,,False,False
CRR504675,M45199,M45199,PRJCA009749,M45199,,,,,False,False
CRR504678,M35124,M35124,PRJCA009749,M35124,,,,,False,False
CRR504680,M15131,M15131,PRJCA009749,M15131,,,,,False,False
CRR504690,ly328,ly328,PRJCA009749,LY328,,,,,False,False
CRR504691,LY2211,LY2211,PRJCA009749,LY2211,,,,,False,False
CRR504693,Wu9086,Wu9086,PRJCA009749,WU9086,,,,,False,False
CRR504694,5172,5172,PRJCA009749,5172,,,,,False,False
CRR504696,Wu6127,Wu6127,PRJCA009749,WU6127,,,,,False,False
CRR504697,Wu6006,Wu6006,PRJCA009749,WU6006,,,,,False,False
CRR504700,XD973,XD973,PRJCA009749,XD973,,,,,False,False
CRR504701,J398,J398,PRJCA009749,J398,,,,,False,False
CRR504702,Z78,Z78,PRJCA009749,Z78,,,,,False,False
CRR504703,Jin103,Jin103,PRJCA009749,JIN103,,,,,False,False
CRR504708,Y687,Y687,PRJCA009749,Y687,,,,,False,False
CRR504709,Y3_2,Y3_2,PRJCA009749,Y32,,,,,False,False
CRR504710,806,806,PRJCA009749,806,,,,,False,False
CRR504711,950,950,PRJCA009749,950,,,,,False,False
CRR504713,ly5405,ly5405,PRJCA009749,LY5405,,,,,False,False
CRR504714,ly5502,ly5502,PRJCA009749,LY5502,,,,,False,False
CRR504716,ly5901,ly5901,PRJCA009749,LY5901,,,,,False,False
CRR504721,KW4M029,KW4M029,PRJCA009749,KW4M029,,,,,False,False
CRR504725,W08,W08,PRJCA009749,W08,,,,,False,False
CRR504730,Nan7041_5,Nan7041_5,PRJCA009749,NAN70415,,,,,False,False
CRR504745,Y1642,Y1642,PRJCA009749,Y1642,,,,,False,False
CRR504747,Y1665,Y1665,PRJCA009749,Y1665,,,,,False,False
CRR504748,Y1674,Y1674,PRJCA009749,Y1674,,,,,False,False
CRR504755,Y1697,Y1697,PRJCA009749,Y1697,,,,,False,False
CRR504758,Y1703,Y1703,PRJCA009749,Y1703,,,,,False,False
CRR504759,Y1704,Y1704,PRJCA009749,Y1704,,,,,False,False
CRR504761,Y1706,Y1706,PRJCA009749,Y1706,,,,,False,False
CRR504768,Y1745,Y1745,PRJCA009749,Y1745,,,,,False,False
CRR504770,Y1751,Y1751,PRJCA009749,Y1751,,,,,False,False
CRR504772,Y1754,Y1754,PRJCA009749,Y1754,,,,,False,False
CRR504773,Y1755,Y1755,PRJCA009749,Y1755,,,,,False,False
CRR504775,Y1757,Y1757,PRJCA009749,Y1757,,,,,False,False
CRR504787,TD5937,TD5937,PRJCA009749,TD5937,,,,,False,False
CRR504796,Jindan35M,Jindan35M,PRJCA009749,JINDAN35M,,,,,False,False
CRR504797,T276,T276,PRJCA009749,T276,PI 660677,T276,1.0,False,True,True
CRR504798,Jinyu811F,Jinyu811F,PRJCA009749,JINYU811F,,,,,False,False
CRR504799,C822,C822,PRJCA009749,C822,,,,,False,False
CRR504801,X232,X232,PRJCA009749,X232,,,,,False,False
CRR504802,Ds_12a,Ds_12a,PRJCA009749,DS12A,,,,,False,False
CRR504805,178_1,178_1,PRJCA009749,1781,,,,,False,False
CRR504812,Jin0_3,Jin0_3,PRJCA009749,JIN03,,,,,False,False
CRR504813,X8531,X8531,PRJCA009749,X8531,,,,,False,False
CRR504814,X48B,X48B,PRJCA009749,X48B,,,,,False,False
CRR504819,DXA095,DXA095,PRJCA009749,DXA095,,,,,False,False
CRR504820,DXA105,DXA105,PRJCA009749,DXA105,,,,,False,False
CRR504826,DXB007,DXB007,PRJCA009749,DXB007,,,,,False,False
CRR504828,DXB060,DXB060,PRJCA009749,DXB060,,,,,False,False
CRR504831,DXB161,DXB161,PRJCA009749,DXB161,,,,,False,False
CRR504833,DXB165,DXB165,PRJCA009749,DXB165,,,,,False,False
CRR504834,DXB167,DXB167,PRJCA009749,DXB167,,,,,False,False
CRR504835,DXB171,DXB171,PRJCA009749,DXB171,,,,,False,False
CRR504837,DXB198,DXB198,PRJCA009749,DXB198,,,,,False,False
CRR504843,XF063,XF063,PRJCA009749,XF063,,,,,False,False
CRR504845,LK58_8,LK58_8,PRJCA009749,LK588,,,,,False,False
CRR504850,ly5711,ly5711,PRJCA009749,LY5711,,,,,False,False
CRR504851,LongF0202,LongF0202,PRJCA009749,LONGF0202,,,,,False,False
CRR504853,LongF0402,LongF0402,PRJCA009749,LONGF0402,,,,,False,False
CRR504855,LongF1011,LongF1011,PRJCA009749,LONGF1011,,,,,False,False
CRR504857,LongF2224,LongF2224,PRJCA009749,LONGF2224,,,,,False,False
CRR504858,B97,B97,PRJCA009749,B97,PI 564682,B97,1.0,False,True,True
CRR504861,CML322,CML322,PRJCA009749,CML322,PI 690321,CML 322,1.0,False,True,False
CRR504862,CML333,CML333,PRJCA009749,CML333,PI 690322,CML 333,1.0,False,True,False
CRR504878,72_125,72_125,PRJCA009749,72125,,,,,False,False
CRR504879,HR962,HR962,PRJCA009749,HR962,,,,,False,False
CRR504884,Luyuan133,Luyuan133,PRJCA009749,LUYUAN133,,,,,False,False
CRR504885,897,897,PRJCA009749,897,,,,,False,False
CRR504887,Chang7_2,Chang7_2,PRJCA009749,CHANG72,,,,,False,False
CRR504889,196,196,PRJCA009749,196,,,,,False,False
CRR504891,Ji35,Ji35,PRJCA009749,JI35,,,,,False,False
CRR504893,8723,8723,PRJCA009749,8723,,,,,False,False
CRR504894,5237,5237,PRJCA009749,5237,,,,,False,False
CRR504895,75_14Gao,75_14Gao,PRJCA009749,7514GAO,,,,,False,False
CRR504899,Shuangtaiwu,Shuangtaiwu,PRJCA009749,SHUANGTAIWU,,,,,False,False
CRR504903,Ji856,Ji856,PRJCA009749,JI856,,,,,False,False
CRR504906,CML61,CML61,PRJCA009749,CML61,PI 690581,CML 61,1.0,False,True,False
CRR504908,Zhongyin10,Zhongyin10,PRJCA009749,ZHONGYIN10,,,,,False,False
CRR504909,OO6,OO6,PRJCA009749,OO6,,,,,False,False
CRR504910,Jiu138_5,Jiu138_5,PRJCA009749,JIU1385,,,,,False,False
CRR504912,Ning36,Ning36,PRJCA009749,NING36,,,,,False,False
CRR504917,Ning37,Ning37,PRJCA009749,NING37,,,,,False,False
CRR504919,707,707,PRJCA009749,707,,,,,False,False
CRR504926,Feng263,Feng263,PRJCA009749,FENG263,,,,,False,False
CRR504930,91Huang5,91Huang5,PRJCA009749,91HUANG5,,,,,False,False
CRR504932,Gan41,Gan41,PRJCA009749,GAN41,,,,,False,False
CRR504944,Jinruo,Jinruo,PRJCA009749,JINRUO,,,,,False,False
CRR504953,Zhangjin6,Zhangjin6,PRJCA009749,ZHANGJIN6,,,,,False,False
CRR504957,Yue20_3,Yue20_3,PRJCA009749,YUE203,,,,,False,False
CRR504959,Chengbei711,Chengbei711,PRJCA009749,CHENGBEI711,,,,,False,False
CRR504965,Lan766_4_2,Lan766_4_2,PRJCA009749,LAN76642,,,,,False,False
CRR504970,Tai1_Lg,Tai1_Lg,PRJCA009749,TAI1LG,,,,,False,False
CRR504977,Danhuang02,Danhuang02,PRJCA009749,DANHUANG02,,,,,False,False
CRR504979,Ziduosui,Ziduosui,PRJCA009749,ZIDUOSUI,,,,,False,False
CRR504982,Duo229,Duo229,PRJCA009749,DUO229,,,,,False,False
CRR504985,Fu8529,Fu8529,PRJCA009749,FU8529,,,,,False,False
CRR504988,B12,B12,PRJCA009749,B12,,,,,False,False
CRR504996,Cheng435,Cheng435,PRJCA009749,CHENG435,,,,,False,False
CRR505003,Ji876,Ji876,PRJCA009749,JI876,,,,,False,False
CRR505005,Zongxi241,Zongxi241,PRJCA009749,ZONGXI241,,,,,False,False
CRR505008,Guangyou5,Guangyou5,PRJCA009749,GUANGYOU5,,,,,False,False
CRR505012,Lv28,Lv28,PRJCA009749,LV28,,,,,False,False
CRR505019,91Huang15,91Huang15,PRJCA009749,91HUANG15,,,,,False,False
CRR505020,Yuanwu02,Yuanwu02,PRJCA009749,YUANWU02,,,,,False,False
CRR505023,Qi319,Qi319,PRJCA009749,QI319,,,,,False,False
CRR505032,Zhong128,Zhong128,PRJCA009749,ZHONG128,,,,,False,False
CRR505036,Ye488,Ye488,PRJCA009749,YE488,,,,,False,False
CRR505040,32,32,PRJCA009749,32,,,,,False,False
CRR505041,Ye8112,Ye8112,PRJCA009749,YE8112,,,,,False,False
CRR505045,FR218,FR218,PRJCA009749,FR218,PI 706821,FR218,1.0,False,True,True
CRR505047,Zheng58,Zheng58,PRJCA009749,ZHENG58,,,,,False,False
CRR505054,75_322,75_322,PRJCA009749,75322,,,,,False,False
CRR505058,L069,L069,PRJCA009749,L069,,,,,False,False
CRR505060,L005,L005,PRJCA009749,L005,,,,,False,False
CRR505061,Shen135,Shen135,PRJCA009749,SHEN135,,,,,False,False
CRR505065,Zun90110,Zun90110,PRJCA009749,ZUN90110,,,,,False,False
CRR505068,ShuangM9B_1,ShuangM9B_1,PRJCA009749,SHUANGM9B1,,,,,False,False
CRR505072,Yue267_3_1,Yue267_3_1,PRJCA009749,YUE26731,,,,,False,False
CRR505073,CN165,CN165,PRJCA009749,CN165,,,,,False,False
CRR505081,P39_su,P39_su,PRJCA009749,P39SU,,,,,False,False
CRR505087,Guan17_1,Guan17_1,PRJCA009749,GUAN171,,,,,False,False
CRR505090,RW64A,RW64A,PRJCA009749,RW64A,,,,,False,False
CRR505104,112_O2,112_O2,PRJCA009749,112O2,,,,,False,False
CRR505105,BaiU8112,BaiU8112,PRJCA009749,BAIU8112,,,,,False,False
CRR505110,Daqiu36,Daqiu36,PRJCA009749,DAQIU36,,,,,False,False
CRR505113,Jing404,Jing404,PRJCA009749,JING404,,,,,False,False
CRR505114,Tianya4,Tianya4,PRJCA009749,TIANYA4,,,,,False,False
CRR505117,55113_3_3_5,55113_3_3_5,PRJCA009749,55113335,,,,,False,False
CRR505119,De811,De811,PRJCA009749,DE811,PI 550558,DE811,1.0,False,True,False
CRR505121,Lo1125,Lo1125,PRJCA009749,LO1125,,,,,False,False
CRR505124,Zong31,Zong31,PRJCA009749,ZONG31,,,,,False,False
CRR505125,Zong3,Zong3,PRJCA009749,ZONG3,,,,,False,False
CRR505129,CIMBL58,CIMBL58,PRJCA009749,CIMBL58,,,,,False,False
CRR505130,975_12,975_12,PRJCA009749,97512,,,,,False,False
CRR505131,526018,526018,PRJCA009749,526018,,,,,False,False
CRR505134,GEMS3,GEMS3,PRJCA009749,GEMS3,,,,,False,False
CRR505138,GEMS28,GEMS28,PRJCA009749,GEMS28,,,,,False,False
CRR505139,GEMS54,GEMS54,PRJCA009749,GEMS54,,,,,False,False
CRR505140,GEMS65,GEMS65,PRJCA009749,GEMS65,,,,,False,False
CRR505143,Z001E0010,Z001E0010,PRJCA009749,Z001E0010,,,,,False,False
CRR505144,Z004E0173,Z004E0173,PRJCA009749,Z004E0173,,,,,False,False
CRR505147,Z013E0072,Z013E0072,PRJCA009749,Z013E0072,,,,,False,False
CRR505153,Z021E0138,Z021E0138,PRJCA009749,Z021E0138,,,,,False,False
CRR505156,Z026E0069,Z026E0069,PRJCA009749,Z026E0069,,,,,False,False
CRR505158,PHJ75,PHJ75,PRJCA009749,PHJ75,PI 601776,PHJ75,1.0,False,True,True
CRR505159,792,792,PRJCA009749,792,PI 685984,792,1.0,True,False,True
CRR505163,78002A,78002A,PRJCA009749,78002A,PI 601301,78002A,1.0,False,True,True
CRR505165,LH194,LH194,PRJCA009749,LH194,PI 539923,LH194,1.0,False,True,True
CRR505166,LH195,LH195,PRJCA009749,LH195,PI 537097,LH195,1.0,False,True,True
CRR505167,LH202,LH202,PRJCA009749,LH202,PI 539924,LH202,1.0,False,True,True
CRR505169,NC292,NC292,PRJCA009749,NC292,PI 690391,NC292,1.0,False,True,True
CRR505179,PHJ65,PHJ65,PRJCA009749,PHJ65,PI 543840,PHJ65,1.0,False,True,True
CRR505180,LH128,LH128,PRJCA009749,LH128,PI 547086,LH128,1.0,False,True,True
CRR505182,LH215,LH215,PRJCA009749,LH215,PI 552815,LH215,1.0,False,True,True
CRR505184,A059,A059,PRJCA009749,A059,,,,,False,False
CRR505185,A072,A072,PRJCA009749,A072,,,,,False,False
CRR505190,C052,C052,PRJCA009749,C052,,,,,False,False
CRR505191,C061,C061,PRJCA009749,C061,,,,,False,False
CRR505193,E101,E101,PRJCA009749,E101,,,,,False,False
CRR505197,J006,J006,PRJCA009749,J006,,,,,False,False
CRR505199,Suixi704,Suixi704,PRJCA009749,SUIXI704,,,,,False,False
CRR505209,NC294,NC294,PRJCA009749,NC294,PI 690392,NC294,1.0,False,True,True
CRR505210,NC310,NC310,PRJCA009749,NC310,PI 690401,NC310,1.0,False,True,True
CRR505212,Oh43E,Oh43E,PRJCA009749,OH43E,PI 693374,Oh43E,1.0,False,True,True
CRR505216,A619,A619,PRJCA009749,A619,PI 587139,A619,1.0,False,True,True
CRR505222,LH210,LH210,PRJCA009749,LH210,PI 537100,LH210,1.0,False,True,True
CRR505223,LH211,LH211,PRJCA009749,LH211,PI 537101,LH211,1.0,False,True,True
CRR505224,LH196,LH196,PRJCA009749,LH196,PI 538009,LH196,1.0,False,True,True
CRR505228,PHP76,PHP76,PRJCA009749,PHP76,PI 543846,PHP76,1.0,False,True,True
CRR505229,PHW06,PHW06,PRJCA009749,PHW06,PI 543848,PHW06,1.0,False,True,True
CRR505233,NL001,NL001,PRJCA009749,NL001,PI 546485,NL001,1.0,False,True,True
CRR505235,Lp215D,Lp215D,PRJCA009749,LP215D,PI 547107,Lp215D,1.0,False,True,True
CRR505236,PHJ89,PHJ89,PRJCA009749,PHJ89,PI 548798,PHJ89,1.0,False,True,True
CRR505238,PHR61,PHR61,PRJCA009749,PHR61,PI 548806,PHR61,1.0,False,True,True
CRR505239,PHT11,PHT11,PRJCA009749,PHT11,PI 548807,PHT11,1.0,False,True,True
CRR505240,MBSJ,MBSJ,PRJCA009749,MBSJ,PI 548838,MBSJ,1.0,False,True,True
CRR505242,LH209,LH209,PRJCA009749,LH209,PI 554612,LH209,1.0,False,True,True
CRR505243,MM402A,MM402A,PRJCA009749,MM402A,PI 554615,MM402A,1.0,False,True,True
CRR505245,LH197,LH197,PRJCA009749,LH197,PI 557562,LH197,1.0,False,True,True
CRR505247,LH216,LH216,PRJCA009749,LH216,PI 557569,LH216,1.0,False,True,True
CRR505248,LH222,LH222,PRJCA009749,LH222,PI 559375,LH222,1.0,False,True,True
CRR505251,ICI893,ICI893,PRJCA009749,ICI893,PI 559383,ICI 893,1.0,False,True,False
CRR505252,ICI986,ICI986,PRJCA009749,ICI986,PI 559384,ICI 986,1.0,False,True,False
CRR505257,PHPR5,PHPR5,PRJCA009749,PHPR5,PI 559945,PHPR5,1.0,False,True,True
CRR505265,LH200,LH200,PRJCA009749,LH200,PI 564541,LH200,1.0,False,True,True
CRR505269,3IJI1,3IJI1,PRJCA009749,3IJI1,PI 564753,3IJI1,1.0,False,True,True
CRR505275,PHMK0,PHMK0,PRJCA009749,PHMK0,PI 565108,PHMK0,1.0,False,True,True
CRR505280,LH185,LH185,PRJCA009749,LH185,PI 576171,LH185,1.0,False,True,True
CRR505283,ZS1791,ZS1791,PRJCA009749,ZS1791,PI 591619,ZS1791,1.0,False,True,True
CRR505284,SeagullSeventeen,SeagullSeventeen,PRJCA009749,SEAGULLSEVENTEEN,PI 600751,Seagull Seventeen,1.0,False,True,False
CRR505285,LH38,LH38,PRJCA009749,LH38,PI 600791,LH38,1.0,False,True,True
CRR505288,LH132,LH132,PRJCA009749,LH132,PI 601004,LH132,1.0,False,True,True
CRR505293,6103,6103,PRJCA009749,6103,PI 601159,6103,1.0,True,False,True
CRR505298,78010,78010,PRJCA009749,78010,PI 601211,78010,1.0,True,False,True
CRR505303,778,778,PRJCA009749,778,PI 601375,778,1.0,True,False,True
CRR505306,NS701,NS701,PRJCA009749,NS701,PI 601417,NS701,1.0,False,True,True
CRR505307,78371A,78371A,PRJCA009749,78371A,PI 601438,78371A,1.0,False,True,True
CRR505308,IBB15,IBB15,PRJCA009749,IBB15,PI 601458,IBB15,1.0,False,True,True
CRR505311,740,740,PRJCA009749,740,PI 601489,740,1.0,True,False,True
CRR505312,787,787,PRJCA009749,787,PI 601490,787,1.0,True,False,True
CRR505313,793,793,PRJCA009749,793,PI 601492,793,1.0,True,False,True
CRR505314,LH65,LH65,PRJCA009749,LH65,PI 601494,LH65,1.0,False,True,True
CRR505316,W8304,W8304,PRJCA009749,W8304,PI 601502,W8304,1.0,False,True,True
CRR505317,11430,11430,PRJCA009749,11430,PI 601558,11430,1.0,True,False,True
CRR505319,2MA22,2MA22,PRJCA009749,2MA22,PI 601560,2MA22,1.0,False,True,True
CRR505320,78551S,78551S,PRJCA009749,78551S,PI 601562,78551S,1.0,False,True,True
CRR505321,87916W,87916W,PRJCA009749,87916W,PI 601563,87916W,1.0,False,True,True
CRR505322,HB8229,HB8229,PRJCA009749,HB8229,PI 601564,HB8229,1.0,False,True,True
CRR505323,MBST,MBST,PRJCA009749,MBST,PI 601566,MBST,1.0,False,True,True
CRR505324,PHH93,PHH93,PRJCA009749,PHH93,PI 601567,PHH93,1.0,False,True,True
CRR505325,PHP02,PHP02,PRJCA009749,PHP02,PI 601570,PHP02,1.0,False,True,True
CRR505327,PHT60,PHT60,PRJCA009749,PHT60,PI 601574,PHT60,1.0,False,True,True
CRR505329,NS501,NS501,PRJCA009749,NS501,PI 601583,NS501,1.0,False,True,True
CRR505330,OQ603,OQ603,PRJCA009749,OQ603,PI 601584,OQ603,1.0,False,True,True
CRR505332,1538,1538,PRJCA009749,1538,PI 601658,1538,1.0,True,False,True
CRR505333,WIL903,WIL903,PRJCA009749,WIL903,PI 601686,WIL903,1.0,False,True,True
CRR505335,L139,L139,PRJCA009749,L139,PI 601728,L 139,1.0,False,True,False
CRR505337,PHJ70,PHJ70,PRJCA009749,PHJ70,PI 601775,PHJ70,1.0,False,True,True
CRR505339,PHN37,PHN37,PRJCA009749,PHN37,PI 601781,PHN37,1.0,False,True,True
CRR505341,PHT22,PHT22,PRJCA009749,PHT22,PI 601788,PHT22,1.0,False,True,True
CRR505343,PHW43,PHW43,PRJCA009749,PHW43,PI 601792,PHW43,1.0,False,True,True
CRR505345,LH127,LH127,PRJCA009749,LH127,PI 538007,LH127,1.0,False,True,True
CRR505349,F118,F118,PRJCA009749,F118,PI 555462,F118,1.0,False,True,True
CRR505354,2FAD8,2FAD8,PRJCA009749,2FAD8,,,,,False,False
CRR505360,CQ702RC,CQ702RC,PRJCA009749,CQ702RC,PI 566938,CQ702RC,1.0,False,True,True
CRR505363,PHBB3,PHBB3,PRJCA009749,PHBB3,PI 578029,PHBB3,1.0,False,True,True
CRR505366,ML606,ML606,PRJCA009749,ML606,PI 583774,ML606,1.0,False,True,True
CRR505368,LH54,LH54,PRJCA009749,LH54,PI 601316,LH54,1.0,False,True,True
CRR505369,LH52,LH52,PRJCA009749,LH52,PI 601360,LH52,1.0,False,True,True
CRR505375,H8431,H8431,PRJCA009749,H8431,PI 601610,H8431,1.0,False,True,True
CRR505377,PHP55,PHP55,PRJCA009749,PHP55,PI 601784,PHP55,1.0,False,True,True
CRR505380,Hai268,Hai268,PRJCA009749,HAI268,,,,,False,False
CRR505387,Sheng62,Sheng62,PRJCA009749,SHENG62,,,,,False,False
CRR505389,6107A_2,6107A_2,PRJCA009749,6107A2,,,,,False,False
CRR505392,T0403,T0403,PRJCA009749,T0403,,,,,False,False
CRR505393,485,485,PRJCA009749,485,,,,,False,False
CRR505394,489,489,PRJCA009749,489,,,,,False,False
CRR505395,L201,L201,PRJCA009749,L201,,,,,False,False
CRR505397,WK858,WK858,PRJCA009749,WK858,,,,,False,False
CRR505403,Xun92_8,Xun92_8,PRJCA009749,XUN928,,,,,False,False
CRR505405,Dong62072,Dong62072,PRJCA009749,DONG62072,,,,,False,False
CRR505406,L203,L203,PRJCA009749,L203,,,,,False,False
CRR505407,842,842,PRJCA009749,842,,,,,False,False
CRR505410,Si_287,Si_287,PRJCA009749,SI287,,,,,False,False
CRR505412,Shen137,Shen137,PRJCA009749,SHEN137,,,,,False,False
CRR505413,Shen3265,Shen3265,PRJCA009749,SHEN3265,,,,,False,False
CRR505415,Tie7922,Tie7922,PRJCA009749,TIE7922,,,,,False,False
CRR505418,lx08_8,lx08_8,PRJCA009749,LX088,,,,,False,False
CRR505419,lx03_2,lx03_2,PRJCA009749,LX032,,,,,False,False
CRR505421,PHV78,PHV78,PRJCA009749,PHV78,PI 601470,PHV78,1.0,False,True,True
CRR505427,PHG84,PHG84,PRJCA009749,PHG84,PI 601320,PHG84,1.0,False,True,True
CRR505429,LH149,LH149,PRJCA009749,LH149,PI 601493,LH149,1.0,False,True,True
CRR505431,HC2_CGJ,HC2_CGJ,PRJCA009749,HC2CGJ,,,,,False,False
CRR505438,PHN46,PHN46,PRJCA009749,PHN46,PI 543844,PHN46,1.0,False,True,True
CRR505440,PHV07,PHV07,PRJCA009749,PHV07,PI 543847,PHV07,1.0,False,True,True
CRR505442,LH213,LH213,PRJCA009749,LH213,PI 547090,LH213,1.0,False,True,True
CRR505446,ICI441,ICI441,PRJCA009749,ICI441,PI 559381,ICI 441,1.0,False,True,False
CRR505448,PHAW6,PHAW6,PRJCA009749,PHAW6,PI 565100,PHAW6,1.0,False,True,True
CRR505449,PHHB9,PHHB9,PRJCA009749,PHHB9,PI 565104,PHHB9,1.0,False,True,True
CRR505450,PHEG9,PHEG9,PRJCA009749,PHEG9,PI 578030,PHEG9,1.0,False,True,True
CRR505451,PHHB4,PHHB4,PRJCA009749,PHHB4,PI 578033,PHHB4,1.0,False,True,True
CRR505453,LH39,LH39,PRJCA009749,LH39,PI 600944,LH39,1.0,False,True,True
CRR505454,PHG50,PHG50,PRJCA009749,PHG50,PI 601006,PHG50,1.0,False,True,True
CRR505455,B47,B47,PRJCA009749,B47,,,,,False,False
CRR505461,LH60,LH60,PRJCA009749,LH60,PI 601404,LH60,1.0,False,True,True
CRR505464,PB80,PB80,PRJCA009749,PB80,PI 601441,PB80,1.0,False,True,True
CRR505470,PHW52,PHW52,PRJCA009749,PHW52,PI 601575,PHW52,1.0,False,True,True
CRR505471,WIL900,WIL900,PRJCA009749,WIL900,PI 601684,WIL900,1.0,False,True,True
CRR505482,FAPW,FAPW,PRJCA009749,FAPW,PI 600958,FAPW,1.0,False,True,True
CRR505483,PHG39,PHG39,PRJCA009749,PHG39,PI 600981,PHG39,1.0,False,True,True
CRR505485,LH82,LH82,PRJCA009749,LH82,PI 601170,LH82,1.0,False,True,True
CRR505488,CNH3754,CNH3754,PRJCA009749,CNH3754,,,,,False,False
CRR505490,F62,F62,PRJCA009749,F62,,,,,False,False
CRR505492,150_4,150_4,PRJCA009749,1504,,,,,False,False
CRR505498,GM406,GM406,PRJCA009749,GM406,,,,,False,False
CRR505501,17MC3255,17MC3255,PRJCA009749,17MC3255,,,,,False,False
CRR505502,17MC2621,17MC2621,PRJCA009749,17MC2621,,,,,False,False
CRR505503,17MC2622,17MC2622,PRJCA009749,17MC2622,,,,,False,False
CRR505504,17MC2623,17MC2623,PRJCA009749,17MC2623,,,,,False,False
CRR505505,17MC2624,17MC2624,PRJCA009749,17MC2624,,,,,False,False
CRR505506,17MC2627,17MC2627,PRJCA009749,17MC2627,,,,,False,False
CRR505507,17MC2629,17MC2629,PRJCA009749,17MC2629,,,,,False,False
CRR505508,17MC2630,17MC2630,PRJCA009749,17MC2630,,,,,False,False
CRR505517,XF_1,XF_1,PRJCA009749,XF1,,,,,False,False
CRR505523,T58765,T58765,PRJCA009749,T58765,,,,,False,False
CRR505529,161223,161223,PRJCA009749,161223,,,,,False,False
CRR505531,YD7922,YD7922,PRJCA009749,YD7922,,,,,False,False
CRR505536,85123,85123,PRJCA009749,85123,,,,,False,False
CRR505540,Si_144Gai,Si_144Gai,PRJCA009749,SI144GAI,,,,,False,False
CRR505546,F0903,F0903,PRJCA009749,F0903,,,,,False,False
CRR505547,6NH372,6NH372,PRJCA009749,6NH372,,,,,False,False
CRR505556,6NH717,6NH717,PRJCA009749,6NH717,,,,,False,False
CRR505559,6NH769,6NH769,PRJCA009749,6NH769,,,,,False,False
CRR505564,ZhengX959,ZhengX959,PRJCA009749,ZHENGX959,,,,,False,False
CRR505569,Zheng578,Zheng578,PRJCA009749,ZHENG578,,,,,False,False
CRR505573,16NS545,16NS545,PRJCA009749,16NS545,,,,,False,False
CRR505575,P28,P28,PRJCA009749,P28,,,,,False,False
CRR505576,R107,R107,PRJCA009749,R107,,,,,False,False
CRR505583,HRB16219,HRB16219,PRJCA009749,HRB16219,,,,,False,False
CRR505584,HRB16221,HRB16221,PRJCA009749,HRB16221,,,,,False,False
CRR505586,HRB16225,HRB16225,PRJCA009749,HRB16225,,,,,False,False
CRR505588,HRB16244,HRB16244,PRJCA009749,HRB16244,,,,,False,False
CRR505593,M54Rel,M54Rel,PRJCA009749,M54REL,,,,,False,False
CRR505595,Liao0369,Liao0369,PRJCA009749,LIAO0369,,,,,False,False
CRR505600,JLXH_27,JLXH_27,PRJCA009749,JLXH27,,,,,False,False
CRR505603,1007_3,1007_3,PRJCA009749,10073,,,,,False,False
CRR505608,16Y673_7,16Y673_7,PRJCA009749,16Y6737,,,,,False,False
CRR505609,16Y685_6,16Y685_6,PRJCA009749,16Y6856,,,,,False,False
CRR505613,271,271,PRJCA009749,271,,,,,False,False
CRR505616,267,267,PRJCA009749,267,,,,,False,False
CRR505619,Tx149,Tx149,PRJCA009749,TX149,,,,,False,False
CRR505620,17CPB04,17CPB04,PRJCA009749,17CPB04,,,,,False,False
CRR505622,Meng17j07,Meng17j07,PRJCA009749,MENG17J07,,,,,False,False
CRR505624,SD192,SD192,PRJCA009749,SD192,,,,,False,False
CRR505626,SD198,SD198,PRJCA009749,SD198,,,,,False,False
CRR505627,SD202,SD202,PRJCA009749,SD202,,,,,False,False
CRR505634,Liao0619,Liao0619,PRJCA009749,LIAO0619,,,,,False,False
CRR505636,Zhongxi09102,Zhongxi09102,PRJCA009749,ZHONGXI09102,,,,,False,False
CRR505640,121494,121494,PRJCA009749,121494,,,,,False,False
CRR505641,XF38P05F,XF38P05F,PRJCA009749,XF38P05F,,,,,False,False
CRR505643,Meng17j29,Meng17j29,PRJCA009749,MENG17J29,,,,,False,False
CRR505647,HD568,HD568,PRJCA009749,HD568,,,,,False,False
CRR505649,Jing7huang,Jing7huang,PRJCA009749,JING7HUANG,,,,,False,False
CRR505651,Wenhuang31413,Wenhuang31413,PRJCA009749,WENHUANG31413,,,,,False,False
CRR505654,Lx9801,Lx9801,PRJCA009749,LX9801,,,,,False,False
CRR505655,Xun926,Xun926,PRJCA009749,XUN926,,,,,False,False
CRR505656,Liao6082,Liao6082,PRJCA009749,LIAO6082,,,,,False,False
CRR505657,L5895,L5895,PRJCA009749,L5895,,,,,False,False
CRR505658,S122,S122,PRJCA009749,S122,,,,,False,False
CRR505660,DH382,DH382,PRJCA009749,DH382,,,,,False,False
CRR505661,Xun9058,Xun9058,PRJCA009749,XUN9058,,,,,False,False
CRR505663,M340x,M340x,PRJCA009749,M340X,,,,,False,False
CRR505667,SX3821,SX3821,PRJCA009749,SX3821,,,,,False,False
CRR505670,148,148,PRJCA009749,148,,,,,False,False
CRR505674,D185,D185,PRJCA009749,D185,,,,,False,False
CRR505677,Tie98033_1,Tie98033_1,PRJCA009749,TIE980331,,,,,False,False
CRR505679,Zhongzi03,Zhongzi03,PRJCA009749,ZHONGZI03,,,,,False,False
CRR505688,N42,N42,PRJCA009749,N42,Ames 34668,N 42,1.0,False,True,False
CRR505689,W172,W172,PRJCA009749,W172,,,,,False,False
CRR505698,Chen322,Chen322,PRJCA009749,CHEN322,,,,,False,False
CRR505706,S7913,S7913,PRJCA009749,S7913,,,,,False,False
CRR505710,Shen151,Shen151,PRJCA009749,SHEN151,,,,,False,False
CRR505711,Liao3162,Liao3162,PRJCA009749,LIAO3162,,,,,False,False
CRR505714,LX3999,LX3999,PRJCA009749,LX3999,,,,,False,False
CRR505715,D183,D183,PRJCA009749,D183,,,,,False,False
CRR505717,H95,H95,PRJCA009749,H95,PI 693333,H95,1.0,False,True,True
CRR505719,MC5831,MC5831,PRJCA009749,MC5831,,,,,False,False
CRR505720,MC5832,MC5832,PRJCA009749,MC5832,,,,,False,False
CRR505724,MC5837,MC5837,PRJCA009749,MC5837,,,,,False,False
CRR505728,MC5841,MC5841,PRJCA009749,MC5841,,,,,False,False
CRR505729,MC5842,MC5842,PRJCA009749,MC5842,,,,,False,False
CRR505730,MC5843,MC5843,PRJCA009749,MC5843,,,,,False,False
CRR505731,MC5844,MC5844,PRJCA009749,MC5844,,,,,False,False
CRR505733,MC5846,MC5846,PRJCA009749,MC5846,,,,,False,False
CRR505737,MC6231,MC6231,PRJCA009749,MC6231,,,,,False,False
CRR505740,MC6235,MC6235,PRJCA009749,MC6235,,,,,False,False
CRR505741,MC6236,MC6236,PRJCA009749,MC6236,,,,,False,False
CRR505742,MC3361,MC3361,PRJCA009749,MC3361,,,,,False,False
CRR505743,MC3362,MC3362,PRJCA009749,MC3362,,,,,False,False
CRR505745,MC3366,MC3366,PRJCA009749,MC3366,,,,,False,False
CRR505746,MC3367,MC3367,PRJCA009749,MC3367,,,,,False,False
CRR505748,GEMS18,GEMS18,PRJCA009749,GEMS18,,,,,False,False
CRR505750,GEMS1,GEMS1,PRJCA009749,GEMS1,,,,,False,False
CRR505752,Dan360,Dan360,PRJCA009749,DAN360,,,,,False,False
