accession,n_ena_samples,n_runs,best_x_cov,total_x_cov,best_sample,platforms,studies,matched_on_field,matched_name,n_traits,total_envs,IMPROVEMENT_LEVEL,collection,PLANT_NAME,pedigree,countryOfOriginCode,panel_pri,in_eva_study,priority_score,action
PI 270297,5,6,63.8,107.19999999999999,SAMN22346332,ILLUMINA,PRJNA481365;PRJNA609577;PRJNA771871,cultivar,B96,46.0,133.0,Breeding material,Maize.Set.Inbred.Diversity.282.Plus.NAM.Parents,B96,41:2504B Amargo Inbred Line,ARG,5.0,False,97.6,call variants now
PI 587131,4,26,76.6,100.99999999999999,SAMEA5313307,ILLUMINA;PACBIO_SMRT,;PRJEB31061;PRJNA272385;PRJNA565870,cultivar,HP301,42.0,54.0,Breeding material,Maize.Set.Inbred.Diversity.282.Plus.NAM.Parents,HP301,Supergold Popcorn,USA,5.0,False,94.3,call variants now
PI 587152,3,16,28.3,46.300000000000004,SAMN27189590,ILLUMINA,;PRJNA565870;PRJNA822510,cultivar,W64A,39.0,59.0,Breeding material,Maize.Set.Inbred.Diversity.282.Plus.NAM.Parents,W64A,WF9 x CI187-2,USA,5.0,True,91.8,call variants now
PI 587137,3,26,75.7,80.3,SAMEA5313315,ILLUMINA;PACBIO_SMRT,;PRJEB31061;PRJNA565870,cultivar,Ms71,37.0,61.0,Breeding material,Maize.Set.Inbred.Diversity.282.Plus.NAM.Parents,Ms71,A619 x R168,USA,5.0,True,90.2,call variants now
PI 594047,1,14,34.3,34.3,SAMEA8718246,PACBIO_SMRT,PRJEB44462,cultivar,B104,35.0,54.0,Cultivar,Maize.Set.Inbred.Diversity.282.Plus.NAM.Parents,B104,BS13(S)C5-13-1-1-2-1-1-1,USA,5.0,True,88.6,call variants now
PI 690330,2,23,74.4,76.5,SAMEA5313317,ILLUMINA;PACBIO_SMRT,;PRJEB32404,cultivar,NC358,34.0,55.0,Breeding material,Maize.Set.Inbred.Diversity.282.Plus.NAM.Parents,NC358,Recurrent selection from an all-tropical hybrid synthetic TROPHY,USA,5.0,True,87.8,call variants now
PI 506246,2,23,71.7,73.7,SAMEA5313322,ILLUMINA;PACBIO_SMRT,;PRJEB31061,cultivar,Tzi8,33.0,103.0,Breeding material,Maize.Set.Inbred.Diversity.282.Plus.NAM.Parents,Tzi 8,TZB/TZSR,NGA,5.0,False,86.9,call variants now
PI 595541,2,25,78.0,80.4,SAMEA5313303,ILLUMINA;PACBIO_SMRT,;PRJEB31061,cultivar,CML247,32.0,86.0,Breeding material,Maize.Set.Inbred.Diversity.282.Plus.NAM.Parents,CML 247,Pool 24: (Pool 24 FS119*FS54)-6-4-1-1-BB-f .  Pool 24 is also named Tropical late white dent (TLWD) and its components are mainly Tuxpeno materials from Mexico and late maturity materials from Central America.,MEX,5.0,False,86.1,call variants now
PI 595550,2,29,88.2,90.5,SAMEA5313304,ILLUMINA;PACBIO_SMRT,;PRJEB31061,cultivar,CML277,32.0,111.0,Breeding material,Maize.Set.Inbred.Diversity.282.Plus.NAM.Parents,CML 277,"Population 43: Ferke 8243-51-1-1-B-##-1-BB-# .  Population 43 is also named La Posta and its components is a Tuxpeno synthetic composed of 16 inbred lines (1 ETO Blanco S1 & 15 S1s of Tuxpe?o collection, formed in 1963).",MEX,5.0,False,86.1,call variants now
PI 690321,3,21,70.7,79.0,SAMEA5313305,ILLUMINA;PACBIO_SMRT,;PRJEB31061;PRJNA1170466,cultivar,CML322,31.0,63.0,Breeding material,Maize.Set.Inbred.Diversity.282.Plus.NAM.Parents,CML 322,Recy W.: 89[L/LMBR]17-B-5-3-1-4-B*4,MEX,5.0,True,85.3,call variants now
PI 587129,5,5,16.2,40.1,SAMN03281114,ILLUMINA,PRJNA1171432;PRJNA272385;PRJNA609577,cultivar,H99,38.0,47.0,Breeding material,Maize.Set.Inbred.Diversity.282.Plus.NAM.Parents,H99,Illinois Synthetic 60C,USA,5.0,True,85.3,call variants now
PI 690318,2,24,74.2,78.3,SAMEA5313300,ILLUMINA;PACBIO_SMRT,;PRJEB31061,cultivar,CML69,30.0,93.0,Breeding material,Maize.Set.Inbred.Diversity.282.Plus.NAM.Parents,CML 69,"Population 36: P 36C5F37-2-1-1-b1#b1-b1#b1-b1 .  Population 36 is also named Cogollero and it is a Caribbean composite involving 165 accessions from all the Caribbean islands. About 50 families from the Insect Disease Resistance Nursery (IDRN) population, 20 families from Pool 22, and 26 families from Pool 26.",MEX,5.0,True,84.5,call variants now
PI 693339,18,42,169.0,453.6,SAMN11665429,ILLUMINA;OXFORD_NANOPORE;PACBIO_SMRT,PRJNA1247151;PRJNA332940;PRJNA543394;PRJNA609577;PRJNA628111;PRJNA635654,cultivar,A188,30.0,71.0,Breeding material,Maize.Set.Inbred.Diversity.282.Plus.NAM.Parents,A188,4-29(Silver King) x 46(N.W. Dent)4^4  N.W. Dent stands for open pollinated variety Northwestern Dent.,USA,5.0,True,84.5,call variants now
PI 690370,1,3,63.0,63.0,SAMN02821436,ILLUMINA,PRJNA251186,sample_title,Zea mays NC230,30.0,36.0,Breeding material,Maize.Set.Inbred.Diversity.282.Plus.NAM.Parents,NC230,K55 x Yellow line or hybrid,USA,5.0,False,84.5,call variants now
Ames 35266,3,5,48.2,50.300000000000004,SAMN02946043,ILLUMINA;OXFORD_NANOPORE,PRJEB59044;PRJNA251204;PRJNA530187,cultivar,Mo44,29.0,49.0,Breeding material,Maize.Set.Inbred.Diversity.282.Plus.NAM.Parents,Mo44, Mo22 x Pioneer Mexican Synthetic 17,USA,5.0,False,83.7,call variants now
PI 690322,3,24,68.9,80.5,SAMEA5313306,ILLUMINA;PACBIO_SMRT,;PRJEB31061;PRJNA1170466,cultivar,CML333,29.0,60.0,Breeding material,Maize.Set.Inbred.Diversity.282.Plus.NAM.Parents,CML 333,Population 590: P 590C3F373-1-1-7-B-#-5-2-B-#-B,MEX,5.0,True,83.7,call variants now
PI 693332,2,3,33.3,35.099999999999994,SAMEA115703369,ILLUMINA;PACBIO_SMRT,PRJEB67812;PRJNA684330,cultivar,CM174,29.0,32.0,Breeding material,Maize.Set.Inbred.Diversity.282.Plus.NAM.Parents,CM174,V3 x B14^2,CAN,5.0,False,83.7,call variants now
PI 690320,4,33,85.3,158.89999999999998,SAMEA5313302,BGISEQ;ILLUMINA;OXFORD_NANOPORE;PACBIO_SMRT,;PRJEB31061;PRJNA1170466;PRJNA644582,cultivar,CML228,29.0,111.0,Breeding material,Maize.Set.Inbred.Diversity.282.Plus.NAM.Parents,CML 228,EV88SUWAN1-SR(BC5)-201-1-1-b-b,MEX,5.0,True,83.7,call variants now
PI 690319,3,26,85.4,93.00000000000001,SAMEA5313301,ILLUMINA;PACBIO_SMRT,;PRJEB31061;PRJNA1170466,cultivar,CML103,29.0,90.0,Breeding material,Maize.Set.Inbred.Diversity.282.Plus.NAM.Parents,CML 103,"Population 44: P 44C4HC101-3-#1-1-B-### .  Population 44 is also named (AED) Tuxpeno and its compnents are AED and Tuxpe?o components.  AED (American Early Dent) was Boone County White from North-Carolina, before it was brought to Egypt in 1920.  The other component is an early cycle of short plant selections from Tuxpeno-1.",MEX,5.0,True,83.7,call variants now
PI 600959,4,7,60.3,121.9,SAMN15464443,BGISEQ;ILLUMINA;OXFORD_NANOPORE,PRJNA251182;PRJNA565870;PRJNA644582;PRJNA684330,cultivar,LH145,36.0,55.0,Cultivar,Maize.Group.PVP,LH145,A632Ht x CM105,USA,4.0,True,83.4,call variants now
PI 601229,2,4,58.8,59.9,SAMN02821443,ILLUMINA,PRJNA251173;PRJNA565870,cultivar,PHG83,36.0,93.0,Cultivar,Maize.Group.PVP,PHG83,"814 X 207 specifically 814/207)X44XXXX.  The varieties C103, OS420, 38-11, OS426 contributed greatly to the genotype in the derivation of PH814.",USA,4.0,True,83.4,call variants now
PI 550490,2,2,30.0,31.1,SAMN15464399,ILLUMINA;OXFORD_NANOPORE,PRJNA565870;PRJNA644582,cultivar,ND246,28.0,36.0,Breeding material,Maize.Set.Inbred.Diversity.282.Plus.NAM.Parents,ND246,W755/W771,USA,5.0,False,82.9,call variants now
PI 601009,2,4,61.0,62.6,SAMN02821397,ILLUMINA,PRJNA251121;PRJNA530187,cultivar,PHB47,35.0,592.0,Cultivar,Maize.Group.PVP,PHB47,B37 X SD105 specifically B37<3-XX#-SD105-#)F21323X11X.  B37 is a public inbred line developed from Iowa Stiff Stalk Synthetic at Iowa State University.  SD105 is an early public inbred line developed at South Dakota State University.,USA,4.0,False,82.6,call variants now
PI 601080,3,6,62.7,119.0,SAMN02822385,BGISEQ;ILLUMINA;OXFORD_NANOPORE,PRJNA251175;PRJNA565870;PRJNA644582,cultivar,CR1HT,35.0,50.0,Cultivar,Maize.Group.PVP,CR1HT,W117Ht X Mo17Ht,USA,4.0,True,82.6,call variants now
PI 600957,3,3,22.7,27.4,SAMN05446035,ILLUMINA,PRJNA332948;PRJNA565870;PRJNA684330,cultivar,LH74,35.0,65.0,Cultivar,Maize.Group.PVP,LH74,A632 X B73 .  A632 is a public inbred line released by the University of Minnesota.  B73 is a public inbred line released by Iowa State University.,USA,4.0,True,82.6,call variants now
PI 601079,5,8,82.7,169.0,SAMEA115703357,COMPLETE_GENOMICS;ILLUMINA;PACBIO_SMRT,PRJEB67812;PRJNA1142968;PRJNA251136;PRJNA381642;PRJNA565870,cultivar,LH123Ht,35.0,68.0,Cultivar,Maize.Group.PVP,LH123HT,Pioneer 3535 hybrid,USA,4.0,True,82.6,call variants now
PI 587154,1,1,14.5,14.5,SAMN03281113,ILLUMINA,PRJNA272385,cultivar,W153R,37.0,199.0,Breeding material,Maize.Set.Inbred.Diversity.282.Plus.NAM.Parents,W153R,Rec. I.153,USA,5.0,True,82.0,call variants now
PI 601190,2,3,65.3,67.1,SAMN15464435,BGISEQ;ILLUMINA;OXFORD_NANOPORE,PRJNA565870;PRJNA644582,cultivar,Q381,34.0,48.0,Cultivar,Maize.Group.PVP,Q381,One off-type plant in a planting of Pioneer 3369 hybrid test plot planting was selected an selfed.,USA,4.0,False,81.8,call variants now
PI 601322,5,5,91.9,124.20000000000002,SAMEA112904662,ILLUMINA;PACBIO_SMRT,PRJEB59044;PRJNA381642;PRJNA530187;PRJNA565870;PRJNA684330,cultivar,PHZ51,34.0,603.0,Cultivar,Maize.Group.PVP,PHZ51,"814 (PH814) x 848 (PH848) specifically 814/848)X1111X.  The varieties C103, OS420, 38-11, OS426 contributed greatly to the genotype in the derivation of PH814.  Varieties SRS303, OH43, OS420, OS426, MINN49, IDT, AR4, I205, SRS303, and LF51 contributed to the genotype in the derivation of PH848.",USA,4.0,True,81.8,call variants now
PI 601209,2,2,33.7,34.5,SAMN15464452,ILLUMINA;OXFORD_NANOPORE,PRJNA565870;PRJNA644582,cultivar,MBNA,34.0,74.0,Cultivar,Maize.Group.PVP,MBNA,Mo17-H X MDA-28 .  The pedigree of Mo17-H is (187-2 X C103/Ht).  The pedigree of MDA-28 is (BPA X EOOM Comp).,USA,4.0,False,81.8,call variants now
PI 601171,2,4,63.6,64.4,SAMN02821611,ILLUMINA,PRJNA251181;PRJNA565870,cultivar,LH93,34.0,51.0,Cultivar,Maize.Group.PVP,LH93,"BS11(FR)C3 .  BS11(FR)C3 is an Iowa State University population developed by 3 cycles of reciprocal full-sib selection from Pioneer Two-ear Composite, with Iowa Two-ear Synthetic #1 as the tester.",USA,4.0,True,81.8,call variants now
PI 644101,2,2,27.6,28.900000000000002,SAMN06685738,ILLUMINA,PRJNA381642;PRJNA565870,cultivar,LH1,34.0,97.0,Cultivar,Maize.Group.PVP,LH1,(B37 x 644) X B37.  The line was produced by crossing B37 X 644 then backcrossing to B37 followed by seven generations of selfing and selection for plant type and yield.  B37 is a public line developed at Iowa State University.  644 is a Holden's private line not related to any other line.,USA,4.0,False,81.8,call variants now
PI 587148,1,1,14.7,14.7,SAMN18698658,ILLUMINA,PRJNA339461,cultivar,CI66,36.0,104.0,Breeding material,Maize.Set.Inbred.Diversity.282.Plus.NAM.Parents,CI 66,L97 X K55 (2),USA,5.0,False,81.4,call variants now
PI 601270,3,5,59.6,68.3,SAMN02821431,ILLUMINA,PRJNA1170466;PRJNA251166;PRJNA684330,cultivar,PHG29,33.0,46.0,Cultivar,Maize.Group.PVP,PHG29,207 X (207 X 806) specifically  207<2 806) 8123225X .  Both 207 and 806 are Pioneer proprietary inbreds.,USA,4.0,False,80.9,call variants now
PI 601300,2,2,34.9,35.9,SAMN06685743,ILLUMINA,PRJNA381642;PRJNA565870,cultivar,4676A,33.0,61.0,Cultivar,Maize.Group.PVP,4676A,1067-1 X (B-line Composite) .  B-line Composite was a synthetic constructed by intermating about 35 cornbelt-adapted inbred lines.,USA,4.0,False,80.9,call variants now
PI 601318,3,5,61.2,86.10000000000001,SAMN02821729,ILLUMINA,PRJNA251167;PRJNA381642;PRJNA565870,cultivar,PHG47,33.0,72.0,Cultivar,Maize.Group.PVP,PHG47,041 X MKSDTE C10 specifically 041/MKSDTE)3221112. 041 is a proprietary Pioneer inbred line.  MKSDTE C10 is a broad based breeding population that has undergone 10 cycles of recurrent selection.,USA,4.0,True,80.9,call variants now
PI 601319,3,6,65.7,123.5,SAMN15464431,BGISEQ;ILLUMINA;OXFORD_NANOPORE,PRJNA251193;PRJNA565870;PRJNA644582,cultivar,PHG72,33.0,46.0,Cultivar,Maize.Group.PVP,PHG72,891 X 207 specifically 891/207)X4123X,USA,4.0,False,80.9,call variants now
PI 601321,6,8,63.5,97.19999999999999,SAMN02822326,ILLUMINA,PRJNA251135;PRJNA381642;PRJNA565870;PRJNA609577,cultivar,PHJ40,33.0,72.0,Cultivar,Maize.Group.PVP,PHJ40,B09 X B36 specifically B09/B36)X4122241X,CAN,4.0,True,80.9,call variants now
PI 601467,3,4,62.1,64.2,SAMN15464433,BGISEQ;ILLUMINA;OXFORD_NANOPORE,PRJNA565870;PRJNA644582;PRJNA684330,cultivar,PHK05,31.0,72.0,Cultivar,Maize.Group.PVP,PHK05,"CM7 X 051. Specifically CM7/051)XA51111XXXXX .  CM7 is a public Canadian line developed at Morden, Manitoba and 051 is a proprietary Pioneer line.",CAN,4.0,False,79.3,call variants now
PI 601402,2,2,25.4,26.7,SAMN05445934,ILLUMINA,PRJNA332942;PRJNA565870,cultivar,LH146Ht,31.0,34.0,Cultivar,Maize.Group.PVP,LH146Ht,"(B73 X CM105) X CM105.  B73 is a public line released by Iowa State University.  CM105 has the pedigree V3 X B14(3) and is a public line developed by the Canadian Agricultural Research Station at Morden, Manitoba, Canada released in 1970",USA,4.0,True,79.3,call variants now
PI 601469,2,3,68.2,68.9,SAMN15464434,BGISEQ;ILLUMINA;OXFORD_NANOPORE,PRJNA565870;PRJNA644582,cultivar,PHR25,31.0,57.0,Cultivar,Maize.Group.PVP,PHR25,"B83 X 207 specifically B83/207)X242211111X.  Both B83 and 207 are proprietary lines of Pioneer Hi-Bred International, Inc.",CAN,4.0,False,79.3,call variants now
PI 601495,2,3,57.0,57.8,SAMN15464436,BGISEQ;ILLUMINA;OXFORD_NANOPORE,PRJNA565870;PRJNA644582,cultivar,PHK42,31.0,56.0,Cultivar,Maize.Group.PVP,PHK42,207 X (207 X 806) specifically  207<2806)C031344X .  Both 207 and 806 are Pioneer proprietary inbreds.,USA,4.0,False,79.3,call variants now
PI 601403,2,4,54.9,57.3,SAMN02822347,ILLUMINA,PRJNA251187;PRJNA565870,cultivar,LH156,31.0,51.0,Cultivar,Maize.Group.PVP,LH156,Va85 X Pa91,USA,4.0,False,79.3,call variants now
PI 601497,4,9,56.1,59.2,SAMN02821794,ILLUMINA;OXFORD_NANOPORE,PRJEB59044;PRJNA251176;PRJNA530187;PRJNA565870,cultivar,PHN11,31.0,58.0,Cultivar,Maize.Group.PVP,PHN11,207 X (207 X 806) specifically  207<2806)A72212X .  Both 207 and 806 are Pioneer proprietary inbreds.,USA,4.0,False,79.3,call variants now
PI 601496,3,3,24.9,30.999999999999996,SAMN05445940,ILLUMINA,PRJNA332955;PRJNA565870;PRJNA684330,cultivar,PHK76,31.0,33.0,Cultivar,Maize.Group.PVP,PHK76,AD18 X B02 specifically AD18/B02)X4424XX,USA,4.0,True,79.3,call variants now
PI 583350,1,3,64.4,64.4,SAMN02821799,ILLUMINA,PRJNA251172,sample_title,Zea mays Mo45,23.0,28.0,Breeding material,Maize.Set.Inbred.Diversity.282.Plus.NAM.Parents,Mo45,Race Negro de Tierra Caliente (collection GUA III from Guatemala) among about 600 collections crossed to a D2 1 tester,USA,5.0,False,78.8,call variants now
PI 601405,2,4,57.9,58.6,SAMN02822376,ILLUMINA,PRJNA251180;PRJNA565870,cultivar,LH85,30.0,31.0,Cultivar,Maize.Group.PVP,LH85,Pioneer 3978 hybrid,USA,4.0,True,78.5,call variants now
PI 601785,3,4,70.6,74.5,SAMN15464464,BGISEQ;ILLUMINA;OXFORD_NANOPORE,PRJNA565870;PRJNA644582;PRJNA684330,cultivar,PHP60,30.0,48.0,Cultivar,Maize.Group.PVP,PHP60,"AT2 X 805 specifically AT2/805)XX#A211211X.  AT2 and 805 are proprietary inbred lines of Pioneer Hi-Bred International, Inc.",USA,4.0,False,78.5,call variants now
PI 601569,2,3,69.9,71.10000000000001,SAMN15464455,BGISEQ;ILLUMINA;OXFORD_NANOPORE,PRJNA565870;PRJNA644582,cultivar,PHN47,30.0,57.0,Cultivar,Maize.Group.PVP,PHN47,207 X PHB60 specifically 207/PHB60 specifically 207/PHB60)X9211X,USA,4.0,False,78.5,call variants now
PI 601501,3,9,59.7,60.900000000000006,SAMN02822397,ILLUMINA;OXFORD_NANOPORE,PRJEB59044;PRJNA251134;PRJNA530187,cultivar,PHW65,30.0,58.0,Cultivar,Maize.Group.PVP,PHW65,"861 X 595 specifically 861/595)X8211131X .  Variety 595 was derived from pedigree selection from PHAN0 X 082. Variety PHAN0 was derived from Female Composite Open Pollinated. The open pollinated means that after the bridging crosses were made it was open pollinated. Variety 082 was derived from OH07 and an inbred derived from Midland Yellow Dent from Kansas.  Variety 595 has a relative genotypic contribution from 50% Female Composite, 25% Midland Yellow Dent, 12.5% Illinois Long Ear, and 12.5% Illinois Two Ear.",USA,4.0,True,78.5,call variants now
PI 601611,4,5,57.3,66.3,SAMN15464457,BGISEQ;ILLUMINA;OXFORD_NANOPORE,PRJNA1170466;PRJNA565870;PRJNA644582;PRJNA684330,cultivar,S8324,30.0,32.0,Cultivar,Maize.Group.PVP,S8324,"(CH593-9 X B73)S2 X B73 .  CH593-9 is a public line developed and released by the Agriculture Canada Harrow Station, originating from the cross 51E x CC5. B73 is a public inbred developed and released by Iowa State University, originating from Iowa Stiff Stalk Synthetic.",USA,4.0,False,78.5,call variants now
PI 601689,2,3,62.0,62.7,SAMN15464460,BGISEQ;ILLUMINA;OXFORD_NANOPORE,PRJNA565870;PRJNA644582,cultivar,WIL500,30.0,71.0,Cultivar,Maize.Group.PVP,WIL500,"82C25-567-3-3-1-1-1. Wilson proprietary exotic population 82C25 was formed by random mating Abati 2, Morgan Rendidor, Holandesa, Precoz Simon Colorado Manfredi from Argentina; 56 inbred lines with Helminthosporium turcicum resistance from the United States; Amarillo Bajio white segregates from Mexico; Cuba 11J and Cuba 16 from Cuba; Eto Blanco from Colombia; Antigua X Republica Dominica from the Caribbean; and native Nicaraguan unnamed varieties.",USA,4.0,False,78.5,call variants now
PI 543842,1,1,21.4,21.4,SAMN05446036,ILLUMINA,PRJNA332954,cultivar,PHK56,30.0,45.0,Cultivar,Maize.Group.PVP,PHK56,PHG47 X PHG35 specifically PHG47/PHG35)X9312X,USA,4.0,False,78.5,call variants now
PI 601726,2,3,61.8,63.0,SAMN15464461,BGISEQ;ILLUMINA;OXFORD_NANOPORE,PRJNA565870;PRJNA644582,cultivar,L127,30.0,32.0,Cultivar,Maize.Group.PVP,L 127,Pioneer 3901 hybrid X W117,FRA,4.0,False,78.5,call variants now
PI 601727,2,3,55.6,56.300000000000004,SAMN15464462,BGISEQ;ILLUMINA;OXFORD_NANOPORE,PRJNA565870;PRJNA644582,cultivar,L135,30.0,34.0,Cultivar,Maize.Group.PVP,L 135,Pioneer 3901 hybrid X W117,FRA,4.0,False,78.5,call variants now
PI 559949,4,5,59.3,71.4,SAMN15464449,BGISEQ;ILLUMINA;OXFORD_NANOPORE;PACBIO_SMRT,PRJEB59044;PRJNA530187;PRJNA565870;PRJNA644582,cultivar,PHT69,30.0,59.0,Cultivar,Maize.Group.PVP,PHT69,PHR73 X PHJ40 specifically PHR73/PHJ40)XA1K44K21K531X,USA,4.0,False,78.5,call variants now
PI 543845,1,1,19.7,19.7,SAMN05442948,ILLUMINA,PRJNA332960,cultivar,PHP38,30.0,118.0,Cultivar,Maize.Group.PVP,PHP38,G39 X PHK29 specifically G39/PHK29)XZ3K3K2X,USA,4.0,False,78.0,call variants now
PI 578037,1,1,20.0,20.0,SAMN05445941,ILLUMINA,PRJNA332956,cultivar,PHKM5,29.0,53.0,Cultivar,Maize.Group.PVP,PHKM5,PHK70 X PHG96 specifically PHK70/PHG96)X8214211314,USA,4.0,False,77.7,call variants now
PI 578031,1,1,23.4,23.4,SAMN05445938,ILLUMINA,PRJNA332951,cultivar,PHAA0,29.0,53.0,Cultivar,Maize.Group.PVP,PHAA0,PHW03 X PHJ40 specifically PHW03/PHJ40)X72242331,USA,4.0,False,77.7,call variants now
PI 564754,2,2,21.8,26.0,SAMN05446031,COMPLETE_GENOMICS;ILLUMINA,PRJNA1142968;PRJNA332939,cultivar,3IIH6,29.0,77.0,Cultivar,Maize.Group.PVP,3IIH6,Pioneer 3737 hybrid,USA,4.0,False,77.7,call variants now
PI 539930,2,2,35.0,36.8,SAMN15464445,ILLUMINA;OXFORD_NANOPORE,PRJNA565870;PRJNA644582,cultivar,RS710,29.0,32.0,Cultivar,Maize.Group.PVP,RS 710,1202 X 1250 .  1202 is PAG 1202 which was improved PAG 330 for stalk quality using WF9 as donor.  1250 is A641 which is ND203 X B14.,FRA,4.0,False,77.7,call variants now
PI 543841,1,1,21.4,21.4,SAMN05442976,ILLUMINA,PRJNA332953,cultivar,PHK46,29.0,44.0,Cultivar,Maize.Group.PVP,PHK46,PHG65 X PH207 specifically PHG65/PH207)x1212,USA,4.0,False,77.7,call variants now
PI 578215,1,1,22.2,22.2,SAMN05442977,ILLUMINA,PRJNA332950,cultivar,NP899,29.0,29.0,Cultivar,Maize.Group.PVP,NP899,Pioneer 3737 hybrid,USA,4.0,False,77.7,call variants now
PI 557563,1,1,19.7,19.7,SAMN05442978,ILLUMINA,PRJNA332945,cultivar,LH198,29.0,101.0,Cultivar,Maize.Group.PVP,LH198,LH132 X (LH132 X B84),USA,4.0,False,77.2,call variants now
PI 595561,3,29,86.3,95.99999999999999,SAMEA5313299,ILLUMINA;PACBIO_SMRT,;PRJEB31061;PRJNA1170466,cultivar,CML52,21.0,51.0,Breeding material,Maize.Set.Inbred.Diversity.282.Plus.NAM.Parents,CML 52,Population 79: Sta.Rosa 8079-22-2-2-##,MEX,5.0,False,77.1,call variants now
PI 154387,4,7,24.3,39.5,SAMEA117395509,ILLUMINA;PACBIO_SMRT,PRJEB66502;PRJNA609577,cultivar,K64,21.0,25.0,Breeding material,Maize.Set.Inbred.Diversity.282.Plus.NAM.Parents,K64,Pride of Saline,USA,5.0,False,77.1,call variants now
PI 555650,2,3,59.3,60.699999999999996,SAMN15464448,BGISEQ;ILLUMINA;OXFORD_NANOPORE,PRJNA565870;PRJNA644582,cultivar,LIBC4,28.0,45.0,Cultivar,Maize.Group.PVP,LIBC 4,((MBNS X (A selection from the hybrid 3901)) X (The same selection from Pioneer 3901 hybrid),USA,4.0,False,76.9,call variants now
PI 576169,1,1,19.4,19.4,SAMN05445935,ILLUMINA,PRJNA332943,cultivar,LH168,29.0,29.0,Cultivar,Maize.Group.PVP,LH168,LH82 X LH105,USA,4.0,False,76.8,call variants now
PI 587155,2,3,62.9,64.0,SAMN15464401,BGISEQ;ILLUMINA;OXFORD_NANOPORE,PRJNA565870;PRJNA644582,cultivar,W182bn,35.0,43.0,Breeding material,Maize.Group.Ames.Panel.2010,W182BN,(WD x W22) Outcross,USA,3.0,False,76.6,call variants now
PI 546481,2,2,19.2,24.7,SAMN05445515,COMPLETE_GENOMICS;ILLUMINA,PRJNA1142968;PRJNA332941,cultivar,FBLL,29.0,66.0,Cultivar,Maize.Group.PVP,FBLL,5B2C-A X PB80 .  5B2C-A derives from (B73''CM105).  PB80 derives from (B73''1067-1).,USA,4.0,False,76.5,call variants now
PI 631363,3,5,22.5,28.900000000000002,SAMN35169194,ILLUMINA,PRJNA1170466;PRJNA565870;PRJNA974168,cultivar,PH4CV,27.0,27.0,Cultivar,Maize.Group.PVP,PH4CV,PH7V0/PHBE2)X51221X,USA,4.0,False,76.0,call variants now
PI 601466,3,3,17.0,21.9,SAMN05446034,ILLUMINA,PRJNA332947;PRJNA565870;PRJNA684330,cultivar,LH59,31.0,49.0,Cultivar,Maize.Group.PVP,LH59,"(Mo17 X H99) X LH53 . LH53 is a proprietary line of Holdens and the pedigree is ""Mo17 HI"".
",USA,4.0,True,74.8,call variants now
PI 550443,2,2,31.2,34.7,SAMN12362187,ILLUMINA,PRJNA481365;PRJNA556665,cultivar,B49,30.0,55.0,Breeding material,Maize.Group.Ames.Panel.2010,B49,A277/41.2504B,USA,3.0,False,72.5,call variants now
PI 608774,2,3,96.8,124.5,SAMN22346333,ILLUMINA,PRJNA481365;PRJNA771871,cultivar,B75,14.0,19.0,Breeding material,Maize.Set.Inbred.Diversity.282.Plus.NAM.Parents,B75,B75 is a selection from Iowa Corn Borer Synthetic No. 3 [BSCB3 (PI 550450)].,USA,5.0,False,71.4,call variants now
PI 601683,3,4,60.5,67.30000000000001,SAMN15464459,BGISEQ;ILLUMINA;OXFORD_NANOPORE,PRJNA1170466;PRJNA565870;PRJNA644582,cultivar,CR14,21.0,24.0,Cultivar,Maize.Group.PVP,CR14,A synthetic composed of high yielding selections derived from the selfed hybrid (B73Ht X CM105) and the selfed hybrid (B73Ht X CQ187),USA,4.0,False,71.1,call variants now
NSL 30073,2,2,22.4,27.299999999999997,SAMN05445946,ILLUMINA,PRJNA332965;PRJNA684330,cultivar,W37A,28.0,30.0,Breeding material,Maize.Group.Ames.Panel.2010,W37A,See Hansey et.al. 2011,USA,3.0,True,70.9,call variants now
PI 608767,2,4,60.8,61.9,SAMN02822394,ILLUMINA,PRJNA251168;PRJNA565870,cultivar,B84,13.0,18.0,Breeding material,Maize.Set.Inbred.Diversity.282.Plus.NAM.Parents,B84,B84 is a selection from Iowa BSSS(HT)C7 [renamed BS13(S2)C0] that was tested as BS13(S2)CO-45-6-2-1-1.,USA,5.0,True,70.6,call variants now
PI 548803,2,4,50.9,72.3,SAMEA115703355,ILLUMINA;PACBIO_SMRT,PRJEB67812;PRJNA332961,cultivar,PHR03,20.0,20.0,Cultivar,Maize.Group.PVP,PHR03,PHT19 X PHG84 specifically PHT19/PHG84)X131331X,USA,4.0,False,70.3,call variants now
PI 601778,2,2,12.9,14.8,SAMN44075505,ILLUMINA,PRJNA1170466;PRJNA565870,cultivar,PHM10,31.0,35.0,Cultivar,Maize.Group.PVP,PHM10,G39 X 207 specifically G39/207)X53331X . Both G39 and 207 are proprietary inbreds of Pioneer.,USA,4.0,False,68.7,call variants now
PI 690595,1,1,6.0,6.0,SAMN44075697,ILLUMINA,PRJNA1170466,cultivar,CML220,31.0,62.0,Breeding material,Maize.Set.Inbred.Diversity.282.Plus.NAM.Parents,CML 220,[EV8730-SR(BC6)]-324-1-1-2-#-b,MEX,5.0,True,64.3,call variants (moderate depth)
PI 369438,5,6,58.4,73.5,SAMN15464465,BGISEQ;ILLUMINA;OXFORD_NANOPORE,PRJNA565870;PRJNA609577;PRJNA644582,cultivar,K10,20.0,22.0,Breeding material,Maize.Group.Ames.Panel.2010,K 10,,POL,3.0,True,64.3,call variants now
PI 693399,3,3,4.7,14.0,SAMN14255881,ILLUMINA,PRJNA609577,cultivar,R177,33.0,50.0,Breeding material,Maize.Set.Inbred.Diversity.282.Plus.NAM.Parents,R177,Snelling Corn Borer Synthetic,USA,5.0,False,64.0,low depth - impute or top-up
Ames 30557,1,3,55.6,55.6,SAMN02821783,ILLUMINA,PRJNA251179,sample_title,Zea mays W605S,27.0,51.0,Breeding material,Maize.Group.Ames.Panel.Post.2010,W605S,"AR17026:N1019, a GEM breeding cross.",USA,2.0,False,64.0,call variants now
PI 550461,1,1,2.9,2.9,SAMN31532312,ILLUMINA,PRJNA530187,cultivar,B14A,36.0,66.0,Breeding material,Maize.Set.Inbred.Diversity.282.Plus.NAM.Parents,B14A,(Cuzco/Early Dent)Selection//8*B14 ;Selected for rust resistance,USA,5.0,True,63.7,low depth - impute or top-up
PI 693401,3,3,5.0,15.0,SAMN14255903,ILLUMINA,PRJNA609577,cultivar,B10,32.0,97.0,Breeding material,Maize.Set.Inbred.Diversity.282.Plus.NAM.Parents,B10,Iowa Stiff Stalk Synthetic.,USA,5.0,False,63.6,call variants (moderate depth)
Ames 30556,1,3,55.3,55.3,SAMN02821612,ILLUMINA,PRJNA251178,sample_title,Zea mays W604S,26.0,57.0,Breeding material,Maize.Group.Ames.Panel.Post.2010,W604S,See Hansey et.al. 2011,USA,2.0,True,63.2,call variants now
PI 600955,2,2,6.4,7.5,SAMN44075498,ILLUMINA,PRJNA1170466;PRJNA565870,cultivar,LH51,36.0,69.0,Cultivar,Maize.Group.PVP,LH51,Mo17-H-1.  Mo17-H-1 (Mo17*5/Ht donor) designates Mo17 backcrossed five times to an Ht donor line.  Mo17-H-1 was still segregating when selfing began.  Mo17 is a public line developed at the University of Missouri.,USA,4.0,False,63.0,call variants (moderate depth)
PI 690597,1,1,6.6,6.6,SAMN44075676,ILLUMINA,PRJNA1170466,cultivar,CML258,28.0,85.0,Breeding material,Maize.Set.Inbred.Diversity.282.Plus.NAM.Parents,CML 258,"Population 21: P 21C5HC218-2-3-B-###-B-1-BBB-f .  Population 21 is also named Tuxpeno-1 and its components are Tuxpeno race collections Veracruz 48, Veracruz 143, Veracruz 174, Michoacan 137, Michoacan 166, V-520C, Colima Group 1-Mix.1, and 16 families from the tropical late white dent pool (Pool 24).",MEX,5.0,True,62.8,call variants (moderate depth)
PI 601786,2,2,9.0,10.6,SAMN44075492,ILLUMINA,PRJNA1170466;PRJNA565870,cultivar,PHR62,31.0,35.0,Cultivar,Maize.Group.PVP,PHR62,G50 X G35 specifically G50/G35)XQ2K11X,USA,4.0,False,62.8,call variants (moderate depth)
PI 690613,1,1,7.1,7.1,SAMN44075657,ILLUMINA,PRJNA1170466,cultivar,CML328,27.0,81.0,Breeding material,Maize.Set.Inbred.Diversity.282.Plus.NAM.Parents,CML 328,Recy Y.: 89[HTSG29-1/TEYFDMR]#-96-1-2-B*3,MEX,5.0,True,62.7,call variants (moderate depth)
PI 690589,1,1,5.8,5.8,SAMN44075662,ILLUMINA,PRJNA1170466,cultivar,CML157,28.0,83.0,Breeding material,Maize.Set.Inbred.Diversity.282.Plus.NAM.Parents,CML 157,Population 62: P 62C1HC24-5-3-2-1-B-2-1-1-B-#-BBBB-B,MEX,5.0,True,61.6,call variants (moderate depth)
PI 690594,1,1,6.2,6.2,SAMN44075645,ILLUMINA,PRJNA1170466,cultivar,CML218,27.0,57.0,Breeding material,Maize.Set.Inbred.Diversity.282.Plus.NAM.Parents,CML 218,[EV8730-SR(BC6)]-47-1-1-4-#-b,MEX,5.0,True,61.3,call variants (moderate depth)
PI 690584,1,1,6.0,6.0,SAMN44075646,ILLUMINA,PRJNA1170466,cultivar,CML91,27.0,56.0,Breeding material,Maize.Set.Inbred.Diversity.282.Plus.NAM.Parents,CML 91,"Population 42: P 42C4HC101-3-1-B-### .  Population 42 is also named ETO Illinois and its components are ETO and Illinois/US Corn Belt components. ETO was developed at Estacion Experimental Tulio Ospina, Medellin, Colombia. ETO originates from 11 ears that trace to crosses of Colombia 1 (Blanco Comun, Blanco de Urrao) and Venezuela 1 (Cuban Yellow flints) with recombined germplasm from Argentina, Brazil, Cuba, Mexico, Puerto Rico, USA and Venezuela. ETO blanco was derived from white kernel segregates from ETO amarillo. The Illinois component includes seven inbred lines with monogenic resistant to P. sorghi and 18 with monogenic resistant to E. turcicum.",MEX,5.0,True,61.0,call variants (moderate depth)
PI 690596,1,1,5.9,5.9,SAMN44075602,ILLUMINA,PRJNA1170466,cultivar,CML238,27.0,72.0,Breeding material,Maize.Set.Inbred.Diversity.282.Plus.NAM.Parents,CML 238,[LB(1)8232-SR(BC3)]-229-1-1-1-b,MEX,5.0,True,60.9,call variants (moderate depth)
PI 690575,1,1,5.1,5.1,SAMN44075741,ILLUMINA,PRJNA1170466,cultivar,CML10,27.0,58.0,Breeding material,Maize.Set.Inbred.Diversity.282.Plus.NAM.Parents,CML 10,"Pob21C5HC219-3-2-2-3-B-2-2-### .  Population 21 is also named Tuxpeno-1 and its components are Tuxpeno race collections Veracruz 48, Veracruz 143, Veracruz 174, Michoacan 137, Michoacan 166, V-520C, Colima Group 1-Mix.1, and 16 families from the tropical late white dent pool (Pool 24).",MEX,5.0,True,59.7,call variants (moderate depth)
PI 690586,1,1,4.9,4.9,SAMN44075598,ILLUMINA,PRJNA1170466,cultivar,CML108,27.0,57.0,Breeding material,Maize.Set.Inbred.Diversity.282.Plus.NAM.Parents,CML 108,"Population 44: P 44(STE)C1HC59-3-1-4-4-BB .  Population 44 is also named (AED) Tuxpeno and its compnents are AED and Tuxpe?o components.  AED (American Early Dent) was Boone County White from North-Carolina, before it was brought to Egypt in 1920.  The other component is an early cycle of short plant selections from Tuxpeno-1.",MEX,5.0,False,59.4,low depth - impute or top-up
PI 601576,3,3,6.5,13.6,SAMN44075582,ILLUMINA,PRJNA1170466;PRJNA565870;PRJNA684330,cultivar,PHW79,31.0,60.0,Cultivar,Maize.Group.PVP,PHW79,"PHT90 X PH595 specifically PHT90/PH595)X211XX .  Variety 595 was derived from pedigree selection from PHAN0 X 082. Variety PHAN0 was derived from Female Composite Open Pollinated. The open pollinated means that after the bridging crosses were made it was open pollinated. Variety 082 was derived from OH07 and an inbred derived from Midland Yellow Dent from Kansas.  Variety 595 has a relative genotypic contribution from 50% Female Composite, 25% Midland Yellow Dent, 12.5% Illinois Long Ear, and 12.5% Illinois Two Ear.",USA,4.0,False,59.1,call variants (moderate depth)
PI 537098,1,1,6.6,6.6,SAMN44603664,COMPLETE_GENOMICS,PRJNA1142968,cultivar,LH204,30.0,30.0,Cultivar,Maize.Group.PVP,LH204,"( CB59G X LH1 ) X B73 .  CB59G has the pedigree (((B14A X R168) X B59) X B59) and is a proprietary line of Cornelius Hybrid Seed Co. of Bellevue, Iowa.  B73 is a public line developed at Iowa State University.",USA,4.0,False,58.4,call variants (moderate depth)
PI 601573,3,3,6.0,7.3,SAMN44075440,COMPLETE_GENOMICS;ILLUMINA,PRJNA1142968;PRJNA1170466;PRJNA565870,cultivar,PHT10,31.0,83.0,Cultivar,Maize.Group.PVP,PHT10,B73 X G39 specifically B73/G39)X61113X,USA,4.0,False,58.3,call variants (moderate depth)
PI 559918,9,9,6.0,25.300000000000004,SAMN44075499,ILLUMINA,PRJNA1170466;PRJNA565870;PRJNA609577,cultivar,NQ508,31.0,34.0,Cultivar,Maize.Group.PVP,NQ508,Pioneer 3713 hybrid,USA,4.0,True,58.3,call variants (moderate depth)
PI 601745,2,2,5.9,7.0,SAMN17776954,ILLUMINA,PRJNA565870;PRJNA684330,cultivar,4N506,31.0,35.0,Cultivar,Maize.Group.PVP,4N506,B73 X Iowa Stiff Stalk Synthetic 2,USA,4.0,False,58.2,call variants (moderate depth)
PI 535902,2,2,12.6,20.4,SAMEA111396945,ILLUMINA,PRJEB56295;PRJNA1108025,sample_title,S25,26.0,36.0,Cultivar,Maize.Group.Ames.Panel.2010,S 25,Syn. 19403,POL,3.0,False,58.1,call variants now
PI 690395,1,1,1.7,1.7,SAMN17776902,ILLUMINA,PRJNA684330,cultivar,NC298,31.0,95.0,Breeding material,Maize.Set.Inbred.Diversity.282.Plus.NAM.Parents,NC298,Line from Agroceres 155 x line from (Pioneer X105A x H-5),USA,5.0,False,57.9,low depth - impute or top-up
PI 601572,2,2,5.5,6.4,SAMN44075427,ILLUMINA,PRJNA1170466;PRJNA565870,cultivar,PHR47,31.0,57.0,Cultivar,Maize.Group.PVP,PHR47,G39 X PHB49 specifically G39/PHB49)X3311X,USA,4.0,False,57.6,call variants (moderate depth)
PI 587132,1,1,2.0,2.0,SAMN12770945,ILLUMINA,PRJNA565870,cultivar,SG1533,30.0,41.0,Breeding material,Maize.Set.Inbred.Diversity.282.Plus.NAM.Parents,Sg 1533,Supergold Popcorn,USA,5.0,False,57.5,low depth - impute or top-up
PI 600772,1,1,2.1,2.1,SAMN17776936,ILLUMINA,PRJNA684330,cultivar,FR19,37.0,67.0,Cultivar,Maize.Group.PVP,FR19,A635 X W438,USA,4.0,True,57.4,low depth - impute or top-up
PI 601499,2,2,5.3,6.6,SAMN44075487,ILLUMINA,PRJNA1170466;PRJNA565870,cultivar,PHT77,31.0,58.0,Cultivar,Maize.Group.PVP,PHT77,"814 X 995 specifically 814/995)X8111XX.  The varieties C103, OS420, 38-11, OS426 contributed greatly to the genotype in the derivation of PH814.",USA,4.0,True,57.3,call variants (moderate depth)
PI 601779,2,2,5.5,6.3,SAMN44075816,ILLUMINA,PRJNA1170466;PRJNA565870,cultivar,PHM57,30.0,34.0,Cultivar,Maize.Group.PVP,PHM57,"B97 X 595 specifically B97/595)X21121XX.  B97 and 595 are proprietary inbreds of Pioneer Hi-Bred International, Inc.  Variety 595 was derived from pedigree selection from PHAN0 X 082. Variety PHANO was derived from Female Composite Open Pollinated. The open pollinated means that after the bridging crosses were made it was open pollinated. Variety 082 was derived from OH07 and an inbred derived from Midland Yellow Dent from Kansas.  Variety 595 has a relative genotypic contribution from 50% Female Composite, 25% Midland Yellow Dent, 12.5% Illinois Long Ear, and 12.5% Illinois Two Ear.",USA,4.0,False,56.7,call variants (moderate depth)
NSL 42874,4,4,11.1,25.6,SAMN09622439,ILLUMINA,PRJNA479960;PRJNA609577,cultivar,C14,27.0,30.0,Breeding material,Maize.Group.Ames.Panel.2010,C 14,,USA,3.0,False,56.7,call variants now
PI 595346,1,1,7.6,7.6,SAMN44603712,COMPLETE_GENOMICS,PRJNA1142968,cultivar,WQCD10,26.0,26.0,Cultivar,Maize.Group.PVP,WQCD10,2FACC X (Line derived from Pioneer 3527),USA,4.0,False,56.6,call variants (moderate depth)
PI 690614,1,1,7.9,7.9,SAMN44075739,ILLUMINA,PRJNA1170466,cultivar,CML331,18.0,47.0,Breeding material,Maize.Set.Inbred.Diversity.282.Plus.NAM.Parents,CML 331,Recy. W: 89[SUWAN8422]/[P47s3/Mp78:518]#-183-1-2-1-2-2-B-#-B-B,MEX,5.0,True,56.5,call variants (moderate depth)
PI 693381,1,1,2.4,2.4,SAMN51199772,ILLUMINA,PRJNA1321128,sample_alias,W401,28.0,45.0,Breeding material,Maize.Set.Inbred.Diversity.282.Plus.NAM.Parents,W401,(W33 x Wisconsin #25)W67C,USA,5.0,False,56.5,low depth - impute or top-up
PI 690316,1,23,117.5,117.5,SAMEA6236504,OXFORD_NANOPORE;PACBIO_SMRT,PRJEB35367,cultivar,B73 Ab10,25.0,26.0,Cultivar,,B73 Ab10, A line carrying the Ab10 haplotype linked to R1 was obtained from Marcus Rhoades and crossed to B73 6 times and self crossed 5 times (BC6F5) to create the B73-Ab10 inbred. The inbred also contains the C1 gene from the original parent. ,USA,1.0,False,56.4,call variants now
PI 636489,1,9,81.6,81.6,SAMN01047771,ILLUMINA,PRJNA168265,sample_title,KSS_30,25.0,39.0,Breeding material,,KSS_30,"This population was developed by 30 cycles of mass selection for small seed size from the open-pollinated varieity, Krug Yellow Dent.  This population reaches 50% silking in approximately 1550 heat units.",USA,1.0,False,56.4,call variants now
PI 154384,3,3,5.1,15.0,SAMN14255813,ILLUMINA,PRJNA609577,cultivar,K55,23.0,42.0,Cultivar,Maize.Set.Inbred.Diversity.282.Plus.NAM.Parents,K 55,Pride of Saline,USA,5.0,True,56.4,call variants (moderate depth)
PI 636488,1,11,48.3,48.3,SAMN01047770,ILLUMINA,PRJNA168265,sample_title,KLS_30,25.0,39.0,Breeding material,,KLS_30,"This population was developed by 30 cycles of mass selection for large seed size from the open-pollinated varieity, Krug Yellow Dent.  This population reaches 50% silk emergence in approximately 1475 heat units.",USA,1.0,False,56.4,call variants now
PI 550558,1,1,0.7,0.7,SAMN12770554,ILLUMINA,PRJNA565870,cultivar,DE811,31.0,36.0,Breeding material,Maize.Set.Inbred.Diversity.282.Plus.NAM.Parents,DE811,Developed from selfing and selection for 6 generations the cross B68 and an inbred derived from B37 Ht//(C103/Mp3204 double cross)selection.,USA,5.0,True,56.4,re-sequence
PI 559382,1,1,5.6,5.6,SAMN44075436,ILLUMINA,PRJNA1170466,cultivar,ICI740,29.0,55.0,Cultivar,Maize.Group.PVP,ICI 740,Pioneer 3377 hybrid X BEAD.  P3377 is a Pioneer proprietary hybrid.  BEAD is equivalent to Holden's proprietary line LH132.  Five plants of P3377 were pollinated with pollen from BEAD.,USA,4.0,False,56.1,call variants (moderate depth)
PI 601003,1,1,2.0,2.0,SAMN12770767,ILLUMINA,PRJNA565870,cultivar,LH143_CMS,35.0,102.0,Cultivar,Maize.Group.PVP,LH143 CMS,((A635Ht X A632Ht) X A632Ht) X (C-ST)(3).  The pedigree describes putting A635Ht cytoplasm into A632Ht and then doing three backcrosses to a unnamed source of C cytoplasm male sterility.,USA,4.0,False,55.6,low depth - impute or top-up
PI 607521,1,1,0.2,0.2,SAMN14649750,ILLUMINA,PRJNA627044,sample_title,A661,31.0,82.0,Breeding material,Maize.Set.Inbred.Diversity.282.Plus.NAM.Parents,A661,"Developed from AS-A, a population derived from 13 Corn Belt lines (A90, A498, A508, A509, A513, CMD5, MS1334, ND203, W33, W59M, W65, W79A, W103).",USA,5.0,False,55.6,re-sequence
PI 583870,1,1,7.4,7.4,SAMN44603672,COMPLETE_GENOMICS,PRJNA1142968,cultivar,ZS0510,25.0,25.0,Cultivar,Maize.Group.PVP,ZS0510,Q381 X LH145HT,USA,4.0,False,55.5,call variants (moderate depth)
PI 693338,3,3,4.9,14.5,SAMN14255806,ILLUMINA,PRJNA609577,cultivar,CI31A,22.0,30.0,Breeding material,Maize.Set.Inbred.Diversity.282.Plus.NAM.Parents,CI 31A,Midland Yellow Dent,USA,5.0,False,55.3,low depth - impute or top-up
PI 690636,1,4,21.7,21.7,SAMEA114248080,PACBIO_SMRT,PRJEB64865,sample_title,CML530,16.0,16.0,Breeding material,Maize.Group.Ames.Panel.Post.2010,CML 530,SA8-C3-FS114-5-2-5-4-3-2-3-B,MEX,2.0,False,55.1,call variants now
PI 593041,1,1,6.5,6.5,SAMN44603697,COMPLETE_GENOMICS,PRJNA1142968,cultivar,LH235,26.0,50.0,Cultivar,Maize.Group.PVP,LH235,LH194 X LH195,USA,4.0,False,55.0,call variants (moderate depth)
PI 593040,1,1,6.5,6.5,SAMN44603696,COMPLETE_GENOMICS,PRJNA1142968,cultivar,LH234,26.0,51.0,Cultivar,Maize.Group.PVP,LH234,LH192 X LH194,USA,4.0,False,55.0,call variants (moderate depth)
PI 601725,2,2,9.6,10.5,SAMN44075508,ILLUMINA,PRJNA1170466;PRJNA565870,cultivar,J8606,20.0,23.0,Cultivar,Maize.Group.PVP,J8606,P101 X C103G .  P101 is a Northrup King proprietary inbred and C103G is an inbred obtained from Callahan Seed Company. ,USA,4.0,False,54.7,call variants (moderate depth)
PI 600956,1,1,0.9,0.9,SAMN12770766,ILLUMINA,PRJNA565870,cultivar,MDF-13D,36.0,70.0,Cultivar,Maize.Group.PVP,MDF-13D,H4101 X 800M .  H4101 is the hybrid (Oh45 X C103).  800M is a composite is a Lancaster composite.,USA,4.0,False,54.7,re-sequence
PI 587150,1,1,1.2,1.2,SAMN12770841,ILLUMINA,PRJNA565870,cultivar,VA35,28.0,36.0,Breeding material,Maize.Set.Inbred.Diversity.282.Plus.NAM.Parents,Va35,(C103 x T8)T8,USA,5.0,False,54.7,low depth - impute or top-up
PI 690629,1,2,18.8,18.8,SAMEA117395508,PACBIO_SMRT,PRJEB66502,cultivar,CML442,25.0,53.0,Breeding material,,CML 442,(M37W/ZM607-#-B-F37SR-2-3SR-6-2-X)-8-2-X-1-B,MEX,1.0,True,54.6,call variants now
PI 601568,1,1,3.5,3.5,SAMN17776938,ILLUMINA,PRJNA684330,cultivar,PHM49,31.0,59.0,Cultivar,Maize.Group.PVP,PHM49,PHB81 X PHR33 specifically PHB81/PHR33)XM213X,USA,4.0,False,54.6,low depth - impute or top-up
PI 601150,1,1,1.2,1.2,SAMN12770709,ILLUMINA,PRJNA565870,cultivar,PHG71,35.0,51.0,Cultivar,Maize.Group.PVP,PHG71,"A632Ht X 207 specifically A632/207)X42112143.  A632Ht is a public line developed at the University of Minnesota.  207 is a proprietary line of Pioneer Hi-Bred International, Inc.",USA,4.0,True,54.4,low depth - impute or top-up
Ames 26815,1,1,10.6,10.6,SAMN09622453,ILLUMINA,PRJNA479960,sample_alias,C30,25.0,49.0,Breeding material,Maize.Group.Ames.Panel.2010,C30,P39 mutation (Crookham),USA,3.0,False,54.3,call variants now
PI 597331,1,1,6.0,6.0,SAMN44603709,COMPLETE_GENOMICS,PRJNA1142968,cultivar,PH09B,26.0,26.0,Cultivar,Maize.Group.PVP,PH09B,PHP38 X PHHB9 specifically PHP38/PHHB9)RX74122X,USA,4.0,False,54.2,call variants (moderate depth)
PI 601332,1,1,2.7,2.7,SAMN12770773,ILLUMINA,PRJNA565870,cultivar,SX-6-7,32.0,83.0,Cultivar,Maize.Group.PVP,SX-6-7,Synthetic C-D.  Synthetic C-D started as a mixture of tetraploid synthetics C and D in the C0 cycle.,USA,4.0,False,54.2,low depth - impute or top-up
PI 369439,1,1,5.4,5.4,SAMN41221311,ILLUMINA,PRJNA1108025,sample_title,S14,34.0,45.0,Breeding material,Maize.Group.Ames.Panel.2010,S 14,Open pollinated variety 'Wielkopolanka',POL,3.0,False,53.9,call variants (moderate depth)
PI 693329,1,1,0.1,0.1,SAMN14649724,ILLUMINA,PRJNA627044,sample_title,A635,29.0,31.0,Breeding material,Maize.Set.Inbred.Diversity.282.Plus.NAM.Parents,A635,[(ND203 X B14) B14(2)],USA,5.0,False,53.8,re-sequence
PI 690615,1,1,6.6,6.6,SAMN44075683,ILLUMINA,PRJNA1170466,cultivar,CML332,17.0,46.0,Breeding material,Maize.Set.Inbred.Diversity.282.Plus.NAM.Parents,CML 332,Recy. W: 89[SUWAN8422]/[P47s3/Mp78:518]#-183-1-7-3-1-2-B-#-B-B,MEX,5.0,False,53.8,call variants (moderate depth)
PI 369443,1,1,5.3,5.3,SAMN41221358,ILLUMINA,PRJNA1108025,sample_title,S61,34.0,68.0,Breeding material,Maize.Group.Ames.Panel.2010,S 61,Open pollinated variety 'Wigor',POL,3.0,False,53.7,call variants (moderate depth)
PI 535916,5,29,111.6,161.29999999999998,SAMN20821249,ILLUMINA;OXFORD_NANOPORE;PACBIO_SMRT,PRJNA1108025;PRJNA1170466;PRJNA565870;PRJNA644582;PRJNA755430,cultivar,S37,7.0,9.0,Cultivar,Maize.Group.Ames.Panel.2010,S 37,,POL,3.0,True,53.7,call variants now
PI 600755,1,1,0.6,0.6,SAMN12770815,ILLUMINA,PRJNA565870,cultivar,LP1_CMS_HT,35.0,78.0,Cultivar,Maize.Group.PVP,LP1 CMS HT,"Sterile plants of a population derived from (A632Ht) X (A635 CMS Ht) used as a female was backcrossed to a specific A632Ht selection (LP1 NR Ht) used as the male.  The (A635 CMS HT) male sterile component was constructed using the 689ms(WF9C X B14A) an accession in the Jack Becket collection of public male steriles as the female and Inbred 181, a private version of A635 converted to Helminthosporium tucicum resistance.",USA,4.0,False,53.5,re-sequence
PI 198895,1,1,7.8,7.8,SAMN17776930,ILLUMINA,PRJNA684330,cultivar,4F_285TX15,29.0,29.0,Breeding material,Maize.Group.Ames.Panel.2010,4F-285 TX 15,,ARG,3.0,False,53.4,call variants (moderate depth)
PI 590560,1,1,5.4,5.4,SAMN44603692,COMPLETE_GENOMICS,PRJNA1142968,cultivar,PHTV7,26.0,38.0,Cultivar,Maize.Group.PVP,PHTV7,PHW52 X PHV37 specifically PHW52/PHV37)X4223362422X,USA,4.0,False,53.3,call variants (moderate depth)
PI 594048,1,1,1.4,1.4,SAMN12770993,ILLUMINA,PRJNA565870,cultivar,B105,26.0,30.0,Cultivar,Maize.Set.Inbred.Diversity.282.Plus.NAM.Parents,B105,BSSS(R)C9-5-1-1-1-1-1-2-1-1-1,USA,5.0,True,53.3,low depth - impute or top-up
PI 559948,1,1,3.2,3.2,SAMN44603687,COMPLETE_GENOMICS,PRJNA1142968,cultivar,PHT47,30.0,68.0,Cultivar,Maize.Group.PVP,PHT47,"B47 X G39 specifically B47/G39)XB021261XX.  Both B47 and G39 are proprietary lines of Pioneer Hi-Bred International, Inc.",USA,4.0,False,53.3,low depth - impute or top-up
PI 601442,1,1,2.0,2.0,SAMN12770821,ILLUMINA,PRJNA565870,cultivar,PHG86,32.0,35.0,Cultivar,Maize.Group.PVP,PHG86,B64 X B73 specifically B64/B73)X31123X.  Both B64 and B73 are public inbred lines developed at Iowa State University.,USA,4.0,True,53.1,low depth - impute or top-up
PI 600954,1,1,0.9,0.9,SAMN12770765,ILLUMINA,PRJNA565870,cultivar,LH119,34.0,74.0,Cultivar,Maize.Group.PVP,LH119,(H93 X B73) X B73 .  H93 is a public line released by Purdue University.  B73 is a public line released by Iowa State University.,USA,4.0,False,53.1,re-sequence
PI 601439,3,3,3.1,6.1000000000000005,SAMN44603266,COMPLETE_GENOMICS;ILLUMINA,PRJNA1142968;PRJNA565870;PRJNA684330,cultivar,FBHJ,30.0,56.0,Cultivar,Maize.Group.PVP,FBHJ,(FBAB X B84) X B84 .  FBAB was derived from B14 X LH23.  B84 was derived from (BS13(S2)).,USA,4.0,False,53.1,low depth - impute or top-up
PI 595338,1,1,5.2,5.2,SAMN44603708,COMPLETE_GENOMICS,PRJNA1142968,cultivar,01DIB2,26.0,26.0,Cultivar,Maize.Group.PVP,01DIB2,2FACC**BMF1* .  BMF1 is descended from the public line Mo17.,USA,4.0,False,53.0,call variants (moderate depth)
PI 601787,2,2,2.4,4.4,SAMN12770805,ILLUMINA,PRJNA565870;PRJNA684330,cultivar,PHR63,31.0,34.0,Cultivar,Maize.Group.PVP,PHR63,"PHG29 X B89 specifically PHG29/B89)XA2122X.  PHG29 and B89 are proprietary inbred lines of Pioneer Hi-Bred International, Inc.",USA,4.0,False,52.9,low depth - impute or top-up
PI 601378,1,1,2.8,2.8,SAMN12770822,ILLUMINA,PRJNA565870,cultivar,LP5,30.0,57.0,Cultivar,Maize.Group.PVP,LP5,(Glamos X B73Ht) X B73Ht .  Glamos is a Yugoslavian open-pollinated variety.,FRA,4.0,True,52.7,low depth - impute or top-up
PI 601191,1,1,0.6,0.6,SAMN12770682,ILLUMINA,PRJNA565870,cultivar,DJ7,34.0,48.0,Cultivar,Maize.Group.PVP,DJ7,(B73 X BS16) backcrossed to B73 three times.  BS16 is an Iowa State University population called Iowa Early ETO Synthetic.,USA,4.0,False,52.7,re-sequence
PI 601317,1,1,1.5,1.5,SAMN12770665,ILLUMINA,PRJNA565870,cultivar,LH57,32.0,69.0,Cultivar,Maize.Group.PVP,LH57,"(Mo17 X H99) X LH53 . LH53 is a proprietary line of Holdens and the pedigree is ""Mo17 HI"".",USA,4.0,False,52.4,low depth - impute or top-up
PI 601208,1,1,0.4,0.4,SAMN12770771,ILLUMINA,PRJNA565870,cultivar,IB014,34.0,75.0,Cultivar,Maize.Group.PVP,IB014,Pioneer 3901 hybrid X H99,USA,4.0,False,52.4,re-sequence
PI 601790,1,1,2.0,2.0,SAMN12770714,ILLUMINA,PRJNA565870,cultivar,PHW03,31.0,34.0,Cultivar,Maize.Group.PVP,PHW03,801 X G48 specifically 801/G48)41221X,USA,4.0,False,52.3,low depth - impute or top-up
PI 601782,1,1,2.0,2.0,SAMN12770933,ILLUMINA,PRJNA565870,cultivar,PHN73,31.0,35.0,Cultivar,Maize.Group.PVP,PHN73,041 X G35 specifically 041/G35)XB0111X,USA,4.0,False,52.3,low depth - impute or top-up
PI 597314,1,1,4.7,4.7,SAMN44603656,COMPLETE_GENOMICS,PRJNA1142968,cultivar,PH0B4,26.0,26.0,Cultivar,Maize.Group.PVP,PH0B4,PHP38 X PHDH8 specifically PHP38/PHDH8)XA21522.  PHDH8 was derived by pedigree selection from the single cross hybrid G39 (PVP Certificate Number 8300115) X PHN65. PHN65 is a proprietary-inbred of Pioneer Hi-Bred Int. Inc.  PHN65 was derived by pedigree selection from a single cross hybrid.  Much of the pedigree percent contribution to PHN65 was from B73.,USA,4.0,False,52.3,low depth - impute or top-up
PI 591839,1,1,4.5,4.5,SAMN44603693,COMPLETE_GENOMICS,PRJNA1142968,cultivar,LH226Ht,26.0,26.0,Cultivar,Maize.Group.PVP,LH226Ht,"LH74 x CM105 .  LH74 is a proprietary line of Holdens Foundation Seeds, Inc.  CM105 has the pedigree V3 X B14(3) and is a public line developed by the Canadian Agricultural Research Station at Morden, Manitoba, Canada released in 1970.",USA,4.0,False,52.0,low depth - impute or top-up
PI 601789,1,1,1.7,1.7,SAMN12770807,ILLUMINA,PRJNA565870,cultivar,PHV37,31.0,35.0,Cultivar,Maize.Group.PVP,PHV37,G27 X G21 specifically G27/G21)XA6121X,USA,4.0,False,51.9,low depth - impute or top-up
PI 596786,1,1,3.7,3.7,SAMN44603662,COMPLETE_GENOMICS,PRJNA1142968,sample_title,90DJD28,27.0,27.0,Cultivar,Maize.Group.PVP,90DJD28,A line derived from Pioneer hybrid 3180 was crossed to FBLL.,USA,4.0,False,51.6,low depth - impute or top-up
PI 601774,1,1,1.5,1.5,SAMN12770549,ILLUMINA,PRJNA565870,cultivar,PHJ33,31.0,34.0,Cultivar,Maize.Group.PVP,PHJ33,"PHG83 X CE18 specifically PHG83/CE18)X22K5K3.  PHG83 and CE18 are proprietary inbreds of Pioneer Hi-Bred International, Inc.",USA,4.0,False,51.6,low depth - impute or top-up
PI 690590,1,1,5.1,5.1,SAMN44075668,ILLUMINA,PRJNA1170466,cultivar,CML158,17.0,46.0,Breeding material,Maize.Set.Inbred.Diversity.282.Plus.NAM.Parents,CML 158,Population 62: [EV8762-SR]-2-1-B-1-B-#-BBBB-B,MEX,5.0,False,51.5,call variants (moderate depth)
PI 601323,1,1,1.3,1.3,SAMN12770820,ILLUMINA,PRJNA565870,cultivar,SX-4-21,31.0,191.0,Cultivar,Maize.Group.PVP,SX-4-21,Synthetic B.  Synthetic B can be summarized as a random mated population mass selected for tetraploidy each cycle.  The C0 was constructed from: (Diploid females = ((25 lines x el/el donor) X (25 lines)S1)) X (Autotetraploid males = a mixture of Syn A + Randolph's Argentine flint + Syn A S1 progenies).,USA,4.0,False,51.3,low depth - impute or top-up
PI 601777,1,1,1.3,1.3,SAMN12770978,ILLUMINA,PRJNA565870,cultivar,PHK35,31.0,34.0,Cultivar,Maize.Group.PVP,PHK35,AC34 X G93H specifically AC34/G93H)X211111,USA,4.0,False,51.3,low depth - impute or top-up
Ames 28361,1,1,7.5,7.5,SAMN17776953,ILLUMINA,PRJNA684330,cultivar,Mo402,27.0,31.0,Breeding material,Maize.Group.Ames.Panel.2010,Mo402,,USA,3.0,False,51.3,call variants (moderate depth)
PI 601440,1,1,1.8,1.8,SAMN12770713,ILLUMINA,PRJNA565870,cultivar,MBPM,30.0,34.0,Cultivar,Maize.Group.PVP,MBPM,"Composite 400M-118.  Composite 400M is a broad based composite of agronomicaly adapted germplasm with a good level of stalk quality, grain quality, disease and insect resistance, and overall fitness. It consisted of 360 ear-to-row families.  Each year the composite was grown in isolation and advanced by  cyclic mass selection for intrapopulation improvement.  Developement of MBPM began in family 118 of Composite 400M.",USA,4.0,False,51.2,low depth - impute or top-up
PI 596776,1,1,4.5,4.5,SAMN44603710,COMPLETE_GENOMICS,PRJNA1142968,cultivar,01CSI6,25.0,25.0,Cultivar,Maize.Group.PVP,01CSI6,The inbred line 7855IS wwas crossed to a line derived from Pioneer hybrid 3779.,USA,4.0,False,51.2,low depth - impute or top-up
PI 601361,1,1,0.7,0.7,SAMN12770775,ILLUMINA,PRJNA565870,cultivar,PHR36,32.0,60.0,Cultivar,Maize.Group.PVP,PHR36,((((203 X 549) X 549) X 848) X 848) X 848 specifically in Pioneer's certificate  848<3 549<2 203)3X15111X .  The white Pioneer proprietary inbred 203 was crossed to the yellow Pioneer proprietary inbred 549 and then backcrossed to 549 with selection for white kernels.  This population was then crossed to Pioneer proprietary yellow inbred 848 and backcrossed twice to proprietary inbred 848 with selection for white kernels during backcrossing.  Seven generations of selfing with selection for white kernels followed.,USA,4.0,True,51.2,re-sequence
PI 601416,1,1,1.2,1.2,SAMN12770720,ILLUMINA,PRJNA565870,cultivar,LH61,31.0,35.0,Cultivar,Maize.Group.PVP,LH61,Mo17 X ((Mo17 X ASA) X Mo17),USA,4.0,False,51.1,low depth - impute or top-up
PI 601571,1,1,1.1,1.1,SAMN12770653,ILLUMINA,PRJNA565870,cultivar,PHR32,31.0,61.0,Cultivar,Maize.Group.PVP,PHR32,PHB82 X PHG61 specifically PHB82/PHG61)X1121X,USA,4.0,False,51.0,low depth - impute or top-up
PI 596555,1,1,3.7,3.7,SAMN44603691,COMPLETE_GENOMICS,PRJNA1142968,cultivar,LH228,26.0,26.0,Cultivar,Maize.Group.PVP,LH228,LH202 X LH206,USA,4.0,False,50.8,low depth - impute or top-up
PI 595618,1,1,3.2,3.2,SAMN44603326,COMPLETE_GENOMICS,PRJNA1142968,cultivar,ZS01459,27.0,27.0,Cultivar,Maize.Group.PVP,ZS01459,See PVP certificate.  The link is found under current status on this page or at the Plant Variety Office website.,USA,4.0,False,50.8,low depth - impute or top-up
PI 601457,1,1,0.9,0.9,SAMN12770777,ILLUMINA,PRJNA565870,cultivar,IB02,31.0,99.0,Cultivar,Maize.Group.PVP,IB02,(IBI X 7309B) X IBI .  The inbred IBI was developed by selfing Pioneer 3901 hybrid.  Inbred 7309B is a proprietary Oh43.,USA,4.0,False,50.7,re-sequence
PI 708174,1,2,30.4,30.4,SAMEA114622078,PACBIO_SMRT,PRJEB64865,cultivar,Tabloncillo,18.0,31.0,Landrace,,TABLONCILLO,,MEX,1.0,False,50.7,call variants now
PI 601773,1,1,1.5,1.5,SAMN12770727,ILLUMINA,PRJNA565870,cultivar,PHJ31,30.0,70.0,Cultivar,Maize.Group.PVP,PHJ31,"B97 X 595 specifically B97/595)X722XXX.  B97 and 595 are proprietary inbreds of Pioneer Hi-Bred International, Inc.  Variety 595 was derived from pedigree selection from PHAN0 X 082. Variety PHAN0 was derived from Female Composite Open Pollinated. The open pollinated means that after the bridging crosses were made it was open pollinated. Variety 082 was derived from OH07 and an inbred derived from Midland Yellow Dent from Kansas.  Variety 595 has a relative genotypic contribution from 50% Female Composite, 25% Midland Yellow Dent, 12.5% Illinois Long Ear, and 12.5% Illinois Two Ear.",USA,4.0,False,50.7,low depth - impute or top-up
PI 601230,1,1,1.4,1.4,SAMN12770977,ILLUMINA,PRJNA565870,cultivar,LH150,30.0,42.0,Cultivar,Maize.Group.PVP,LH150,Pioneer 3147 hybrid.,USA,4.0,False,50.6,low depth - impute or top-up
PI 590559,1,1,3.6,3.6,SAMN44603677,COMPLETE_GENOMICS,PRJNA1142968,cultivar,PHTP9,26.0,26.0,Cultivar,Maize.Group.PVP,PHTP9,PHK29 X PHJ40 specifically PHK29/PHJ40)X451212-1XX,USA,4.0,False,50.6,low depth - impute or top-up
PI 535917,1,1,6.4,6.4,SAMN41221348,ILLUMINA,PRJNA1108025,sample_title,S51,28.0,34.0,Cultivar,Maize.Group.Ames.Panel.2010,S 51,Open pollinated variety 'Wigor',POL,3.0,False,50.5,call variants (moderate depth)
PI 601612,1,1,0.8,0.8,SAMN12770840,ILLUMINA,PRJNA565870,cultivar,S8326,31.0,57.0,Cultivar,Maize.Group.PVP,S8326,"(Wl17 X Mo17)S2 X Mo17 .  W117 is a public line developed and released by the University of Wisconsin, originating from open pollinated Minnesota 13 x 643. Mo17 is a public line developed and released by the University of Missouri, originating from the cross 187-2 x CI03.",USA,4.0,False,50.5,re-sequence
PI 562381,1,1,1.9,1.9,SAMN44603675,COMPLETE_GENOMICS,PRJNA1142968,cultivar,LH224,29.0,54.0,Cultivar,Maize.Group.PVP,LH224,"CB59G X (LH74 X CB59G) .  LH74 is a proprietary line of Holden's Foundation Seeds, Inc.  CB59G has the pedigree (((B14A X R168) X B59) X B59) and is a proprietary line of Cornelius Hybrid Seed Co. of Bellevue, Iowa.",USA,4.0,False,50.5,low depth - impute or top-up
PI 601685,1,1,0.8,0.8,SAMN12770792,ILLUMINA,PRJNA565870,cultivar,WIL901,31.0,34.0,Cultivar,Maize.Group.PVP,WIL901,82C232-919-1-1-1-1 .  Wilson proprietary exotic population 83C232 was formed by intermating the public line Mo17 and selections from the race Tuxpeno.,USA,4.0,False,50.5,re-sequence
PI 535914,2,2,5.6,6.8,SAMN41221319,ILLUMINA,PRJNA1108025;PRJNA565870,cultivar,S22,29.0,33.0,Breeding material,Maize.Group.Ames.Panel.2010,S 22,,POL,3.0,True,50.1,call variants (moderate depth)
PI 601780,1,1,0.5,0.5,SAMN12770693,ILLUMINA,PRJNA565870,cultivar,PHN29,31.0,34.0,Cultivar,Maize.Group.PVP,PHN29,G69 X G40 specifically G69/G40)XA6211,USA,4.0,False,50.1,re-sequence
PI 565106,1,1,1.1,1.1,SAMN44603668,COMPLETE_GENOMICS,PRJNA1142968,cultivar,PHJR5,30.0,55.0,Cultivar,Maize.Group.PVP,PHJR5,PHR73 X PHT10 specifically PHR73/PHT10)X74K122K46,USA,4.0,False,50.1,low depth - impute or top-up
PI 535927,1,1,5.6,5.6,SAMN41221422,ILLUMINA,PRJNA1108025,sample_title,S125,29.0,34.0,Cultivar,Maize.Group.Ames.Panel.2010,S 125,,POL,3.0,False,50.1,call variants (moderate depth)
PI 590562,1,1,3.2,3.2,SAMN44603686,COMPLETE_GENOMICS,PRJNA1142968,cultivar,PHVJ5,26.0,26.0,Cultivar,Maize.Group.PVP,PHVJ5,PHV56 X PHJ40 specifically PHV56/PHJ40)XQ51K11K41K1X,USA,4.0,False,50.0,low depth - impute or top-up
PI 601728,1,1,0.9,0.9,SAMN12770800,ILLUMINA,PRJNA565870,cultivar,L139,30.0,34.0,Cultivar,Maize.Group.PVP,L 139,Pioneer 3901 hybrid X Pioneer 3780 hybrid.,FRA,4.0,False,49.8,re-sequence
PI 587126,2,2,8.6,10.4,SAMN09622438,ILLUMINA,PRJNA479960;PRJNA565870,cultivar,C13,23.0,29.0,Breeding material,Maize.Group.Ames.Panel.2010,C13,,USA,3.0,False,49.7,call variants (moderate depth)
PI 601729,2,2,6.2,7.2,SAMN44075454,ILLUMINA,PRJNA1170466;PRJNA565870,cultivar,W8555,20.0,23.0,Cultivar,Maize.Group.PVP,W8555,"B73Ht/B84 .  Both parents are public inbreds originating from the Iowa Agricultural Experiment Station, Ames, Iowa. ",USA,4.0,False,49.6,call variants (moderate depth)
PI 601791,1,1,0.1,0.1,SAMN12770809,ILLUMINA,PRJNA565870,cultivar,PHW20,31.0,59.0,Cultivar,Maize.Group.PVP,PHW20,"1D11 X 1M12 selfed once and then crossed to B76.  Specifically 1D11 * 1M12 -X-1 B76)X1311 .  Developed by selfing once the cross 1D11 X 1M12, two Pioneer proprietary inbreds and then crossing to B76 then selfing for five generations.",USA,4.0,False,49.5,re-sequence
PI 594030,1,1,2.8,2.8,SAMN44603324,COMPLETE_GENOMICS,PRJNA1142968,cultivar,PH37C,26.0,26.0,Cultivar,Maize.Group.PVP,PH37C,See PVP certificate.  The link is found under current status on this page or at the Plant Variety Office website.,USA,4.0,False,49.4,low depth - impute or top-up
Ames 23510,1,1,5.6,5.6,SAMN41221340,ILLUMINA,PRJNA1108025,sample_title,S43,28.0,43.0,Breeding material,Maize.Group.Ames.Panel.2010,S43,,USA,3.0,False,49.3,call variants (moderate depth)
PI 605733,1,1,7.6,7.6,SAMN44603711,COMPLETE_GENOMICS,PRJNA1142968,cultivar,PH1W2,17.0,17.0,Cultivar,Maize.Group.PVP,PH1W2,PHBM0 X PHBW8 specifically PHBM0/PHBW8)X71W14W3X.  PHBM0 was derived by pedigree selection from the F2 population of the single cross PHN37 X PHV75.  PHV75 was derived by pedigree selection from the F2 population of the single cross PHG80 X PHG39.,USA,4.0,False,49.3,call variants (moderate depth)
Ames 23427,3,3,5.0,14.5,SAMN14255818,ILLUMINA,PRJNA609577,cultivar,A374,29.0,46.0,Breeding material,Maize.Group.Ames.Panel.2010,A374,Reid Yellow Dent (selected from Holbert a line self ~S8),USA,3.0,True,49.2,call variants (moderate depth)
Ames 24705,1,1,4.8,4.8,SAMN17776976,ILLUMINA,PRJNA684330,cultivar,MS4,29.0,32.0,Breeding material,Maize.Group.Ames.Panel.2010,MS4,Pickett OP,USA,3.0,False,48.9,low depth - impute or top-up
PI 606336,1,1,7.3,7.3,SAMN44603665,COMPLETE_GENOMICS,PRJNA1142968,cultivar,PH0GP,17.0,17.0,Cultivar,Maize.Group.PVP,PH0GP,012 X PHP38 specifically 012/PHP38)X51K23K3X.  Variety 012 was derived from the F2 population of the single cross F2 X 480 by the pedigree selection breeding method. Variety F2 is an inbred line developed in France.  Variety 480 was derived from backcrossing and pedigree selection from HAT04<2(011).  Variety 011 was derived from the F2 population of the single cross 336*HAF. Variety 336 was derived from the F2 population of OS420 X OS426. Variety HAF was derived by pedigree selection from the population Alberta Flint.,USA,4.0,False,48.8,call variants (moderate depth)
NSL 28965,3,3,5.1,15.1,SAMN14255865,ILLUMINA,PRJNA609577,cultivar,OH33,28.0,32.0,Breeding material,Maize.Group.Ames.Panel.2010,Oh33,See Hansey et.al. 2011,USA,3.0,True,48.5,call variants (moderate depth)
PI 638550,1,1,4.0,4.0,SAMN17776925,ILLUMINA,PRJNA684330,cultivar,N552,30.0,33.0,Breeding material,Maize.Group.Ames.Panel.2010,N552,NS[S1]_08)-2182-4-3-3-1-1-1,USA,3.0,False,48.5,low depth - impute or top-up
PI 535924,1,1,5.1,5.1,SAMN41221394,ILLUMINA,PRJNA1108025,sample_title,S97,28.0,32.0,Cultivar,Maize.Group.Ames.Panel.2010,S 97,,POL,3.0,False,48.5,call variants (moderate depth)
PI 596505,1,1,3.3,3.3,SAMN17777000,ILLUMINA,PRJNA684330,cultivar,OC18,31.0,44.0,Breeding material,Maize.Group.Ames.Panel.2010,OC18,"Half-sib pollinations within a full-sib/S6 line derived from Pawnee x Tamaroa Flint received from Gail E. Wagner, Kettering, OH in 1982.",USA,3.0,False,48.3,low depth - impute or top-up
PI 599325,1,1,1.5,1.5,SAMN44603660,COMPLETE_GENOMICS,PRJNA1142968,cultivar,LH292,27.0,27.0,Cultivar,Maize.Group.PVP,LH292,( LH85 x LH61 ) X LH82.,USA,4.0,False,48.3,low depth - impute or top-up
PI 520772,1,1,4.3,4.3,SAMN51199927,ILLUMINA,PRJNA1321128,sample_alias,W572,29.0,45.0,Breeding material,Maize.Group.Ames.Panel.2010,W572,"B46/A635, 5s",USA,3.0,False,48.1,low depth - impute or top-up
PI 595552,1,1,9.2,9.2,SAMN44075610,ILLUMINA,PRJNA1170466,cultivar,CML20,20.0,35.0,Breeding material,Maize.Group.Ames.Panel.2010,CML 20,Population 24: P 24 C5FS34-2-3-B-### .  Population 24 is also named Antigua-Veracruz 181 and its components are Tuxpeno race collections Veracruz 181 and Antigua Group-2 (Antigua collections 1D to 8D).,MEX,3.0,True,48.1,call variants (moderate depth)
PI 690618,1,1,3.0,3.0,SAMN00839368,ILLUMINA,,sample_alias,CML341,16.0,32.0,Breeding material,Maize.Set.Inbred.Diversity.282.Plus.NAM.Parents,CML 341,Population 43: LP SEQC3-H1-2-2-2-1-1-#-#-B-B .  Population 43 is also named La Posta and its components is a Tuxpeno synthetic composed of 16 inbred lines.,MEX,5.0,True,47.6,low depth - impute or top-up
PI 606334,1,1,6.5,6.5,SAMN44603663,COMPLETE_GENOMICS,PRJNA1142968,cultivar,PH1GC,17.0,17.0,Cultivar,Maize.Group.PVP,PH1GC,PHJ90 X PHFR8 specifically PHJ90/PHFR8)XB83W2X.  Variety PHFR8 was derived by pedigree selection from the F2 population of the single cross PHH93 X PHR25.,USA,4.0,False,47.6,call variants (moderate depth)
PI 592775,1,1,1.6,1.6,SAMN44603325,COMPLETE_GENOMICS,PRJNA1142968,cultivar,PH63A,26.0,26.0,Cultivar,Maize.Group.PVP,PH63A,See PVP certificate.  The link is found under current status on this page or at the Plant Variety Office website.,USA,4.0,False,47.6,low depth - impute or top-up
Ames 23428,4,4,4.9,14.6,SAMN14255821,ILLUMINA,PRJNA609577;PRJNA627044,cultivar,A375,27.0,58.0,Breeding material,Maize.Group.Ames.Panel.2010,A375,Reid Yellow Dent (selected from Holbert a line self ~S8),USA,3.0,True,47.4,low depth - impute or top-up
PI 592773,1,1,1.4,1.4,SAMN44603654,COMPLETE_GENOMICS,PRJNA1142968,cultivar,PH44A,26.0,26.0,Cultivar,Maize.Group.PVP,PH44A,See PVP certificate.  The link is found under current status on this page or at the Plant Variety Office website.,USA,4.0,False,47.3,low depth - impute or top-up
PI 520771,1,1,3.1,3.1,SAMN51199925,ILLUMINA,PRJNA1321128,sample_alias,W570,30.0,46.0,Breeding material,Maize.Group.Ames.Panel.2010,W570,"B46/A635, 5s",USA,3.0,False,47.1,low depth - impute or top-up
PI 590554,1,1,1.7,1.7,SAMN44603685,COMPLETE_GENOMICS,PRJNA1142968,cultivar,PHNJ2,25.0,25.0,Cultivar,Maize.Group.PVP,PHNJ2,PHG80 X PHR47 specifically PHG80/PHR47)XC71122K11X,USA,4.0,False,47.0,low depth - impute or top-up
PI 641063,1,1,10.4,10.4,SAMN17776988,ILLUMINA,PRJNA684330,cultivar,TZEI3,16.0,18.0,Breeding material,Maize.Group.Ames.Panel.2010,TZEI 3,TZE-W Pop x 1368 STR S6 INB 4,NGA,3.0,False,46.7,call variants now
PI 595533,2,2,7.7,9.9,SAMN44075669,ILLUMINA,PRJNA1170466;PRJNA684330,cultivar,CML36,21.0,35.0,Breeding material,Maize.Group.Ames.Panel.2010,CML 36,Population 32: P 32C4HC20-3-4-B-#-B or written in a different way: Pop.32C4 FS20-3-4-B-#-B-###,MEX,3.0,False,46.7,call variants (moderate depth)
PI 595366,1,1,2.8,2.8,SAMN17776915,ILLUMINA,PRJNA684330,cultivar,N209,30.0,34.0,Breeding material,Maize.Group.Ames.Panel.2010,N209,Developed by self pollination directly from NSS1(6). NSS1(6) is first replication of Nebraska Stiff Stalk Synthetic which had undergone six cycles of per se selection when selfing was initiated.,USA,3.0,False,46.7,low depth - impute or top-up
PI 708163,2,6,71.4,77.0,SAMEA114248081,ILLUMINA;PACBIO_SMRT,PRJEB64865;PRJNA239372,sample_title,Palomero Toluqueno,13.0,15.0,Landrace,,PALOMERO TOLUQUENO,,MEX,1.0,False,46.6,call variants now
PI 520773,1,1,4.2,4.2,SAMN51199930,ILLUMINA,PRJNA1321128,sample_alias,W576,27.0,28.0,Breeding material,Maize.Group.Ames.Panel.2010,W576,Sel. from Mo17 composite population,USA,3.0,False,46.3,low depth - impute or top-up
PI 685783,1,1,2.5,2.5,SAMN31504486,ILLUMINA,PRJNA894503,cultivar,GEMS_0022,30.0,30.0,Cultivar,Maize.GEM.Group1.All-GEM-Releases,GEMS-0022,2152-03_DK888_S11_F2S4_9205-Blk24/00,USA,3.0,False,46.2,low depth - impute or top-up
PI 597327,1,1,5.5,5.5,SAMN44603703,COMPLETE_GENOMICS,PRJNA1142968,cultivar,PH07D,17.0,17.0,Cultivar,Maize.Group.PVP,PH07D,PHMK0 X PHR61 specifically PHMK0/PHR61)XA01K2X.,USA,4.0,False,46.1,call variants (moderate depth)
PI 587138,5,5,3.1,13.2,SAMN14255643,ILLUMINA,PRJNA565870;PRJNA609577,cultivar,A554,14.0,19.0,Breeding material,Maize.Set.Inbred.Diversity.282.Plus.NAM.Parents,A554,[(WD X Wf9) WD(2)],USA,5.0,True,46.1,low depth - impute or top-up
PI 597326,1,1,5.4,5.4,SAMN44603655,COMPLETE_GENOMICS,PRJNA1142968,cultivar,PH06N,17.0,17.0,Cultivar,Maize.Group.PVP,PH06N,PHP02 X PHJ90 specifically PHP02/PHJ90)X54142.,USA,4.0,False,46.0,call variants (moderate depth)
PI 597309,1,1,5.4,5.4,SAMN44603671,COMPLETE_GENOMICS,PRJNA1142968,cultivar,PHDG1,17.0,17.0,Cultivar,Maize.Group.PVP,PHDG1,G50 X PHP02 specifically G50/PHP02)X3K132311.,USA,4.0,False,46.0,call variants (moderate depth)
PI 595559,1,1,2.9,2.9,SAMN17776948,ILLUMINA,PRJNA684330,cultivar,CML33,29.0,60.0,Breeding material,Maize.Group.Ames.Panel.2010,CML 33,"Population 28: P 28 TSR (S2 bulk)-21-3-1-3-1-#### .  Population 28 is also named Amarillo Dentado and its components are Tuxpe?o, Caribbean, Brazilian germplasm, ETO amarillo, and 9 families from the tropical late yellow dent pool (Pool 26).",MEX,3.0,False,46.0,low depth - impute or top-up
PI 639047,1,1,2.3,2.3,SAMN31504482,ILLUMINA,PRJNA894503,cultivar,GEMS_0018,30.0,30.0,Cultivar,Maize.GEM.Group1.All-GEM-Releases,GEMS-0018,(DK888 x S11)-1-1-1-1,USA,3.0,False,45.9,low depth - impute or top-up
PI 642766,1,1,2.3,2.3,SAMN31504485,ILLUMINA,PRJNA894503,cultivar,GEMS_0025,30.0,30.0,Cultivar,Maize.GEM.Group1.All-GEM-Releases,GEMS-0025,2226-02_XL370A_S11_F2S4_9211-Blk25/00,USA,3.0,False,45.9,low depth - impute or top-up
PI 639054,1,1,2.2,2.2,SAMN31504484,ILLUMINA,PRJNA894503,cultivar,GEMS_0029,30.0,30.0,Cultivar,Maize.GEM.Group1.All-GEM-Releases,GEMS-0029,(DKXL370A x S11)-1-1,USA,3.0,False,45.8,low depth - impute or top-up
PI 693342,1,1,0.1,0.1,SAMN14649328,ILLUMINA,PRJNA627044,sample_title,A239,19.0,22.0,Breeding material,Maize.Set.Inbred.Diversity.282.Plus.NAM.Parents,A239,A73 X A347,USA,5.0,False,45.7,re-sequence
PI 702901,1,1,3.2,3.2,SAMN17776980,ILLUMINA,PRJNA684330,cultivar,AusTRCF306343,28.0,30.0,Breeding material,Maize.Group.Ames.Panel.2010,AusTRCF 306343,{A619bm3 x Gn33}-2-1-1-1-1,AUS,3.0,False,45.7,low depth - impute or top-up
PI 595558,2,2,8.1,12.7,SAMN44075627,ILLUMINA,PRJNA1170466;PRJNA684330,cultivar,CML32,19.0,34.0,Breeding material,Maize.Group.Ames.Panel.2010,CML 32,"Population 28: P 28 TSR (S2 bulk)-11-2-4-B-1-## .  Population 28 is also named Amarillo Dentado and its components are Tuxpe?o, Caribbean, Brazilian germplasm, ETO amarillo, and 9 families from the tropical late yellow dent pool (Pool 26).",MEX,3.0,True,45.7,call variants (moderate depth)
PI 595554,1,1,7.5,7.5,SAMN44075656,ILLUMINA,PRJNA1170466,cultivar,CML27,20.0,36.0,Breeding material,Maize.Group.Ames.Panel.2010,CML 27,"Population 27: P 27 C5FS1-1-3-B-### .  Population 27 is also named Amarillo Cristalino-1 and its components are Tuxpeno, Cuba flints, ETO amarillo, and 15 families from the tropical late yellow flint pool (Pool 25).",MEX,3.0,False,45.6,call variants (moderate depth)
PI 602589,1,1,5.0,5.0,SAMN44603673,COMPLETE_GENOMICS,PRJNA1142968,cultivar,LH273,17.0,17.0,Cultivar,Maize.Group.PVP,LH273,LH59 x LH181.,USA,4.0,False,45.4,call variants (moderate depth)
PI 595845,1,1,0.1,0.1,SAMN44603698,COMPLETE_GENOMICS,PRJNA1142968,cultivar,LH236,26.0,27.0,Cultivar,Maize.Group.PVP,LH236,LH194 x LH195,USA,4.0,False,45.4,re-sequence
PI 594028,1,1,0.1,0.1,SAMN44603690,COMPLETE_GENOMICS,PRJNA1142968,cultivar,PH42B,26.0,26.0,Cultivar,Maize.Group.PVP,PH42B,"PHV23 X PHT11 specifically PHV23/PHT11)X51K12K2X .  The lines used in the development of PHV23 were proprietary lines PHG47 and PHDF2.  PHDF2 was derived from B73 and Pioneer proprietary inbred PH555.  PH555 parentage is 50% B37 and the other 50% contributed by B14, SWID, I205, L289-AS, OS420, and OS426.",USA,4.0,False,45.4,re-sequence
PI 587135,1,1,1.5,1.5,SAMN12770327,ILLUMINA,PRJNA565870,cultivar,IA5125,16.0,21.0,Breeding material,Maize.Set.Inbred.Diversity.282.Plus.NAM.Parents,Ia5125,[(IP39 X Tendermost) X IP39],USA,5.0,False,45.3,low depth - impute or top-up
PI 597342,1,1,4.9,4.9,SAMN44603680,COMPLETE_GENOMICS,PRJNA1142968,cultivar,PH79A,17.0,17.0,Cultivar,Maize.Group.PVP,PH79A,PHK35 X PHBW8 specifically PHK35/PHBW8)X31K36K1.,USA,4.0,False,45.2,low depth - impute or top-up
Ames 22022,1,1,8.3,8.3,SAMN09622462,ILLUMINA,PRJNA479960,sample_alias,C40,18.0,21.0,Cultivar,Maize.Group.Ames.Panel.2010,C40,957-3 X P51 (2),USA,3.0,False,45.1,call variants (moderate depth)
PI 595563,1,1,8.2,8.2,SAMN17776994,ILLUMINA,PRJNA684330,cultivar,CML283,18.0,46.0,Breeding material,Maize.Group.Ames.Panel.2010,CML 283,"Pool 22: (Pool 22 x Pop.26)-2-2-2-1-BB-#### .  Pool 22 is also named Tropical intermediate yellow dent (TIYD) and its components are materials from Mexico, Cuba, the Dominican Republic, Antigua, Brazil, Peru, India, Colombia, Puerto Rico Argentina, and Central America.",MEX,3.0,False,45.0,call variants (moderate depth)
PI 602588,1,1,4.7,4.7,SAMN44603689,COMPLETE_GENOMICS,PRJNA1142968,cultivar,LH264,17.0,17.0,Cultivar,Maize.Group.PVP,LH264,LH211 x LH213.,USA,4.0,False,44.9,low depth - impute or top-up
PI 634213,1,1,2.6,2.6,SAMN17776966,ILLUMINA,PRJNA684330,cultivar,B119,28.0,30.0,Breeding material,Maize.Group.Ames.Panel.2010,B119,BS13(S)C7-0008-1-1-1-1-1-1,USA,3.0,False,44.8,low depth - impute or top-up
PI 690627,4,4,9.6,32.199999999999996,SAMN41826405,ILLUMINA,PRJNA1116581;PRJNA1123779;PRJNA1196311;PRJNA684330,cultivar,CML395,15.0,26.0,Breeding material,Maize.Group.Ames.Panel.2010,CML 395,90323(B)-1-B-1-B*4,MEX,3.0,True,44.6,call variants (moderate depth)
PI 550455,1,1,1.9,1.9,SAMN12771055,ILLUMINA,PRJNA565870,cultivar,B67,29.0,48.0,Breeding material,Maize.Group.Ames.Panel.2010,B67,Selected from Iowa Stiff Stalk Synthetic using the doubled monoploid method.,USA,3.0,False,44.5,low depth - impute or top-up
PI 641266,1,1,8.9,8.9,SAMN17776963,ILLUMINA,PRJNA684330,cultivar,TZEEI21,16.0,30.0,Breeding material,Maize.Group.Ames.Panel.2010,TZEEI 21,TZEE-W Pop STR C0 S6 INB 35 2-3,NGA,3.0,False,44.4,call variants (moderate depth)
PI 690611,1,1,9.3,9.3,SAMN44075671,ILLUMINA,PRJNA1170466,cultivar,CML325,15.0,16.0,Breeding material,Maize.Group.Ames.Panel.2010,CML 325,P45-C6-F28-1-2-B,MEX,3.0,True,44.2,call variants (moderate depth)
PI 698955,1,1,2.1,2.1,SAMN17776898,ILLUMINA,PRJNA684330,cultivar,H19,28.0,55.0,Breeding material,Maize.Group.Ames.Panel.2010,H19,,USA,3.0,False,44.0,low depth - impute or top-up
PI 550465,1,1,0.6,0.6,SAMN12770593,ILLUMINA,PRJNA565870,cultivar,B68,16.0,20.0,Breeding material,Maize.Set.Inbred.Diversity.282.Plus.NAM.Parents,B68,41.2504B/3*B14,USA,5.0,False,44.0,re-sequence
PI 597328,1,1,4.1,4.1,SAMN44603657,COMPLETE_GENOMICS,PRJNA1142968,cultivar,PH08A,17.0,17.0,Cultivar,Maize.Group.PVP,PH08A,"PHR41 X PHN82 specifically PHR41/PHN82)X512221X.  PHR41 was derived by pedigree selection from 949 X PHG47 (PVP Certificate No. 8600131 ).  Variety 949 is a non stiff stalk proprietary inbred of Pioneer Hi-Bred Int. Inc. that was developed in Tipton, Indiana in 1976.  Variety 949 was derived from a 3-way cross hybrid which traces back in breeding history such that 949 has a relative genotype composition of approximately 12% A21, 12% OH43, 37% C103, 11% derived from an SRS<br>population = Stiff Roots and Stalks derived from Krug population, 25% Female Composite (Derived from female composite open pollinated. The open pollinated means that after the bridging crosses were made it was open pollinated. It was composed of Pioneer inbreds that were good females), and less than 1% Ladyfinger Pop synthetic.",USA,4.0,False,44.0,low depth - impute or top-up
PI 690626,2,2,9.1,18.2,SAMN41826404,ILLUMINA,PRJNA1116581;PRJNA1123779,isolate,CML384,15.0,29.0,Breeding material,Maize.Group.Ames.Panel.2010,CML 384,P502-C1-771-2-2-1-3-B,MEX,3.0,True,43.9,call variants (moderate depth)
PI 597325,1,1,4.0,4.0,SAMN44603681,COMPLETE_GENOMICS,PRJNA1142968,cultivar,PH05W,17.0,17.0,Cultivar,Maize.Group.PVP,PH05W,PHPR5 X PHHB9 specifically PHPR5/PHHB9)X642W33W1.,USA,4.0,False,43.9,low depth - impute or top-up
Ames 22441,1,1,7.5,7.5,SAMN17776931,ILLUMINA,PRJNA684330,cultivar,CH157,18.0,20.0,Breeding material,Maize.Group.Ames.Panel.2010,CH157,Undetermined,CAN,3.0,False,43.9,call variants (moderate depth)
PI 639051,1,1,2.5,2.5,SAMN31504483,ILLUMINA,PRJNA894503,cultivar,GEMS_0023,27.0,66.0,Cultivar,Maize.GEM.Group1.All-GEM-Releases,GEMS-0023,(DK888 x S11)-1-1,USA,3.0,False,43.8,low depth - impute or top-up
PI 605386,1,1,3.9,3.9,SAMN44603261,COMPLETE_GENOMICS,PRJNA1142968,cultivar,PH1TB,17.0,17.0,Cultivar,Maize.Group.PVP,PH1TB,PHP02 X ( PHP02 X (PHP02 X PHN82)) specifically PHP02<3PHN82)21W2135W1X.,USA,4.0,False,43.7,low depth - impute or top-up
PI 639043,1,1,2.4,2.4,SAMN31504481,ILLUMINA,PRJNA894503,cultivar,GEMS_0012,27.0,91.0,Cultivar,Maize.GEM.Group1.All-GEM-Releases,GEMS-0012,(DK888 x S11)-1-1,USA,3.0,False,43.6,low depth - impute or top-up
PI 599328,1,1,3.8,3.8,SAMN44603701,COMPLETE_GENOMICS,PRJNA1142968,cultivar,LH238,17.0,17.0,Cultivar,Maize.Group.PVP,LH238,LH192 X LH194,USA,4.0,False,43.6,low depth - impute or top-up
PI 607512,1,1,0.7,0.7,SAMN17776901,ILLUMINA,PRJNA684330,cultivar,N7A,30.0,33.0,Breeding material,Maize.Group.Ames.Panel.2010,N7A,Selected from (Oh7 x 'Stiff Stalk Synthetic' gamete).,USA,3.0,False,43.5,re-sequence
PI 702822,1,1,1.7,1.7,SAMN17776979,ILLUMINA,PRJNA684330,cultivar,AusTRCF305817,28.0,38.0,Breeding material,Maize.Group.Ames.Panel.2010,AusTRCF 305817,{M11451x early Inbred syn v}-10-1-1-3-1,AUS,3.0,False,43.4,low depth - impute or top-up
PI 595527,1,1,6.0,6.0,SAMN17777004,ILLUMINA,PRJNA684330,cultivar,CML3,20.0,35.0,Breeding material,Maize.Group.Ames.Panel.2010,CML 3,"Population 21: P 21C5 FS84-2-1-B-3-B .  Population 21 is also named Tuxpeno-1 and its components are Tuxpeno race collections Veracruz 48, Veracruz 143, Veracruz 174, Michoacan 137, Michoacan 166, V-520C, Colima Group 1-Mix.1, and 16 families from the tropical late white dent pool (Pool 24).",MEX,3.0,True,43.3,call variants (moderate depth)
PI 595549,1,1,5.9,5.9,SAMN44075614,ILLUMINA,PRJNA1170466,cultivar,CML274,20.0,73.0,Breeding material,Maize.Group.Ames.Panel.2010,CML 274,Population 43: (Ac.7643*Pop.43 FS7)-2-3-4-3-BB-f .  Population 43 is also named La Posta and its components is a Tuxpeno synthetic composed of 16 inbred lines.,MEX,3.0,True,43.2,call variants (moderate depth)
PI 595556,2,2,6.4,9.0,SAMN44075596,ILLUMINA,PRJNA1170466;PRJNA684330,cultivar,CML29,19.0,21.0,Breeding material,Maize.Group.Ames.Panel.2010,CML 29,"Population 27: P 27 C5FS71-3-1-B-f-B .  Population 27 is also named Amarillo Cristalino-1 and its components are Tuxpeno, Cuba flints, ETO amarillo, and 15 families from the tropical late yellow flint pool (Pool 25).",MEX,3.0,False,43.1,call variants (moderate depth)
PI 698974,1,1,1.5,1.5,SAMN12771025,ILLUMINA,PRJNA565870,cultivar,H59,28.0,30.0,Breeding material,Maize.Group.Ames.Panel.2010,H59,(Mo940 x Mo21A)Mo940,USA,3.0,False,43.1,low depth - impute or top-up
PI 597337,1,1,3.5,3.5,SAMN44603702,COMPLETE_GENOMICS,PRJNA1142968,cultivar,PH32C,17.0,32.0,Cultivar,Maize.Group.PVP,PH32C,PHR03 X PHK56 specifically PHR03/PHK56)VWX4224522X.,USA,4.0,False,43.1,low depth - impute or top-up
PI 693878,1,1,0.9,0.9,SAMN17776893,ILLUMINA,PRJNA684330,cultivar,R851,29.0,73.0,Breeding material,Maize.Group.Ames.Panel.2010,R851,Recovered sh2 P51,USA,3.0,False,43.0,re-sequence
PI 597324,1,1,3.3,3.3,SAMN44603678,COMPLETE_GENOMICS,PRJNA1142968,cultivar,PH05G,17.0,17.0,Cultivar,Maize.Group.PVP,PH05G,PHBW8 X PHTM9 specifically PHBW8/PHTM9)XA05K21K2X.,USA,4.0,False,42.8,low depth - impute or top-up
PI 607525,1,1,0.2,0.2,SAMN14649754,ILLUMINA,PRJNA627044,sample_title,A665,30.0,46.0,Breeding material,Maize.Group.Ames.Panel.2010,A665,Developed from (ND203 x A635) X A635(3).,USA,3.0,False,42.8,re-sequence
PI 146372,4,4,4.7,15.200000000000001,SAMN14255831,ILLUMINA,PRJNA565870;PRJNA609577,cultivar,CI_187_2,29.0,84.0,Breeding material,Maize.Iowa.Stiff.Stalk.Inbreds,C.I. 187-2,Krug - Nebraska Reid strain x Iowa Gold Mine,USA,2.0,False,42.7,low depth - impute or top-up
PI 587125,1,1,0.7,0.7,SAMN12770498,ILLUMINA,PRJNA565870,cultivar,CO109,14.0,18.0,Breeding material,Maize.Set.Inbred.Diversity.282.Plus.NAM.Parents,CO109,,CAN,5.0,True,42.5,re-sequence
PI 597332,1,1,3.0,3.0,SAMN44603653,COMPLETE_GENOMICS,PRJNA1142968,cultivar,PH09E,17.0,17.0,Cultivar,Maize.Group.PVP,PH09E,PHK29 X PHP38 specifically PHK29/PHP38)VNWRXA2334X.,USA,4.0,False,42.4,low depth - impute or top-up
PI 601459,1,1,1.3,1.3,SAMN12770695,ILLUMINA,PRJNA565870,cultivar,IBC2,20.0,23.0,Cultivar,Maize.Group.PVP,IBC2,J6 X ( J6 X Mo17Ht) specifically J6''Mo17Ht-7221.   Mo17Ht is a public inbred line.  The inbred J6 was derived by selfing Pioneer 3901 hybrid.  Inbred J2 was the recurrent parent.,USA,4.0,False,42.3,low depth - impute or top-up
PI 597340,1,1,2.9,2.9,SAMN44603651,COMPLETE_GENOMICS,PRJNA1142968,cultivar,PH55C,17.0,17.0,Cultivar,Maize.Group.PVP,PH55C,PHW80 X PHG47 specifically PHW80/PHG47)X212K4X.,USA,4.0,False,42.2,low depth - impute or top-up
PI 595560,1,1,5.8,5.8,SAMN44075639,ILLUMINA,PRJNA1170466,cultivar,CML40,19.0,48.0,Breeding material,Maize.Group.Ames.Panel.2010,CML 40,"Population 36: P 36 C5FS144-2-2-B-### .  Population 36 is also named Cogollero and it is a Caribbean composite involving 165 accessions from all the Caribbean islands. About 50 families from the Insect Disease Resistance Nursery (IDRN) population, 20 families from Pool 22, and 26 families from Pool 26.",MEX,3.0,False,42.2,call variants (moderate depth)
PI 595547,1,1,5.8,5.8,SAMN17776982,ILLUMINA,PRJNA684330,cultivar,CML271,19.0,21.0,Breeding material,Maize.Group.Ames.Panel.2010,CML 271,"Population 29: P 291STC1 FS25-6-4-1-#-BBB-f .  Population 29 is also named Tuxpeno Caribe and its components are Tuxpeno, Cuban flints, and ETO.",MEX,3.0,True,42.2,call variants (moderate depth)
PI 597338,1,1,2.8,2.8,SAMN44603659,COMPLETE_GENOMICS,PRJNA1142968,cultivar,PH38D,17.0,17.0,Cultivar,Maize.Group.PVP,PH38D,PHVH2 X PHT11 specifically PHVH2/PHT11)XA1214K631X.  PHVH2 was derived by pedigree selection from a single cross hybrid. 50% of the pedigree contribution to this hybrid was B73. The majority of the remaining contribution was derived from a variety selected from a single cross hybrid B14 X C103.,USA,4.0,False,42.1,low depth - impute or top-up
PI 605398,1,1,2.8,2.8,SAMN44603262,COMPLETE_GENOMICS,PRJNA1142968,cultivar,PH12C,17.0,17.0,Cultivar,Maize.Group.PVP,PH12C,PHP02 X PHR03 specifically PHP02/PHR03)X123622X.,USA,4.0,False,42.1,low depth - impute or top-up
Ames 19310,1,1,0.2,0.2,SAMN14649728,ILLUMINA,PRJNA627044,sample_title,A639,29.0,31.0,Breeding material,Maize.Group.Ames.Panel.2010,A639,A158 X B14,USA,3.0,False,42.0,re-sequence
Ames 23482,1,1,0.2,0.2,SAMN14649738,ILLUMINA,PRJNA627044,sample_title,A649,29.0,45.0,Breeding material,Maize.Group.Ames.Panel.2010,A649,[(V3 X A321) A321],USA,3.0,False,42.0,re-sequence
PI 685931,1,1,2.4,2.4,SAMN31504506,ILLUMINA,PRJNA894503,cultivar,GEMN_0238,25.0,54.0,Cultivar,Maize.Group.GEMs.Top.Releases,GEMN-0238,NEI9004:N0803-B-027-B-B,USA,3.0,False,42.0,low depth - impute or top-up
PI 369442,1,1,5.6,5.6,SAMN41221345,ILLUMINA,PRJNA1108025,sample_title,S48,19.0,22.0,Breeding material,Maize.Group.Ames.Panel.2010,S 48,Open pollinated variety 'Wigor',POL,3.0,False,41.9,call variants (moderate depth)
NSL 42877,1,1,0.1,0.1,SAMN14649254,ILLUMINA,PRJNA627044,sample_title,A165,29.0,35.0,Breeding material,Maize.Group.Ames.Panel.2010,A165,A2 X 47,USA,3.0,False,41.8,re-sequence
PI 587147,1,1,0.8,0.8,SAMN12770428,ILLUMINA,PRJNA565870,cultivar,PA91,13.0,19.0,Breeding material,Maize.Set.Inbred.Diversity.282.Plus.NAM.Parents,Pa91,(Wf9 X Oh40B)S4 X [(38-11 X L317)38-11]S4,USA,5.0,True,41.8,re-sequence
PI 601561,1,1,1.0,1.0,SAMN12770823,ILLUMINA,PRJNA565870,cultivar,6M502,20.0,23.0,Cultivar,Maize.Group.PVP,6M502,4913 X MAWU,USA,4.0,False,41.8,low depth - impute or top-up
PI 595557,1,1,6.1,6.1,SAMN44075636,ILLUMINA,PRJNA1170466,cultivar,CML31,18.0,29.0,Breeding material,Maize.Group.Ames.Panel.2010,CML 31,"Population 27: P 27 C5FS117-1-4-B-#### .  Population 27 is also named Amarillo Cristalino-1 and its components are Tuxpeno, Cuba flints, ETO amarillo, and 15 families from the tropical late yellow flint pool (Pool 25).",MEX,3.0,True,41.8,call variants (moderate depth)
PI 535905,1,1,5.7,5.7,SAMN41221342,ILLUMINA,PRJNA1108025,sample_title,S45,26.0,28.0,Cultivar,Maize.Group.Ames.Panel.Post.2010,S 45,,POL,2.0,False,41.8,call variants (moderate depth)
PI 692199,1,1,5.2,5.2,SAMN12770998,ILLUMINA,PRJNA565870,cultivar,ILL12E,27.0,28.0,Breeding material,Maize.Iowa.Stiff.Stalk.Inbreds,Ill. 12E,,USA,2.0,False,41.8,call variants (moderate depth)
Ames 23475,1,1,0.1,0.1,SAMN14649726,ILLUMINA,PRJNA627044,sample_title,A637,29.0,45.0,Breeding material,Maize.Group.Ames.Panel.2010,A637,CO106 X A321,USA,3.0,False,41.8,re-sequence
PI 406106,1,1,3.3,3.3,SAMN17776978,ILLUMINA,PRJNA684330,cultivar,A14NW,23.0,26.0,Breeding material,Maize.Group.Ames.Panel.2010,A14NW,Oh45r^3.HtN,ZAF,3.0,False,41.7,low depth - impute or top-up
PI 685930,1,1,2.2,2.2,SAMN31504505,ILLUMINA,PRJNA894503,cultivar,GEMS_0237,25.0,54.0,Cultivar,Maize.Group.GEMs.Top.Releases,GEMS-0237,DKXL370:S08c17c-B-008-B-B,USA,3.0,False,41.7,low depth - impute or top-up
PI 605732,1,1,2.5,2.5,SAMN44603264,COMPLETE_GENOMICS,PRJNA1142968,cultivar,PH0CD,17.0,17.0,Cultivar,Maize.Group.PVP,PH0CD,PHP02 X PHR31 specifically PHP02/PHR31)XA03W23W11X.,USA,4.0,False,41.6,low depth - impute or top-up
PI 606337,1,1,2.4,2.4,SAMN44603670,COMPLETE_GENOMICS,PRJNA1142968,cultivar,PH19V,17.0,17.0,Cultivar,Maize.Group.PVP,PH19V,PHRE1 X PHP38 specifically PHRE1/PHP38)XQ34K14K1X.,USA,4.0,False,41.5,low depth - impute or top-up
PI 542944,1,1,1.0,1.0,SAMN12770349,ILLUMINA,PRJNA565870,cultivar,SC30-1,27.0,42.0,Breeding material,Maize.Group.Ames.Panel.2010,SC301,,USA,3.0,False,41.5,low depth - impute or top-up
PI 685933,1,1,2.0,2.0,SAMN31504508,ILLUMINA,PRJNA894503,cultivar,GEMS_0240,25.0,54.0,Cultivar,Maize.GEM.Group1.All-GEM-Releases,GEMS-0240,UR13085:S99g99u-B-023-B-B,USA,3.0,False,41.4,low depth - impute or top-up
Ames 23491,1,1,0.3,0.3,SAMN14649756,ILLUMINA,PRJNA627044,sample_title,A667,28.0,31.0,Breeding material,Maize.Group.Ames.Panel.2010,A667,[(W33 X 38-11) 38-11],USA,3.0,False,41.3,re-sequence
PI 685934,1,1,1.9,1.9,SAMN31504509,ILLUMINA,PRJNA894503,cultivar,GEMS_0241,25.0,54.0,Cultivar,Maize.GEM.Group1.All-GEM-Releases,GEMS-0241,UR13085:S99g99u-B-058-B-B,USA,3.0,False,41.3,low depth - impute or top-up
PI 685871,1,1,1.9,1.9,SAMN31504489,ILLUMINA,PRJNA894503,cultivar,GEMN_0171,25.0,39.0,Cultivar,Maize.GEM.Group1.All-GEM-Releases,GEMN-0171,DK888:N11(95)-B-027-001-037-B,USA,3.0,False,41.3,low depth - impute or top-up
PI 685928,1,1,1.9,1.9,SAMN31504503,ILLUMINA,PRJNA894503,cultivar,GEMS_0235,25.0,54.0,Cultivar,Maize.Group.GEMs.Top.Releases,GEMS-0235,CUBA173:S0446-B-030-B-B,USA,3.0,False,41.3,low depth - impute or top-up
Ames 23493,1,1,0.2,0.2,SAMN14649758,ILLUMINA,PRJNA627044,sample_title,A669,28.0,30.0,Breeding material,Maize.Group.Ames.Panel.2010,A669,[(W33 X Hy2) Hy2(3)],USA,3.0,False,41.2,re-sequence
Ames 23480,1,1,0.2,0.2,SAMN14649734,ILLUMINA,PRJNA627044,sample_title,A645,28.0,31.0,Breeding material,Maize.Group.Ames.Panel.2010,A645,,USA,3.0,False,41.2,re-sequence
Ames 23495,1,1,0.2,0.2,SAMN14649760,ILLUMINA,PRJNA627044,sample_title,A671,28.0,31.0,Breeding material,Maize.Group.Ames.Panel.2010,A671,[(W103 X N13A) N13A(2)],USA,3.0,False,41.2,re-sequence
Ames 23499,1,1,0.2,0.2,SAMN14649764,ILLUMINA,PRJNA627044,sample_title,A675,28.0,31.0,Breeding material,Maize.Group.Ames.Panel.2010,A675,A662 X B73,USA,3.0,False,41.2,re-sequence
Ames 19311,1,1,0.2,0.2,SAMN14649730,ILLUMINA,PRJNA627044,sample_title,A641,28.0,69.0,Breeding material,Maize.Group.Ames.Panel.2010,A641,ND203 X B14,USA,3.0,False,41.2,re-sequence
Ames 23426,1,1,0.2,0.2,SAMN14649446,ILLUMINA,PRJNA627044,sample_title,A357,28.0,60.0,Breeding material,Maize.Group.Ames.Panel.2010,A357,6-29 X H,USA,3.0,False,41.2,re-sequence
PI 602591,1,1,2.2,2.2,SAMN44603260,COMPLETE_GENOMICS,PRJNA1142968,cultivar,LH286,17.0,17.0,Cultivar,Maize.Group.PVP,LH286,LH181 X ( LH127 x LH59 ).,USA,4.0,False,41.2,low depth - impute or top-up
PI 587142,2,2,0.9,1.1,SAMN12770558,ILLUMINA,PRJNA565870;PRJNA627044,cultivar,A679,12.0,17.0,Breeding material,Maize.Set.Inbred.Diversity.282.Plus.NAM.Parents,A679,[(A662 X B73) B73(3)],USA,5.0,False,41.1,re-sequence
PI 690623,3,3,7.2,21.6,SAMN37219242,ILLUMINA,PRJNA1011459;PRJNA1123779;PRJNA1196311,isolate,CML373,15.0,29.0,Breeding material,Maize.Group.Ames.Panel.2010,CML 373,P43SR-4-1-1-2-1-B-8-1-B. P43SR derives from CIMMYT Tuxpeno Population 43 (La Posta).,MEX,3.0,True,41.0,call variants (moderate depth)
PI 548800,1,1,1.0,1.0,SAMN12770749,ILLUMINA,PRJNA565870,cultivar,PHK93,19.0,22.0,Cultivar,Maize.Group.PVP,PHK93,PHB72 X PHT60 specifically PHB72/PHT60)6K41K111K211,USA,4.0,False,41.0,low depth - impute or top-up
PI 595562,1,1,6.0,6.0,SAMN44075651,ILLUMINA,PRJNA1170466,cultivar,CML282,17.0,18.0,Breeding material,Maize.Group.Ames.Panel.2010,CML 282,"Pool 22: (Pool 22 x Pool 22)-2-2-3-1-BB-## .  Pool 22 is also named Tropical intermediate yellow dent (TIYD) and its components are materials from Mexico, Cuba, the Dominican Republic, Antigua, Brazil, Peru, India, Colombia, Puerto Rico Argentina, and Central America.",MEX,3.0,False,40.9,call variants (moderate depth)
PI 605400,1,1,2.0,2.0,SAMN44603263,COMPLETE_GENOMICS,PRJNA1142968,cultivar,PH1CA,17.0,17.0,Cultivar,Maize.Group.PVP,PH1CA,PHKW3 X PHR03 specifically PHKW3/PHR03)X82321X.,USA,4.0,False,40.9,low depth - impute or top-up
PI 594045,1,1,1.5,1.5,SAMN12770904,ILLUMINA,PRJNA565870,cultivar,B102,25.0,29.0,Cultivar,Maize.Group.Ames.Panel.2010,B102,[(B85 x H99) x H99]-336-1-2-1-1-1-1-1,USA,3.0,False,40.7,low depth - impute or top-up
PI 597336,1,1,1.8,1.8,SAMN44603265,COMPLETE_GENOMICS,PRJNA1142968,cultivar,PH24M,17.0,17.0,Cultivar,Maize.Group.PVP,PH24M,"PH6W9 X PHR03 specifically PH6W9/PHR03)XX#A62122112X.  PH6W9 was derived by pedigree selection from a single cross hybrid by pedigree selection. The majority of the varieties contributing to PH6W9 were: Female Composite Open Pollinated (the open pollinated means that after the bridging crosses were made it was open pollinated). Lancastor Low Breakage, Osterland Yellow Dent, Iodent, Midland Yellow Dent, Minnesota Number 13, Lancaster Cnmposite, Coker# 616, Funks 176A, Funks Yellow Dent, Far South Open Pollinated, Linsdrum Long Ear, and Troyer Reid population.",USA,4.0,False,40.6,low depth - impute or top-up
Ames 23471,1,1,0.2,0.2,SAMN14649722,ILLUMINA,PRJNA627044,sample_title,A633,27.0,43.0,Breeding material,Maize.Group.Ames.Panel.2010,A633,,USA,3.0,False,40.3,re-sequence
NSL 81598,1,1,0.2,0.2,SAMN14649746,ILLUMINA,PRJNA627044,sample_title,A657,27.0,58.0,Breeding material,Maize.Group.Ames.Panel.2010,A657,Iowa Stiff Stalk Synthetic,USA,3.0,False,40.3,re-sequence
Ames 23505,1,1,0.2,0.2,SAMN14649772,ILLUMINA,PRJNA627044,sample_title,A683,27.0,43.0,Breeding material,Maize.Group.Ames.Panel.2010,A683,[(AS-D X Mo17) Mo17(2)],USA,3.0,False,40.3,re-sequence
Ames 23501,1,1,0.2,0.2,SAMN14649766,ILLUMINA,PRJNA627044,sample_title,A677,27.0,53.0,Breeding material,Maize.Group.Ames.Panel.2010,A677,A90 X Oh545,USA,3.0,False,40.3,re-sequence
Ames 23478,1,1,0.2,0.2,SAMN14649732,ILLUMINA,PRJNA627044,sample_title,A643,27.0,45.0,Breeding material,Maize.Group.Ames.Panel.2010,A643,,USA,3.0,False,40.3,re-sequence
Ames 23486,1,1,0.2,0.2,SAMN14649742,ILLUMINA,PRJNA627044,sample_title,A653,27.0,29.0,Breeding material,Maize.Group.Ames.Panel.2010,A653,A90 X Wf9,USA,3.0,False,40.3,re-sequence
Ames 23430,1,1,0.2,0.2,SAMN14649490,ILLUMINA,PRJNA627044,sample_title,A401,27.0,43.0,Breeding material,Maize.Group.Ames.Panel.2010,A401,A347 X K230,USA,3.0,False,40.3,re-sequence
Ames 23456,1,1,0.2,0.2,SAMN14649706,ILLUMINA,PRJNA627044,sample_title,A617,27.0,43.0,Breeding material,Maize.Group.Ames.Panel.2010,A617,,USA,3.0,False,40.3,re-sequence
Ames 23463,1,1,0.2,0.2,SAMN14649716,ILLUMINA,PRJNA627044,sample_title,A627,27.0,43.0,Breeding material,Maize.Group.Ames.Panel.2010,A627,A392 X R61,USA,3.0,False,40.3,re-sequence
Ames 23435,1,1,0.2,0.2,SAMN14649516,ILLUMINA,PRJNA627044,sample_title,A427,27.0,30.0,Breeding material,Maize.Group.Ames.Panel.2010,A427,CC36 X A405.  CC36 is derived from Lancaster.  A405 is derived from Taos VI.,USA,3.0,False,40.3,re-sequence
Ames 23448,1,1,0.1,0.1,SAMN14649636,ILLUMINA,PRJNA627044,sample_title,A547,27.0,46.0,Breeding material,Maize.Group.Ames.Panel.2010,A547,(A375 x Pioneer Long Ear) x A375,USA,3.0,False,40.2,re-sequence
Ames 23438,1,1,0.1,0.1,SAMN14649540,ILLUMINA,PRJNA627044,sample_title,A451,27.0,55.0,Breeding material,Maize.Group.Ames.Panel.2010,A451,(A322 X POP) X A322(3),USA,3.0,False,40.2,re-sequence
PI 690605,1,1,6.1,6.1,SAMN44075640,ILLUMINA,PRJNA1170466,cultivar,CML304,16.0,31.0,Breeding material,Maize.Group.Ames.Panel.2010,CML 304,SINTAMTSR-76-1-2-3-2-B,MEX,3.0,True,40.2,call variants (moderate depth)
NSL 42875,4,4,4.9,14.9,SAMN14255894,ILLUMINA,PRJNA609577;PRJNA627044,cultivar,A71,18.0,35.0,Breeding material,Maize.Group.Ames.Panel.2010,A71,Funk Yellow Dent,USA,3.0,False,40.0,low depth - impute or top-up
PI 520770,1,1,4.2,4.2,SAMN51199907,ILLUMINA,PRJNA1321128,sample_alias,W552,19.0,35.0,Breeding material,Maize.Group.Ames.Panel.2010,W552,W153R*2/San Geronimo,USA,3.0,False,39.8,low depth - impute or top-up
PI 690601,2,2,6.4,11.0,SAMN44075680,ILLUMINA,PRJNA1170466;PRJNA684330,cultivar,CML288,15.0,29.0,Breeding material,Maize.Group.Ames.Panel.2010,CML 288,P24STE-C1-FS45-1-2-3-3-2-B,MEX,3.0,False,39.8,call variants (moderate depth)
PI 597330,1,1,1.2,1.2,SAMN44603652,COMPLETE_GENOMICS,PRJNA1142968,cultivar,PH080,17.0,17.0,Cultivar,Maize.Group.PVP,PH080,PHP83 X PHBW8 specifically PHP83/PHBW8)RDX73352.  PHP83 was <br>derived by pedigree selection from the single cross hybrid PHK29 (PVP Certificate Number <br>8700214) X PHJ40 (PVP Certificate Number 8600143).,USA,4.0,False,39.7,low depth - impute or top-up
Ames 23487,1,1,0.2,0.2,SAMN14649744,ILLUMINA,PRJNA627044,sample_title,A655,26.0,44.0,Breeding material,Maize.Group.Ames.Panel.2010,A655,[(A488 X Wf9) S1 Wf9],USA,3.0,False,39.5,re-sequence
Ames 22019,1,1,10.0,10.0,SAMN09622449,ILLUMINA,PRJNA479960,sample_alias,C27,8.0,11.0,Cultivar,Maize.Group.Ames.Panel.2010,C27,Whipple Yellow (C. Ferre),USA,3.0,False,39.5,call variants now
PI 690593,1,1,6.1,6.1,SAMN44075663,ILLUMINA,PRJNA1170466,cultivar,CML184,15.0,26.0,Breeding material,Maize.Group.Ames.Panel.2010,CML 184,WOMTA1-B-1-1-1-B,MEX,3.0,False,39.4,call variants (moderate depth)
PI 597311,1,1,1.0,1.0,SAMN44603684,COMPLETE_GENOMICS,PRJNA1142968,cultivar,PHKV0,17.0,17.0,Cultivar,Maize.Group.PVP,PHKV0,"PH8P9 X PHV94 specifically PH8P9/PHV94)X61133.  PH8P9 was pedigree selected from the cross G39 X PHM4E.  PHM4E was pedigree selected from 796 X 642.  Variety 796 was derived by pedigree selection and has a pedigree relative percent contribution of 50% B37 and 50% W153R.  Variety 642 was derived by backcrossing using B37 as the recurrent parent and accounting for 88% of the variety contribution. Much of the remainder of the relative pedigree percent contribution was approximately 3% !205, 5% IDT and 1% Troyer Reid.  PHV94 was G80 X G39.",USA,4.0,False,39.4,low depth - impute or top-up
PI 639925,1,1,5.2,5.2,SAMN17777011,ILLUMINA,PRJNA684330,cultivar,TZSTRI101,16.0,16.0,Breeding material,Maize.Group.Ames.Panel.2010,TZSTRI101,"Derived from a composite TZL COMP.1-W formed by crossing TZB-SR with 7 Striga resistant inbred lines, TZI 11, TZI 9, TZI 12, TZI 13, TZI 17, TZI 24, TZI 30. The composite has undergone 6 cycles of recurrent selection under artificial infestation with S. hermonithica at 2 locations in Nigeria.",NGA,3.0,False,38.9,call variants (moderate depth)
PI 690612,1,1,5.8,5.8,SAMN44075684,ILLUMINA,PRJNA1170466,cultivar,CML327,15.0,26.0,Breeding material,Maize.Group.Ames.Panel.2010,CML 327,P45-C6-F83-3-1-B,MEX,3.0,True,38.9,call variants (moderate depth)
PI 690624,1,1,5.6,5.6,SAMN44075593,ILLUMINA,PRJNA1170466,cultivar,CML375,15.0,27.0,Breeding material,Maize.Group.Ames.Panel.2010,CML 375,P44-C9-FS158-3-2-4-2-B-B-1-B,MEX,3.0,False,38.6,call variants (moderate depth)
PI 690587,2,2,5.5,8.7,SAMN44075647,ILLUMINA,PRJNA1170466;PRJNA684330,cultivar,CML144,15.0,15.0,Breeding material,Maize.Group.Ames.Panel.2010,CML 144,P44STEC1-FS59-3-1-4-4-B,MEX,3.0,True,38.5,call variants (moderate depth)
PI 599327,1,1,0.1,0.1,SAMN44603706,COMPLETE_GENOMICS,PRJNA1142968,cultivar,LH237,17.0,17.0,Cultivar,Maize.Group.PVP,LH237,LH194 x LH195,USA,4.0,False,38.0,re-sequence
PI 603979,1,1,0.0,0.0,SAMN44603650,COMPLETE_GENOMICS,PRJNA1142968,cultivar,PH1GG,17.0,17.0,Cultivar,Maize.Group.PVP,PH1GG,PHT69 X PHRE1 specifically PHT69/PHBW8)X42W2X.,USA,4.0,False,37.9,re-sequence
PI 597323,1,1,0.0,0.0,SAMN44603658,COMPLETE_GENOMICS,PRJNA1142968,cultivar,PH05F,17.0,17.0,Cultivar,Maize.Group.PVP,PH05F,PHR61 X PHHB9 specifically PHR61/PHHB9)XB62K31K5X.,USA,4.0,False,37.9,re-sequence
Ames 30910,1,1,2.6,2.6,SAMN31504478,ILLUMINA,PRJNA894503,cultivar,KS23_5,27.0,41.0,Breeding material,Maize.Group.Ames.Panel.Post.2010,KS23-5,,USA,2.0,False,37.9,low depth - impute or top-up
PI 690599,2,2,5.6,7.8999999999999995,SAMN44075618,ILLUMINA,PRJNA1170466;PRJNA684330,cultivar,CML269,14.0,28.0,Breeding material,Maize.Group.Ames.Panel.2010,CML 269,P25STE-C1-FS13-6-1-1-B,MEX,3.0,True,37.8,call variants (moderate depth)
NSL 179256,1,1,74.9,74.9,SAMN02203471,ILLUMINA,PRJNA208216,sample_alias,early,2.0,2.0,Cultivated material,,EARLY,,USA,1.0,False,37.6,call variants now
Ames 22017,1,1,8.0,8.0,SAMN09622442,ILLUMINA,PRJNA479960,sample_alias,C18,9.0,12.0,Cultivar,Maize.Group.Ames.Panel.2010,C18,(Cream-o-Gold) 857-67 X 36,USA,3.0,False,37.3,call variants (moderate depth)
Ames 30908,1,1,2.1,2.1,SAMN31504477,ILLUMINA,PRJNA894503,cultivar,KS23_3,27.0,41.0,Breeding material,Maize.Group.Ames.Panel.Post.2010,KS23-3,,USA,2.0,False,37.2,low depth - impute or top-up
Ames 23923,1,1,1.9,1.9,SAMN17776977,ILLUMINA,PRJNA684330,cultivar,Tx61M,20.0,52.0,Breeding material,Maize.Group.Ames.Panel.2010,Tx61M,,USA,3.0,False,37.2,low depth - impute or top-up
PI 618592,1,1,0.9,0.9,SAMN12770975,ILLUMINA,PRJNA565870,cultivar,LH295,14.0,14.0,Cultivar,Maize.Group.PVP,LH295,"LH168 x LH176, by selfing and using the pedigree system of plant breeding.",USA,4.0,False,36.8,re-sequence
PI 641017,3,5,30.4,36.9,SAMN35169195,ILLUMINA,PRJNA1170466;PRJNA565870;PRJNA974168,cultivar,PH6WC,1.0,1.0,Cultivar,,PH6WC,,USA,1.0,False,36.8,call variants now
Ames 30911,1,1,2.3,2.3,SAMN31504479,ILLUMINA,PRJNA894503,cultivar,KS23_6,26.0,40.0,Breeding material,Maize.Group.Ames.Panel.Post.2010,KS23-6,,USA,2.0,False,36.7,low depth - impute or top-up
Ames 30936,1,1,1.6,1.6,SAMN12770999,ILLUMINA,PRJNA565870,cultivar,WD456,27.0,52.0,Breeding material,Maize.Iowa.Stiff.Stalk.Inbreds,WD456,"Walden Dent, a strain of Reid Yellow Dent",USA,2.0,False,36.4,low depth - impute or top-up
NSL 22984,1,1,3.0,3.0,SAMN17776914,ILLUMINA,PRJNA684330,cultivar,J47,17.0,18.0,Breeding material,Maize.Group.Ames.Panel.2010,J47,See Hansey et.al. 2011,USA,3.0,False,36.4,low depth - impute or top-up
PI 641065,1,1,3.5,3.5,SAMN17776964,ILLUMINA,PRJNA684330,cultivar,TZEI5,16.0,31.0,Breeding material,Maize.Group.Ames.Panel.2010,TZEI 5,TZE-W Pop x 1368 STR S6 INB 9,NGA,3.0,False,36.3,low depth - impute or top-up
Ames 28405,3,11,175.0,247.8,SAMN05780988,ILLUMINA;OXFORD_NANOPORE,;PRJNA343134;PRJNA528974,cultivar,TIL11,,,,,,,,1.0,False,36.0,call variants now
Ames 34543,4,5,25.9,53.699999999999996,SAMN27189589,ILLUMINA,PRJNA1170466;PRJNA565870;PRJNA597703;PRJNA822510,cultivar,K12,,,,,,,,1.0,True,36.0,call variants now
Ames 17681,4,5,59.8,71.30000000000001,SAMN15464387,BGISEQ;ILLUMINA;OXFORD_NANOPORE,PRJNA1170466;PRJNA565870;PRJNA609577;PRJNA644582,cultivar,P138,,,,,,,,1.0,True,36.0,call variants now
Ames 29045,1,1,2.7,2.7,SAMN31504476,ILLUMINA,PRJNA894503,cultivar,NEI_9008,17.0,42.0,Breeding material,Maize.Group.Ames.Panel.2010,NEI 9008,,THA,3.0,False,35.9,low depth - impute or top-up
PI 690625,1,1,3.6,3.6,SAMN17777006,ILLUMINA,PRJNA684330,cultivar,CML376,15.0,16.0,Breeding material,Maize.Group.Ames.Panel.2010,CML 376,SLWHGA-F118-2-1-1-B-1-B-1-B,MEX,3.0,False,35.6,low depth - impute or top-up
PI 690622,1,1,3.5,3.5,SAMN17776959,ILLUMINA,PRJNA684330,cultivar,CML372,15.0,30.0,Breeding material,Maize.Group.Ames.Panel.2010,CML 372,MBRETW-F2-177-3-1-1-B,MEX,3.0,True,35.5,low depth - impute or top-up
NSL 30876,1,1,0.5,0.5,SAMN17776892,ILLUMINA,PRJNA684330,cultivar,R78,20.0,25.0,Breeding material,Maize.Group.Ames.Panel.2010,R78,(Illinois High Oil x Hy) Illinois High Oil,USA,3.0,False,35.1,re-sequence
NSL 29314,1,1,1.6,1.6,SAMN17776941,ILLUMINA,PRJNA684330,cultivar,R219,18.0,21.0,Breeding material,Maize.Group.Ames.Panel.2010,R219,(W22R x Ht1B) Oh43 BC2,USA,3.0,False,35.1,low depth - impute or top-up
PI 690639,1,1,6.5,6.5,SAMN44075635,ILLUMINA,PRJNA1170466,cultivar,CML533,16.0,16.0,Breeding material,Maize.Group.Ames.Panel.Post.2010,CML 533,SA4-C4-FS19-3-2-2-2-3-4-3-B,MEX,2.0,False,34.8,call variants (moderate depth)
PI 535913,1,1,7.3,7.3,SAMN41221314,ILLUMINA,PRJNA1108025,sample_title,S17,7.0,8.0,Cultivar,Maize.Group.Ames.Panel.2010,S 17,Open pollinated variety 'Wigor G 126',POL,3.0,False,34.7,call variants (moderate depth)
PI 595570,1,1,0.2,0.2,SAMN17776885,ILLUMINA,PRJNA684330,cultivar,CML303,20.0,65.0,Breeding material,Maize.Group.Ames.Panel.2010,CML 303,Syn.Amarillo TSR-23-3-2-4-3-BB-####,MEX,3.0,False,34.6,re-sequence
PI 685957,1,1,2.7,2.7,SAMN31504532,ILLUMINA,PRJNA894503,cultivar,GEMS_0264,15.0,15.0,Cultivar,Maize.GEM.Group1.All-GEM-Releases,GEMS-0264,BR105:S1643-078-001-B-B,USA,3.0,False,34.3,low depth - impute or top-up
PI 685924,1,1,2.7,2.7,SAMN31504499,ILLUMINA,PRJNA894503,cultivar,GEMN_0231,15.0,15.0,Cultivar,Maize.GEM.Group1.All-GEM-Releases,GEMN-0231,CUBA164:D27-B-017-001,USA,3.0,False,34.3,low depth - impute or top-up
PI 692843,1,1,2.7,2.7,SAMN31504569,ILLUMINA,PRJNA894503,cultivar,GEMN_0302,15.0,16.0,Cultivar,Maize.GEM.Group1.All-GEM-Releases,GEMN-0302,ATL100:N(LH82)(GEMN-0097)-041-001,USA,3.0,False,34.3,low depth - impute or top-up
Ames 15918,1,1,1.2,1.2,SAMN12770595,ILLUMINA,PRJNA565870,cultivar,R98,25.0,61.0,Breeding material,Maize.Group.Ames.Panel.Post.2010,R98,Snelling Corn Borer Synthetic,USA,2.0,False,34.2,low depth - impute or top-up
PI 685940,1,1,2.6,2.6,SAMN31504515,ILLUMINA,PRJNA894503,cultivar,GEMN_0247,15.0,29.0,Cultivar,Maize.GEM.Group1.All-GEM-Releases,GEMN-0247,AR03056:N0902-064-001-B-B,USA,3.0,False,34.1,low depth - impute or top-up
PI 685972,1,1,2.6,2.6,SAMN31504547,ILLUMINA,PRJNA894503,cultivar,GEMS_0279,15.0,31.0,Cultivar,Maize.GEM.Group1.All-GEM-Releases,GEMS-0279,(GEMS-0176/S49w)-B-B-028-002-SIB,USA,3.0,False,34.1,low depth - impute or top-up
PI 685932,1,1,2.5,2.5,SAMN31504507,ILLUMINA,PRJNA894503,cultivar,GEMN_0239,15.0,29.0,Cultivar,Maize.GEM.Group1.All-GEM-Releases,GEMN-0239,NEI9004:N0803-B-053-B-B,USA,3.0,False,34.0,low depth - impute or top-up
PI 685949,1,1,2.5,2.5,SAMN31504524,ILLUMINA,PRJNA894503,cultivar,GEMS_0256,15.0,15.0,Cultivar,Maize.GEM.Group1.All-GEM-Releases,GEMS-0256,NS1:S0834-006-002,USA,3.0,False,34.0,low depth - impute or top-up
PI 685955,1,1,2.5,2.5,SAMN31504530,ILLUMINA,PRJNA894503,cultivar,GEMS_0262,15.0,15.0,Cultivar,Maize.GEM.Group1.All-GEM-Releases,GEMS-0262,(GEMS-0147/GEMS-0180)-B-104-001-B-B,USA,3.0,False,34.0,low depth - impute or top-up
PI 685923,1,1,2.5,2.5,SAMN31504498,ILLUMINA,PRJNA894503,cultivar,GEMN_0230,15.0,15.0,Cultivar,Maize.GEM.Group1.All-GEM-Releases,GEMN-0230,CML413:N18-001-036-002,USA,3.0,False,34.0,low depth - impute or top-up
PI 685956,1,1,2.5,2.5,SAMN31504531,ILLUMINA,PRJNA894503,cultivar,GEMS_0263,15.0,15.0,Cultivar,Maize.GEM.Group1.All-GEM-Releases,GEMS-0263,BR105:S1626(GEMS-0175)-B-049-B-B,USA,3.0,False,34.0,low depth - impute or top-up
PI 685958,1,1,2.5,2.5,SAMN31504533,ILLUMINA,PRJNA894503,cultivar,GEMS_0265,15.0,30.0,Cultivar,Maize.GEM.Group1.All-GEM-Releases,GEMS-0265,DKXL212:S0950-B-083-B-B,USA,3.0,False,34.0,low depth - impute or top-up
PI 641064,1,1,2.5,2.5,SAMN17776989,ILLUMINA,PRJNA684330,cultivar,TZEI4,15.0,29.0,Breeding material,Maize.Group.Ames.Panel.2010,TZEI 4,TZE-W Pop x 1368 STR S6 INB 6,NGA,3.0,False,34.0,low depth - impute or top-up
PI 692837,1,1,2.4,2.4,SAMN31504563,ILLUMINA,PRJNA894503,cultivar,GEMS_0296,15.0,16.0,Cultivar,Maize.GEM.Group1.All-GEM-Releases,GEMS-0296,(GEMS-0113/GEMS-0162)-B-B-054-001,USA,3.0,False,33.8,low depth - impute or top-up
Ames 23452,1,1,0.2,0.2,SAMN14649664,ILLUMINA,PRJNA627044,sample_title,A575,19.0,22.0,Breeding material,Maize.Group.Ames.Panel.2010,A575,,USA,3.0,False,33.8,re-sequence
PI 685961,1,1,1.8,1.8,SAMN31504536,ILLUMINA,PRJNA894503,cultivar,GEMS_0268,16.0,16.0,Cultivar,Maize.GEM.Group1.All-GEM-Releases,GEMS-0268,NS1:S0852-B-021-B-B,USA,3.0,False,33.8,low depth - impute or top-up
PI 685965,1,1,1.8,1.8,SAMN31504539,ILLUMINA,PRJNA894503,cultivar,GEMN_0272,16.0,31.0,Cultivar,Maize.Group.GEMs.Top.Releases,GEMN-0272,(GEMN-0043xGEMN-0097)-B-001,USA,3.0,False,33.8,low depth - impute or top-up
PI 685849,1,1,2.4,2.4,SAMN31504487,ILLUMINA,PRJNA894503,cultivar,GEMS_0126,15.0,29.0,Cultivar,Maize.GEM.Group1.All-GEM-Releases,GEMS-0126,DK888:S11-B-029-016-B-B-B,USA,3.0,False,33.8,low depth - impute or top-up
PI 685913,1,1,2.4,2.4,SAMN31504491,ILLUMINA,PRJNA894503,cultivar,GEMS_0218,15.0,16.0,Cultivar,Maize.GEM.Group1.All-GEM-Releases,GEMS-0218,(CUBA164:S2012-459-001-B/GEMS-0002)-B-B-011,USA,3.0,False,33.8,low depth - impute or top-up
Ames 22439,1,1,0.2,0.2,SAMN14649162,ILLUMINA,PRJNA627044,sample_title,A73,19.0,21.0,Breeding material,Maize.Group.Ames.Panel.2010,A73,G3 x AR9,USA,3.0,False,33.8,re-sequence
PI 685980,1,1,2.4,2.4,SAMN31504542,ILLUMINA,PRJNA894503,cultivar,GEMN_0287,15.0,16.0,Cultivar,Maize.Group.GEMs.Top.Releases,GEMN-0287,(GEMN-0108xGEMN-0178)-B-004,USA,3.0,False,33.8,low depth - impute or top-up
PI 685963,1,1,2.3,2.3,SAMN31504538,ILLUMINA,PRJNA894503,cultivar,GEMN_0270,15.0,31.0,Cultivar,Maize.Group.GEMs.Top.Releases,GEMN-0270,ANTIG01:N16-050-002,USA,3.0,False,33.7,low depth - impute or top-up
PI 689796,1,1,2.3,2.3,SAMN31504559,ILLUMINA,PRJNA894503,cultivar,GEMN_0292,15.0,15.0,Cultivar,Maize.GEM.Group1.All-GEM-Releases,GEMN-0292,(GEMN-0097/GEMN-0136)-B-008,USA,3.0,False,33.7,low depth - impute or top-up
PI 685975,1,1,2.3,2.3,SAMN31504550,ILLUMINA,PRJNA894503,cultivar,GEMS_0282,15.0,31.0,Cultivar,Maize.GEM.Group1.All-GEM-Releases,GEMS-0282,CHIS740:S(PHW17)(87916W)-126-001-001-SIB,USA,3.0,False,33.7,low depth - impute or top-up
PI 689593,1,1,2.3,2.3,SAMN31504556,ILLUMINA,PRJNA894503,cultivar,GEMS_0289,15.0,16.0,Cultivar,Maize.GEM.Group1.All-GEM-Releases,GEMS-0289,(GEMS-0147/GEMS-0180)-B-033-001-001-B,USA,3.0,False,33.7,low depth - impute or top-up
PI 685977,1,1,2.3,2.3,SAMN31504552,ILLUMINA,PRJNA894503,cultivar,GEMS_0284,15.0,16.0,Cultivar,Maize.GEM.Group1.All-GEM-Releases,GEMS-0284,AR17056:S1217-B-025-002-SIB,USA,3.0,False,33.7,low depth - impute or top-up
PI 698991,1,1,1.7,1.7,SAMN12770968,ILLUMINA,PRJNA565870,cultivar,H114,16.0,20.0,Cultivar,Maize.Group.Ames.Panel.2010,H114,,USA,3.0,False,33.6,low depth - impute or top-up
PI 685952,1,1,2.2,2.2,SAMN31504527,ILLUMINA,PRJNA894503,cultivar,GEMN_0259,15.0,15.0,Cultivar,Maize.GEM.Group1.All-GEM-Releases,GEMN-0259,SCR01:N11c-015-002,USA,3.0,False,33.5,low depth - impute or top-up
PI 685939,1,1,2.2,2.2,SAMN31504514,ILLUMINA,PRJNA894503,cultivar,GEMN_0246,15.0,29.0,Cultivar,Maize.GEM.Group1.All-GEM-Releases,GEMN-0246,DK888:S11b-037-018-008-B,USA,3.0,False,33.5,low depth - impute or top-up
PI 685966,1,1,2.2,2.2,SAMN31504540,ILLUMINA,PRJNA894503,cultivar,GEMS_0273,15.0,16.0,Cultivar,Maize.GEM.Group1.All-GEM-Releases,GEMS-0273,(GEMS-0032xGEMS-0050)-B-007,USA,3.0,False,33.5,low depth - impute or top-up
PI 685979,1,1,2.2,2.2,SAMN31504554,ILLUMINA,PRJNA894503,cultivar,GEMN_0286,15.0,31.0,Cultivar,Maize.GEM.Group1.All-GEM-Releases,GEMN-0286,MDI022:N(PHG35)(GEMN-0097)-072-001-001-SIB,USA,3.0,False,33.5,low depth - impute or top-up
PI 685938,1,1,2.2,2.2,SAMN31504513,ILLUMINA,PRJNA894503,cultivar,GEMS_0245,15.0,15.0,Cultivar,Maize.Group.GEMs.Top.Releases,GEMS-0245,DK888:S11b-037-018-008-B,USA,3.0,False,33.5,low depth - impute or top-up
PI 692842,1,1,2.2,2.2,SAMN31504568,ILLUMINA,PRJNA894503,cultivar,GEMS_0301,15.0,16.0,Cultivar,Maize.GEM.Group1.All-GEM-Releases,GEMS-0301,NS1:S(GEMS-0149)41-066-001-001,USA,3.0,False,33.5,low depth - impute or top-up
PI 692841,1,1,2.2,2.2,SAMN31504567,ILLUMINA,PRJNA894503,cultivar,GEMS_0300,15.0,16.0,Cultivar,Maize.GEM.Group1.All-GEM-Releases,GEMS-0300,NS1:S(GEMS-0149)41-051-001-001,USA,3.0,False,33.5,low depth - impute or top-up
PI 685973,1,1,2.2,2.2,SAMN31504548,ILLUMINA,PRJNA894503,cultivar,GEMS_0280,15.0,31.0,Cultivar,Maize.GEM.Group1.All-GEM-Releases,GEMS-0280,BR52051:S172641-B-018-001-SIB,USA,3.0,False,33.5,low depth - impute or top-up
PI 685953,1,1,2.2,2.2,SAMN31504528,ILLUMINA,PRJNA894503,cultivar,GEMN_0260,15.0,15.0,Cultivar,Maize.GEM.Group1.All-GEM-Releases,GEMN-0260,(GEMN-0140/GEMN-0097)-B-B-026-B,USA,3.0,False,33.5,low depth - impute or top-up
PI 685951,1,1,2.2,2.2,SAMN31504526,ILLUMINA,PRJNA894503,cultivar,GEMS_0258,15.0,15.0,Cultivar,Maize.Group.GEMs.Top.Releases,GEMS-0258,DKB830:S19-009-004,USA,3.0,False,33.5,low depth - impute or top-up
PI 685950,1,1,2.2,2.2,SAMN31504525,ILLUMINA,PRJNA894503,cultivar,GEMN_0257,15.0,15.0,Cultivar,Maize.Group.GEMs.Top.Releases,GEMN-0257,CHIS462:N08d-013-001,USA,3.0,False,33.5,low depth - impute or top-up
PI 685937,1,1,2.1,2.1,SAMN31504512,ILLUMINA,PRJNA894503,cultivar,GEMS_0244,15.0,15.0,Cultivar,Maize.GEM.Group1.All-GEM-Releases,GEMS-0244,CML287:S15-027-001-B,USA,3.0,False,33.4,low depth - impute or top-up
PI 685945,1,1,2.1,2.1,SAMN31504520,ILLUMINA,PRJNA894503,cultivar,GEMN_0252,15.0,15.0,Cultivar,Maize.GEM.Group1.All-GEM-Releases,GEMN-0252,DKB844:N11b18-241-001-B-B,USA,3.0,False,33.4,low depth - impute or top-up
PI 685935,1,1,2.1,2.1,SAMN31504510,ILLUMINA,PRJNA894503,cultivar,GEMN_0242,15.0,15.0,Cultivar,Maize.GEM.Group1.All-GEM-Releases,GEMN-0242,SE32(BR52051):N11c-015-004-B,USA,3.0,False,33.4,low depth - impute or top-up
Ames 22020,1,1,5.4,5.4,SAMN09622454,ILLUMINA,PRJNA479960,sample_alias,C31,9.0,10.0,Cultivar,Maize.Group.Ames.Panel.2010,C31,,USA,3.0,False,33.4,call variants (moderate depth)
PI 685978,1,1,2.1,2.1,SAMN31504553,ILLUMINA,PRJNA894503,cultivar,GEMN_0285,15.0,31.0,Cultivar,Maize.GEM.Group1.All-GEM-Releases,GEMN-0285,(GEMN-0117/DKXL212:N11a-139-001-001-B-B-B-B-B-B)-B-B-019-001-SIB,USA,3.0,False,33.4,low depth - impute or top-up
PI 690592,1,1,6.1,6.1,SAMN44075611,ILLUMINA,PRJNA1170466,cultivar,CML182,15.0,29.0,Breeding material,Maize.Group.Ames.Panel.Post.2010,CML 182,(P63-12-2-1/P67-5-1-1)-1-2-B,MEX,2.0,True,33.4,call variants (moderate depth)
PI 685860,1,1,2.1,2.1,SAMN31504488,ILLUMINA,PRJNA894503,cultivar,GEMN_0137,15.0,15.0,Cultivar,Maize.GEM.Group1.All-GEM-Releases,GEMN-0137,SCR Gp3:N14-028-003-003-B,USA,3.0,False,33.4,low depth - impute or top-up
PI 685942,1,1,2.1,2.1,SAMN31504517,ILLUMINA,PRJNA894503,cultivar,GEMN_0249,15.0,29.0,Cultivar,Maize.GEM.Group1.All-GEM-Releases,GEMN-0249,BR105:N1643-B-020-B-B,USA,3.0,False,33.4,low depth - impute or top-up
PI 689798,1,1,2.1,2.1,SAMN31504561,ILLUMINA,PRJNA894503,cultivar,GEMS_0294,15.0,15.0,Cultivar,Maize.GEM.Group1.All-GEM-Releases,GEMS-0294,DKB844:S16-005-022-012,USA,3.0,False,33.4,low depth - impute or top-up
MGS 96309,1,1,18.2,18.2,SAMN36028833,ILLUMINA,PRJNA987991,isolate,330I,,,,,,,,1.0,False,33.3,call variants now
PI 685948,1,1,2.0,2.0,SAMN31504523,ILLUMINA,PRJNA894503,cultivar,GEMS_0255,15.0,15.0,Cultivar,Maize.Group.GEMs.Top.Releases,GEMS-0255,FS8B(S):S03-133-002,USA,3.0,False,33.2,low depth - impute or top-up
PI 685970,1,1,2.0,2.0,SAMN31504545,ILLUMINA,PRJNA894503,cultivar,GEMS_0277,15.0,31.0,Cultivar,Maize.GEM.Group1.All-GEM-Releases,GEMS-0277,(53SS4/GEMS-0031)-SIB-B-039-002-SIB,USA,3.0,False,33.2,low depth - impute or top-up
PI 685946,1,1,2.0,2.0,SAMN31504521,ILLUMINA,PRJNA894503,cultivar,GEMS_0253,15.0,15.0,Cultivar,Maize.GEM.Group1.All-GEM-Releases,GEMS-0253,DK212T:S0640-034-002,USA,3.0,False,33.2,low depth - impute or top-up
PI 685954,1,1,2.0,2.0,SAMN31504529,ILLUMINA,PRJNA894503,cultivar,GEMN_0261,15.0,15.0,Cultivar,Maize.GEM.Group1.All-GEM-Releases,GEMN-0261,(GEMN-0140/GEMN-0097)-B-B-027-B,USA,3.0,False,33.2,low depth - impute or top-up
PI 689592,1,1,2.0,2.0,SAMN31504555,ILLUMINA,PRJNA894503,cultivar,GEMS_0288,15.0,16.0,Cultivar,Maize.GEM.Group1.All-GEM-Releases,GEMS-0288,(GEMS-0147/GEMS-0115)-B-002-001-001-B,USA,3.0,False,33.2,low depth - impute or top-up
PI 685959,1,1,2.0,2.0,SAMN31504534,ILLUMINA,PRJNA894503,cultivar,GEMN_0266,15.0,15.0,Cultivar,Maize.GEM.Group1.All-GEM-Releases,GEMN-0266,NEI9008:N0826(GEMN-0155)-B-074-B-B,USA,3.0,False,33.2,low depth - impute or top-up
PI 685917,1,1,2.0,2.0,SAMN31504492,ILLUMINA,PRJNA894503,cultivar,GEMS_0224,15.0,16.0,Cultivar,Maize.GEM.Group1.All-GEM-Releases,GEMS-0224,BG070404:D27S42-B-014,USA,3.0,False,33.2,low depth - impute or top-up
PI 690617,1,1,2.0,2.0,SAMN17776935,ILLUMINA,PRJNA684330,cultivar,CML337,15.0,16.0,Breeding material,Maize.Group.Ames.Panel.2010,CML 337,(TL8645)/(P47/MP78-518)-B-24-1-3-2-1-2-B,MEX,3.0,False,33.2,low depth - impute or top-up
PI 692838,1,1,2.0,2.0,SAMN31504564,ILLUMINA,PRJNA894503,cultivar,GEMS_0297,15.0,15.0,Cultivar,Maize.GEM.Group1.All-GEM-Releases,GEMS-0297,(GEMS-0115/GEMS-0222)-B-B-033-001,USA,3.0,False,33.2,low depth - impute or top-up
PI 685976,1,1,1.9,1.9,SAMN31504551,ILLUMINA,PRJNA894503,cultivar,GEMS_0283,15.0,31.0,Cultivar,Maize.GEM.Group1.All-GEM-Releases,GEMS-0283,UR11002:S1409-068-001-001-SIB,USA,3.0,False,33.1,low depth - impute or top-up
PI 692840,1,1,1.9,1.9,SAMN31504566,ILLUMINA,PRJNA894503,cultivar,GEMS_0299,15.0,16.0,Cultivar,Maize.GEM.Group1.All-GEM-Releases,GEMS-0299,(H8431/((GEMS-0115/Mp717)/TZAR101))-SIB-B-005-001,USA,3.0,False,33.1,low depth - impute or top-up
PI 692839,1,1,1.9,1.9,SAMN31504565,ILLUMINA,PRJNA894503,cultivar,GEMS_0298,15.0,16.0,Cultivar,Maize.GEM.Group1.All-GEM-Releases,GEMS-0298,(GEMS-0219/GEMS-0227)-B-015-001,USA,3.0,False,33.1,low depth - impute or top-up
Ames 23440,1,1,0.3,0.3,SAMN14649584,ILLUMINA,PRJNA627044,sample_title,A495,18.0,21.0,Breeding material,Maize.Group.Ames.Panel.2010,A495,A163 X W283.  A163 derives from the cross (A2 X 47).  Both A2 and 47 derive from Minnesota 13.,USA,3.0,False,33.1,re-sequence
PI 685941,1,1,1.9,1.9,SAMN31504516,ILLUMINA,PRJNA894503,cultivar,GEMS_0248,15.0,29.0,Cultivar,Maize.GEM.Group1.All-GEM-Releases,GEMS-0248,AR16042:S2028-B-012-B-B,USA,3.0,False,33.1,low depth - impute or top-up
PI 685947,1,1,1.9,1.9,SAMN31504522,ILLUMINA,PRJNA894503,cultivar,GEMN_0254,15.0,15.0,Cultivar,Maize.GEM.Group1.All-GEM-Releases,GEMN-0254,FS8B(T):N11a-225-002,USA,3.0,False,33.1,low depth - impute or top-up
Ames 23447,1,1,0.3,0.3,SAMN14649598,ILLUMINA,PRJNA627044,sample_title,A509,18.0,21.0,Breeding material,Maize.Group.Ames.Panel.2010,A509,A78 X A109.  A78 is derived from the cross A48 X A50.  A48 and A50 are derived from Northwestern Dent.  A109 is derived from the cross A9 X A26.  A9 is derived from Minnesota #13.  A26 is derived from Osterland Yellow Dent.,USA,3.0,False,33.1,re-sequence
Ames 23441,1,1,0.2,0.2,SAMN14649586,ILLUMINA,PRJNA627044,sample_title,A497,18.0,22.0,Breeding material,Maize.Group.Ames.Panel.2010,A497,A163 X W283.  A163 derives from the cross (A2 X 47).  Both A2 and 47 derive from Minnesota 13.,USA,3.0,False,33.0,re-sequence
Ames 23415,1,1,0.2,0.2,SAMN14649384,ILLUMINA,PRJNA627044,sample_title,A295,18.0,21.0,Breeding material,Maize.Group.Ames.Panel.2010,A295,A344 X L317,USA,3.0,False,33.0,re-sequence
Ames 23436,1,1,0.2,0.2,SAMN14649538,ILLUMINA,PRJNA627044,sample_title,A449,18.0,36.0,Breeding material,Maize.Group.Ames.Panel.2010,A449,(A322 X POP) X A322(3),USA,3.0,False,33.0,re-sequence
Ames 23461,1,1,0.2,0.2,SAMN14649714,ILLUMINA,PRJNA627044,sample_title,A625,18.0,20.0,Breeding material,Maize.Group.Ames.Panel.2010,A625,,USA,3.0,False,33.0,re-sequence
Ames 23406,1,1,0.2,0.2,SAMN14649340,ILLUMINA,PRJNA627044,sample_title,A251,18.0,22.0,Breeding material,Maize.Group.Ames.Panel.2010,A251,A73 X Oh51A,USA,3.0,False,33.0,re-sequence
Ames 23465,1,1,0.2,0.2,SAMN14649718,ILLUMINA,PRJNA627044,sample_title,A629,18.0,31.0,Breeding material,Maize.Group.Ames.Panel.2010,A629,[(CV3 X Wf9) Wf9],USA,3.0,False,33.0,re-sequence
Ames 23399,1,1,0.2,0.2,SAMN14649290,ILLUMINA,PRJNA627044,sample_title,A201,18.0,20.0,Breeding material,Maize.Group.Ames.Panel.2010,A201,[(C11 X C23) C11(2)],USA,3.0,False,33.0,re-sequence
Ames 23400,1,1,0.2,0.2,SAMN14649292,ILLUMINA,PRJNA627044,sample_title,A203,18.0,22.0,Breeding material,Maize.Group.Ames.Panel.2010,A203,[(C11 X C23) C11(3)],USA,3.0,False,33.0,re-sequence
PI 685918,1,1,1.8,1.8,SAMN31504493,ILLUMINA,PRJNA894503,cultivar,GEMN_0225,15.0,16.0,Cultivar,Maize.Group.GEMs.Top.Releases,GEMN-0225,BR105:N16a16b-B-074,USA,3.0,False,32.9,low depth - impute or top-up
Ames 23453,1,1,0.3,0.3,SAMN14649674,ILLUMINA,PRJNA627044,sample_title,A585,25.0,71.0,Breeding material,Maize.Group.Ames.Panel.Post.2010,A585,,USA,2.0,False,32.9,re-sequence
PI 685969,1,1,1.8,1.8,SAMN31504544,ILLUMINA,PRJNA894503,cultivar,GEMS_0276,15.0,31.0,Cultivar,Maize.GEM.Group1.All-GEM-Releases,GEMS-0276,(53SS4/GEMS-0026)-SIB-B-003-001-SIB,USA,3.0,False,32.9,low depth - impute or top-up
PI 685967,1,1,1.8,1.8,SAMN31504541,ILLUMINA,PRJNA894503,cultivar,GEMS_0274,15.0,16.0,Cultivar,Maize.Group.GEMs.Top.Releases,GEMS-0274,(GEMS-0032xGEMS-0113)-B-004,USA,3.0,False,32.9,low depth - impute or top-up
PI 685919,1,1,1.8,1.8,SAMN31504494,ILLUMINA,PRJNA894503,cultivar,GEMS_0226,15.0,15.0,Cultivar,Maize.Group.GEMs.Top.Releases,GEMS-0226,BR106:S(LH132)(PHG39)-B-053-B-B-SIB-B,USA,3.0,False,32.9,low depth - impute or top-up
PI 641265,1,1,1.2,1.2,SAMN17776894,ILLUMINA,PRJNA684330,cultivar,TZEEI20,16.0,17.0,Breeding material,Maize.Group.Ames.Panel.2010,TZEEI 20,TZEE-W Pop X LDS6 (Set A) INB 44,NGA,3.0,False,32.9,low depth - impute or top-up
PI 685960,1,1,1.8,1.8,SAMN31504535,ILLUMINA,PRJNA894503,cultivar,GEMN_0267,15.0,15.0,Cultivar,Maize.GEM.Group1.All-GEM-Releases,GEMN-0267,NEI9008:N0826(GEMN-0155)-B-095-B-B,USA,3.0,False,32.9,low depth - impute or top-up
PI 535923,1,1,6.1,6.1,SAMN41221387,ILLUMINA,PRJNA1108025,sample_title,S90,7.0,10.0,Cultivar,Maize.Group.Ames.Panel.2010,S 90,,POL,3.0,False,32.9,call variants (moderate depth)
PI 685926,1,1,1.8,1.8,SAMN31504501,ILLUMINA,PRJNA894503,cultivar,GEMN_0233,15.0,15.0,Cultivar,Maize.GEM.Group1.All-GEM-Releases,GEMN-0233,CML329:N18-001-020-001,USA,3.0,False,32.9,low depth - impute or top-up
Ames 22018,1,1,5.6,5.6,SAMN09622446,ILLUMINA,PRJNA479960,sample_alias,C22,8.0,10.0,Cultivar,Maize.Group.Ames.Panel.2010,C22,Tendergold 23 outcross,USA,3.0,False,32.9,call variants (moderate depth)
PI 542937,1,1,0.7,0.7,SAMN14731408,ILLUMINA,PRJNA628111,cultivar,AB18,17.0,19.0,Breeding material,Maize.Group.Ames.Panel.2010,Ab18,NC7 X F6,USA,3.0,False,32.9,re-sequence
Ames 23404,1,1,0.1,0.1,SAMN14649312,ILLUMINA,PRJNA627044,sample_title,A223,18.0,23.0,Breeding material,Maize.Group.Ames.Panel.2010,A223,"[(C14 X A374) A374(3)]. Alternate in Schaefer & Bernardo [(A1 x A374) x A374(3)].  Gerdes, Behr, Coors & Tracey indicate C14 = A1.
",USA,3.0,False,32.8,re-sequence
Ames 23504,1,1,0.1,0.1,SAMN14649770,ILLUMINA,PRJNA627044,sample_title,A681,18.0,21.0,Breeding material,Maize.Group.Ames.Panel.2010,A681,[(A662 X B73) B73(3)],USA,3.0,False,32.8,re-sequence
Ames 23467,1,1,0.1,0.1,SAMN14649720,ILLUMINA,PRJNA627044,sample_title,A631,18.0,21.0,Breeding material,Maize.Group.Ames.Panel.2010,A631,[(A509 X Wf9) Wf9(3)],USA,3.0,False,32.8,re-sequence
PI 689799,1,1,1.7,1.7,SAMN31504562,ILLUMINA,PRJNA894503,cultivar,GEMS_0295,15.0,15.0,Cultivar,Maize.GEM.Group1.All-GEM-Releases,GEMS-0295,DKB830:S51-031-003,USA,3.0,False,32.8,low depth - impute or top-up
Ames 23407,1,1,0.1,0.1,SAMN14649346,ILLUMINA,PRJNA627044,sample_title,A257,18.0,22.0,Breeding material,Maize.Group.Ames.Panel.2010,A257,A73 X Os420,USA,3.0,False,32.8,re-sequence
Ames 23417,1,1,0.1,0.1,SAMN14649394,ILLUMINA,PRJNA627044,sample_title,A305,18.0,21.0,Breeding material,Maize.Group.Ames.Panel.2010,A305,C1 X H.  C1 is derived from Silver King.  H is derived from Reid Yellow Dent (Holberts).,USA,3.0,False,32.8,re-sequence
PI 685936,1,1,1.7,1.7,SAMN31504511,ILLUMINA,PRJNA894503,cultivar,GEMS_0243,15.0,15.0,Cultivar,Maize.Group.GEMs.Top.Releases,GEMS-0243,CML287:S15-024-003-B,USA,3.0,False,32.8,low depth - impute or top-up
PI 685943,1,1,1.7,1.7,SAMN31504518,ILLUMINA,PRJNA894503,cultivar,GEMS_0250,15.0,29.0,Cultivar,Maize.GEM.Group1.All-GEM-Releases,GEMS-0250,CL-G1703:S17c43-B-023-B-B,USA,3.0,False,32.8,low depth - impute or top-up
Ames 23421,1,1,0.1,0.1,SAMN14649410,ILLUMINA,PRJNA627044,sample_title,A321,18.0,21.0,Breeding material,Maize.Group.Ames.Panel.2010,A321,Related to III.A,USA,3.0,False,32.8,re-sequence
PI 685944,1,1,1.6,1.6,SAMN31504519,ILLUMINA,PRJNA894503,cultivar,GEMS_0251,15.0,29.0,Cultivar,Maize.GEM.Group1.All-GEM-Releases,GEMS-0251,CL-G1703:S17c43-B-026-B-B,USA,3.0,False,32.6,low depth - impute or top-up
PI 685971,1,1,1.6,1.6,SAMN31504546,ILLUMINA,PRJNA894503,cultivar,GEMS_0278,15.0,31.0,Cultivar,Maize.GEM.Group1.All-GEM-Releases,GEMS-0278,(GEMS-0115/S49w)-B-B-036-001-SIB,USA,3.0,False,32.6,low depth - impute or top-up
PI 685968,1,1,1.6,1.6,SAMN31504543,ILLUMINA,PRJNA894503,cultivar,GEMS_0275,15.0,31.0,Cultivar,Maize.GEM.Group1.All-GEM-Releases,GEMS-0275,((KO679Y/GEMS-0115)/GEMS-0162)-008-001-001-SIB,USA,3.0,False,32.6,low depth - impute or top-up
PI 685962,1,1,1.6,1.6,SAMN31504537,ILLUMINA,PRJNA894503,cultivar,GEMS_0269,15.0,15.0,Cultivar,Maize.GEM.Group1.All-GEM-Releases,GEMS-0269,NS1:S0852-B-054-B-B,USA,3.0,False,32.6,low depth - impute or top-up
PI 685927,1,1,1.6,1.6,SAMN31504502,ILLUMINA,PRJNA894503,cultivar,GEMS_0234,15.0,29.0,Cultivar,Maize.GEM.Group1.All-GEM-Releases,GEMS-0234,AR17026:S1648-B-030-B-B,USA,3.0,False,32.6,low depth - impute or top-up
PI 689797,1,1,1.5,1.5,SAMN31504560,ILLUMINA,PRJNA894503,cultivar,GEMS_0293,15.0,15.0,Cultivar,Maize.GEM.Group1.All-GEM-Releases,GEMS-0293,CML341:S42-B-124,USA,3.0,False,32.5,low depth - impute or top-up
Ames 23443,1,1,0.3,0.3,SAMN14649588,ILLUMINA,PRJNA627044,sample_title,A499,17.0,21.0,Breeding material,Maize.Group.Ames.Panel.2010,A499,,USA,3.0,False,32.3,re-sequence
PI 535925,1,1,6.3,6.3,SAMN41221396,ILLUMINA,PRJNA1108025,sample_title,S99,6.0,8.0,Cultivar,Maize.Group.Ames.Panel.2010,S 99,Autcross 72-75F,POL,3.0,False,32.3,call variants (moderate depth)
PI 685974,1,1,1.4,1.4,SAMN31504549,ILLUMINA,PRJNA894503,cultivar,GEMS_0281,15.0,31.0,Cultivar,Maize.GEM.Group1.All-GEM-Releases,GEMS-0281,BR52051:S172641-B-054-001-SIB,USA,3.0,False,32.3,low depth - impute or top-up
PI 689595,1,1,1.3,1.3,SAMN31504558,ILLUMINA,PRJNA894503,cultivar,GEMS_0291,15.0,16.0,Cultivar,Maize.GEM.Group1.All-GEM-Releases,GEMS-0291,Ki21:S(DJ7)(GEMS-0115)-B-051-002-B,USA,3.0,False,32.2,low depth - impute or top-up
Ames 23410,1,1,0.2,0.2,SAMN14649354,ILLUMINA,PRJNA627044,sample_title,A265,17.0,35.0,Breeding material,Maize.Group.Ames.Panel.2010,A265,[(B164 X H76) B164(2)],USA,3.0,False,32.2,re-sequence
PI 685925,1,1,1.3,1.3,SAMN31504500,ILLUMINA,PRJNA894503,cultivar,GEMN_0232,15.0,15.0,Cultivar,Maize.Group.GEMs.Top.Releases,GEMN-0232,SCR_Gp3:N14-028-003-B-002,USA,3.0,False,32.2,low depth - impute or top-up
Ames 23431,1,1,0.2,0.2,SAMN14649496,ILLUMINA,PRJNA627044,sample_title,A407,17.0,19.0,Breeding material,Maize.Group.Ames.Panel.2010,A407,,USA,3.0,False,32.2,re-sequence
PI 685929,1,1,1.3,1.3,SAMN31504504,ILLUMINA,PRJNA894503,cultivar,GEMN_0236,15.0,43.0,Cultivar,Maize.GEM.Group1.All-GEM-Releases,GEMN-0236,DK212T:N11a10-B-110-B-B,USA,3.0,False,32.2,low depth - impute or top-up
PI 685920,1,1,1.2,1.2,SAMN31504495,ILLUMINA,PRJNA894503,cultivar,GEMS_0227,15.0,16.0,Cultivar,Maize.Group.GEMs.Top.Releases,GEMS-0227,NEI9004:S2809-B-022,USA,3.0,False,32.0,low depth - impute or top-up
PI 685921,1,1,1.2,1.2,SAMN31504496,ILLUMINA,PRJNA894503,cultivar,GEMS_0228,15.0,16.0,Cultivar,Maize.GEM.Group1.All-GEM-Releases,GEMS-0228,NEI9004:S2809-B-025,USA,3.0,False,32.0,low depth - impute or top-up
PI 535921,1,1,5.5,5.5,SAMN41221362,ILLUMINA,PRJNA1108025,sample_title,S65,7.0,9.0,Cultivar,Maize.Group.Ames.Panel.2010,S 65,Open pollinated variety 'Wigor',POL,3.0,False,32.0,call variants (moderate depth)
PI 689594,1,1,1.1,1.1,SAMN31504557,ILLUMINA,PRJNA894503,cultivar,GEMS_0290,15.0,16.0,Cultivar,Maize.GEM.Group1.All-GEM-Releases,GEMS-0290,BR52051:S172641-B-050-001-B,USA,3.0,False,31.9,low depth - impute or top-up
PI 535926,1,1,5.2,5.2,SAMN41221414,ILLUMINA,PRJNA1108025,sample_title,S117,7.0,8.0,Cultivar,Maize.Group.Ames.Panel.2010,S 117,Autcross Europ. Mat.,POL,3.0,False,31.5,call variants (moderate depth)
Ames 34388,1,1,8.8,8.8,SAMN44075670,ILLUMINA,PRJNA1170466,cultivar,CML486,15.0,15.0,Cultivar,,CML 486,P45-C8-76-1-2-1-2-B,MEX,1.0,True,31.4,call variants (moderate depth)
PI 535906,1,1,5.0,5.0,SAMN41221353,ILLUMINA,PRJNA1108025,sample_title,S56,7.0,9.0,Cultivar,Maize.Group.Ames.Panel.2010,S 56,,POL,3.0,False,31.2,call variants (moderate depth)
PI 452256,3,4,15.2,23.299999999999997,SAMN13680463,ILLUMINA,PRJNA1170466;PRJNA565870;PRJNA597703,cultivar,Zi330,3.0,3.0,Breeding material,,Zi 330,OH43 X KeLi67,CHN,1.0,True,31.2,call variants now
PI 535920,1,1,5.5,5.5,SAMN41221360,ILLUMINA,PRJNA1108025,sample_title,S63,6.0,8.0,Cultivar,Maize.Group.Ames.Panel.2010,S 63,,POL,3.0,False,31.1,call variants (moderate depth)
Ames 34383,2,2,6.7,10.8,SAMN44075634,ILLUMINA,PRJNA1170466;PRJNA684330,cultivar,CML422,15.0,30.0,Cultivar,,CML 422,G17TSR-HS5-2-4-7-1-1-1-B,MEX,1.0,True,28.3,call variants (moderate depth)
PI 686031,1,1,1.1,1.1,SAMN14731406,ILLUMINA,PRJNA628111,cultivar,AB16,25.0,40.0,Breeding material,,Ab16,M14 x GT152,USA,1.0,False,28.1,low depth - impute or top-up
PI 550533,1,1,1.9,1.9,SAMN12770928,ILLUMINA,PRJNA565870,cultivar,MP_704,16.0,27.0,Breeding material,Maize.Group.Ames.Panel.Post.2010,Mp704,Cross between Mp496 and S2 from Republica Dominica Gpo. 1. Selfed for 8 generations.,USA,2.0,False,27.9,low depth - impute or top-up
Ames 2327,1,1,3.2,3.2,SAMN17776999,ILLUMINA,PRJNA684330,cultivar,Lai1029,6.0,7.0,Breeding material,Maize.Group.Ames.Panel.2010,Lai 1029,,CHN,3.0,False,27.7,low depth - impute or top-up
Ames 34384,1,1,5.7,5.7,SAMN44075612,ILLUMINA,PRJNA1170466,cultivar,CML438,15.0,15.0,Cultivar,,CML 438,SA4-C2-FS(21/26)-1-2-2-2-B,MEX,1.0,True,26.8,call variants (moderate depth)
Ames 34378,4,4,5.5,21.9,SAMN45410771,ILLUMINA,PRJNA1011459;PRJNA1123779;PRJNA1170466;PRJNA1196311,cultivar,CML312,15.0,15.0,Cultivar,,CML 312,S89500-F2-2-2-1-1-B,MEX,1.0,False,26.5,call variants (moderate depth)
Ames 2331,1,1,2.8,2.8,SAMN17776917,ILLUMINA,PRJNA684330,cultivar,Yellow3-4,5.0,6.0,Breeding material,Maize.Group.Ames.Panel.2010,Yellow 3-4,,CHN,3.0,False,26.3,low depth - impute or top-up
NSL 29304,1,1,3.1,3.1,SAMN17776987,ILLUMINA,PRJNA684330,cultivar,R216A,4.0,6.0,Breeding material,Maize.Group.Ames.Panel.2010,R216A,(M14 x Ht1A) BC3,USA,3.0,False,25.9,low depth - impute or top-up
PI 506257,1,1,1.4,1.4,SAMN12771009,ILLUMINA,PRJNA565870,cultivar,Tzi_28,7.0,7.0,Breeding material,Maize.Group.Ames.Panel.2010,Tzi 28,F44/RppSR,NGA,3.0,False,25.8,low depth - impute or top-up
PI 708161,5,5,4.7,22.299999999999997,SAMN09725929,ILLUMINA,PRJNA483084,ecotype,Tuxpeno,15.0,15.0,Landrace,,TUXPENO,,MEX,1.0,False,25.3,low depth - impute or top-up
PI 607523,1,1,0.2,0.2,SAMN14649752,ILLUMINA,PRJNA627044,sample_title,A663,8.0,9.0,Breeding material,Maize.Group.Ames.Panel.2010,A663,Developed from (A427 x Cuzco Blanco)A427(2).,USA,3.0,False,24.8,re-sequence
PI 685901,1,1,3.0,3.0,SAMN31504490,ILLUMINA,PRJNA894503,cultivar,GEMN_0204,2.0,2.0,Cultivar,Maize.GEM.Group1.All-GEM-Releases,GEMN-0204,FS8A(T):N1804-006-001-B-B-SIB,USA,3.0,False,24.1,low depth - impute or top-up
Ames 26253,1,1,2.3,2.3,SAMN31504475,ILLUMINA,PRJNA894503,cultivar,NEI_9004,3.0,3.0,Breeding material,Maize.Group.Ames.Panel.2010,NEI 9004,,THA,3.0,False,23.9,low depth - impute or top-up
PI 686035,1,1,0.6,0.6,SAMN14731413,ILLUMINA,PRJNA628111,cultivar,AB26,5.0,7.0,Breeding material,Maize.Group.Ames.Panel.2010,Ab26,GT175 X F6,USA,3.0,False,23.0,re-sequence
PI 491523,1,1,9.1,9.1,SAMN09622461,ILLUMINA,PRJNA479960,sample_alias,C39,4.0,4.0,Landrace,,C-39,,MAR,1.0,False,22.9,call variants (moderate depth)
PI 685922,1,1,2.5,2.5,SAMN31504497,ILLUMINA,PRJNA894503,cultivar,GEMN_0229,1.0,1.0,Cultivar,Maize.GEM.Group1.All-GEM-Releases,GEMN-0229,SANM126:N12(LH123)-B-033,USA,3.0,False,22.6,low depth - impute or top-up
Ames 23432,1,1,0.2,0.2,SAMN14649508,ILLUMINA,PRJNA627044,sample_title,A419,20.0,22.0,Breeding material,,A419,,USA,1.0,False,22.6,re-sequence
Ames 28817,6,6,2.5,13.6,SAMN09725887,ILLUMINA,PRJNA483084,ecotype,Araguito,14.0,14.0,Breeding material,,ARAGUITO,,VEN,1.0,False,21.2,low depth - impute or top-up
Ames 34381,1,1,2.6,2.6,SAMN17776909,ILLUMINA,PRJNA684330,cultivar,CML357,12.0,12.0,Cultivar,,CML 357,SA3-C4-FS(6/24)-1-2-2-5-B,MEX,1.0,False,19.7,low depth - impute or top-up
Ames 28398,1,4,8.2,8.2,SAMN00839417,ILLUMINA,,sample_alias,TIL25,,,,,,,,1.0,False,18.3,call variants (moderate depth)
Ames 34597,1,1,7.2,7.2,SAMN51199827,ILLUMINA,PRJNA1321128,sample_alias,W462,,,,,,,,1.0,False,16.8,call variants (moderate depth)
PI 535922,1,1,6.9,6.9,SAMN41221383,ILLUMINA,PRJNA1108025,sample_title,S86,,,,,,,,1.0,False,16.4,call variants (moderate depth)
PI 369440,1,1,6.8,6.8,SAMN41221324,ILLUMINA,PRJNA1108025,sample_title,S27,,,,,,,,1.0,False,16.2,call variants (moderate depth)
Ames 34483,1,1,6.8,6.8,SAMN09622436,ILLUMINA,PRJNA479960,sample_alias,C11,,,,,,,,1.0,False,16.2,call variants (moderate depth)
PI 535915,1,1,6.7,6.7,SAMN41221320,ILLUMINA,PRJNA1108025,sample_title,S23,,,,,,,,1.0,False,16.0,call variants (moderate depth)
PI 369444,1,1,6.3,6.3,SAMN41221380,ILLUMINA,PRJNA1108025,sample_title,S83,,,,,,,,1.0,False,15.4,call variants (moderate depth)
Ames 34520,1,1,6.2,6.2,SAMN44075607,ILLUMINA,PRJNA1170466,cultivar,CML246,,,,,,,,1.0,False,15.3,call variants (moderate depth)
PI 535903,1,1,5.4,5.4,SAMN41221323,ILLUMINA,PRJNA1108025,sample_title,S26,1.0,1.0,Cultivar,,S 26,H853/ American Hybrid,POL,1.0,False,14.9,call variants (moderate depth)
PI 535904,1,1,5.9,5.9,SAMN41221339,ILLUMINA,PRJNA1108025,sample_title,S42,,,,,,,,1.0,False,14.8,call variants (moderate depth)
Ames 34521,1,1,5.8,5.8,SAMN17776957,ILLUMINA,PRJNA684330,cultivar,CML339,,,,,,,,1.0,False,14.7,call variants (moderate depth)
Ames 28407,1,2,5.4,5.4,SAMN00839414,ILLUMINA,,sample_alias,TIL15,,,,,,,,1.0,False,14.1,call variants (moderate depth)
PI 535918,1,1,5.2,5.2,SAMN41221351,ILLUMINA,PRJNA1108025,sample_title,S54,,,,,,,,1.0,False,13.8,call variants (moderate depth)
Ames 32754,1,1,4.2,4.2,SAMN51333054,ILLUMINA,PRJNA1328383,sample_alias,W1600,,,,,,,,1.0,False,12.3,low depth - impute or top-up
Ames 34598,1,1,4.0,4.0,SAMN51199895,ILLUMINA,PRJNA1321128,sample_alias,W540,,,,,,,,1.0,False,12.0,low depth - impute or top-up
Ames 28404,1,2,3.7,3.7,SAMN00839410,ILLUMINA,,sample_alias,TIL10,,,,,,,,1.0,False,11.6,low depth - impute or top-up
Ames 34599,1,1,3.6,3.6,SAMN51199901,ILLUMINA,PRJNA1321128,sample_alias,W546,,,,,,,,1.0,False,11.4,low depth - impute or top-up
Ames 28406,1,3,3.6,3.6,SAMN00839413,ILLUMINA,,sample_alias,TIL14,,,,,,,,1.0,False,11.4,low depth - impute or top-up
Ames 32751,1,1,3.5,3.5,SAMN51199634,ILLUMINA,PRJNA1321128,sample_alias,W253,,,,,,,,1.0,False,11.2,low depth - impute or top-up
Ames 33962,1,1,3.4,3.4,SAMN51199731,ILLUMINA,PRJNA1321128,sample_alias,W355,,,,,,,,1.0,False,11.1,low depth - impute or top-up
Ames 32753,1,1,2.9,2.9,SAMN51199783,ILLUMINA,PRJNA1321128,sample_alias,W415,,,,,,,,1.0,False,10.4,low depth - impute or top-up
Ames 28408,1,3,2.7,2.7,SAMN00839415,ILLUMINA,,sample_alias,TIL16,,,,,,,,1.0,False,10.0,low depth - impute or top-up
Ames 28409,1,3,2.7,2.7,SAMN00839416,ILLUMINA,,sample_alias,TIL17,,,,,,,,1.0,False,10.0,low depth - impute or top-up
Ames 34478,1,1,2.6,2.6,SAMN14114218,ILLUMINA,PRJNA606801,isolate,AA8,,,,,,,,1.0,False,9.9,low depth - impute or top-up
Ames 34668,1,1,2.4,2.4,SAMN12770493,ILLUMINA,PRJNA565870,cultivar,N42,,,,,,,,1.0,False,9.6,low depth - impute or top-up
Ames 33963,1,1,2.4,2.4,SAMN51199784,ILLUMINA,PRJNA1321128,sample_alias,W416,,,,,,,,1.0,False,9.6,low depth - impute or top-up
Ames 34604,1,1,1.8,1.8,SAMN51200160,ILLUMINA,PRJNA1321128,sample_alias,W845,1.0,1.0,Cultivar,,W845,(CH9 x W59M),USA,1.0,False,9.5,low depth - impute or top-up
Ames 32749,1,1,2.3,2.3,SAMN51199623,ILLUMINA,PRJNA1321128,sample_alias,W240,,,,,,,,1.0,False,9.4,low depth - impute or top-up
Ames 32752,1,1,1.9,1.9,SAMN51199722,ILLUMINA,PRJNA1321128,sample_alias,W346,,,,,,,,1.0,False,8.8,low depth - impute or top-up
CSR 110,1,1,1.2,1.2,SAMN12770442,ILLUMINA,PRJNA565870,cultivar,N138,1.0,1.0,Breeding material,,N138,Developed by selection from B14/Oh43//B14,USA,1.0,False,8.6,low depth - impute or top-up
Ames 23390,1,1,0.2,0.2,SAMN14649114,ILLUMINA,PRJNA627044,sample_title,A25,,,,,,,,1.0,False,6.3,re-sequence
Ames 23412,1,1,0.1,0.1,SAMN14649356,ILLUMINA,PRJNA627044,sample_title,A267,,,,,,,,1.0,False,6.2,re-sequence
Ames 23416,1,1,0.1,0.1,SAMN14649386,ILLUMINA,PRJNA627044,sample_title,A297,,,,,,,,1.0,False,6.2,re-sequence
