sample,runs,bases,platform,strategies,studies,x_cov,accession,n_traits,in_snptools,collection,PLANT_NAME,matched
SAMD00884927,1,20974676950,OXFORD_NANOPORE,WGS,PRJDB20204,9.1,,,False,,,False
SAMD01398111,1,56246028600,ILLUMINA,WGS,PRJDB28151,24.5,,,False,,,False
SAMD01398112,1,61887955500,ILLUMINA,WGS,PRJDB28151,26.9,,,False,,,False
SAMD01662213,1,21547029600,ILLUMINA,WGS,PRJDB31761,9.4,,,False,,,False
SAMD01662214,1,20206525800,ILLUMINA,WGS,PRJDB31761,8.8,,,False,,,False
SAMD01662218,1,27050929800,ILLUMINA,WGS,PRJDB31761,11.8,,,False,,,False
SAMD01662219,1,18305301900,ILLUMINA,WGS,PRJDB31761,8.0,,,False,,,False
SAMD01662222,1,21786341700,ILLUMINA,WGS,PRJDB31761,9.5,,,False,,,False
SAMD01662223,1,21452195100,ILLUMINA,WGS,PRJDB31761,9.3,,,False,,,False
SAMD01662224,1,182362828800,ILLUMINA,WGS,PRJDB31761,79.3,,,False,,,False
SAMD01662225,1,20543621700,ILLUMINA,WGS,PRJDB31761,8.9,,,False,,,False
SAMD01662226,1,139026697800,ILLUMINA,WGS,PRJDB31761,60.4,,,False,,,False
SAMD01662227,1,15060669900,ILLUMINA,WGS,PRJDB31761,6.5,,,False,,,False
SAMD01662228,1,54933059400,ILLUMINA,WGS,PRJDB31761,23.9,,,False,,,False
SAMD01662230,1,42082690200,ILLUMINA,WGS,PRJDB31761,18.3,,,False,,,False
SAMD01662231,1,51652649100,ILLUMINA,WGS,PRJDB31761,22.5,,,False,,,False
SAMD01667530,1,13072975134,BGISEQ,WGS,PRJDB37009,5.7,,,False,,,False
SAMD01667531,1,19868347810,BGISEQ,WGS,PRJDB37009,8.6,,,False,,,False
SAMD01667532,1,13233193590,BGISEQ,WGS,PRJDB37009,5.8,,,False,,,False
SAMD01667533,1,15278402610,BGISEQ,WGS,PRJDB37009,6.6,,,False,,,False
SAMD01667534,1,19084203418,BGISEQ,WGS,PRJDB37009,8.3,,,False,,,False
SAMD01667535,1,22534129990,BGISEQ,WGS,PRJDB37009,9.8,,,False,,,False
SAMD01667536,1,11733249400,BGISEQ,WGS,PRJDB37009,5.1,,,False,,,False
SAMD01667539,1,27031381532,BGISEQ,WGS,PRJDB37009,11.8,,,False,,,False
SAMD01667540,1,23160314716,BGISEQ,WGS,PRJDB37009,10.1,,,False,,,False
SAMD01667541,1,17125216736,BGISEQ,WGS,PRJDB37009,7.4,,,False,,,False
SAMD01667546,1,17966935068,BGISEQ,WGS,PRJDB37009,7.8,,,False,,,False
SAMD01667550,1,11761148628,BGISEQ,WGS,PRJDB37009,5.1,,,False,,,False
SAMD01667551,1,11744053674,BGISEQ,WGS,PRJDB37009,5.1,,,False,,,False
SAMD01667552,1,11761597170,BGISEQ,WGS,PRJDB37009,5.1,,,False,,,False
SAMD01667555,1,11965710120,BGISEQ,WGS,PRJDB37009,5.2,,,False,,,False
SAMD01667558,1,12452980506,BGISEQ,WGS,PRJDB37009,5.4,,,False,,,False
SAMD01667559,1,14737051838,BGISEQ,WGS,PRJDB37009,6.4,,,False,,,False
SAMD01667560,1,13453086436,BGISEQ,WGS,PRJDB37009,5.8,,,False,,,False
SAMD01667562,1,12791644882,BGISEQ,WGS,PRJDB37009,5.6,,,False,,,False
SAMD01667563,1,13651720820,BGISEQ,WGS,PRJDB37009,5.9,,,False,,,False
SAMD01667565,1,11938671004,BGISEQ,WGS,PRJDB37009,5.2,,,False,,,False
SAMD01667566,1,12199018900,BGISEQ,WGS,PRJDB37009,5.3,,,False,,,False
SAMD01667568,1,16307696616,BGISEQ,WGS,PRJDB37009,7.1,,,False,,,False
SAMD01667569,1,12436426762,BGISEQ,WGS,PRJDB37009,5.4,,,False,,,False
SAMD01667570,1,12513286584,BGISEQ,WGS,PRJDB37009,5.4,,,False,,,False
SAMD01667571,1,13436979628,BGISEQ,WGS,PRJDB37009,5.8,,,False,,,False
SAMD01667572,1,19001500530,BGISEQ,WGS,PRJDB37009,8.3,,,False,,,False
SAMD01667573,1,22811734166,BGISEQ,WGS,PRJDB37009,9.9,,,False,,,False
SAMD01667574,1,12414978970,BGISEQ,WGS,PRJDB37009,5.4,,,False,,,False
SAMD01667575,1,26245453726,BGISEQ,WGS,PRJDB37009,11.4,,,False,,,False
SAMD01667576,1,25204131934,BGISEQ,WGS,PRJDB37009,11.0,,,False,,,False
SAMD01667577,1,21192344610,BGISEQ,WGS,PRJDB37009,9.2,,,False,,,False
SAMD01667578,1,17971373412,BGISEQ,WGS,PRJDB37009,7.8,,,False,,,False
SAMD01667579,1,16251180760,BGISEQ,WGS,PRJDB37009,7.1,,,False,,,False
SAMD01667580,1,20753604768,BGISEQ,WGS,PRJDB37009,9.0,,,False,,,False
SAMD01668548,1,69556198915,ILLUMINA,WGA,PRJDB36669,30.2,PI 550473,48.0,True,Maize.Set.Inbred.Diversity.282.Plus.NAM.Parents,B73,True
SAMD01668549,1,75269325756,ILLUMINA,WGA,PRJDB36669,32.7,PI 550473,48.0,True,Maize.Set.Inbred.Diversity.282.Plus.NAM.Parents,B73,True
SAMD01891751,1,15857170500,ILLUMINA,OTHER,PRJDB41169,6.9,,,False,,,False
SAMD01891752,1,22909877700,ILLUMINA,OTHER,PRJDB41169,10.0,,,False,,,False
SAMD01891753,1,23348303400,ILLUMINA,OTHER,PRJDB41169,10.2,,,False,,,False
SAMD01891754,1,25076932500,ILLUMINA,OTHER,PRJDB41169,10.9,,,False,,,False
SAMD01891755,1,24709117500,ILLUMINA,OTHER,PRJDB41169,10.7,,,False,,,False
SAMEA104032533,3,16663323446,ILLUMINA,WGS,PRJEB20529,7.2,,,False,,,False
SAMEA104032534,2,61303181998,ILLUMINA,WGS,PRJEB20529,26.7,,,False,,,False
SAMEA104032535,3,14269795310,ILLUMINA,WGS,PRJEB20529,6.2,,,False,,,False
SAMEA104032536,2,32394817972,ILLUMINA,WGS,PRJEB20529,14.1,,,False,,,False
SAMEA104032539,2,63215319856,ILLUMINA,WGS,PRJEB20529,27.5,,,False,,,False
SAMEA104032540,3,16099002094,ILLUMINA,WGS,PRJEB20529,7.0,,,False,,,False
SAMEA104032541,3,23193162842,ILLUMINA,WGS,PRJEB20529,10.1,,,False,,,False
SAMEA104032542,3,43210442836,ILLUMINA,WGS,PRJEB20529,18.8,,,False,,,False
SAMEA104032543,3,15878551840,ILLUMINA,WGS,PRJEB20529,6.9,,,False,,,False
SAMEA104032544,3,17159782030,ILLUMINA,WGS,PRJEB20529,7.5,,,False,,,False
SAMEA104032545,3,13822791226,ILLUMINA,WGS,PRJEB20529,6.0,,,False,,,False
SAMEA104032547,2,29028677448,ILLUMINA,WGS,PRJEB20529,12.6,,,False,,,False
SAMEA104032548,2,29095614592,ILLUMINA,WGS,PRJEB20529,12.7,,,False,,,False
SAMEA104032549,2,64783725828,ILLUMINA,WGS,PRJEB20529,28.2,,,False,,,False
SAMEA104032550,2,31329031228,ILLUMINA,WGS,PRJEB20529,13.6,,,False,,,False
SAMEA111374633,1,35761172317,ILLUMINA,WGS,PRJEB61159,15.5,,,False,,,False
SAMEA111374634,1,23484643119,ILLUMINA,WGS,PRJEB61159,10.2,,,False,,,False
SAMEA111374635,1,46331528922,ILLUMINA,WGS,PRJEB61159,20.1,,,False,,,False
SAMEA111391302,1,68061529500,ILLUMINA,WGS,PRJEB56265,29.6,,,False,,,False
SAMEA111391303,1,89525072400,ILLUMINA,WGS,PRJEB56265,38.9,,,False,,,False
SAMEA111391304,1,92502052600,ILLUMINA,WGS,PRJEB56265,40.2,,,False,,,False
SAMEA111396942,1,51144259800,ILLUMINA,WGS,PRJEB56295,22.2,,,False,,,False
SAMEA111396943,1,29861628600,ILLUMINA,WGS,PRJEB56295,13.0,,,False,,,False
SAMEA111396944,1,27618734700,ILLUMINA,WGS,PRJEB56295,12.0,,,False,,,False
SAMEA111396945,1,29000248200,ILLUMINA,WGS,PRJEB56295,12.6,PI 535902,26.0,False,Maize.Group.Ames.Panel.2010,S 25,True
SAMEA111396946,1,26093959200,ILLUMINA,WGS,PRJEB56295,11.3,,,False,,,False
SAMEA111396947,1,39514715700,ILLUMINA,WGS,PRJEB56295,17.2,,,False,,,False
SAMEA111396948,1,32246853600,ILLUMINA,WGS,PRJEB56295,14.0,,,False,,,False
SAMEA111396949,1,30883741800,ILLUMINA,WGS,PRJEB56295,13.4,,,False,,,False
SAMEA111404829,1,21138698078,ILLUMINA,WGS,PRJEB56320,9.2,,,False,,,False
SAMEA111404830,1,21315961206,ILLUMINA,WGS,PRJEB56320,9.3,,,False,,,False
SAMEA111404831,1,20399774746,ILLUMINA,WGS,PRJEB56320,8.9,PI 198892,30.0,False,Maize.Group.Ames.Panel.2010,4F-234 BX 4,True
SAMEA111404832,1,23639447734,ILLUMINA,WGS,PRJEB56320,10.3,PI 198897,45.0,False,Maize.Group.Ames.Panel.2010,4F-306 108,True
SAMEA111404833,1,21682687658,ILLUMINA,WGS,PRJEB56320,9.4,,,False,,,False
SAMEA111404834,1,24863683858,ILLUMINA,WGS,PRJEB56320,10.8,,,False,,,False
SAMEA111404835,1,22964950364,ILLUMINA,WGS,PRJEB56320,10.0,,,False,,,False
SAMEA111404836,1,20633603078,ILLUMINA,WGS,PRJEB56320,9.0,NSL 42873,27.0,True,Maize.Group.Ames.Panel.2010,A12,True
SAMEA111404837,1,21454948552,ILLUMINA,WGS,PRJEB56320,9.3,Ames 23389,17.0,True,Maize.Group.Ames.Panel.2010,A15,True
SAMEA111404838,1,22669510408,ILLUMINA,WGS,PRJEB56320,9.9,Ames 23396,27.0,True,Maize.Group.Ames.Panel.2010,A155,True
SAMEA111404839,1,21929179152,ILLUMINA,WGS,PRJEB56320,9.5,NSL 42878,29.0,True,Maize.Group.Ames.Panel.2010,A171,True
SAMEA111404840,1,24303235882,ILLUMINA,WGS,PRJEB56320,10.6,Ames 23425,18.0,True,Maize.Group.Ames.Panel.2010,A344,True
SAMEA111404841,1,24371506908,ILLUMINA,WGS,PRJEB56320,10.6,PI 692202,27.0,True,Maize.Iowa.Stiff.Stalk.Inbreds,A3G-3-3-1-313,True
SAMEA111404842,1,21826735014,ILLUMINA,WGS,PRJEB56320,9.5,PI 221773,19.0,False,Maize.Group.Ames.Panel.2010,A415-1-3 INBRED,True
SAMEA111404843,1,25066307134,ILLUMINA,WGS,PRJEB56320,10.9,Ames 23446,17.0,True,Maize.Group.Ames.Panel.2010,A508,True
SAMEA111404844,1,21193036636,ILLUMINA,WGS,PRJEB56320,9.2,Ames 23484,27.0,True,Maize.Group.Ames.Panel.2010,A651,True
SAMEA111404845,1,24771948036,ILLUMINA,WGS,PRJEB56320,10.8,PI 607522,19.0,True,Maize.Group.Ames.Panel.2010,A662,True
SAMEA111404846,1,24094528514,ILLUMINA,WGS,PRJEB56320,10.5,Ames 23497,28.0,True,Maize.Group.Ames.Panel.2010,A673,True
SAMEA111404847,1,24958526656,ILLUMINA,WGS,PRJEB56320,10.9,Ames 23393,18.0,True,Maize.Group.Ames.Panel.2010,A96,True
SAMEA111404848,1,21555820780,ILLUMINA,WGS,PRJEB56320,9.4,PI 692203,27.0,True,Maize.Iowa.Stiff.Stalk.Inbreds,AH83,True
SAMEA111404849,1,24672130694,ILLUMINA,WGS,PRJEB56320,10.7,PI 583356,29.0,True,Maize.Group.PVP,AM0776,True
SAMEA111404850,1,21680340514,ILLUMINA,WGS,PRJEB56320,9.4,PI 561522,19.0,True,Maize.Group.Ames.Panel.2010,AR228,True
SAMEA111404851,1,20933238116,ILLUMINA,WGS,PRJEB56320,9.1,PI 564852,22.0,True,Maize.Group.Ames.Panel.2010,B101,True
SAMEA111404852,1,21317826660,ILLUMINA,WGS,PRJEB56320,9.3,PI 594049,24.0,True,Maize.Group.Ames.Panel.2010,B106,True
SAMEA111404853,1,21825172466,ILLUMINA,WGS,PRJEB56320,9.5,,,False,,,False
SAMEA111404854,1,20175394786,ILLUMINA,WGS,PRJEB56320,8.8,PI 603939,28.0,True,Maize.Group.Ames.Panel.2010,B42,True
SAMEA111404855,1,22667184706,ILLUMINA,WGS,PRJEB56320,9.9,PI 550470,28.0,True,Maize.Group.Ames.Panel.2010,B54,True
SAMEA111404856,1,20055136876,ILLUMINA,WGS,PRJEB56320,8.7,PI 527699,12.0,True,Maize.Group.Ames.Panel.2010,B90,True
SAMEA111404857,1,23000965978,ILLUMINA,WGS,PRJEB56320,10.0,PI 527700,13.0,True,Maize.Group.Ames.Panel.2010,B91,True
SAMEA111404858,1,21254622288,ILLUMINA,WGS,PRJEB56320,9.2,PI 584528,23.0,True,Maize.Group.Ames.Panel.2010,B99,True
SAMEA111404859,1,21584584468,ILLUMINA,WGS,PRJEB56320,9.4,,,False,,,False
SAMEA111404860,1,20900699428,ILLUMINA,WGS,PRJEB56320,9.1,NSL 22983,28.0,True,Maize.Group.Ames.Panel.2010,C102,True
SAMEA111404861,1,22902026248,ILLUMINA,WGS,PRJEB56320,10.0,Ames 22016,20.0,True,Maize.Group.Ames.Panel.2010,C15,True
SAMEA111404862,1,20873254272,ILLUMINA,WGS,PRJEB56320,9.1,Ames 23507,30.0,True,Maize.Group.Ames.Panel.2010,C42,True
SAMEA111404863,1,25459897090,ILLUMINA,WGS,PRJEB56320,11.1,Ames 22023,9.0,True,Maize.Group.Ames.Panel.2010,C68,True
SAMEA111404864,1,21698504304,ILLUMINA,WGS,PRJEB56320,9.4,Ames 24585,26.0,True,Maize.Group.Ames.Panel.2010,CG10,True
SAMEA111404865,1,25574656788,ILLUMINA,WGS,PRJEB56320,11.1,PI 427111,8.0,False,Maize.Group.Ames.Panel.2010,Chi-tan 120,True
SAMEA111404866,1,25676185262,ILLUMINA,WGS,PRJEB56320,11.2,PI 694078,28.0,False,Maize.Group.Ames.Panel.2010,C.I. 40h,True
SAMEA111404867,1,20912253948,ILLUMINA,WGS,PRJEB56320,9.1,PI 151090,28.0,False,Maize.Iowa.Stiff.Stalk.Inbreds,CI 540,True
SAMEA111404868,1,22242399962,ILLUMINA,WGS,PRJEB56320,9.7,PI 694097,29.0,False,Maize.Group.Ames.Panel.2010,CI 90C,True
SAMEA111404869,1,21101247360,ILLUMINA,WGS,PRJEB56320,9.2,PI 694098,28.0,False,Maize.Group.Ames.Panel.2010,C.I. 91b,True
SAMEA111404870,1,24515633388,ILLUMINA,WGS,PRJEB56320,10.7,Ames 27024,27.0,True,Maize.Group.Ames.Panel.2010,CL17,True
SAMEA111404871,1,20808874516,ILLUMINA,WGS,PRJEB56320,9.0,Ames 27029,26.0,True,Maize.Group.Ames.Panel.2010,CL27,True
SAMEA111404872,1,23872050248,ILLUMINA,WGS,PRJEB56320,10.4,Ames 22747,30.0,True,Maize.Group.Ames.Panel.2010,CM48,True
SAMEA111404873,1,23628598686,ILLUMINA,WGS,PRJEB56320,10.3,Ames 27031,27.0,True,Maize.Group.Ames.Panel.2010,CM99,True
SAMEA111404874,1,21938240662,ILLUMINA,WGS,PRJEB56320,9.5,PI 690627,15.0,False,Maize.Group.Ames.Panel.2010,CML 395,True
SAMEA111404875,1,25023318340,ILLUMINA,WGS,PRJEB56320,10.9,Ames 27039,26.0,True,Maize.Group.Ames.Panel.2010,CO117,True
SAMEA111404876,1,24513318860,ILLUMINA,WGS,PRJEB56320,10.7,Ames 27042,26.0,True,Maize.Group.Ames.Panel.2010,CO158,True
SAMEA111404877,1,21439522392,ILLUMINA,WGS,PRJEB56320,9.3,Ames 27043,27.0,True,Maize.Group.Ames.Panel.2010,CO192,True
SAMEA111404878,1,22600016584,ILLUMINA,WGS,PRJEB56320,9.8,Ames 27044,27.0,True,Maize.Group.Ames.Panel.2010,CO216,True
SAMEA111404879,1,24673428388,ILLUMINA,WGS,PRJEB56320,10.7,Ames 27046,28.0,True,Maize.Group.Ames.Panel.2010,CO236,True
SAMEA111404880,1,24821058974,ILLUMINA,WGS,PRJEB56320,10.8,Ames 27047,26.0,True,Maize.Group.Ames.Panel.2010,CO237,True
SAMEA111404881,1,23737865608,ILLUMINA,WGS,PRJEB56320,10.3,Ames 27048,27.0,True,Maize.Group.Ames.Panel.2010,CO245,True
SAMEA111404882,1,21960341324,ILLUMINA,WGS,PRJEB56320,9.5,Ames 27051,28.0,True,Maize.Group.Ames.Panel.2010,CO256,True
SAMEA111404883,1,20723047324,ILLUMINA,WGS,PRJEB56320,9.0,PI 566939,27.0,True,Maize.Group.PVP,CQ806,True
SAMEA111404884,1,24355996490,ILLUMINA,WGS,PRJEB56320,10.6,PI 560316,29.0,True,Maize.Group.PVP,CS608,True
SAMEA111404885,1,22917649010,ILLUMINA,WGS,PRJEB56320,10.0,Ames 27057,26.0,True,Maize.Group.Ames.Panel.2010,CSJ3,True
SAMEA111404886,1,21469106312,ILLUMINA,WGS,PRJEB56320,9.3,,,False,,,False
SAMEA111404887,1,22758981230,ILLUMINA,WGS,PRJEB56320,9.9,,,False,,,False
SAMEA111404888,1,21185543714,ILLUMINA,WGS,PRJEB56320,9.2,,,False,,,False
SAMEA111404889,1,20721752348,ILLUMINA,WGS,PRJEB56320,9.0,,,False,,,False
SAMEA111404890,1,25215719822,ILLUMINA,WGS,PRJEB56320,11.0,,,False,,,False
SAMEA111404891,1,21506333550,ILLUMINA,WGS,PRJEB56320,9.4,,,False,,,False
SAMEA111404892,1,24023232052,ILLUMINA,WGS,PRJEB56320,10.4,,,False,,,False
SAMEA111404893,1,21436314246,ILLUMINA,WGS,PRJEB56320,9.3,,,False,,,False
SAMEA111404894,1,22222740668,ILLUMINA,WGS,PRJEB56320,9.7,,,False,,,False
SAMEA111404895,1,23929216734,ILLUMINA,WGS,PRJEB56320,10.4,,,False,,,False
SAMEA111404896,1,25708815456,ILLUMINA,WGS,PRJEB56320,11.2,,,False,,,False
SAMEA111404897,1,21098741364,ILLUMINA,WGS,PRJEB56320,9.2,PI 427109,20.0,False,Maize.Group.Ames.Panel.2010,Eng-li Chih,True
SAMEA111404898,1,23916738396,ILLUMINA,WGS,PRJEB56320,10.4,PI 257513,43.0,True,Maize.Group.Ames.Panel.2010,F115,True
SAMEA111404899,1,20579249420,ILLUMINA,WGS,PRJEB56320,8.9,,,False,,,False
SAMEA111404900,1,24384013332,ILLUMINA,WGS,PRJEB56320,10.6,,,False,,,False
SAMEA111404901,1,21080687502,ILLUMINA,WGS,PRJEB56320,9.2,,,False,,,False
SAMEA111404902,1,22249492734,ILLUMINA,WGS,PRJEB56320,9.7,,,False,,,False
SAMEA111404903,1,24132743292,ILLUMINA,WGS,PRJEB56320,10.5,PI 700950,20.0,True,,GE129,True
SAMEA111404904,1,24023365838,ILLUMINA,WGS,PRJEB56320,10.4,PI 700948,16.0,True,,GE54,True
SAMEA111404905,1,23474303866,ILLUMINA,WGS,PRJEB56320,10.2,PI 698994,27.0,False,Maize.Group.Ames.Panel.2010,H122w,True
SAMEA111404906,1,23632706490,ILLUMINA,WGS,PRJEB56320,10.3,PI 698996,27.0,False,Maize.Group.Ames.Panel.2010,H124w,True
SAMEA111404907,1,24539234386,ILLUMINA,WGS,PRJEB56320,10.7,PI 698954,28.0,True,Maize.Group.Ames.Panel.2010,H14,True
SAMEA111404908,1,25094676410,ILLUMINA,WGS,PRJEB56320,10.9,PI 698972,27.0,True,Maize.Group.Ames.Panel.2010,H52,True
SAMEA111404909,1,21342136754,ILLUMINA,WGS,PRJEB56320,9.3,PI 593008,19.0,False,Maize.Group.Ames.Panel.2010,Hi26,True
SAMEA111404910,1,20750495802,ILLUMINA,WGS,PRJEB56320,9.0,PI 593010,20.0,False,Maize.Group.Ames.Panel.2010,Hi28,True
SAMEA111404911,1,24199396202,ILLUMINA,WGS,PRJEB56320,10.5,Ames 24589,18.0,True,Maize.Group.Ames.Panel.2010,I159,True
SAMEA111404912,1,22282715452,ILLUMINA,WGS,PRJEB56320,9.7,Ames 22030,9.0,False,Maize.Group.Ames.Panel.2010,Ia453,True
SAMEA111404913,1,22997054474,ILLUMINA,WGS,PRJEB56320,10.0,Ames 27117,17.0,False,Maize.Group.Ames.Panel.2010,Ia5125B,True
SAMEA111404914,1,24467625354,ILLUMINA,WGS,PRJEB56320,10.6,PI 559380,28.0,False,Maize.Group.PVP,ICI 193,True
SAMEA111404915,1,23918969874,ILLUMINA,WGS,PRJEB56320,10.4,PI 559381,30.0,False,Maize.Group.PVP,ICI 441,True
SAMEA111404916,1,25466497904,ILLUMINA,WGS,PRJEB56320,11.1,PI 559382,29.0,False,Maize.Group.PVP,ICI 740,True
SAMEA111404917,1,25697371166,ILLUMINA,WGS,PRJEB56320,11.2,PI 559383,29.0,False,Maize.Group.PVP,ICI 893,True
SAMEA111404918,1,23564255472,ILLUMINA,WGS,PRJEB56320,10.2,PI 559384,30.0,False,Maize.Group.PVP,ICI 986,True
SAMEA111404919,1,22035039816,ILLUMINA,WGS,PRJEB56320,9.6,PI 693367,31.0,True,Maize.Set.Inbred.Diversity.282.Plus.NAM.Parents,IL101T,True
SAMEA111404920,1,21178106964,ILLUMINA,WGS,PRJEB56320,9.2,PI 706561,27.0,False,Maize.Group.Ames.Panel.2010,IL 778d,True
SAMEA111404921,1,25746794070,ILLUMINA,WGS,PRJEB56320,11.2,,,False,,,False
SAMEA111404922,1,23695620640,ILLUMINA,WGS,PRJEB56320,10.3,,,False,,,False
SAMEA111404923,1,20327744122,ILLUMINA,WGS,PRJEB56320,8.8,,,False,,,False
SAMEA111404924,1,22480262108,ILLUMINA,WGS,PRJEB56320,9.8,,,False,,,False
SAMEA111404925,1,22878048656,ILLUMINA,WGS,PRJEB56320,9.9,,,False,,,False
SAMEA111404926,1,25849864556,ILLUMINA,WGS,PRJEB56320,11.2,,,False,,,False
SAMEA111404927,1,22254473922,ILLUMINA,WGS,PRJEB56320,9.7,,,False,,,False
SAMEA111404928,1,23579013910,ILLUMINA,WGS,PRJEB56320,10.3,PI 706570,20.0,True,Maize.Group.Ames.Panel.2010,K155,True
SAMEA111404929,1,20172853758,ILLUMINA,WGS,PRJEB56320,8.8,PI 706569,28.0,True,Maize.Group.Ames.Panel.2010,K201,True
SAMEA111404930,1,20845242866,ILLUMINA,WGS,PRJEB56320,9.1,PI 591017,28.0,True,Maize.Group.Ames.Panel.2010,KO679Y,True
SAMEA111404931,1,23553787246,ILLUMINA,WGS,PRJEB56320,10.2,PI 550695,29.0,False,Maize.Group.PVP,L 155,True
SAMEA111404932,1,20196261778,ILLUMINA,WGS,PRJEB56320,8.8,PI 584325,27.0,True,Maize.Group.PVP,L222,True
SAMEA111404933,1,22983758018,ILLUMINA,WGS,PRJEB56320,10.0,NSL 65872,19.0,False,Maize.Group.Ames.Panel.2010,L 289,True
SAMEA111404934,1,20052528804,ILLUMINA,WGS,PRJEB56320,8.7,PI 562377,28.0,True,Maize.Group.PVP,LH159,True
SAMEA111404935,1,20944959944,ILLUMINA,WGS,PRJEB56320,9.1,PI 538008,29.0,True,Maize.Group.PVP,LH163,True
SAMEA111404936,1,23304763482,ILLUMINA,WGS,PRJEB56320,10.1,PI 555659,29.0,True,Maize.Group.PVP,LH164,True
SAMEA111404937,1,21482400956,ILLUMINA,WGS,PRJEB56320,9.3,PI 564543,29.0,True,Maize.Group.PVP,LH167,True
SAMEA111404938,1,20160206904,ILLUMINA,WGS,PRJEB56320,8.8,PI 576170,27.0,False,Maize.Group.PVP,LH169Ht,True
SAMEA111404939,1,20391591452,ILLUMINA,WGS,PRJEB56320,8.9,PI 583872,28.0,True,Maize.Group.PVP,LH175,True
SAMEA111404940,1,20104551324,ILLUMINA,WGS,PRJEB56320,8.7,PI 564755,29.0,True,Maize.Group.PVP,LH183,True
SAMEA111404941,1,25227197332,ILLUMINA,WGS,PRJEB56320,11.0,PI 576172,28.0,True,Maize.Group.PVP,LH186,True
SAMEA111404942,1,25947997342,ILLUMINA,WGS,PRJEB56320,11.3,PI 585224,28.0,True,Maize.Group.PVP,LH188,True
SAMEA111404943,1,25814702998,ILLUMINA,WGS,PRJEB56320,11.2,,,False,,,False
SAMEA111404944,1,24970888120,ILLUMINA,WGS,PRJEB56320,10.9,PI 537100,30.0,True,Maize.Group.PVP,LH210,True
SAMEA111404945,1,20362495866,ILLUMINA,WGS,PRJEB56320,8.9,PI 547089,29.0,True,Maize.Group.PVP,LH212Ht,True
SAMEA111404946,1,20412407708,ILLUMINA,WGS,PRJEB56320,8.9,PI 564540,29.0,True,Maize.Group.PVP,LH217,True
SAMEA111404947,1,22473104708,ILLUMINA,WGS,PRJEB56320,9.8,PI 574390,29.0,True,Maize.Group.PVP,LH218,True
SAMEA111404948,1,20277337302,ILLUMINA,WGS,PRJEB56320,8.8,PI 574391,28.0,True,Maize.Group.PVP,LH225,True
SAMEA111404949,1,20833783174,ILLUMINA,WGS,PRJEB56320,9.1,PI 585226,28.0,True,Maize.Group.PVP,LH231,True
SAMEA111404950,1,20992439780,ILLUMINA,WGS,PRJEB56320,9.1,PI 583874,28.0,True,Maize.Group.PVP,LH250,True
SAMEA111404951,1,24903233778,ILLUMINA,WGS,PRJEB56320,10.8,PI 585227,28.0,True,Maize.Group.PVP,LH252,True
SAMEA111404952,1,20087169714,ILLUMINA,WGS,PRJEB56320,8.7,PI 585228,28.0,True,Maize.Group.PVP,LH260,True
SAMEA111404953,1,22899847318,ILLUMINA,WGS,PRJEB56320,10.0,PI 602590,27.0,True,Maize.Group.PVP,LH284,True
SAMEA111404954,1,24613517024,ILLUMINA,WGS,PRJEB56320,10.7,PI 642029,26.0,True,Maize.Group.PVP,LH299,True
SAMEA111404955,1,21731206374,ILLUMINA,WGS,PRJEB56320,9.4,PI 600729,35.0,False,Maize.Group.PVP,LP1 NR HT,True
SAMEA111404956,1,20845654190,ILLUMINA,WGS,PRJEB56320,9.1,PI 558529,9.0,False,Maize.Group.Ames.Panel.2010,Mo13,True
SAMEA111404957,1,20461558510,ILLUMINA,WGS,PRJEB56320,8.9,PI 558518,16.0,False,Maize.Group.Ames.Panel.2010,Mo15W,True
SAMEA111404958,1,25631803644,ILLUMINA,WGS,PRJEB56320,11.1,PI 558531,16.0,False,Maize.Group.Ames.Panel.2010,Mo16W,True
SAMEA111404959,1,20914702866,ILLUMINA,WGS,PRJEB56320,9.1,Ames 20116,29.0,False,Maize.Group.Ames.Panel.2010,Mo23W,True
SAMEA111404960,1,21207031014,ILLUMINA,WGS,PRJEB56320,9.2,Ames 28928,28.0,False,Maize.Group.Ames.Panel.2010,Mo28W,True
SAMEA111404961,1,23512076818,ILLUMINA,WGS,PRJEB56320,10.2,,,False,,,False
SAMEA111404962,1,20814421652,ILLUMINA,WGS,PRJEB56320,9.0,PI 558522,8.0,False,Maize.Group.Ames.Panel.2010,Mo3,True
SAMEA111404963,1,20973180938,ILLUMINA,WGS,PRJEB56320,9.1,Ames 28937,24.0,False,Maize.Group.Ames.Panel.2010,Mo39,True
SAMEA111404964,1,25863603744,ILLUMINA,WGS,PRJEB56320,11.2,PI 558523,9.0,False,Maize.Group.Ames.Panel.2010,Mo5,True
SAMEA111404965,1,20367637114,ILLUMINA,WGS,PRJEB56320,8.9,PI 558516,9.0,False,Maize.Group.Ames.Panel.2010,Mo7,True
SAMEA111404966,1,22033521662,ILLUMINA,WGS,PRJEB56320,9.6,Ames 24727,19.0,True,Maize.Group.Ames.Panel.2010,MS106,True
SAMEA111404967,1,21223960832,ILLUMINA,WGS,PRJEB56320,9.2,Ames 24706,18.0,True,Maize.Group.Ames.Panel.2010,MS12,True
SAMEA111404968,1,24332874464,ILLUMINA,WGS,PRJEB56320,10.6,Ames 24733,19.0,True,Maize.Group.Ames.Panel.2010,MS142,True
SAMEA111404969,1,24464159602,ILLUMINA,WGS,PRJEB56320,10.6,Ames 24747,19.0,True,Maize.Group.Ames.Panel.2010,MS222,True
SAMEA111404970,1,20759587814,ILLUMINA,WGS,PRJEB56320,9.0,Ames 24748,19.0,True,Maize.Group.Ames.Panel.2010,MS223,True
SAMEA111404971,1,25706864838,ILLUMINA,WGS,PRJEB56320,11.2,PI 568158,6.0,True,Maize.Group.Ames.Panel.2010,N199,True
SAMEA111404972,1,20320685476,ILLUMINA,WGS,PRJEB56320,8.8,PI 596355,29.0,True,Maize.Group.Ames.Panel.2010,N216,True
SAMEA111404973,1,21350253004,ILLUMINA,WGS,PRJEB56320,9.3,PI 594080,29.0,True,Maize.Group.Ames.Panel.2010,N534,True
SAMEA111404974,1,24677886512,ILLUMINA,WGS,PRJEB56320,10.7,PI 594084,29.0,True,Maize.Group.Ames.Panel.2010,N538,True
SAMEA111404975,1,23474409868,ILLUMINA,WGS,PRJEB56320,10.2,PI 594086,29.0,True,Maize.Group.Ames.Panel.2010,N540,True
SAMEA111404976,1,24456452562,ILLUMINA,WGS,PRJEB56320,10.6,PI 594091,29.0,True,Maize.Group.Ames.Panel.2010,N545,True
SAMEA111404977,1,23443996354,ILLUMINA,WGS,PRJEB56320,10.2,PI 690361,19.0,True,Maize.Group.Ames.Panel.2010,NC13,True
SAMEA111404978,1,21155015742,ILLUMINA,WGS,PRJEB56320,9.2,NSL 32723,29.0,True,Maize.Group.Ames.Panel.2010,ND1,True
SAMEA111404979,1,20447893010,ILLUMINA,WGS,PRJEB56320,8.9,NSL 32726,28.0,True,Maize.Group.Ames.Panel.2010,ND167,True
SAMEA111404980,1,23827471726,ILLUMINA,WGS,PRJEB56320,10.4,PI 700795,29.0,True,Maize.Group.Ames.Panel.2010,ND230,True
SAMEA111404981,1,20534899814,ILLUMINA,WGS,PRJEB56320,8.9,PI 550489,30.0,True,Maize.Group.Ames.Panel.2010,ND245,True
SAMEA111404982,1,22501320266,ILLUMINA,WGS,PRJEB56320,9.8,PI 550530,28.0,True,Maize.Group.Ames.Panel.2010,ND249,True
SAMEA111404983,1,20095188720,ILLUMINA,WGS,PRJEB56320,8.7,PI 550532,30.0,True,Maize.Group.Ames.Panel.2010,ND251,True
SAMEA111404984,1,21621173278,ILLUMINA,WGS,PRJEB56320,9.4,PI 550573,28.0,True,Maize.Group.Ames.Panel.2010,ND260,True
SAMEA111404985,1,20643489652,ILLUMINA,WGS,PRJEB56320,9.0,PI 522250,29.0,True,Maize.Group.Ames.Panel.2010,ND262,True
SAMEA111404986,1,25722726482,ILLUMINA,WGS,PRJEB56320,11.2,NSL 32738,28.0,True,Maize.Group.Ames.Panel.2010,ND283,True
SAMEA111404987,1,23577586054,ILLUMINA,WGS,PRJEB56320,10.3,PI 602956,26.0,True,Maize.Group.PVP,ND287,True
SAMEA111404988,1,23023969922,ILLUMINA,WGS,PRJEB56320,10.0,,,False,,,False
SAMEA111404989,1,21742864480,ILLUMINA,WGS,PRJEB56320,9.5,,,False,,,False
SAMEA111404990,1,24767427700,ILLUMINA,WGS,PRJEB56320,10.8,,,False,,,False
SAMEA111404991,1,21762988552,ILLUMINA,WGS,PRJEB56320,9.5,,,False,,,False
SAMEA111404992,1,20828683904,ILLUMINA,WGS,PRJEB56320,9.1,PI 303924,28.0,False,Maize.Group.Ames.Panel.2010,NO. 380,True
SAMEA111404993,1,20362616666,ILLUMINA,WGS,PRJEB56320,8.9,Ames 2328,19.0,False,Maize.Group.Ames.Panel.2010,North 7,True
SAMEA111404994,1,24574446076,ILLUMINA,WGS,PRJEB56320,10.7,PI 542716,7.0,True,Maize.Group.Ames.Panel.2010,NP87,True
SAMEA111404995,1,22317073690,ILLUMINA,WGS,PRJEB56320,9.7,PI 566940,27.0,True,Maize.Group.PVP,NQ402,True
SAMEA111404996,1,20053627480,ILLUMINA,WGS,PRJEB56320,8.7,PI 200182,24.0,False,Maize.Group.Ames.Panel.2010,NY 159 (Neveh Yaar),True
SAMEA111404997,1,21640155790,ILLUMINA,WGS,PRJEB56320,9.4,,,False,,,False
SAMEA111404998,1,22994882188,ILLUMINA,WGS,PRJEB56320,10.0,PI 692198,27.0,False,Maize.Iowa.Stiff.Stalk.Inbreds,Oh 3167B,True
SAMEA111404999,1,25715299396,ILLUMINA,WGS,PRJEB56320,11.2,PI 559919,29.0,True,Maize.Group.PVP,OQ101,True
SAMEA111405000,1,20930093692,ILLUMINA,WGS,PRJEB56320,9.1,PI 583773,27.0,True,Maize.Group.PVP,OQ601,True
SAMEA111405001,1,25858124558,ILLUMINA,WGS,PRJEB56320,11.2,PI 151531,18.0,False,,Os426,True
SAMEA111405002,1,22575014608,ILLUMINA,WGS,PRJEB56320,9.8,PI 517968,18.0,False,Maize.Group.Ames.Panel.2010,Pa392,True
SAMEA111405003,1,20703657414,ILLUMINA,WGS,PRJEB56320,9.0,Ames 22757,18.0,False,Maize.Group.Ames.Panel.2010,Pa405,True
SAMEA111405004,1,20893439952,ILLUMINA,WGS,PRJEB56320,9.1,PI 517971,19.0,False,Maize.Group.Ames.Panel.2010,Pa468,True
SAMEA111405005,1,21030671470,ILLUMINA,WGS,PRJEB56320,9.1,PI 560081,19.0,False,Maize.Group.Ames.Panel.2010,Pa778,True
SAMEA111405006,1,23959035610,ILLUMINA,WGS,PRJEB56320,10.4,PI 531083,20.0,False,Maize.Group.Ames.Panel.2010,Pa891,True
SAMEA111405007,1,24363214290,ILLUMINA,WGS,PRJEB56320,10.6,PI 628348,26.0,True,Maize.Group.PVP,PH5HK,True
SAMEA111405008,1,20246484076,ILLUMINA,WGS,PRJEB56320,8.8,PI 565100,30.0,True,Maize.Group.PVP,PHAW6,True
SAMEA111405009,1,20016029688,ILLUMINA,WGS,PRJEB56320,8.7,PI 559937,28.0,True,Maize.Group.PVP,PHDD6,True
SAMEA111405010,1,20835391928,ILLUMINA,WGS,PRJEB56320,9.1,PI 578032,30.0,True,Maize.Group.PVP,PHEM7,True
SAMEA111405011,1,24356201850,ILLUMINA,WGS,PRJEB56320,10.6,PI 565101,30.0,True,Maize.Group.PVP,PHEM9,True
SAMEA111405012,1,21026533466,ILLUMINA,WGS,PRJEB56320,9.1,PI 565102,30.0,True,Maize.Group.PVP,PHEW7,True
SAMEA111405013,1,25403359972,ILLUMINA,WGS,PRJEB56320,11.0,PI 565103,30.0,True,Maize.Group.PVP,PHFA5,True
SAMEA111405014,1,20841278814,ILLUMINA,WGS,PRJEB56320,9.1,PI 559938,29.0,True,Maize.Group.PVP,PHGG7,True
SAMEA111405015,1,30265858952,ILLUMINA,WGS,PRJEB56320,13.2,PI 559939,29.0,True,Maize.Group.PVP,PHGV6,True
SAMEA111405016,1,21437590498,ILLUMINA,WGS,PRJEB56320,9.3,PI 578033,29.0,True,Maize.Group.PVP,PHHB4,True
SAMEA111405017,1,21190254310,ILLUMINA,WGS,PRJEB56320,9.2,PI 565104,30.0,True,Maize.Group.PVP,PHHB9,True
SAMEA111405018,1,33726168610,ILLUMINA,WGS,PRJEB56320,14.7,PI 543840,28.0,True,Maize.Group.PVP,PHJ65,True
SAMEA111405019,1,21847963802,ILLUMINA,WGS,PRJEB56320,9.5,PI 548799,29.0,True,Maize.Group.PVP,PHJ90,True
SAMEA111405020,1,20419595308,ILLUMINA,WGS,PRJEB56320,8.9,PI 559943,30.0,True,Maize.Group.PVP,PHN18,True
SAMEA111405021,1,25523400744,ILLUMINA,WGS,PRJEB56320,11.1,PI 565109,29.0,True,Maize.Group.PVP,PHN41,True
SAMEA111405022,1,22097687602,ILLUMINA,WGS,PRJEB56320,9.6,PI 548806,30.0,True,Maize.Group.PVP,PHR61,True
SAMEA111405023,1,23899261052,ILLUMINA,WGS,PRJEB56320,10.4,PI 565110,30.0,True,Maize.Group.PVP,PHRE1,True
SAMEA111405024,1,22213319174,ILLUMINA,WGS,PRJEB56320,9.7,PI 559950,30.0,True,Maize.Group.PVP,PHT73,True
SAMEA111405025,1,20488840586,ILLUMINA,WGS,PRJEB56320,8.9,PI 578035,29.0,True,Maize.Group.PVP,PHTD5,True
SAMEA111405026,1,24403557564,ILLUMINA,WGS,PRJEB56320,10.6,PI 578034,30.0,True,Maize.Group.PVP,PHTE4,True
SAMEA111405027,1,20846664682,ILLUMINA,WGS,PRJEB56320,9.1,PI 543847,29.0,True,Maize.Group.PVP,PHV07,True
SAMEA111405028,1,20779046278,ILLUMINA,WGS,PRJEB56320,9.0,PI 543848,30.0,True,Maize.Group.PVP,PHW06,True
SAMEA111405029,1,23131624768,ILLUMINA,WGS,PRJEB56320,10.1,PI 658504,26.0,True,Maize.Group.PVP,PHWRZ,True
SAMEA111405030,1,24967406362,ILLUMINA,WGS,PRJEB56320,10.9,PI 693875,27.0,True,Maize.Group.Ames.Panel.2010,R101,True
SAMEA111405031,1,24592094654,ILLUMINA,WGS,PRJEB56320,10.7,NSL 30884,27.0,True,Maize.Group.Ames.Panel.2010,R134,True
SAMEA111405032,1,22939590216,ILLUMINA,WGS,PRJEB56320,10.0,NSL 30902,27.0,True,Maize.Group.Ames.Panel.2010,R197,True
SAMEA111405033,1,30827883368,ILLUMINA,WGS,PRJEB56320,13.4,PI 531509,7.0,True,Maize.Group.Ames.Panel.2010,R225,True
SAMEA111405034,1,22599097598,ILLUMINA,WGS,PRJEB56320,9.8,,,False,,,False
SAMEA111405035,1,28374831894,ILLUMINA,WGS,PRJEB56320,12.3,NSL 30869,27.0,True,Maize.Group.Ames.Panel.2010,R53,True
SAMEA111405036,1,24934833850,ILLUMINA,WGS,PRJEB56320,10.8,PI 535906,7.0,False,Maize.Group.Ames.Panel.2010,S 56,True
SAMEA111405037,1,23178523556,ILLUMINA,WGS,PRJEB56320,10.1,NSL 34374,18.0,True,Maize.Group.Ames.Panel.2010,SD15,True
SAMEA111405038,1,26575239262,ILLUMINA,WGS,PRJEB56320,11.6,PI 508277,6.0,True,Maize.Group.Ames.Panel.2010,SD42,True
SAMEA111405039,1,25156801132,ILLUMINA,WGS,PRJEB56320,10.9,,,False,,,False
SAMEA111405040,1,24148108146,ILLUMINA,WGS,PRJEB56320,10.5,PI 686067,18.0,False,Maize.Group.Ames.Panel.2010,SG 30A,True
SAMEA111405041,1,20465217240,ILLUMINA,WGS,PRJEB56320,8.9,PI 340827,20.0,True,Maize.Group.Ames.Panel.2010,T141,True
SAMEA111405042,1,21308072664,ILLUMINA,WGS,PRJEB56320,9.3,PI 340829,20.0,True,Maize.Group.Ames.Panel.2010,T146,True
SAMEA111405043,1,26808786734,ILLUMINA,WGS,PRJEB56320,11.7,,,False,,,False
SAMEA111405044,1,21729523026,ILLUMINA,WGS,PRJEB56320,9.4,,,False,,,False
SAMEA111405045,1,22253184080,ILLUMINA,WGS,PRJEB56320,9.7,,,False,,,False
SAMEA111405046,1,24064937044,ILLUMINA,WGS,PRJEB56320,10.5,PI 369446,21.0,False,Maize.Group.Ames.Panel.2010,U 123,True
SAMEA111405047,1,23294527796,ILLUMINA,WGS,PRJEB56320,10.1,Ames 19011,20.0,False,Maize.Group.Ames.Panel.2010,Va38,True
SAMEA111405048,1,20957829674,ILLUMINA,WGS,PRJEB56320,9.1,Ames 19014,8.0,False,Maize.Group.Ames.Panel.2010,Va52,True
SAMEA111405049,1,19885631524,ILLUMINA,WGS,PRJEB56320,8.6,Ames 30553,25.0,True,Maize.Group.Ames.Panel.Post.2010,W601S,True
SAMEA111405050,1,21907087550,ILLUMINA,WGS,PRJEB56320,9.5,NSL 30056,28.0,True,Maize.Group.Ames.Panel.2010,W703,True
SAMEA111405051,1,21314102396,ILLUMINA,WGS,PRJEB56320,9.3,Ames 30559,26.0,True,Maize.Group.Ames.Panel.Post.2010,W802G,True
SAMEA111405052,1,21396973914,ILLUMINA,WGS,PRJEB56320,9.3,Ames 30573,24.0,True,Maize.Group.Ames.Panel.Post.2010,W816G,True
SAMEA111405053,1,24317325390,ILLUMINA,WGS,PRJEB56320,10.6,Ames 30575,27.0,True,Maize.Group.Ames.Panel.Post.2010,W818G,True
SAMEA111405054,1,21884407652,ILLUMINA,WGS,PRJEB56320,9.5,PI 391672,21.0,True,Maize.Group.Ames.Panel.2010,YANG,True
SAMEA111405055,1,32208767496,ILLUMINA,WGS,PRJEB56320,14.0,Ames 2335,6.0,False,Maize.Group.Ames.Panel.2010,Ye 4,True
SAMEA111405056,1,20367467390,ILLUMINA,WGS,PRJEB56320,8.9,PI 391682,21.0,True,Maize.Group.Ames.Panel.2010,YE-CHI-HUNG,True
SAMEA111405057,1,19678879908,ILLUMINA,WGS,PRJEB56320,8.6,Ames 2331,5.0,False,Maize.Group.Ames.Panel.2010,Yellow 3-4,True
SAMEA111405058,1,19324602500,ILLUMINA,WGS,PRJEB56320,8.4,Ames 2333,30.0,False,Maize.Group.Ames.Panel.2010,Yong 28,True
SAMEA111405059,1,19569453228,ILLUMINA,WGS,PRJEB56320,8.5,Ames 27196,32.0,False,Maize.Set.Inbred.Diversity.282.Plus.NAM.Parents,Yu796_NS,True
SAMEA111405060,1,21424701138,ILLUMINA,WGS,PRJEB56320,9.3,PI 591619,30.0,True,Maize.Group.PVP,ZS1791,True
SAMEA112904662,1,211265634298,PACBIO_SMRT,WGS,PRJEB59044,91.9,PI 601322,34.0,False,Maize.Group.PVP,PHZ51,True
SAMEA112904663,2,48208792038,PACBIO_SMRT,WGS,PRJEB59044,21.0,,,False,,,False
SAMEA112904664,2,44743624036,PACBIO_SMRT,WGS,PRJEB59044,19.5,,,False,,,False
SAMEA112904665,2,62284183097,PACBIO_SMRT,WGS,PRJEB59044,27.1,,,False,,,False
SAMEA112904666,2,48967881083,PACBIO_SMRT,WGS,PRJEB59044,21.3,,,False,,,False
SAMEA112904667,2,22187641064,PACBIO_SMRT,WGS,PRJEB59044,9.6,,,False,,,False
SAMEA112904668,2,39822840932,PACBIO_SMRT,WGS,PRJEB59044,17.3,,,False,,,False
SAMEA112904669,1,20417610510,PACBIO_SMRT,WGS,PRJEB59044,8.9,PI 559949,30.0,False,Maize.Group.PVP,PHT69,True
SAMEA114089346,1,75254933344,ILLUMINA,WGS,PRJEB64332,32.7,,,False,,,False
SAMEA114089347,1,76269494326,ILLUMINA,WGS,PRJEB64333,33.2,,,False,,,False
SAMEA114248078,5,111867222494,PACBIO_SMRT,WGS,PRJEB64865,48.6,,,False,,,False
SAMEA114248079,4,59085037953,PACBIO_SMRT,WGS,PRJEB64865,25.7,,,False,,,False
SAMEA114248080,4,49912059072,PACBIO_SMRT,WGS,PRJEB64865,21.7,PI 690636,16.0,False,Maize.Group.Ames.Panel.Post.2010,CML 530,True
SAMEA114248081,5,164179246263,PACBIO_SMRT,WGS,PRJEB64865,71.4,PI 708163,13.0,False,,PALOMERO TOLUQUENO,True
SAMEA114622078,2,69910642886,PACBIO_SMRT,WGS,PRJEB64865,30.4,PI 708174,18.0,False,,TABLONCILLO,True
SAMEA114622079,2,68146713244,PACBIO_SMRT,WGS,PRJEB64865,29.6,,,False,,,False
SAMEA114622080,2,60359480829,PACBIO_SMRT,WGS,PRJEB64865,26.2,,,False,,,False
SAMEA115337448,1,49111157226,PACBIO_SMRT,WGS,PRJNA528974,21.4,,,False,,,False
SAMEA115703344,14,731036095061,ILLUMINA;OXFORD_NANOPORE;PACBIO_SMRT,WGS,PRJEB67812,317.8,,,False,,,False
SAMEA115703345,9,555255804358,ILLUMINA;OXFORD_NANOPORE;PACBIO_SMRT,WGS,PRJEB67812,241.4,,,False,,,False
SAMEA115703346,10,633520674773,ILLUMINA;OXFORD_NANOPORE;PACBIO_SMRT,WGS,PRJEB67812,275.4,,,False,,,False
SAMEA115703347,12,800800850823,ILLUMINA;OXFORD_NANOPORE;PACBIO_SMRT,WGS,PRJEB67812,348.2,,,False,,,False
SAMEA115703348,2,184146781803,PACBIO_SMRT,WGS,PRJEB67812,80.1,,,False,,,False
SAMEA115703349,3,234367200911,PACBIO_SMRT,WGS,PRJEB67812,101.9,,,False,,,False
SAMEA115703350,4,184307398898,PACBIO_SMRT,WGS,PRJEB67812,80.1,,,False,,,False
SAMEA115703351,2,202823576736,PACBIO_SMRT,WGS,PRJEB67812,88.2,,,False,,,False
SAMEA115703352,3,77950301448,PACBIO_SMRT,WGS,PRJEB67812,33.9,,,False,,,False
SAMEA115703353,2,172784519534,PACBIO_SMRT,WGS,PRJEB67812,75.1,PI 601783,32.0,True,Maize.Group.PVP,PHN82,True
SAMEA115703354,3,137993087725,PACBIO_SMRT,WGS,PRJEB67812,60.0,PI 601570,20.0,True,Maize.Group.PVP,PHP02,True
SAMEA115703355,3,117180048301,PACBIO_SMRT,WGS,PRJEB67812,50.9,PI 548803,20.0,False,Maize.Group.PVP,PHR03,True
SAMEA115703356,2,152839056905,PACBIO_SMRT,WGS,PRJEB67812,66.5,PI 601170,34.0,True,Maize.Group.PVP,LH82,True
SAMEA115703357,2,190188805072,PACBIO_SMRT,WGS,PRJEB67812,82.7,PI 601079,35.0,False,Maize.Group.PVP,LH123HT,True
SAMEA115703358,2,197470322332,PACBIO_SMRT,WGS,PRJEB67812,85.9,,,False,,,False
SAMEA115703359,2,206222262861,PACBIO_SMRT,WGS,PRJEB67812,89.7,PI 601008,35.0,True,Maize.Group.PVP,PHG35,True
SAMEA115703360,2,211691746135,PACBIO_SMRT,WGS,PRJEB67812,92.0,PI 587140,39.0,True,Maize.Set.Inbred.Diversity.282.Plus.NAM.Parents,A632,True
SAMEA115703361,3,63372322878,PACBIO_SMRT,WGS,PRJEB67812,27.6,NSL 65866,24.0,True,Maize.Group.Ames.Panel.2010,B14,True
SAMEA115703362,4,98506527009,PACBIO_SMRT,WGS,PRJEB67812,42.8,PI 550467,38.0,True,Maize.Set.Inbred.Diversity.282.Plus.NAM.Parents,B37,True
SAMEA115703363,2,152513053573,PACBIO_SMRT,WGS,PRJEB67812,66.3,,,False,,,False
SAMEA115703364,2,170801633010,PACBIO_SMRT,WGS,PRJEB67812,74.3,,,False,,,False
SAMEA115703365,3,165714895044,PACBIO_SMRT,WGS,PRJEB67812,72.0,PI 600981,35.0,True,Maize.Group.PVP,PHG39,True
SAMEA115703366,3,136298605603,PACBIO_SMRT,WGS,PRJEB67812,59.3,PI 601575,31.0,True,Maize.Group.PVP,PHW52,True
SAMEA115703367,2,65331493229,PACBIO_SMRT,WGS,PRJEB67812,28.4,,,False,,,False
SAMEA115703368,2,76560475157,PACBIO_SMRT,WGS,PRJEB67812,33.3,,,False,,,False
SAMEA115703369,2,76676663004,PACBIO_SMRT,WGS,PRJEB67812,33.3,PI 693332,29.0,False,Maize.Set.Inbred.Diversity.282.Plus.NAM.Parents,CM174,True
SAMEA115703370,2,79423606279,PACBIO_SMRT,WGS,PRJEB67812,34.5,,,False,,,False
SAMEA115703371,2,80048795512,PACBIO_SMRT,WGS,PRJEB67812,34.8,,,False,,,False
SAMEA115703372,2,82146234637,PACBIO_SMRT,WGS,PRJEB67812,35.7,,,False,,,False
SAMEA117395508,2,43183006637,PACBIO_SMRT,WGS,PRJEB66502,18.8,PI 690629,25.0,False,,CML 442,True
SAMEA117395509,4,55861473257,PACBIO_SMRT,WGS,PRJEB66502,24.3,PI 154387,21.0,False,Maize.Set.Inbred.Diversity.282.Plus.NAM.Parents,K64,True
SAMEA117537749,96,33003869184,ILLUMINA,WGS,PRJEB73480,14.3,,,False,,,False
SAMEA117537758,10,78418235408,BGISEQ;ILLUMINA,WGS,PRJEB73480,34.1,,,False,,,False
SAMEA117537760,10,77841086130,BGISEQ;ILLUMINA,WGS,PRJEB73480,33.8,,,False,,,False
SAMEA117537761,10,78721491786,BGISEQ;ILLUMINA,WGS,PRJEB73480,34.2,,,False,,,False
SAMEA117537762,9,64958231299,BGISEQ;ILLUMINA,WGS,PRJEB73480,28.2,,,False,,,False
SAMEA117537763,22,85223898254,BGISEQ;ILLUMINA,WGS,PRJEB73480,37.1,,,False,,,False
SAMEA117537764,4,72457843127,BGISEQ;ILLUMINA,WGS,PRJEB73480,31.5,,,False,,,False
SAMEA117537766,1,73027668800,BGISEQ,WGS,PRJEB73480,31.8,,,False,,,False
SAMEA117537767,1,76638440200,BGISEQ,WGS,PRJEB73480,33.3,,,False,,,False
SAMEA117537768,1,75894179800,BGISEQ,WGS,PRJEB73480,33.0,,,False,,,False
SAMEA117537769,1,76171083900,BGISEQ,WGS,PRJEB73480,33.1,,,False,,,False
SAMEA117537770,1,71663412600,BGISEQ,WGS,PRJEB73480,31.2,,,False,,,False
SAMEA117537771,1,78374965800,BGISEQ,WGS,PRJEB73480,34.1,,,False,,,False
SAMEA117537772,1,59915461100,BGISEQ,WGS,PRJEB73480,26.1,,,False,,,False
SAMEA117537773,1,75856640700,BGISEQ,WGS,PRJEB73480,33.0,,,False,,,False
SAMEA117537774,1,75493347900,BGISEQ,WGS,PRJEB73480,32.8,,,False,,,False
SAMEA117537775,1,76212691300,BGISEQ,WGS,PRJEB73480,33.1,,,False,,,False
SAMEA117537776,1,72372851300,BGISEQ,WGS,PRJEB73480,31.5,,,False,,,False
SAMEA117537777,1,79122345700,BGISEQ,WGS,PRJEB73480,34.4,,,False,,,False
SAMEA117537780,5,432846613783,ILLUMINA,WGS,PRJEB73480,188.2,,,False,,,False
SAMEA117537781,5,324070022544,ILLUMINA,WGS,PRJEB73480,140.9,,,False,,,False
SAMEA117537782,5,146292211718,ILLUMINA,WGS,PRJEB73480,63.6,,,False,,,False
SAMEA117781726,3,82875948115,PACBIO_SMRT,WGS,PRJEB86374,36.0,,,False,,,False
SAMEA117783963,2,204824657313,ILLUMINA;OXFORD_NANOPORE,WGS,PRJEB86401,89.1,,,False,,,False
SAMEA118212297,8,466144889911,ILLUMINA,WGS,PRJEB89017,202.7,,,False,,,False
SAMEA118212298,9,498351233945,ILLUMINA,WGS,PRJEB89017,216.7,,,False,,,False
SAMEA118212299,5,506765404662,ILLUMINA,WGS,PRJEB89017,220.3,,,False,,,False
SAMEA118212300,8,469201806656,ILLUMINA,WGS,PRJEB89017,204.0,,,False,,,False
SAMEA118212301,8,451694645115,ILLUMINA,WGS,PRJEB89017,196.4,,,False,,,False
SAMEA118212302,8,477110695439,ILLUMINA,WGS,PRJEB89017,207.4,,,False,,,False
SAMEA118212303,9,472061585936,ILLUMINA,WGS,PRJEB89017,205.2,,,False,,,False
SAMEA13446143,23,688627444092,OXFORD_NANOPORE,WGS,PRJEB49840,299.4,,,False,,,False
SAMEA2242644,2,26545580813,ILLUMINA,WGS,PRJEB4837,11.5,,,False,,,False
SAMEA2242645,2,22459532000,ILLUMINA,WGS,PRJEB4837,9.8,,,False,,,False
SAMEA3980454,9,214795735634,ILLUMINA,WGS,PRJEB13732,93.4,,,False,,,False
SAMEA4040092,1,46113385978,ILLUMINA,WGS,PRJEB14212,20.0,,,False,,,False
SAMEA4040093,1,33950691258,ILLUMINA,WGS,PRJEB14212,14.8,,,False,,,False
SAMEA4040094,1,37803717634,ILLUMINA,WGS,PRJEB14212,16.4,,,False,,,False
SAMEA4040095,1,38433955412,ILLUMINA,WGS,PRJEB14212,16.7,,,False,,,False
SAMEA4040096,1,33859274542,ILLUMINA,WGS,PRJEB14212,14.7,,,False,,,False
SAMEA4040097,1,43024705786,ILLUMINA,WGS,PRJEB14212,18.7,,,False,,,False
SAMEA4040098,1,34872734802,ILLUMINA,WGS,PRJEB14212,15.2,,,False,,,False
SAMEA4040099,1,40068548502,ILLUMINA,WGS,PRJEB14212,17.4,,,False,,,False
SAMEA4040100,1,38535595954,ILLUMINA,WGS,PRJEB14212,16.8,,,False,,,False
SAMEA4040101,1,42321340776,ILLUMINA,WGS,PRJEB14212,18.4,,,False,,,False
SAMEA4040102,1,38487909208,ILLUMINA,WGS,PRJEB14212,16.7,,,False,,,False
SAMEA4040103,1,40090181288,ILLUMINA,WGS,PRJEB14212,17.4,,,False,,,False
SAMEA4040104,1,45029498822,ILLUMINA,WGS,PRJEB14212,19.6,,,False,,,False
SAMEA4040105,1,42582915020,ILLUMINA,WGS,PRJEB14212,18.5,,,False,,,False
SAMEA4040106,1,39435430608,ILLUMINA,WGS,PRJEB14212,17.1,,,False,,,False
SAMEA4040107,1,38632516564,ILLUMINA,WGS,PRJEB14212,16.8,,,False,,,False
SAMEA4040108,1,35826803830,ILLUMINA,WGS,PRJEB14212,15.6,,,False,,,False
SAMEA4040109,1,39101772260,ILLUMINA,WGS,PRJEB14212,17.0,,,False,,,False
SAMEA4040110,1,33605131878,ILLUMINA,WGS,PRJEB14212,14.6,,,False,,,False
SAMEA4040111,1,33149244946,ILLUMINA,WGS,PRJEB14212,14.4,,,False,,,False
SAMEA4040112,1,32342542594,ILLUMINA,WGS,PRJEB14212,14.1,,,False,,,False
SAMEA4040113,1,33061208700,ILLUMINA,WGS,PRJEB14212,14.4,,,False,,,False
SAMEA4040114,1,37988512082,ILLUMINA,WGS,PRJEB14212,16.5,,,False,,,False
SAMEA4040115,1,45108323262,ILLUMINA,WGS,PRJEB14212,19.6,,,False,,,False
SAMEA4040116,1,40739142446,ILLUMINA,WGS,PRJEB14212,17.7,,,False,,,False
SAMEA4040117,1,45582091436,ILLUMINA,WGS,PRJEB14212,19.8,,,False,,,False
SAMEA4040118,1,35561268164,ILLUMINA,WGS,PRJEB14212,15.5,,,False,,,False
SAMEA4040119,1,45168813980,ILLUMINA,WGS,PRJEB14212,19.6,,,False,,,False
SAMEA4040120,2,42988635454,ILLUMINA,WGS,PRJEB14212,18.7,,,False,,,False
SAMEA4040121,1,44140855574,ILLUMINA,WGS,PRJEB14212,19.2,,,False,,,False
SAMEA4040122,1,43648300390,ILLUMINA,WGS,PRJEB14212,19.0,,,False,,,False
SAMEA4040123,1,38874313796,ILLUMINA,WGS,PRJEB14212,16.9,,,False,,,False
SAMEA4040124,1,41219611566,ILLUMINA,WGS,PRJEB14212,17.9,,,False,,,False
SAMEA4040125,1,44275460900,ILLUMINA,WGS,PRJEB14212,19.3,,,False,,,False
SAMEA4040126,1,38741838560,ILLUMINA,WGS,PRJEB14212,16.8,,,False,,,False
SAMEA4040127,1,42499078960,ILLUMINA,WGS,PRJEB14212,18.5,,,False,,,False
SAMEA4040128,1,42086801606,ILLUMINA,WGS,PRJEB14212,18.3,,,False,,,False
SAMEA4040129,1,38038287710,ILLUMINA,WGS,PRJEB14212,16.5,,,False,,,False
SAMEA4040130,1,40654960158,ILLUMINA,WGS,PRJEB14212,17.7,,,False,,,False
SAMEA4040131,1,34749647314,ILLUMINA,WGS,PRJEB14212,15.1,,,False,,,False
SAMEA4040132,1,40167829280,ILLUMINA,WGS,PRJEB14212,17.5,,,False,,,False
SAMEA4040133,1,39368288030,ILLUMINA,WGS,PRJEB14212,17.1,,,False,,,False
SAMEA4040134,1,42943404422,ILLUMINA,WGS,PRJEB14212,18.7,,,False,,,False
SAMEA4040135,1,46770479050,ILLUMINA,WGS,PRJEB14212,20.3,,,False,,,False
SAMEA4040136,1,38295979918,ILLUMINA,WGS,PRJEB14212,16.7,,,False,,,False
SAMEA4040137,1,41514437232,ILLUMINA,WGS,PRJEB14212,18.0,,,False,,,False
SAMEA4040138,2,43618961708,ILLUMINA,WGS,PRJEB14212,19.0,,,False,,,False
SAMEA4040139,1,43375052364,ILLUMINA,WGS,PRJEB14212,18.9,,,False,,,False
SAMEA4040140,1,41323521174,ILLUMINA,WGS,PRJEB14212,18.0,,,False,,,False
SAMEA4040141,2,42564415860,ILLUMINA,WGS,PRJEB14212,18.5,,,False,,,False
SAMEA4040142,1,39231180328,ILLUMINA,WGS,PRJEB14212,17.1,,,False,,,False
SAMEA4040143,1,35909459806,ILLUMINA,WGS,PRJEB14212,15.6,,,False,,,False
SAMEA4040144,1,37841776050,ILLUMINA,WGS,PRJEB14212,16.5,,,False,,,False
SAMEA4040145,1,36009111658,ILLUMINA,WGS,PRJEB14212,15.7,,,False,,,False
SAMEA4040146,2,40554842696,ILLUMINA,WGS,PRJEB14212,17.6,,,False,,,False
SAMEA4040147,1,44398531622,ILLUMINA,WGS,PRJEB14212,19.3,,,False,,,False
SAMEA4040148,1,50617046274,ILLUMINA,WGS,PRJEB14212,22.0,,,False,,,False
SAMEA4040149,1,34516006236,ILLUMINA,WGS,PRJEB14212,15.0,,,False,,,False
SAMEA4040150,1,35008813516,ILLUMINA,WGS,PRJEB14212,15.2,,,False,,,False
SAMEA4040151,1,44389319614,ILLUMINA,WGS,PRJEB14212,19.3,,,False,,,False
SAMEA4040152,1,35750879302,ILLUMINA,WGS,PRJEB14212,15.5,,,False,,,False
SAMEA4040153,1,39442176802,ILLUMINA,WGS,PRJEB14212,17.1,,,False,,,False
SAMEA4040154,1,42514926668,ILLUMINA,WGS,PRJEB14212,18.5,,,False,,,False
SAMEA4040155,1,43903747974,ILLUMINA,WGS,PRJEB14212,19.1,,,False,,,False
SAMEA4040156,1,41850320206,ILLUMINA,WGS,PRJEB14212,18.2,,,False,,,False
SAMEA4040157,1,43342605912,ILLUMINA,WGS,PRJEB14212,18.8,,,False,,,False
SAMEA4040158,1,40054978142,ILLUMINA,WGS,PRJEB14212,17.4,,,False,,,False
SAMEA5229558,1,63342002800,ILLUMINA,WGS,PRJEB30082,27.5,,,False,,,False
SAMEA5229559,1,62765414400,ILLUMINA,WGS,PRJEB30082,27.3,,,False,,,False
SAMEA5229560,1,101533752000,ILLUMINA,WGS,PRJEB30082,44.1,PI 550473,48.0,True,Maize.Set.Inbred.Diversity.282.Plus.NAM.Parents,B73,True
SAMEA5229561,1,101669667900,ILLUMINA,WGS,PRJEB30082,44.2,PI 558532,46.0,True,Maize.Set.Inbred.Diversity.282.Plus.NAM.Parents,Mo17,True
SAMEA5229562,1,101610828000,ILLUMINA,WGS,PRJEB30082,44.2,,,False,,,False
SAMEA5229563,1,102935200500,ILLUMINA,WGS,PRJEB30082,44.8,,,False,,,False
SAMEA5313298,27,315897205526,ILLUMINA;PACBIO_SMRT,WGA;WGS,PRJEB31061,137.3,PI 564682,36.0,True,Maize.Set.Inbred.Diversity.282.Plus.NAM.Parents,B97,True
SAMEA5313299,42,319584565563,ILLUMINA;PACBIO_SMRT,WGA;WGS,PRJEB31061,138.9,PI 595561,21.0,False,Maize.Set.Inbred.Diversity.282.Plus.NAM.Parents,CML 52,True
SAMEA5313300,26,334739451995,ILLUMINA;PACBIO_SMRT,WGA;WGS,PRJEB31061,145.5,PI 690318,30.0,False,Maize.Set.Inbred.Diversity.282.Plus.NAM.Parents,CML 69,True
SAMEA5313301,27,350438850295,ILLUMINA;PACBIO_SMRT,WGA;WGS,PRJEB31061,152.4,PI 690319,29.0,False,Maize.Set.Inbred.Diversity.282.Plus.NAM.Parents,CML 103,True
SAMEA5313302,32,304153599047,ILLUMINA;PACBIO_SMRT,WGA;WGS,PRJEB31061,132.2,PI 690320,29.0,False,Maize.Set.Inbred.Diversity.282.Plus.NAM.Parents,CML 228,True
SAMEA5313303,27,309471013726,ILLUMINA;PACBIO_SMRT,WGA;WGS,PRJEB31061,134.6,PI 595541,32.0,False,Maize.Set.Inbred.Diversity.282.Plus.NAM.Parents,CML 247,True
SAMEA5313304,31,303973651452,ILLUMINA;PACBIO_SMRT,WGA;WGS,PRJEB31061,132.2,PI 595550,32.0,False,Maize.Set.Inbred.Diversity.282.Plus.NAM.Parents,CML 277,True
SAMEA5313305,22,304850691116,ILLUMINA;PACBIO_SMRT,WGA;WGS,PRJEB31061,132.5,PI 690321,31.0,False,Maize.Set.Inbred.Diversity.282.Plus.NAM.Parents,CML 322,True
SAMEA5313306,25,299742013802,ILLUMINA;PACBIO_SMRT,WGA;WGS,PRJEB31061,130.3,PI 690322,29.0,False,Maize.Set.Inbred.Diversity.282.Plus.NAM.Parents,CML 333,True
SAMEA5313307,23,317028895935,ILLUMINA;PACBIO_SMRT,WGA;WGS,PRJEB31061,137.8,PI 587131,42.0,False,Maize.Set.Inbred.Diversity.282.Plus.NAM.Parents,HP301,True
SAMEA5313308,42,349644945626,ILLUMINA;PACBIO_SMRT,WGA;WGS,PRJEB31061,152.0,PI 358523,45.0,True,Maize.Set.Inbred.Diversity.282.Plus.NAM.Parents,Il14H,True
SAMEA5313309,26,287582734557,ILLUMINA;PACBIO_SMRT,WGA;WGS,PRJEB31061,125.0,PI 690324,31.0,True,Maize.Set.Inbred.Diversity.282.Plus.NAM.Parents,Ki3,True
SAMEA5313310,19,310564033165,ILLUMINA;PACBIO_SMRT,WGA;WGS,PRJEB31061,135.0,PI 690325,19.0,True,Maize.Set.Inbred.Diversity.282.Plus.NAM.Parents,Ki11,True
SAMEA5313311,25,292248492510,ILLUMINA;PACBIO_SMRT,WGA;WGS,PRJEB31061,127.1,PI 690326,33.0,True,Maize.Set.Inbred.Diversity.282.Plus.NAM.Parents,Ky21,True
SAMEA5313312,23,362204318731,ILLUMINA;PACBIO_SMRT,WGA;WGS,PRJEB31061,157.5,PI 690328,30.0,True,Maize.Set.Inbred.Diversity.282.Plus.NAM.Parents,M162W,True
SAMEA5313313,23,348110901886,ILLUMINA;PACBIO_SMRT,WGA;WGS,PRJEB31061,151.4,PI 690327,29.0,True,Maize.Set.Inbred.Diversity.282.Plus.NAM.Parents,M37W,True
SAMEA5313314,23,317631950067,ILLUMINA;PACBIO_SMRT,WGA;WGS,PRJEB31061,138.1,PI 550441,34.0,True,Maize.Set.Inbred.Diversity.282.Plus.NAM.Parents,Mo18W,True
SAMEA5313315,26,295982602307,ILLUMINA;PACBIO_SMRT,WGA;WGS,PRJEB31061,128.7,PI 587137,37.0,False,Maize.Set.Inbred.Diversity.282.Plus.NAM.Parents,Ms71,True
SAMEA5313316,23,320649920708,ILLUMINA;PACBIO_SMRT,WGA;WGS,PRJEB31061,139.4,PI 690329,34.0,True,Maize.Set.Inbred.Diversity.282.Plus.NAM.Parents,NC350,True
SAMEA5313317,22,247775520918,ILLUMINA;PACBIO_SMRT,WGA;WGS,PRJEB32404,107.7,PI 690330,34.0,False,Maize.Set.Inbred.Diversity.282.Plus.NAM.Parents,NC358,True
SAMEA5313318,20,315196709892,ILLUMINA;PACBIO_SMRT,WGA;WGS,PRJEB31061,137.0,PI 690332,37.0,True,Maize.Set.Inbred.Diversity.282.Plus.NAM.Parents,Oh43,True
SAMEA5313319,30,311768211679,ILLUMINA;PACBIO_SMRT,WGA;WGS,PRJEB31061,135.6,PI 690331,34.0,True,Maize.Set.Inbred.Diversity.282.Plus.NAM.Parents,Oh7B,True
SAMEA5313320,23,301448439903,ILLUMINA;PACBIO_SMRT,WGA;WGS,PRJEB31061,131.1,,,False,,,False
SAMEA5313321,24,297893586708,ILLUMINA;PACBIO_SMRT,WGA;WGS,PRJEB31061,129.5,PI 690334,24.0,True,Maize.Set.Inbred.Diversity.282.Plus.NAM.Parents,Tx303,True
SAMEA5313322,28,280123623762,ILLUMINA;PACBIO_SMRT,WGA;WGS,PRJEB31061,121.8,PI 506246,33.0,False,Maize.Set.Inbred.Diversity.282.Plus.NAM.Parents,Tzi 8,True
SAMEA5374141,32,164121348800,ILLUMINA,WGS,PRJEB31400,71.4,,,False,,,False
SAMEA5374142,31,167149030200,ILLUMINA,WGS,PRJEB31400,72.7,,,False,,,False
SAMEA5534349,66,49070614670,ILLUMINA,WGS,PRJEB31849,21.3,,,False,,,False
SAMEA5534350,66,32490247014,ILLUMINA,WGS,PRJEB31849,14.1,,,False,,,False
SAMEA5534351,66,36246148558,ILLUMINA,WGS,PRJEB31849,15.8,,,False,,,False
SAMEA5534352,66,45817086924,ILLUMINA,WGS,PRJEB31849,19.9,,,False,,,False
SAMEA5534353,66,50529950944,ILLUMINA,WGS,PRJEB31849,22.0,,,False,,,False
SAMEA5534354,73,50190929294,ILLUMINA,WGS,PRJEB31849,21.8,,,False,,,False
SAMEA5534355,66,47492222828,ILLUMINA,WGS,PRJEB31849,20.6,,,False,,,False
SAMEA5534356,66,40764686558,ILLUMINA,WGS,PRJEB31849,17.7,,,False,,,False
SAMEA5534357,95,56210305680,ILLUMINA,WGS,PRJEB31849,24.4,,,False,,,False
SAMEA5534358,66,48094100008,ILLUMINA,WGS,PRJEB31849,20.9,,,False,,,False
SAMEA5534359,66,39314087996,ILLUMINA,WGS,PRJEB31849,17.1,,,False,,,False
SAMEA5534360,66,45921805744,ILLUMINA,WGS,PRJEB31849,20.0,,,False,,,False
SAMEA5534361,65,44177378386,ILLUMINA,WGS,PRJEB31849,19.2,,,False,,,False
SAMEA5534362,92,53346799736,ILLUMINA,WGS,PRJEB31849,23.2,,,False,,,False
SAMEA5534363,65,44421527504,ILLUMINA,WGS,PRJEB31849,19.3,,,False,,,False
SAMEA5534364,65,41337356962,ILLUMINA,WGS,PRJEB31849,18.0,,,False,,,False
SAMEA5534365,65,50383488016,ILLUMINA,WGS,PRJEB31849,21.9,,,False,,,False
SAMEA5534366,65,42227973346,ILLUMINA,WGS,PRJEB31849,18.4,,,False,,,False
SAMEA5534367,66,42205721026,ILLUMINA,WGS,PRJEB31849,18.4,,,False,,,False
SAMEA5534368,66,41359691698,ILLUMINA,WGS,PRJEB31849,18.0,,,False,,,False
SAMEA5534369,66,40251262552,ILLUMINA,WGS,PRJEB31849,17.5,,,False,,,False
SAMEA5534370,66,48351274692,ILLUMINA,WGS,PRJEB31849,21.0,,,False,,,False
SAMEA5534371,67,41591075426,ILLUMINA,WGS,PRJEB31849,18.1,,,False,,,False
SAMEA5534372,67,41079504770,ILLUMINA,WGS,PRJEB31849,17.9,,,False,,,False
SAMEA5534373,66,39812428662,ILLUMINA,WGS,PRJEB31849,17.3,,,False,,,False
SAMEA5534374,66,40194545396,ILLUMINA,WGS,PRJEB31849,17.5,,,False,,,False
SAMEA5534375,66,43506366504,ILLUMINA,WGS,PRJEB31849,18.9,,,False,,,False
SAMEA5534376,95,54997780480,ILLUMINA,WGS,PRJEB31849,23.9,,,False,,,False
SAMEA5534377,83,54796751292,ILLUMINA,WGS,PRJEB31849,23.8,,,False,,,False
SAMEA5534378,82,50378939582,ILLUMINA,WGS,PRJEB31849,21.9,,,False,,,False
SAMEA5534379,67,40745147502,ILLUMINA,WGS,PRJEB31849,17.7,,,False,,,False
SAMEA5534380,66,38140151462,ILLUMINA,WGS,PRJEB31849,16.6,,,False,,,False
SAMEA5569141,22,367107010318,ILLUMINA;PACBIO_SMRT,WGA;WGS,PRJEB32225,159.6,PI 550473,48.0,True,Maize.Set.Inbred.Diversity.282.Plus.NAM.Parents,B73,True
SAMEA6236504,24,454667975751,ILLUMINA;OXFORD_NANOPORE;PACBIO_SMRT,WGA;WGS,PRJEB35367,197.7,PI 690316,25.0,False,,B73 Ab10,True
SAMEA6865919,1,63342002800,ILLUMINA,WGS,PRJEB36105,27.5,,,False,,,False
SAMEA6865920,1,62765414400,ILLUMINA,WGS,PRJEB36105,27.3,,,False,,,False
SAMEA6865921,1,101533752000,ILLUMINA,WGS,PRJEB36105,44.1,PI 550473,48.0,True,Maize.Set.Inbred.Diversity.282.Plus.NAM.Parents,B73,True
SAMEA6865922,1,101669667900,ILLUMINA,WGS,PRJEB36105,44.2,PI 558532,46.0,True,Maize.Set.Inbred.Diversity.282.Plus.NAM.Parents,Mo17,True
SAMEA8124518,1,20259353504,ILLUMINA,OTHER,PRJEB43263,8.8,PI 550473,48.0,True,Maize.Set.Inbred.Diversity.282.Plus.NAM.Parents,B73,True
SAMEA8124519,1,18700806702,ILLUMINA,OTHER,PRJEB43263,8.1,PI 550473,48.0,True,Maize.Set.Inbred.Diversity.282.Plus.NAM.Parents,B73,True
SAMEA8124520,1,20217086792,ILLUMINA,OTHER,PRJEB43263,8.8,PI 550473,48.0,True,Maize.Set.Inbred.Diversity.282.Plus.NAM.Parents,B73,True
SAMEA8124522,1,15472748936,ILLUMINA,OTHER,PRJEB43263,6.7,PI 550473,48.0,True,Maize.Set.Inbred.Diversity.282.Plus.NAM.Parents,B73,True
SAMEA8124525,1,17060862142,ILLUMINA,OTHER,PRJEB43263,7.4,PI 690316,25.0,False,,B73 Ab10,True
SAMEA8124528,4,23829910121,ILLUMINA,OTHER,PRJEB43263,10.4,PI 564682,36.0,True,Maize.Set.Inbred.Diversity.282.Plus.NAM.Parents,B97,True
SAMEA8124529,1,41825382790,ILLUMINA,OTHER,PRJEB43263,18.2,PI 564682,36.0,True,Maize.Set.Inbred.Diversity.282.Plus.NAM.Parents,B97,True
SAMEA8124530,1,37986886988,ILLUMINA,OTHER,PRJEB43263,16.5,PI 690319,29.0,False,Maize.Set.Inbred.Diversity.282.Plus.NAM.Parents,CML 103,True
SAMEA8124531,1,14501276700,ILLUMINA,OTHER,PRJEB43263,6.3,PI 690319,29.0,False,Maize.Set.Inbred.Diversity.282.Plus.NAM.Parents,CML 103,True
SAMEA8124533,1,19169992392,ILLUMINA,OTHER,PRJEB43263,8.3,PI 690320,29.0,False,Maize.Set.Inbred.Diversity.282.Plus.NAM.Parents,CML 228,True
SAMEA8124534,1,27258177300,ILLUMINA,OTHER,PRJEB43263,11.9,PI 690320,29.0,False,Maize.Set.Inbred.Diversity.282.Plus.NAM.Parents,CML 228,True
SAMEA8124535,4,29931003557,ILLUMINA,OTHER,PRJEB43263,13.0,PI 595541,32.0,False,Maize.Set.Inbred.Diversity.282.Plus.NAM.Parents,CML 247,True
SAMEA8124537,1,30118424100,ILLUMINA,OTHER,PRJEB43263,13.1,PI 595541,32.0,False,Maize.Set.Inbred.Diversity.282.Plus.NAM.Parents,CML 247,True
SAMEA8124538,1,12167673318,ILLUMINA,OTHER,PRJEB43263,5.3,PI 595541,32.0,False,Maize.Set.Inbred.Diversity.282.Plus.NAM.Parents,CML 247,True
SAMEA8124543,1,21642307500,ILLUMINA,OTHER,PRJEB43263,9.4,PI 595550,32.0,False,Maize.Set.Inbred.Diversity.282.Plus.NAM.Parents,CML 277,True
SAMEA8124544,1,28948988593,ILLUMINA,OTHER,PRJEB43263,12.6,PI 595550,32.0,False,Maize.Set.Inbred.Diversity.282.Plus.NAM.Parents,CML 277,True
SAMEA8124545,1,28443829532,ILLUMINA,OTHER,PRJEB43263,12.4,PI 690321,31.0,False,Maize.Set.Inbred.Diversity.282.Plus.NAM.Parents,CML 322,True
SAMEA8124546,1,21847153536,ILLUMINA,OTHER,PRJEB43263,9.5,PI 690321,31.0,False,Maize.Set.Inbred.Diversity.282.Plus.NAM.Parents,CML 322,True
SAMEA8124547,1,21761053940,ILLUMINA,OTHER,PRJEB43263,9.5,PI 690322,29.0,False,Maize.Set.Inbred.Diversity.282.Plus.NAM.Parents,CML 333,True
SAMEA8124548,1,30656314752,ILLUMINA,OTHER,PRJEB43263,13.3,PI 690322,29.0,False,Maize.Set.Inbred.Diversity.282.Plus.NAM.Parents,CML 333,True
SAMEA8124549,1,37803027000,ILLUMINA,OTHER,PRJEB43263,16.4,PI 595561,21.0,False,Maize.Set.Inbred.Diversity.282.Plus.NAM.Parents,CML 52,True
SAMEA8124550,1,28901001300,ILLUMINA,OTHER,PRJEB43263,12.6,PI 595561,21.0,False,Maize.Set.Inbred.Diversity.282.Plus.NAM.Parents,CML 52,True
SAMEA8124551,1,32698677634,ILLUMINA,OTHER,PRJEB43263,14.2,PI 690318,30.0,False,Maize.Set.Inbred.Diversity.282.Plus.NAM.Parents,CML 69,True
SAMEA8124552,1,17669907744,ILLUMINA,OTHER,PRJEB43263,7.7,PI 690318,30.0,False,Maize.Set.Inbred.Diversity.282.Plus.NAM.Parents,CML 69,True
SAMEA8124553,1,15737746800,ILLUMINA,OTHER,PRJEB43263,6.8,PI 587131,42.0,False,Maize.Set.Inbred.Diversity.282.Plus.NAM.Parents,HP301,True
SAMEA8124554,1,39739588313,ILLUMINA,OTHER,PRJEB43263,17.3,PI 587131,42.0,False,Maize.Set.Inbred.Diversity.282.Plus.NAM.Parents,HP301,True
SAMEA8124555,1,14279292652,ILLUMINA,OTHER,PRJEB43263,6.2,PI 358523,45.0,True,Maize.Set.Inbred.Diversity.282.Plus.NAM.Parents,Il14H,True
SAMEA8124556,1,35673582840,ILLUMINA,OTHER,PRJEB43263,15.5,PI 358523,45.0,True,Maize.Set.Inbred.Diversity.282.Plus.NAM.Parents,Il14H,True
SAMEA8124557,1,12213730500,ILLUMINA,OTHER,PRJEB43263,5.3,PI 690325,19.0,True,Maize.Set.Inbred.Diversity.282.Plus.NAM.Parents,Ki11,True
SAMEA8124558,1,24557533472,ILLUMINA,OTHER,PRJEB43263,10.7,PI 690325,19.0,True,Maize.Set.Inbred.Diversity.282.Plus.NAM.Parents,Ki11,True
SAMEA8124559,1,16401911430,ILLUMINA,OTHER,PRJEB43263,7.1,PI 690325,19.0,True,Maize.Set.Inbred.Diversity.282.Plus.NAM.Parents,Ki11,True
SAMEA8124560,1,13053095944,ILLUMINA,OTHER,PRJEB43263,5.7,PI 690324,31.0,True,Maize.Set.Inbred.Diversity.282.Plus.NAM.Parents,Ki3,True
SAMEA8124561,1,33274681800,ILLUMINA,OTHER,PRJEB43263,14.5,PI 690324,31.0,True,Maize.Set.Inbred.Diversity.282.Plus.NAM.Parents,Ki3,True
SAMEA8124562,4,29923525455,ILLUMINA,OTHER,PRJEB43263,13.0,PI 690326,33.0,True,Maize.Set.Inbred.Diversity.282.Plus.NAM.Parents,Ky21,True
SAMEA8124563,1,19545970614,ILLUMINA,OTHER,PRJEB43263,8.5,PI 690326,33.0,True,Maize.Set.Inbred.Diversity.282.Plus.NAM.Parents,Ky21,True
SAMEA8124564,1,23840005330,ILLUMINA,OTHER,PRJEB43263,10.4,PI 690328,30.0,True,Maize.Set.Inbred.Diversity.282.Plus.NAM.Parents,M162W,True
SAMEA8124565,1,18067835100,ILLUMINA,OTHER,PRJEB43263,7.9,PI 690328,30.0,True,Maize.Set.Inbred.Diversity.282.Plus.NAM.Parents,M162W,True
SAMEA8124567,1,29819474564,ILLUMINA,OTHER,PRJEB43263,13.0,PI 690327,29.0,True,Maize.Set.Inbred.Diversity.282.Plus.NAM.Parents,M37W,True
SAMEA8124568,1,18989782927,ILLUMINA,OTHER,PRJEB43263,8.3,PI 690327,29.0,True,Maize.Set.Inbred.Diversity.282.Plus.NAM.Parents,M37W,True
SAMEA8124569,1,16236218526,ILLUMINA,OTHER,PRJEB43263,7.1,PI 550441,34.0,True,Maize.Set.Inbred.Diversity.282.Plus.NAM.Parents,Mo18W,True
SAMEA8124570,1,12178699800,ILLUMINA,OTHER,PRJEB43263,5.3,PI 550441,34.0,True,Maize.Set.Inbred.Diversity.282.Plus.NAM.Parents,Mo18W,True
SAMEA8124571,1,24595662234,ILLUMINA,OTHER,PRJEB43263,10.7,PI 550441,34.0,True,Maize.Set.Inbred.Diversity.282.Plus.NAM.Parents,Mo18W,True
SAMEA8124572,1,28013716300,ILLUMINA,OTHER,PRJEB43263,12.2,PI 587137,37.0,False,Maize.Set.Inbred.Diversity.282.Plus.NAM.Parents,Ms71,True
SAMEA8124573,1,18253903824,ILLUMINA,OTHER,PRJEB43263,7.9,PI 587137,37.0,False,Maize.Set.Inbred.Diversity.282.Plus.NAM.Parents,Ms71,True
SAMEA8124574,1,27126059780,ILLUMINA,OTHER,PRJEB43263,11.8,PI 690330,34.0,False,Maize.Set.Inbred.Diversity.282.Plus.NAM.Parents,NC358,True
SAMEA8124575,1,13321818822,ILLUMINA,OTHER,PRJEB43263,5.8,PI 690330,34.0,False,Maize.Set.Inbred.Diversity.282.Plus.NAM.Parents,NC358,True
SAMEA8124577,1,24260034782,ILLUMINA,OTHER,PRJEB43263,10.5,PI 690330,34.0,False,Maize.Set.Inbred.Diversity.282.Plus.NAM.Parents,NC358,True
SAMEA8124578,1,28884971400,ILLUMINA,OTHER,PRJEB43263,12.6,PI 690330,34.0,False,Maize.Set.Inbred.Diversity.282.Plus.NAM.Parents,NC358,True
SAMEA8124579,1,33118888286,ILLUMINA,OTHER,PRJEB43263,14.4,PI 690332,37.0,True,Maize.Set.Inbred.Diversity.282.Plus.NAM.Parents,Oh43,True
SAMEA8124580,1,25314196888,ILLUMINA,OTHER,PRJEB43263,11.0,PI 690332,37.0,True,Maize.Set.Inbred.Diversity.282.Plus.NAM.Parents,Oh43,True
SAMEA8124582,1,17690170950,ILLUMINA,OTHER,PRJEB43263,7.7,PI 690332,37.0,True,Maize.Set.Inbred.Diversity.282.Plus.NAM.Parents,Oh43,True
SAMEA8124585,1,33789476870,ILLUMINA,OTHER,PRJEB43263,14.7,PI 690331,34.0,True,Maize.Set.Inbred.Diversity.282.Plus.NAM.Parents,Oh7B,True
SAMEA8124586,1,35525304014,ILLUMINA,OTHER,PRJEB43263,15.4,PI 690331,34.0,True,Maize.Set.Inbred.Diversity.282.Plus.NAM.Parents,Oh7B,True
SAMEA8124587,1,23402869922,ILLUMINA,OTHER,PRJEB43263,10.2,,,False,,,False
SAMEA8124588,1,30285517342,ILLUMINA,OTHER,PRJEB43263,13.2,,,False,,,False
SAMEA8124589,4,20670684987,ILLUMINA,OTHER,PRJEB43263,9.0,PI 690334,24.0,True,Maize.Set.Inbred.Diversity.282.Plus.NAM.Parents,Tx303,True
SAMEA8124590,1,27321341436,ILLUMINA,OTHER,PRJEB43263,11.9,PI 690334,24.0,True,Maize.Set.Inbred.Diversity.282.Plus.NAM.Parents,Tx303,True
SAMEA8124591,1,22187975100,ILLUMINA,OTHER,PRJEB43263,9.6,PI 506246,33.0,False,Maize.Set.Inbred.Diversity.282.Plus.NAM.Parents,Tzi 8,True
SAMEA8124593,1,16673389125,ILLUMINA,OTHER,PRJEB43263,7.2,PI 506246,33.0,False,Maize.Set.Inbred.Diversity.282.Plus.NAM.Parents,Tzi 8,True
SAMEA8718246,37,168015876092,ILLUMINA;PACBIO_SMRT,WGA;WGS,PRJEB44462,73.1,PI 594047,35.0,False,Maize.Set.Inbred.Diversity.282.Plus.NAM.Parents,B104,True
SAMN00003159,108,32846458655,LS454,WGS,PRJNA74651,14.3,,,False,,,False
SAMN00005361,10,12463247122,ILLUMINA,WGS,PRJNA43759,5.4,,,False,,,False
SAMN00005362,9,13463549694,ILLUMINA,WGS,PRJNA43759,5.9,,,False,,,False
SAMN00005363,9,12450100730,ILLUMINA,WGS,PRJNA43759,5.4,,,False,,,False
SAMN00005364,12,12993741472,ILLUMINA,WGS,PRJNA43759,5.6,,,False,,,False
SAMN00005365,11,13744504166,ILLUMINA,WGS,PRJNA43759,6.0,,,False,,,False
SAMN00005366,12,17078047650,ILLUMINA,WGS,PRJNA43759,7.4,,,False,,,False
SAMN00113450,17,241678858432,ILLUMINA,WGS,PRJNA209553,105.1,,,False,,,False
SAMN00780671,18,618843757400,ILLUMINA,OTHER;WGS,PRJNA209553,269.1,,,False,,,False
SAMN00784010,1,54017981800,ILLUMINA,WGS,PRJNA209553,23.5,,,False,,,False
SAMN00788608,1,54694006800,ILLUMINA,WGS,PRJNA209553,23.8,,,False,,,False
SAMN00788673,2,34976373288,ILLUMINA,WGS,PRJNA209553,15.2,,,False,,,False
SAMN00788855,2,39263377184,ILLUMINA,WGS,PRJNA209553,17.1,,,False,,,False
SAMN00790558,6,70737539622,ILLUMINA,WGS,PRJNA82843,30.8,,,False,,,False
SAMN00790564,3,65292392800,ILLUMINA,WGS,PRJNA82843,28.4,,,False,,,False
SAMN00790566,6,66889737176,ILLUMINA,WGS,PRJNA82843,29.1,,,False,,,False
SAMN00790567,7,74772399166,ILLUMINA,WGS,PRJNA82843,32.5,,,False,,,False
SAMN00790568,2,14199470000,ILLUMINA,WGS,PRJNA82843,6.2,,,False,,,False
SAMN00790569,2,13225946800,ILLUMINA,WGS,PRJNA82843,5.8,,,False,,,False
SAMN00790570,2,12434628400,ILLUMINA,WGS,PRJNA82843,5.4,,,False,,,False
SAMN00790629,1,19110748600,ILLUMINA,WGS,PRJNA82843,8.3,,,False,,,False
SAMN00790664,4,28714001000,ILLUMINA,WGS,PRJNA82843,12.5,,,False,,,False
SAMN00790897,2,25385203200,ILLUMINA,WGS,PRJNA82843,11.0,,,False,,,False
SAMN00811091,1,85124126790,ILLUMINA,WGS,PRJNA209553,37.0,,,False,,,False
SAMN00839329,2,11712277000,ILLUMINA,WGS,,5.1,,,False,,,False
SAMN00839331,2,11844858400,ILLUMINA,WGS,,5.1,,,False,,,False
SAMN00839350,11,12450100730,ILLUMINA,WGS,,5.4,,,False,,,False
SAMN00839351,11,13744504166,ILLUMINA,WGS,,6.0,,,False,,,False
SAMN00839352,13,12993741472,ILLUMINA,WGS,,5.6,,,False,,,False
SAMN00839353,11,13463549694,ILLUMINA,WGS,,5.9,,,False,,,False
SAMN00839354,13,16919439652,ILLUMINA,WGS,,7.4,,,False,,,False
SAMN00839355,11,12463247122,ILLUMINA,WGS,,5.4,,,False,,,False
SAMN00839394,17,41091424716,ILLUMINA,WGS,,17.9,PI 690332,37.0,True,Maize.Set.Inbred.Diversity.282.Plus.NAM.Parents,Oh43,True
SAMN00839404,3,11834094960,ILLUMINA,WGS,,5.1,,,False,,,False
SAMN00839414,2,12328350184,ILLUMINA,WGS,,5.4,Ames 28407,,False,,,True
SAMN00839417,4,18754408400,ILLUMINA,WGS,,8.2,Ames 28398,,False,,,True
SAMN00839427,14,39263377184,ILLUMINA,WGS,,17.1,PI 587152,39.0,False,Maize.Set.Inbred.Diversity.282.Plus.NAM.Parents,W64A,True
SAMN00847525,3,16490056500,ILLUMINA,WGS,PRJNA82843,7.2,PI 558532,46.0,True,Maize.Set.Inbred.Diversity.282.Plus.NAM.Parents,Mo17,True
SAMN00855406,5,190776665000,ILLUMINA,WGS,PRJNA209553,82.9,,,False,,,False
SAMN01047770,11,111066558000,ILLUMINA,WGS,PRJNA168265,48.3,PI 636488,25.0,False,,KLS_30,True
SAMN01047771,9,187645026200,ILLUMINA,WGS,PRJNA168265,81.6,PI 636489,25.0,False,,KSS_30,True
SAMN01047772,9,163417960400,ILLUMINA,WGS,PRJNA168265,71.1,,,False,,,False
SAMN01924669,8,179417547102,ILLUMINA,WGS,PRJNA189995,78.0,,,False,,,False
SAMN01924670,1,54886072320,ILLUMINA,WGS,PRJNA189995,23.9,,,False,,,False
SAMN01992936,8,111015704000,ILLUMINA,WGS,PRJNA194561,48.3,,,False,,,False
SAMN01992937,9,130580361600,ILLUMINA,WGS,PRJNA194561,56.8,,,False,,,False
SAMN02086297,1,14833220000,ILLUMINA,OTHER,PRJNA200550,6.4,,,False,,,False
SAMN02116447,1,11792464700,ILLUMINA,WGS,PRJNA201040,5.1,,,False,,,False
SAMN02116448,1,11807619000,ILLUMINA,WGS,PRJNA201040,5.1,,,False,,,False
SAMN02116449,1,11720905700,ILLUMINA,WGS,PRJNA201040,5.1,,,False,,,False
SAMN02116450,1,12318954800,ILLUMINA,WGS,PRJNA201040,5.4,,,False,,,False
SAMN02116451,1,12247809800,ILLUMINA,WGS,PRJNA201040,5.3,,,False,,,False
SAMN02116452,1,12093378300,ILLUMINA,WGS,PRJNA201040,5.3,,,False,,,False
SAMN02116454,1,12001372571,ILLUMINA,WGS,PRJNA201040,5.2,,,False,,,False
SAMN02116455,1,11801559120,ILLUMINA,WGS,PRJNA201040,5.1,,,False,,,False
SAMN02116456,1,11630905581,ILLUMINA,WGS,PRJNA201040,5.1,,,False,,,False
SAMN02116457,1,11893061787,ILLUMINA,WGS,PRJNA201040,5.2,,,False,,,False
SAMN02116458,1,11941729950,ILLUMINA,WGS,PRJNA201040,5.2,,,False,,,False
SAMN02116459,1,12111281600,ILLUMINA,WGS,PRJNA201040,5.3,,,False,,,False
SAMN02116460,1,24018905200,ILLUMINA,WGS,PRJNA201040,10.4,,,False,,,False
SAMN02116461,1,23710238900,ILLUMINA,WGS,PRJNA201040,10.3,,,False,,,False
SAMN02116462,1,25221436700,ILLUMINA,WGS,PRJNA201040,11.0,,,False,,,False
SAMN02116463,1,23369577700,ILLUMINA,WGS,PRJNA201040,10.2,,,False,,,False
SAMN02116464,1,24166155500,ILLUMINA,WGS,PRJNA201040,10.5,,,False,,,False
SAMN02116465,1,26028571800,ILLUMINA,WGS,PRJNA201040,11.3,,,False,,,False
SAMN02116466,1,18990229100,ILLUMINA,WGS,PRJNA201040,8.3,,,False,,,False
SAMN02116467,1,19305482700,ILLUMINA,WGS,PRJNA201040,8.4,,,False,,,False
SAMN02116468,1,17206541900,ILLUMINA,WGS,PRJNA201040,7.5,,,False,,,False
SAMN02116469,1,17419130300,ILLUMINA,WGS,PRJNA201040,7.6,,,False,,,False
SAMN02116470,1,18699009400,ILLUMINA,WGS,PRJNA201040,8.1,,,False,,,False
SAMN02116471,1,16504042200,ILLUMINA,WGS,PRJNA201040,7.2,,,False,,,False
SAMN02116472,1,20040898800,ILLUMINA,WGS,PRJNA201040,8.7,,,False,,,False
SAMN02116473,1,19402710747,ILLUMINA,WGS,PRJNA201040,8.4,,,False,,,False
SAMN02116474,1,19508738600,ILLUMINA,WGS,PRJNA201040,8.5,,,False,,,False
SAMN02194682,1,58001779080,ILLUMINA,WGS,PRJNA207979,25.2,,,False,,,False
SAMN02203470,1,324972254400,ILLUMINA,WGS,PRJNA208216,141.3,,,False,,,False
SAMN02203471,1,172249691000,ILLUMINA,WGS,PRJNA208216,74.9,NSL 179256,2.0,False,,EARLY,True
SAMN02203472,1,272429103300,ILLUMINA,WGS,PRJNA208216,118.4,,,False,,,False
SAMN02203473,1,297039976200,ILLUMINA,WGS,PRJNA208216,129.1,,,False,,,False
SAMN02203474,1,307533615600,ILLUMINA,WGS,PRJNA208216,133.7,,,False,,,False
SAMN02303502,1,12438155800,ILLUMINA,OTHER,PRJNA214359,5.4,,,False,,,False
SAMN02664998,1,13118074600,ILLUMINA,WGS,PRJNA239372,5.7,,,False,,,False
SAMN02664999,1,12986107400,ILLUMINA,WGS,PRJNA239372,5.6,PI 708163,13.0,False,,PALOMERO TOLUQUENO,True
SAMN02797734,2,52117396514,ILLUMINA,WGS,PRJNA248246,22.7,,,False,,,False
SAMN02797735,1,17120717509,ILLUMINA,WGS,PRJNA248246,7.4,,,False,,,False
SAMN02821397,3,140402513700,ILLUMINA,WGS,PRJNA251121,61.0,PI 601009,35.0,False,Maize.Group.PVP,PHB47,True
SAMN02821431,3,137070426300,ILLUMINA,WGS,PRJNA251166,59.6,PI 601270,33.0,False,Maize.Group.PVP,PHG29,True
SAMN02821435,3,128191290400,ILLUMINA,WGS,PRJNA251185,55.7,,,False,,,False
SAMN02821436,3,144888770500,ILLUMINA,WGS,PRJNA251186,63.0,PI 690370,30.0,False,Maize.Set.Inbred.Diversity.282.Plus.NAM.Parents,NC230,True
SAMN02821443,3,135216947900,ILLUMINA,WGS,PRJNA251173,58.8,PI 601229,36.0,False,Maize.Group.PVP,PHG83,True
SAMN02821609,3,150546898700,ILLUMINA,WGS,PRJNA251177,65.5,PI 601005,35.0,True,Maize.Group.PVP,PH207,True
SAMN02821611,3,146246434800,ILLUMINA,WGS,PRJNA251181,63.6,PI 601171,34.0,False,Maize.Group.PVP,LH93,True
SAMN02821612,3,127284556800,ILLUMINA,WGS,PRJNA251178,55.3,Ames 30556,26.0,False,Maize.Group.Ames.Panel.Post.2010,W604S,True
SAMN02821729,3,140863616500,ILLUMINA,WGS,PRJNA251167,61.2,PI 601318,33.0,False,Maize.Group.PVP,PHG47,True
SAMN02821731,3,150444961900,ILLUMINA,WGS,PRJNA251171,65.4,PI 601006,35.0,True,Maize.Group.PVP,PHG50,True
SAMN02821734,3,138809464700,ILLUMINA,WGS,PRJNA251174,60.4,PI 690332,37.0,True,Maize.Set.Inbred.Diversity.282.Plus.NAM.Parents,Oh43,True
SAMN02821783,3,127924490100,ILLUMINA,WGS,PRJNA251179,55.6,Ames 30557,27.0,False,Maize.Group.Ames.Panel.Post.2010,W605S,True
SAMN02821794,3,129109307700,ILLUMINA,WGS,PRJNA251176,56.1,PI 601497,31.0,False,Maize.Group.PVP,PHN11,True
SAMN02821799,3,148134833400,ILLUMINA,WGS,PRJNA251172,64.4,PI 583350,23.0,False,Maize.Set.Inbred.Diversity.282.Plus.NAM.Parents,Mo45,True
SAMN02821810,3,133881687900,ILLUMINA,WGS,PRJNA251136,58.2,PI 601079,35.0,False,Maize.Group.PVP,LH123HT,True
SAMN02821811,3,132102039200,ILLUMINA,WGS,PRJNA251193,57.4,PI 601319,33.0,False,Maize.Group.PVP,PHG72,True
SAMN02821938,3,139200245600,ILLUMINA,WGS,PRJNA251170,60.5,PI 558532,46.0,True,Maize.Set.Inbred.Diversity.282.Plus.NAM.Parents,Mo17,True
SAMN02822083,3,134309202200,ILLUMINA,WGS,PRJNA251195,58.4,PI 601008,35.0,True,Maize.Group.PVP,PHG35,True
SAMN02822326,3,146122912600,ILLUMINA,WGS,PRJNA251135,63.5,PI 601321,33.0,False,Maize.Group.PVP,PHJ40,True
SAMN02822336,3,136521132400,ILLUMINA,WGS,PRJNA251169,59.4,PI 600981,35.0,True,Maize.Group.PVP,PHG39,True
SAMN02822347,3,126304092900,ILLUMINA,WGS,PRJNA251187,54.9,PI 601403,31.0,False,Maize.Group.PVP,LH156,True
SAMN02822376,3,133261514800,ILLUMINA,WGS,PRJNA251180,57.9,PI 601405,30.0,False,Maize.Group.PVP,LH85,True
SAMN02822380,3,134738055300,ILLUMINA,WGS,PRJNA251182,58.6,PI 600959,36.0,False,Maize.Group.PVP,LH145,True
SAMN02822385,3,144317611900,ILLUMINA,WGS,PRJNA251175,62.7,PI 601080,35.0,False,Maize.Group.PVP,CR1HT,True
SAMN02822394,3,139778459700,ILLUMINA,WGS,PRJNA251168,60.8,PI 608767,13.0,False,Maize.Set.Inbred.Diversity.282.Plus.NAM.Parents,B84,True
SAMN02822396,3,130226021500,ILLUMINA,WGS,PRJNA251184,56.6,,,False,,,False
SAMN02822397,3,137367411400,ILLUMINA,WGS,PRJNA251134,59.7,PI 601501,30.0,False,Maize.Group.PVP,PHW65,True
SAMN02946043,2,110817908400,ILLUMINA,WGS,PRJNA251204,48.2,Ames 35266,29.0,False,Maize.Set.Inbred.Diversity.282.Plus.NAM.Parents,Mo44,True
SAMN02946107,2,118881468300,ILLUMINA,WGS,PRJNA251192,51.7,,,False,,,False
SAMN02946168,2,115956506100,ILLUMINA,WGS,PRJNA251198,50.4,,,False,,,False
SAMN02946202,4,214278864000,ILLUMINA,WGS,PRJNA251194,93.2,,,False,,,False
SAMN02946258,2,114386550600,ILLUMINA,WGS,PRJNA256702,49.7,,,False,,,False
SAMN02998011,16,545350855870,ILLUMINA,WGS,PRJNA258455,237.1,PI 601005,35.0,True,Maize.Group.PVP,PH207,True
SAMN03031300,1,27161552400,ILLUMINA,WGS,PRJNA260788,11.8,PI 550473,48.0,True,Maize.Set.Inbred.Diversity.282.Plus.NAM.Parents,B73,True
SAMN03031301,1,36192217200,ILLUMINA,WGS,PRJNA260788,15.7,,,False,,,False
SAMN03031302,1,30712823200,ILLUMINA,WGS,PRJNA260788,13.4,,,False,,,False
SAMN03031303,1,31750543400,ILLUMINA,WGS,PRJNA260788,13.8,,,False,,,False
SAMN03031304,1,30290934200,ILLUMINA,WGS,PRJNA260788,13.2,,,False,,,False
SAMN03031305,1,135546330600,ILLUMINA,WGS,PRJNA260788,58.9,,,False,,,False
SAMN03031306,1,36757605000,ILLUMINA,WGS,PRJNA260788,16.0,,,False,,,False
SAMN03031307,1,32103711600,ILLUMINA,WGS,PRJNA260788,14.0,,,False,,,False
SAMN03031308,1,109609850000,ILLUMINA,WGS,PRJNA260788,47.7,PI 693362,31.0,True,Maize.Set.Inbred.Diversity.282.Plus.NAM.Parents,EP1,True
SAMN03031309,1,22142983832,ILLUMINA,WGS,PRJNA260788,9.6,,,False,,,False
SAMN03031310,1,19408657470,ILLUMINA,WGS,PRJNA260788,8.4,,,False,,,False
SAMN03031311,1,24596399272,ILLUMINA,WGS,PRJNA260788,10.7,,,False,,,False
SAMN03031312,1,37229452800,ILLUMINA,WGS,PRJNA260788,16.2,,,False,,,False
SAMN03031313,1,33006129800,ILLUMINA,WGS,PRJNA260788,14.4,,,False,,,False
SAMN03031314,2,41657097934,ILLUMINA,WGS,PRJNA260788,18.1,,,False,,,False
SAMN03031315,2,48160745046,ILLUMINA,WGS,PRJNA260788,20.9,,,False,,,False
SAMN03031316,1,20368877350,ILLUMINA,WGS,PRJNA260788,8.9,,,False,,,False
SAMN03031317,1,27191761922,ILLUMINA,WGS,PRJNA260788,11.8,,,False,,,False
SAMN03031318,1,101431006000,ILLUMINA,WGS,PRJNA260788,44.1,,,False,,,False
SAMN03031319,1,27469606800,ILLUMINA,WGS,PRJNA260788,11.9,,,False,,,False
SAMN03031320,1,29392327400,ILLUMINA,WGS,PRJNA260788,12.8,,,False,,,False
SAMN03031321,1,28008576400,ILLUMINA,WGS,PRJNA260788,12.2,,,False,,,False
SAMN03031322,1,26149483400,ILLUMINA,WGS,PRJNA260788,11.4,PI 558532,46.0,True,Maize.Set.Inbred.Diversity.282.Plus.NAM.Parents,Mo17,True
SAMN03031323,1,119712561400,ILLUMINA,WGS,PRJNA260788,52.0,PI 601005,35.0,True,Maize.Group.PVP,PH207,True
SAMN03031324,1,32835412600,ILLUMINA,WGS,PRJNA260788,14.3,,,False,,,False
SAMN03031325,1,32410756600,ILLUMINA,WGS,PRJNA260788,14.1,,,False,,,False
SAMN03031326,1,30770787600,ILLUMINA,WGS,PRJNA260788,13.4,,,False,,,False
SAMN03031327,1,25394107000,ILLUMINA,WGS,PRJNA260788,11.0,,,False,,,False
SAMN03031328,1,29182165336,ILLUMINA,WGS,PRJNA260788,12.7,,,False,,,False
SAMN03031329,1,27023947400,ILLUMINA,WGS,PRJNA260788,11.7,,,False,,,False
SAMN03031330,1,31594024600,ILLUMINA,WGS,PRJNA260788,13.7,PI 587153,37.0,True,Maize.Group.Ames.Panel.2010,W117,True
SAMN03075313,1,21541363224,ILLUMINA,WGA,PRJNA261658,9.4,,,False,,,False
SAMN03076152,4,34652730884,ILLUMINA,OTHER,PRJNA261802,15.1,PI 550473,48.0,True,Maize.Set.Inbred.Diversity.282.Plus.NAM.Parents,B73,True
SAMN03100283,1,13288930000,ILLUMINA,OTHER,PRJNA263415,5.8,PI 550473,48.0,True,Maize.Set.Inbred.Diversity.282.Plus.NAM.Parents,B73,True
SAMN03100352,1,16515016400,ILLUMINA,OTHER,PRJNA263415,7.2,PI 587131,42.0,False,Maize.Set.Inbred.Diversity.282.Plus.NAM.Parents,HP301,True
SAMN03100353,1,14306638200,ILLUMINA,OTHER,PRJNA263415,6.2,PI 558532,46.0,True,Maize.Set.Inbred.Diversity.282.Plus.NAM.Parents,Mo17,True
SAMN03100354,1,17710023000,ILLUMINA,OTHER,PRJNA263415,7.7,PI 690334,24.0,True,Maize.Set.Inbred.Diversity.282.Plus.NAM.Parents,Tx303,True
SAMN03100355,1,20495120400,ILLUMINA,OTHER,PRJNA263415,8.9,,,False,,,False
SAMN03195519,3,12192190433,ILLUMINA,OTHER,PRJNA267560,5.3,PI 550473,48.0,True,Maize.Set.Inbred.Diversity.282.Plus.NAM.Parents,B73,True
SAMN03278299,1,62233203722,ILLUMINA,WGS,PRJNA271894,27.1,,,False,,,False
SAMN03281112,5,66340750400,ILLUMINA,WGS,PRJNA272385,28.8,PI 587140,39.0,True,Maize.Set.Inbred.Diversity.282.Plus.NAM.Parents,A632,True
SAMN03281113,5,46848181000,ILLUMINA,WGA;WGS,PRJNA272385,20.4,PI 587154,37.0,False,Maize.Set.Inbred.Diversity.282.Plus.NAM.Parents,W153R,True
SAMN03281114,5,52068065400,ILLUMINA,WGA;WGS,PRJNA272385,22.6,PI 587129,38.0,False,Maize.Set.Inbred.Diversity.282.Plus.NAM.Parents,H99,True
SAMN03281115,5,63165440600,ILLUMINA,WGA;WGS,PRJNA272385,27.5,PI 587131,42.0,False,Maize.Set.Inbred.Diversity.282.Plus.NAM.Parents,HP301,True
SAMN03281116,5,36793163400,ILLUMINA,WGA;WGS,PRJNA272385,16.0,,,False,,,False
SAMN03393019,2,12445650600,ILLUMINA,WXS,PRJNA277474,5.4,PI 550473,48.0,True,Maize.Set.Inbred.Diversity.282.Plus.NAM.Parents,B73,True
SAMN03393020,2,12375325200,ILLUMINA,WXS,PRJNA277474,5.4,PI 564682,36.0,True,Maize.Set.Inbred.Diversity.282.Plus.NAM.Parents,B97,True
SAMN03393036,6,60811381000,ILLUMINA,WXS,PRJNA277474,26.4,PI 558532,46.0,True,Maize.Set.Inbred.Diversity.282.Plus.NAM.Parents,Mo17,True
SAMN03851938,4,47472687004,ILLUMINA,WXS,PRJNA289275,20.6,,,False,,,False
SAMN03851939,4,60030414944,ILLUMINA,WXS,PRJNA289275,26.1,,,False,,,False
SAMN03851940,4,48073829308,ILLUMINA,WXS,PRJNA289275,20.9,,,False,,,False
SAMN04225700,2,64126225000,ILLUMINA,WGS,PRJNA300309,27.9,,,False,,,False
SAMN04225701,2,67924280000,ILLUMINA,WGS,PRJNA300309,29.5,,,False,,,False
SAMN04225702,2,69525349000,ILLUMINA,WGS,PRJNA300309,30.2,,,False,,,False
SAMN04225703,2,70652539200,ILLUMINA,WGS,PRJNA300309,30.7,,,False,,,False
SAMN04225704,2,69532640000,ILLUMINA,WGS,PRJNA300309,30.2,,,False,,,False
SAMN04225705,2,65110173200,ILLUMINA,WGS,PRJNA300309,28.3,,,False,,,False
SAMN04225706,21,16564000000,ILLUMINA,WGS,PRJNA300309,7.2,,,False,,,False
SAMN04225707,2,64594204200,ILLUMINA,WGS,PRJNA300309,28.1,,,False,,,False
SAMN04225708,2,74068455400,ILLUMINA,WGS,PRJNA300309,32.2,,,False,,,False
SAMN04225709,2,69863502800,ILLUMINA,WGS,PRJNA300309,30.4,,,False,,,False
SAMN04225710,2,69382580200,ILLUMINA,WGS,PRJNA300309,30.2,,,False,,,False
SAMN04225711,2,68104707600,ILLUMINA,WGS,PRJNA300309,29.6,,,False,,,False
SAMN04225712,4,84809491880,ILLUMINA,WGS,PRJNA300309,36.9,,,False,,,False
SAMN04225713,2,70303076800,ILLUMINA,WGS,PRJNA300309,30.6,,,False,,,False
SAMN04225714,2,67507942800,ILLUMINA,WGS,PRJNA300309,29.4,,,False,,,False
SAMN04225715,2,74655913600,ILLUMINA,WGS,PRJNA300309,32.5,,,False,,,False
SAMN04225716,2,67848149200,ILLUMINA,WGS,PRJNA300309,29.5,,,False,,,False
SAMN04225717,2,70391760600,ILLUMINA,WGS,PRJNA300309,30.6,,,False,,,False
SAMN04225718,2,69088718000,ILLUMINA,WGS,PRJNA300309,30.0,,,False,,,False
SAMN04225719,6,148823491780,ILLUMINA,WGS,PRJNA300309,64.7,,,False,,,False
SAMN04225720,2,70824771800,ILLUMINA,WGS,PRJNA300309,30.8,,,False,,,False
SAMN04225721,2,68914764600,ILLUMINA,WGS,PRJNA300309,30.0,,,False,,,False
SAMN04225722,4,90829552280,ILLUMINA,WGS,PRJNA300309,39.5,,,False,,,False
SAMN04225723,4,75579519240,ILLUMINA,WGS,PRJNA300309,32.9,,,False,,,False
SAMN04225724,2,72223509200,ILLUMINA,WGS,PRJNA300309,31.4,,,False,,,False
SAMN04225725,3,75418539660,ILLUMINA,WGS,PRJNA300309,32.8,,,False,,,False
SAMN04225726,2,70579299200,ILLUMINA,WGS,PRJNA300309,30.7,,,False,,,False
SAMN04225727,2,73184729400,ILLUMINA,WGS,PRJNA300309,31.8,,,False,,,False
SAMN04225728,2,71601398400,ILLUMINA,WGS,PRJNA300309,31.1,,,False,,,False
SAMN04225729,2,61485427200,ILLUMINA,WGS,PRJNA300309,26.7,,,False,,,False
SAMN04225730,3,75204471780,ILLUMINA,WGS,PRJNA300309,32.7,,,False,,,False
SAMN04230907,4,26934434434,ILLUMINA,WGS,PRJNA300934,11.7,,,False,,,False
SAMN04296295,213,488927547903,ILLUMINA;PACBIO_SMRT,WGS,PRJNA10769,212.6,PI 550473,48.0,True,Maize.Set.Inbred.Diversity.282.Plus.NAM.Parents,B73,True
SAMN04366399,22,170252581464,ILLUMINA,WXS,PRJNA306879,74.0,,,False,,,False
SAMN04442268,1,20138639273,ILLUMINA,WGS,PRJNA307529,8.8,,,False,,,False
SAMN04442269,1,21968008480,ILLUMINA,WGS,PRJNA307529,9.6,,,False,,,False
SAMN04517511,1,21693960084,ILLUMINA,WGS,PRJNA312736,9.4,,,False,,,False
SAMN04517512,1,20815401181,ILLUMINA,WGS,PRJNA312736,9.1,,,False,,,False
SAMN04517513,1,19152166814,ILLUMINA,WGS,PRJNA312736,8.3,,,False,,,False
SAMN04517514,1,18619852273,ILLUMINA,WGS,PRJNA312736,8.1,,,False,,,False
SAMN04517515,1,23541121814,ILLUMINA,WGS,PRJNA312736,10.2,,,False,,,False
SAMN04517516,1,22917353288,ILLUMINA,WGS,PRJNA312736,10.0,,,False,,,False
SAMN04517517,1,25267274333,ILLUMINA,WGS,PRJNA312736,11.0,,,False,,,False
SAMN04517518,1,28435056311,ILLUMINA,WGS,PRJNA312736,12.4,,,False,,,False
SAMN05005160,1,30464613335,ILLUMINA,OTHER,PRJNA257556,13.2,,,False,,,False
SAMN05360906,1,12962008316,ILLUMINA,OTHER,PRJNA327875,5.6,PI 550473,48.0,True,Maize.Set.Inbred.Diversity.282.Plus.NAM.Parents,B73,True
SAMN05360907,2,22260498374,ILLUMINA,OTHER,PRJNA327875,9.7,PI 550473,48.0,True,Maize.Set.Inbred.Diversity.282.Plus.NAM.Parents,B73,True
SAMN05360908,3,40082507712,ILLUMINA,OTHER,PRJNA327875,17.4,PI 550473,48.0,True,Maize.Set.Inbred.Diversity.282.Plus.NAM.Parents,B73,True
SAMN05360909,3,38844171962,ILLUMINA,OTHER,PRJNA327875,16.9,PI 550473,48.0,True,Maize.Set.Inbred.Diversity.282.Plus.NAM.Parents,B73,True
SAMN05442948,1,45314096750,ILLUMINA,WGS,PRJNA332960,19.7,PI 543845,30.0,False,Maize.Group.PVP,PHP38,True
SAMN05442975,1,48209439982,ILLUMINA,WGS,PRJNA332957,21.0,PI 565108,29.0,True,Maize.Group.PVP,PHMK0,True
SAMN05442976,1,49304178992,ILLUMINA,WGS,PRJNA332953,21.4,PI 543841,29.0,False,Maize.Group.PVP,PHK46,True
SAMN05442977,1,51059687550,ILLUMINA,WGS,PRJNA332950,22.2,PI 578215,29.0,False,Maize.Group.PVP,NP899,True
SAMN05442978,1,45308606376,ILLUMINA,WGS,PRJNA332945,19.7,PI 557563,29.0,False,Maize.Group.PVP,LH198,True
SAMN05445515,1,44082431216,ILLUMINA,WGS,PRJNA332941,19.2,PI 546481,29.0,False,Maize.Group.PVP,FBLL,True
SAMN05445934,1,58500258258,ILLUMINA,WGS,PRJNA332942,25.4,PI 601402,31.0,False,Maize.Group.PVP,LH146Ht,True
SAMN05445935,1,44535425976,ILLUMINA,WGS,PRJNA332943,19.4,PI 576169,29.0,False,Maize.Group.PVP,LH168,True
SAMN05445936,1,50699973928,ILLUMINA,WGS,PRJNA332944,22.0,PI 576171,28.0,True,Maize.Group.PVP,LH185,True
SAMN05445937,1,51255974570,ILLUMINA,WGS,PRJNA332949,22.3,PI 601170,34.0,True,Maize.Group.PVP,LH82,True
SAMN05445938,1,53752668558,ILLUMINA,WGS,PRJNA332951,23.4,PI 578031,29.0,False,Maize.Group.PVP,PHAA0,True
SAMN05445939,2,162680217356,ILLUMINA,WGS,PRJNA332952,70.7,PI 548798,29.0,True,Maize.Group.PVP,PHJ89,True
SAMN05445940,1,57237795024,ILLUMINA,WGS,PRJNA332955,24.9,PI 601496,31.0,False,Maize.Group.PVP,PHK76,True
SAMN05445941,1,45973134398,ILLUMINA,WGS,PRJNA332956,20.0,PI 578037,29.0,False,Maize.Group.PVP,PHKM5,True
SAMN05445942,1,47797095676,ILLUMINA,WGS,PRJNA332958,20.8,PI 543844,30.0,True,Maize.Group.PVP,PHN46,True
SAMN05445943,1,48801434526,ILLUMINA,WGS,PRJNA332959,21.2,PI 601570,20.0,True,Maize.Group.PVP,PHP02,True
SAMN05445944,1,45742606460,ILLUMINA,WGS,PRJNA332963,19.9,PI 601470,30.0,True,Maize.Group.PVP,PHV78,True
SAMN05445945,1,45084855438,ILLUMINA,WGS,PRJNA332964,19.6,PI 601575,31.0,True,Maize.Group.PVP,PHW52,True
SAMN05445946,1,51508174350,ILLUMINA,WGS,PRJNA332965,22.4,NSL 30073,28.0,False,Maize.Group.Ames.Panel.2010,W37A,True
SAMN05445958,1,49237042014,ILLUMINA,WGS,PRJNA332961,21.4,PI 548803,20.0,False,Maize.Group.PVP,PHR03,True
SAMN05445959,1,47161516990,ILLUMINA,WGS,PRJNA332962,20.5,PI 548807,30.0,True,Maize.Group.PVP,PHT11,True
SAMN05445960,1,41219828926,ILLUMINA,WGS,PRJNA332966,17.9,,,False,,,False
SAMN05446031,1,50142528530,ILLUMINA,WGS,PRJNA332939,21.8,PI 564754,29.0,False,Maize.Group.PVP,3IIH6,True
SAMN05446032,1,54155598356,ILLUMINA,WGS,PRJNA332940,23.5,PI 693339,30.0,False,Maize.Set.Inbred.Diversity.282.Plus.NAM.Parents,A188,True
SAMN05446033,1,48083416396,ILLUMINA,WGS,PRJNA332946,20.9,PI 564541,29.0,True,Maize.Group.PVP,LH200,True
SAMN05446034,1,39043591658,ILLUMINA,WGS,PRJNA332947,17.0,PI 601466,31.0,False,Maize.Group.PVP,LH59,True
SAMN05446035,1,52270462354,ILLUMINA,WGS,PRJNA332948,22.7,PI 600957,35.0,False,Maize.Group.PVP,LH74,True
SAMN05446036,1,49228329804,ILLUMINA,WGS,PRJNA332954,21.4,PI 543842,30.0,False,Maize.Group.PVP,PHK56,True
SAMN05504565,1,11653309000,ILLUMINA,WGS,PRJNA336121,5.1,,,False,,,False
SAMN05504619,1,14417892400,ILLUMINA,WGS,PRJNA336121,6.3,,,False,,,False
SAMN05504667,1,15107788464,ILLUMINA,WGS,PRJNA336121,6.6,,,False,,,False
SAMN05504668,1,16431172880,ILLUMINA,WGS,PRJNA336121,7.1,,,False,,,False
SAMN05504670,1,12818632756,ILLUMINA,WGS,PRJNA336121,5.6,,,False,,,False
SAMN05504672,1,14768213132,ILLUMINA,WGS,PRJNA336121,6.4,,,False,,,False
SAMN05504699,1,13846111614,ILLUMINA,WGS,PRJNA336121,6.0,,,False,,,False
SAMN05504700,1,13635912636,ILLUMINA,WGS,PRJNA336121,5.9,,,False,,,False
SAMN05519111,72,159309033370,ILLUMINA,WGS,PRJNA337488,69.3,PI 558532,46.0,True,Maize.Set.Inbred.Diversity.282.Plus.NAM.Parents,Mo17,True
SAMN05578024,1,45102321500,ILLUMINA,WGS,PRJNA338953,19.6,PI 550473,48.0,True,Maize.Set.Inbred.Diversity.282.Plus.NAM.Parents,B73,True
SAMN05578025,1,67635415000,ILLUMINA,WGS,PRJNA338953,29.4,PI 550473,48.0,True,Maize.Set.Inbred.Diversity.282.Plus.NAM.Parents,B73,True
SAMN05578026,1,43295752500,ILLUMINA,WGS,PRJNA338953,18.8,PI 558532,46.0,True,Maize.Set.Inbred.Diversity.282.Plus.NAM.Parents,Mo17,True
SAMN05578027,1,68028355000,ILLUMINA,WGS,PRJNA338953,29.6,PI 558532,46.0,True,Maize.Set.Inbred.Diversity.282.Plus.NAM.Parents,Mo17,True
SAMN05591613,2,60689746637,ILLUMINA,WGS,PRJNA339461,26.4,,,False,,,False
SAMN05591614,1,12618218267,ILLUMINA,WGS,PRJNA339461,5.5,,,False,,,False
SAMN05780988,9,402543137846,ILLUMINA,WGS,PRJNA343134,175.0,Ames 28405,,False,,,True
SAMN05781040,3,70014751520,ILLUMINA,WGS,PRJNA343140,30.4,,,False,,,False
SAMN05829331,1,19179518680,ILLUMINA,WGS,PRJNA344581,8.3,PI 550473,48.0,True,Maize.Set.Inbred.Diversity.282.Plus.NAM.Parents,B73,True
SAMN05829332,1,21537110672,ILLUMINA,WGS,PRJNA344581,9.4,PI 550473,48.0,True,Maize.Set.Inbred.Diversity.282.Plus.NAM.Parents,B73,True
SAMN05977577,2,83656529074,ILLUMINA,OTHER;WGS,PRJNA352392,36.4,,,False,,,False
SAMN06169745,38,436026296148,ILLUMINA;PACBIO_SMRT,WGS,PRJNA358298,189.6,PI 558532,46.0,True,Maize.Set.Inbred.Diversity.282.Plus.NAM.Parents,Mo17,True
SAMN06216638,10,769220232108,ILLUMINA,WGS,PRJNA360920,334.4,PI 693362,31.0,True,Maize.Set.Inbred.Diversity.282.Plus.NAM.Parents,EP1,True
SAMN06216672,5,536501671508,ILLUMINA,WGS,PRJNA360923,233.3,,,False,,,False
SAMN06346878,1,57257434332,ILLUMINA,WGS,PRJNA375868,24.9,,,False,,,False
SAMN06346879,1,68455043748,ILLUMINA,WGS,PRJNA375868,29.8,,,False,,,False
SAMN06346880,1,55459350324,ILLUMINA,WGS,PRJNA375868,24.1,,,False,,,False
SAMN06346881,1,68416020540,ILLUMINA,WGS,PRJNA375868,29.7,,,False,,,False
SAMN06685737,1,56588498000,ILLUMINA,WGS,PRJNA381642,24.6,PI 550473,48.0,True,Maize.Set.Inbred.Diversity.282.Plus.NAM.Parents,B73,True
SAMN06685738,1,63367555600,ILLUMINA,WGS,PRJNA381642,27.6,PI 644101,34.0,False,Maize.Group.PVP,LH1,True
SAMN06685739,1,61158150400,ILLUMINA,WGS,PRJNA381642,26.6,PI 601079,35.0,False,Maize.Group.PVP,LH123HT,True
SAMN06685740,1,46911798000,ILLUMINA,WGS,PRJNA381642,20.4,PI 601170,34.0,True,Maize.Group.PVP,LH82,True
SAMN06685741,1,56684590000,ILLUMINA,WGS,PRJNA381642,24.6,PI 558532,46.0,True,Maize.Set.Inbred.Diversity.282.Plus.NAM.Parents,Mo17,True
SAMN06685742,1,59687134600,ILLUMINA,WGS,PRJNA381642,26.0,PI 601005,35.0,True,Maize.Group.PVP,PH207,True
SAMN06685743,1,80357732400,ILLUMINA,WGS,PRJNA381642,34.9,PI 601300,33.0,False,Maize.Group.PVP,4676A,True
SAMN06685744,1,55581914400,ILLUMINA,WGS,PRJNA381642,24.2,PI 600981,35.0,True,Maize.Group.PVP,PHG39,True
SAMN06685745,1,55404356400,ILLUMINA,WGS,PRJNA381642,24.1,PI 601318,33.0,False,Maize.Group.PVP,PHG47,True
SAMN06685746,1,54287504400,ILLUMINA,WGS,PRJNA381642,23.6,PI 601320,34.0,True,Maize.Group.PVP,PHG84,True
SAMN06685747,1,50652562800,ILLUMINA,WGS,PRJNA381642,22.0,PI 601321,33.0,False,Maize.Group.PVP,PHJ40,True
SAMN06685748,1,56195692000,ILLUMINA,WGS,PRJNA381642,24.4,PI 601322,34.0,False,Maize.Group.PVP,PHZ51,True
SAMN06710494,1,156503792356,ILLUMINA,WGS,PRJNA380806,68.0,,,False,,,False
SAMN06765376,9,39565269004,ILLUMINA,WGS,PRJNA383410,17.2,PI 550473,48.0,True,Maize.Set.Inbred.Diversity.282.Plus.NAM.Parents,B73,True
SAMN06858460,1,27893964567,ILLUMINA,OTHER,PRJNA385022,12.1,,,False,,,False
SAMN06858461,1,29049558087,ILLUMINA,OTHER,PRJNA385022,12.6,,,False,,,False
SAMN06858462,1,19843782494,ILLUMINA,OTHER,PRJNA385022,8.6,,,False,,,False
SAMN06858463,1,17216526357,ILLUMINA,OTHER,PRJNA385022,7.5,,,False,,,False
SAMN06858464,1,20075232680,ILLUMINA,OTHER,PRJNA385022,8.7,,,False,,,False
SAMN06858465,1,20001037676,ILLUMINA,OTHER,PRJNA385022,8.7,,,False,,,False
SAMN06858466,1,17875632965,ILLUMINA,OTHER,PRJNA385022,7.8,,,False,,,False
SAMN06858467,1,21167537075,ILLUMINA,OTHER,PRJNA385022,9.2,,,False,,,False
SAMN06858468,1,18715184052,ILLUMINA,OTHER,PRJNA385022,8.1,,,False,,,False
SAMN06858469,1,19209956792,ILLUMINA,OTHER,PRJNA385022,8.4,,,False,,,False
SAMN06858470,1,17819157401,ILLUMINA,OTHER,PRJNA385022,7.7,,,False,,,False
SAMN06858471,1,17437621720,ILLUMINA,OTHER,PRJNA385022,7.6,,,False,,,False
SAMN06858472,1,20334159714,ILLUMINA,OTHER,PRJNA385022,8.8,,,False,,,False
SAMN06858473,1,29131886924,ILLUMINA,OTHER,PRJNA385022,12.7,,,False,,,False
SAMN06927804,1,73996044201,ILLUMINA,OTHER,PRJNA386191,32.2,,,False,,,False
SAMN06927805,1,169626061100,ILLUMINA,OTHER,PRJNA386191,73.8,,,False,,,False
SAMN06927806,1,34566203153,ILLUMINA,OTHER,PRJNA386191,15.0,,,False,,,False
SAMN06927807,1,13971638400,ILLUMINA,OTHER,PRJNA386191,6.1,,,False,,,False
SAMN07187450,1,35719253054,ILLUMINA,WGS,PRJNA388821,15.5,PI 558532,46.0,True,Maize.Set.Inbred.Diversity.282.Plus.NAM.Parents,Mo17,True
SAMN07209400,2,38412541410,ILLUMINA,WGS,PRJNA389800,16.7,,,False,,,False
SAMN07209401,2,16643402100,ILLUMINA,WGS,PRJNA389800,7.2,,,False,,,False
SAMN07209402,2,20527124428,ILLUMINA,WGS,PRJNA389800,8.9,,,False,,,False
SAMN07209403,2,12419483400,ILLUMINA,WGS,PRJNA389800,5.4,,,False,,,False
SAMN07209404,2,11947644578,ILLUMINA,WGS,PRJNA389800,5.2,,,False,,,False
SAMN07209405,2,23942920612,ILLUMINA,WGS,PRJNA389800,10.4,,,False,,,False
SAMN07209406,3,19278749976,ILLUMINA,WGS,PRJNA389800,8.4,,,False,,,False
SAMN07209410,3,15378567448,ILLUMINA,WGS,PRJNA389800,6.7,,,False,,,False
SAMN07209411,3,16584458188,ILLUMINA,WGS,PRJNA389800,7.2,,,False,,,False
SAMN07209412,3,16357523560,ILLUMINA,WGS,PRJNA389800,7.1,,,False,,,False
SAMN07209413,3,14152409412,ILLUMINA,WGS,PRJNA389800,6.2,,,False,,,False
SAMN07209414,2,21376929742,ILLUMINA,WGS,PRJNA389800,9.3,,,False,,,False
SAMN07209415,2,17718100310,ILLUMINA,WGS,PRJNA389800,7.7,,,False,,,False
SAMN07209416,2,12170385820,ILLUMINA,WGS,PRJNA389800,5.3,,,False,,,False
SAMN07209418,3,17272427648,ILLUMINA,WGS,PRJNA389800,7.5,,,False,,,False
SAMN07209419,3,16223719104,ILLUMINA,WGS,PRJNA389800,7.1,,,False,,,False
SAMN07209420,3,16122430752,ILLUMINA,WGS,PRJNA389800,7.0,,,False,,,False
SAMN07209423,3,15749950916,ILLUMINA,WGS,PRJNA389800,6.8,,,False,,,False
SAMN07209426,3,14939506418,ILLUMINA,WGS,PRJNA389800,6.5,,,False,,,False
SAMN07209427,3,13135147180,ILLUMINA,WGS,PRJNA389800,5.7,,,False,,,False
SAMN07209430,3,15376042894,ILLUMINA,WGS,PRJNA389800,6.7,,,False,,,False
SAMN07209431,3,13627365600,ILLUMINA,WGS,PRJNA389800,5.9,,,False,,,False
SAMN07209433,3,91541591058,ILLUMINA,WGS,PRJNA389800,39.8,,,False,,,False
SAMN07209434,3,14161376598,ILLUMINA,WGS,PRJNA389800,6.2,,,False,,,False
SAMN07209435,3,13928457154,ILLUMINA,WGS,PRJNA389800,6.1,,,False,,,False
SAMN07209436,3,12914949902,ILLUMINA,WGS,PRJNA389800,5.6,,,False,,,False
SAMN07209437,3,14333911446,ILLUMINA,WGS,PRJNA389800,6.2,,,False,,,False
SAMN07209439,3,15636259378,ILLUMINA,WGS,PRJNA389800,6.8,,,False,,,False
SAMN07209441,2,22215983208,ILLUMINA,WGS,PRJNA389800,9.7,,,False,,,False
SAMN07209442,2,20525331778,ILLUMINA,WGS,PRJNA389800,8.9,,,False,,,False
SAMN07209443,3,31521845040,ILLUMINA,WGS,PRJNA389800,13.7,,,False,,,False
SAMN07209444,3,16086471166,ILLUMINA,WGS,PRJNA389800,7.0,,,False,,,False
SAMN07209445,2,18889411578,ILLUMINA,WGS,PRJNA389800,8.2,,,False,,,False
SAMN07209448,2,15721163596,ILLUMINA,WGS,PRJNA389800,6.8,,,False,,,False
SAMN07209449,2,23735302450,ILLUMINA,WGS,PRJNA389800,10.3,,,False,,,False
SAMN07209450,2,11989806448,ILLUMINA,WGS,PRJNA389800,5.2,,,False,,,False
SAMN07209453,2,14146080832,ILLUMINA,WGS,PRJNA389800,6.2,,,False,,,False
SAMN07209454,2,14433580400,ILLUMINA,WGS,PRJNA389800,6.3,,,False,,,False
SAMN07209455,2,17005818266,ILLUMINA,WGS,PRJNA389800,7.4,,,False,,,False
SAMN07209456,2,16323091852,ILLUMINA,WGS,PRJNA389800,7.1,,,False,,,False
SAMN07209457,2,12142270800,ILLUMINA,WGS,PRJNA389800,5.3,,,False,,,False
SAMN07209459,3,15364981560,ILLUMINA,WGS,PRJNA389800,6.7,,,False,,,False
SAMN07209461,3,23081279072,ILLUMINA,WGS,PRJNA389800,10.0,,,False,,,False
SAMN07209462,2,17338045060,ILLUMINA,WGS,PRJNA389800,7.5,,,False,,,False
SAMN07209464,4,15263528136,ILLUMINA,WGS,PRJNA389800,6.6,,,False,,,False
SAMN07209466,4,13635558179,ILLUMINA,WGS,PRJNA389800,5.9,,,False,,,False
SAMN07209467,3,19339974786,ILLUMINA,WGS,PRJNA389800,8.4,,,False,,,False
SAMN07209469,4,13160941035,ILLUMINA,WGS,PRJNA389800,5.7,,,False,,,False
SAMN07209470,3,14413194036,ILLUMINA,WGS,PRJNA389800,6.3,,,False,,,False
SAMN07209472,3,14365393660,ILLUMINA,WGS,PRJNA389800,6.2,,,False,,,False
SAMN07209473,4,14093665915,ILLUMINA,WGS,PRJNA389800,6.1,,,False,,,False
SAMN07209476,4,13020067663,ILLUMINA,WGS,PRJNA389800,5.7,,,False,,,False
SAMN07209477,3,15043367420,ILLUMINA,WGS,PRJNA389800,6.5,,,False,,,False
SAMN07209478,4,16582750895,ILLUMINA,WGS,PRJNA389800,7.2,,,False,,,False
SAMN07209480,3,23655643106,ILLUMINA,WGS,PRJNA389800,10.3,,,False,,,False
SAMN07209481,4,16071564150,ILLUMINA,WGS,PRJNA389800,7.0,,,False,,,False
SAMN07209483,3,12139110380,ILLUMINA,WGS,PRJNA389800,5.3,,,False,,,False
SAMN07209484,4,13872961835,ILLUMINA,WGS,PRJNA389800,6.0,,,False,,,False
SAMN07209485,4,16750135056,ILLUMINA,WGS,PRJNA389800,7.3,,,False,,,False
SAMN07209486,3,28705133944,ILLUMINA,WGS,PRJNA389800,12.5,,,False,,,False
SAMN07209488,3,15803285128,ILLUMINA,WGS,PRJNA389800,6.9,,,False,,,False
SAMN07209490,4,15485299864,ILLUMINA,WGS,PRJNA389800,6.7,,,False,,,False
SAMN07209491,2,15555308700,ILLUMINA,WGS,PRJNA389800,6.8,,,False,,,False
SAMN07209492,4,13330888287,ILLUMINA,WGS,PRJNA389800,5.8,,,False,,,False
SAMN07209493,2,17204513362,ILLUMINA,WGS,PRJNA389800,7.5,,,False,,,False
SAMN07209494,3,13675812126,ILLUMINA,WGS,PRJNA389800,5.9,,,False,,,False
SAMN07209495,3,15340908618,ILLUMINA,WGS,PRJNA389800,6.7,,,False,,,False
SAMN07209496,3,20353878852,ILLUMINA,WGS,PRJNA389800,8.8,,,False,,,False
SAMN07209497,2,17969265000,ILLUMINA,WGS,PRJNA389800,7.8,,,False,,,False
SAMN07209500,2,17333661600,ILLUMINA,WGS,PRJNA389800,7.5,,,False,,,False
SAMN07209501,2,16992666600,ILLUMINA,WGS,PRJNA389800,7.4,,,False,,,False
SAMN07209502,3,29569208056,ILLUMINA,WGS,PRJNA389800,12.9,,,False,,,False
SAMN07209505,3,13596313196,ILLUMINA,WGS,PRJNA389800,5.9,,,False,,,False
SAMN07209506,2,19093944246,ILLUMINA,WGS,PRJNA389800,8.3,,,False,,,False
SAMN07209507,2,15108561292,ILLUMINA,WGS,PRJNA389800,6.6,,,False,,,False
SAMN07209508,2,17360186094,ILLUMINA,WGS,PRJNA389800,7.5,,,False,,,False
SAMN07209509,3,12090338580,ILLUMINA,WGS,PRJNA389800,5.3,,,False,,,False
SAMN07209512,4,11772539443,ILLUMINA,WGS,PRJNA389800,5.1,,,False,,,False
SAMN07209513,2,14322030600,ILLUMINA,WGS,PRJNA389800,6.2,,,False,,,False
SAMN07209514,3,19473287832,ILLUMINA,WGS,PRJNA389800,8.5,,,False,,,False
SAMN07209515,3,13746955336,ILLUMINA,WGS,PRJNA389800,6.0,,,False,,,False
SAMN07209516,4,15085308532,ILLUMINA,WGS,PRJNA389800,6.6,,,False,,,False
SAMN07209518,3,14582323300,ILLUMINA,WGS,PRJNA389800,6.3,,,False,,,False
SAMN07209519,3,16198662564,ILLUMINA,WGS,PRJNA389800,7.0,,,False,,,False
SAMN07209520,3,13695067456,ILLUMINA,WGS,PRJNA389800,6.0,,,False,,,False
SAMN07209521,3,17752362824,ILLUMINA,WGS,PRJNA389800,7.7,,,False,,,False
SAMN07209522,2,20561703652,ILLUMINA,WGS,PRJNA389800,8.9,,,False,,,False
SAMN07209523,3,13443204336,ILLUMINA,WGS,PRJNA389800,5.8,,,False,,,False
SAMN07209524,3,17230368976,ILLUMINA,WGS,PRJNA389800,7.5,,,False,,,False
SAMN07209525,3,12538386696,ILLUMINA,WGS,PRJNA389800,5.5,,,False,,,False
SAMN07209526,3,11917280424,ILLUMINA,WGS,PRJNA389800,5.2,,,False,,,False
SAMN07209528,3,15063663708,ILLUMINA,WGS,PRJNA389800,6.5,,,False,,,False
SAMN07209531,3,16242390390,ILLUMINA,WGS,PRJNA389800,7.1,,,False,,,False
SAMN07209532,3,16857254798,ILLUMINA,WGS,PRJNA389800,7.3,,,False,,,False
SAMN07209533,2,17035603508,ILLUMINA,WGS,PRJNA389800,7.4,,,False,,,False
SAMN07209534,2,15075319064,ILLUMINA,WGS,PRJNA389800,6.6,,,False,,,False
SAMN07209536,3,16031165048,ILLUMINA,WGS,PRJNA389800,7.0,,,False,,,False
SAMN07209538,2,14851024500,ILLUMINA,WGS,PRJNA389800,6.5,,,False,,,False
SAMN07209541,2,16718003400,ILLUMINA,WGS,PRJNA389800,7.3,,,False,,,False
SAMN07209543,2,19088780700,ILLUMINA,WGS,PRJNA389800,8.3,,,False,,,False
SAMN07209544,3,14654295214,ILLUMINA,WGS,PRJNA389800,6.4,,,False,,,False
SAMN07209547,3,17133994190,ILLUMINA,WGS,PRJNA389800,7.4,,,False,,,False
SAMN07209548,2,17789432700,ILLUMINA,WGS,PRJNA389800,7.7,,,False,,,False
SAMN07209550,3,14765640250,ILLUMINA,WGS,PRJNA389800,6.4,,,False,,,False
SAMN07209552,3,18165565022,ILLUMINA,WGS,PRJNA389800,7.9,,,False,,,False
SAMN07209553,2,14948093770,ILLUMINA,WGS,PRJNA389800,6.5,,,False,,,False
SAMN07209554,3,15650145772,ILLUMINA,WGS,PRJNA389800,6.8,,,False,,,False
SAMN07209555,3,13154270288,ILLUMINA,WGS,PRJNA389800,5.7,,,False,,,False
SAMN07209556,2,19461840900,ILLUMINA,WGS,PRJNA389800,8.5,,,False,,,False
SAMN07209557,3,13971975328,ILLUMINA,WGS,PRJNA389800,6.1,,,False,,,False
SAMN07209558,2,18925002300,ILLUMINA,WGS,PRJNA389800,8.2,,,False,,,False
SAMN07209560,3,15261726258,ILLUMINA,WGS,PRJNA389800,6.6,,,False,,,False
SAMN07209565,3,12501649086,ILLUMINA,WGS,PRJNA389800,5.4,,,False,,,False
SAMN07209566,3,15022063150,ILLUMINA,WGS,PRJNA389800,6.5,,,False,,,False
SAMN07209567,2,11652873000,ILLUMINA,WGS,PRJNA389800,5.1,,,False,,,False
SAMN07209568,2,13718583000,ILLUMINA,WGS,PRJNA389800,6.0,,,False,,,False
SAMN07209569,3,54742790552,ILLUMINA,WGS,PRJNA389800,23.8,,,False,,,False
SAMN07209570,2,19561540800,ILLUMINA,WGS,PRJNA389800,8.5,,,False,,,False
SAMN07209571,3,14388137564,ILLUMINA,WGS,PRJNA389800,6.3,,,False,,,False
SAMN07209573,3,23232652706,ILLUMINA,WGS,PRJNA389800,10.1,,,False,,,False
SAMN07209575,3,16757372418,ILLUMINA,WGS,PRJNA389800,7.3,,,False,,,False
SAMN07209576,2,15772617000,ILLUMINA,WGS,PRJNA389800,6.9,,,False,,,False
SAMN07209578,3,13631749122,ILLUMINA,WGS,PRJNA389800,5.9,,,False,,,False
SAMN07209580,2,13257379330,ILLUMINA,WGS,PRJNA389800,5.8,,,False,,,False
SAMN07209581,2,17818614716,ILLUMINA,WGS,PRJNA389800,7.7,,,False,,,False
SAMN07209582,2,15852156188,ILLUMINA,WGS,PRJNA389800,6.9,,,False,,,False
SAMN07209583,3,22466022870,ILLUMINA,WGS,PRJNA389800,9.8,,,False,,,False
SAMN07209584,3,14900060814,ILLUMINA,WGS,PRJNA389800,6.5,,,False,,,False
SAMN07209586,3,13499943046,ILLUMINA,WGS,PRJNA389800,5.9,,,False,,,False
SAMN07209587,2,16361702310,ILLUMINA,WGS,PRJNA389800,7.1,,,False,,,False
SAMN07209591,2,18824180700,ILLUMINA,WGS,PRJNA389800,8.2,,,False,,,False
SAMN07209593,3,16352974834,ILLUMINA,WGS,PRJNA389800,7.1,,,False,,,False
SAMN07209594,3,16488996746,ILLUMINA,WGS,PRJNA389800,7.2,,,False,,,False
SAMN07209595,3,15406168744,ILLUMINA,WGS,PRJNA389800,6.7,,,False,,,False
SAMN07209598,3,13749590656,ILLUMINA,WGS,PRJNA389800,6.0,,,False,,,False
SAMN07209599,3,15305655664,ILLUMINA,WGS,PRJNA389800,6.7,,,False,,,False
SAMN07209600,3,17624199610,ILLUMINA,WGS,PRJNA389800,7.7,,,False,,,False
SAMN07209601,3,15471099162,ILLUMINA,WGS,PRJNA389800,6.7,,,False,,,False
SAMN07209602,2,20987664956,ILLUMINA,WGS,PRJNA389800,9.1,,,False,,,False
SAMN07209603,2,18332757300,ILLUMINA,WGS,PRJNA389800,8.0,,,False,,,False
SAMN07209604,4,17164028119,ILLUMINA,WGS,PRJNA389800,7.5,,,False,,,False
SAMN07209607,2,19705515084,ILLUMINA,WGS,PRJNA389800,8.6,,,False,,,False
SAMN07209608,2,16516620600,ILLUMINA,WGS,PRJNA389800,7.2,,,False,,,False
SAMN07209609,3,16435073336,ILLUMINA,WGS,PRJNA389800,7.1,,,False,,,False
SAMN07209610,2,14846419522,ILLUMINA,WGS,PRJNA389800,6.5,,,False,,,False
SAMN07209611,3,14013622956,ILLUMINA,WGS,PRJNA389800,6.1,,,False,,,False
SAMN07209612,2,15896577988,ILLUMINA,WGS,PRJNA389800,6.9,,,False,,,False
SAMN07209613,3,13953086978,ILLUMINA,WGS,PRJNA389800,6.1,,,False,,,False
SAMN07209614,2,12224115000,ILLUMINA,WGS,PRJNA389800,5.3,,,False,,,False
SAMN07209615,2,18234628906,ILLUMINA,WGS,PRJNA389800,7.9,,,False,,,False
SAMN07209616,2,16096641948,ILLUMINA,WGS,PRJNA389800,7.0,,,False,,,False
SAMN07209617,2,13257410700,ILLUMINA,WGS,PRJNA389800,5.8,,,False,,,False
SAMN07209618,3,13760276946,ILLUMINA,WGS,PRJNA389800,6.0,,,False,,,False
SAMN07209620,3,16372331290,ILLUMINA,WGS,PRJNA389800,7.1,,,False,,,False
SAMN07209621,3,15874420676,ILLUMINA,WGS,PRJNA389800,6.9,,,False,,,False
SAMN07209622,3,26006282746,ILLUMINA,WGS,PRJNA389800,11.3,,,False,,,False
SAMN07209623,3,14993618326,ILLUMINA,WGS,PRJNA389800,6.5,,,False,,,False
SAMN07209625,2,26382172170,ILLUMINA,WGS,PRJNA389800,11.5,,,False,,,False
SAMN07209626,3,12337971936,ILLUMINA,WGS,PRJNA389800,5.4,,,False,,,False
SAMN07209627,2,13763336022,ILLUMINA,WGS,PRJNA389800,6.0,,,False,,,False
SAMN07209630,3,15865521850,ILLUMINA,WGS,PRJNA389800,6.9,,,False,,,False
SAMN07209632,3,12872691614,ILLUMINA,WGS,PRJNA389800,5.6,,,False,,,False
SAMN07209633,2,20957308582,ILLUMINA,WGS,PRJNA389800,9.1,,,False,,,False
SAMN07209634,3,13695213710,ILLUMINA,WGS,PRJNA389800,6.0,,,False,,,False
SAMN07209635,2,12597412976,ILLUMINA,WGS,PRJNA389800,5.5,,,False,,,False
SAMN07209638,2,16779662400,ILLUMINA,WGS,PRJNA389800,7.3,,,False,,,False
SAMN07209639,3,13374291660,ILLUMINA,WGS,PRJNA389800,5.8,,,False,,,False
SAMN07209640,2,16358723416,ILLUMINA,WGS,PRJNA389800,7.1,,,False,,,False
SAMN07209642,2,21512550060,ILLUMINA,WGS,PRJNA389800,9.4,,,False,,,False
SAMN07209643,3,15893160438,ILLUMINA,WGS,PRJNA389800,6.9,,,False,,,False
SAMN07209644,3,12851755474,ILLUMINA,WGS,PRJNA389800,5.6,,,False,,,False
SAMN07209645,2,15668703600,ILLUMINA,WGS,PRJNA389800,6.8,,,False,,,False
SAMN07209646,2,20053543746,ILLUMINA,WGS,PRJNA389800,8.7,,,False,,,False
SAMN07209647,3,16594757072,ILLUMINA,WGS,PRJNA389800,7.2,,,False,,,False
SAMN07209648,3,12373171314,ILLUMINA,WGS,PRJNA389800,5.4,,,False,,,False
SAMN07209649,3,15797639262,ILLUMINA,WGS,PRJNA389800,6.9,,,False,,,False
SAMN07209650,4,13342889573,ILLUMINA,WGS,PRJNA389800,5.8,,,False,,,False
SAMN07209651,2,18667717716,ILLUMINA,WGS,PRJNA389800,8.1,,,False,,,False
SAMN07209652,2,20947451458,ILLUMINA,WGS,PRJNA389800,9.1,,,False,,,False
SAMN07209653,2,16325814880,ILLUMINA,WGS,PRJNA389800,7.1,,,False,,,False
SAMN07209655,4,13167546977,ILLUMINA,WGS,PRJNA389800,5.7,,,False,,,False
SAMN07209656,2,14783599200,ILLUMINA,WGS,PRJNA389800,6.4,,,False,,,False
SAMN07209657,3,16676064086,ILLUMINA,WGS,PRJNA389800,7.3,,,False,,,False
SAMN07209659,3,13245162188,ILLUMINA,WGS,PRJNA389800,5.8,,,False,,,False
SAMN07209661,3,14603604806,ILLUMINA,WGS,PRJNA389800,6.3,,,False,,,False
SAMN07209662,3,14363258920,ILLUMINA,WGS,PRJNA389800,6.2,,,False,,,False
SAMN07209663,2,19690978946,ILLUMINA,WGS,PRJNA389800,8.6,,,False,,,False
SAMN07209665,3,14883516078,ILLUMINA,WGS,PRJNA389800,6.5,,,False,,,False
SAMN07209666,3,94604007814,ILLUMINA,WGS,PRJNA389800,41.1,,,False,,,False
SAMN07209670,3,33066574166,ILLUMINA,WGS,PRJNA389800,14.4,,,False,,,False
SAMN07209671,3,20073499968,ILLUMINA,WGS,PRJNA389800,8.7,,,False,,,False
SAMN07209672,2,15135703800,ILLUMINA,WGS,PRJNA389800,6.6,,,False,,,False
SAMN07209673,3,15546254838,ILLUMINA,WGS,PRJNA389800,6.8,,,False,,,False
SAMN07209675,2,15177106478,ILLUMINA,WGS,PRJNA389800,6.6,,,False,,,False
SAMN07270449,1,53796595800,ILLUMINA,OTHER,PRJNA391551,23.4,PI 550473,48.0,True,Maize.Set.Inbred.Diversity.282.Plus.NAM.Parents,B73,True
SAMN07270450,1,38284382700,ILLUMINA,OTHER,PRJNA391551,16.6,PI 550473,48.0,True,Maize.Set.Inbred.Diversity.282.Plus.NAM.Parents,B73,True
SAMN07270451,1,40687523400,ILLUMINA,OTHER,PRJNA391551,17.7,PI 550473,48.0,True,Maize.Set.Inbred.Diversity.282.Plus.NAM.Parents,B73,True
SAMN07270454,1,23118171600,ILLUMINA,OTHER,PRJNA391551,10.1,PI 550473,48.0,True,Maize.Set.Inbred.Diversity.282.Plus.NAM.Parents,B73,True
SAMN07270455,1,20600848200,ILLUMINA,OTHER,PRJNA391551,9.0,PI 550473,48.0,True,Maize.Set.Inbred.Diversity.282.Plus.NAM.Parents,B73,True
SAMN07270456,1,23453512500,ILLUMINA,OTHER,PRJNA391551,10.2,PI 550473,48.0,True,Maize.Set.Inbred.Diversity.282.Plus.NAM.Parents,B73,True
SAMN07270461,1,43950858900,ILLUMINA,OTHER,PRJNA391551,19.1,PI 550473,48.0,True,Maize.Set.Inbred.Diversity.282.Plus.NAM.Parents,B73,True
SAMN07270464,1,47448838500,ILLUMINA,OTHER,PRJNA391551,20.6,PI 550473,48.0,True,Maize.Set.Inbred.Diversity.282.Plus.NAM.Parents,B73,True
SAMN07270465,1,47370262500,ILLUMINA,OTHER,PRJNA391551,20.6,PI 550473,48.0,True,Maize.Set.Inbred.Diversity.282.Plus.NAM.Parents,B73,True
SAMN07270466,1,53775734700,ILLUMINA,OTHER,PRJNA391551,23.4,PI 550473,48.0,True,Maize.Set.Inbred.Diversity.282.Plus.NAM.Parents,B73,True
SAMN07270467,1,48066935100,ILLUMINA,OTHER,PRJNA391551,20.9,PI 550473,48.0,True,Maize.Set.Inbred.Diversity.282.Plus.NAM.Parents,B73,True
SAMN07270469,1,29845304400,ILLUMINA,OTHER,PRJNA391551,13.0,PI 550473,48.0,True,Maize.Set.Inbred.Diversity.282.Plus.NAM.Parents,B73,True
SAMN07270470,1,12795471600,ILLUMINA,OTHER,PRJNA391551,5.6,PI 550473,48.0,True,Maize.Set.Inbred.Diversity.282.Plus.NAM.Parents,B73,True
SAMN07270471,1,28519828200,ILLUMINA,OTHER,PRJNA391551,12.4,PI 550473,48.0,True,Maize.Set.Inbred.Diversity.282.Plus.NAM.Parents,B73,True
SAMN07270473,1,13424190000,ILLUMINA,OTHER,PRJNA391551,5.8,PI 550473,48.0,True,Maize.Set.Inbred.Diversity.282.Plus.NAM.Parents,B73,True
SAMN07270474,1,31063612800,ILLUMINA,OTHER,PRJNA391551,13.5,PI 550473,48.0,True,Maize.Set.Inbred.Diversity.282.Plus.NAM.Parents,B73,True
SAMN07270475,1,29704167300,ILLUMINA,OTHER,PRJNA391551,12.9,PI 550473,48.0,True,Maize.Set.Inbred.Diversity.282.Plus.NAM.Parents,B73,True
SAMN07270478,1,47520914400,ILLUMINA,OTHER,PRJNA391551,20.7,PI 550473,48.0,True,Maize.Set.Inbred.Diversity.282.Plus.NAM.Parents,B73,True
SAMN07270479,1,46553777700,ILLUMINA,OTHER,PRJNA391551,20.2,PI 550473,48.0,True,Maize.Set.Inbred.Diversity.282.Plus.NAM.Parents,B73,True
SAMN07270480,1,43475003100,ILLUMINA,OTHER,PRJNA391551,18.9,PI 550473,48.0,True,Maize.Set.Inbred.Diversity.282.Plus.NAM.Parents,B73,True
SAMN07270481,1,65508109800,ILLUMINA,OTHER,PRJNA391551,28.5,PI 550473,48.0,True,Maize.Set.Inbred.Diversity.282.Plus.NAM.Parents,B73,True
SAMN07270482,1,73584136800,ILLUMINA,OTHER,PRJNA391551,32.0,PI 550473,48.0,True,Maize.Set.Inbred.Diversity.282.Plus.NAM.Parents,B73,True
SAMN07548404,3,29764454400,ILLUMINA,WGS,PRJNA399729,12.9,,,False,,,False
SAMN07548405,3,34362104400,ILLUMINA,WGS,PRJNA399729,14.9,,,False,,,False
SAMN07548406,3,30302999460,ILLUMINA,WGS,PRJNA399729,13.2,,,False,,,False
SAMN07548407,3,30486051000,ILLUMINA,WGS,PRJNA399729,13.3,,,False,,,False
SAMN07548408,3,31896071820,ILLUMINA,WGS,PRJNA399729,13.9,,,False,,,False
SAMN07548409,3,30143813940,ILLUMINA,WGS,PRJNA399729,13.1,,,False,,,False
SAMN07548410,3,34267597020,ILLUMINA,WGS,PRJNA399729,14.9,,,False,,,False
SAMN07548411,3,33680570040,ILLUMINA,WGS,PRJNA399729,14.6,,,False,,,False
SAMN07548412,3,32377935240,ILLUMINA,WGS,PRJNA399729,14.1,,,False,,,False
SAMN07548413,3,39913799760,ILLUMINA,WGS,PRJNA399729,17.4,,,False,,,False
SAMN07548414,3,34049290860,ILLUMINA,WGS,PRJNA399729,14.8,,,False,,,False
SAMN07548415,3,32791419900,ILLUMINA,WGS,PRJNA399729,14.3,,,False,,,False
SAMN07548416,3,37948215420,ILLUMINA,WGS,PRJNA399729,16.5,,,False,,,False
SAMN07548417,3,35385081660,ILLUMINA,WGS,PRJNA399729,15.4,,,False,,,False
SAMN07548418,3,35503439040,ILLUMINA,WGS,PRJNA399729,15.4,,,False,,,False
SAMN07548419,3,34742252160,ILLUMINA,WGS,PRJNA399729,15.1,,,False,,,False
SAMN07548420,3,35513255520,ILLUMINA,WGS,PRJNA399729,15.4,,,False,,,False
SAMN07548421,3,33588568200,ILLUMINA,WGS,PRJNA399729,14.6,,,False,,,False
SAMN07548422,3,34613949060,ILLUMINA,WGS,PRJNA399729,15.0,,,False,,,False
SAMN07548423,2,11933870400,ILLUMINA,WGS,PRJNA399729,5.2,,,False,,,False
SAMN07548424,2,21353291100,ILLUMINA,WGS,PRJNA399729,9.3,,,False,,,False
SAMN07548427,2,21974944320,ILLUMINA,WGS,PRJNA399729,9.6,,,False,,,False
SAMN07548428,2,23738627700,ILLUMINA,WGS,PRJNA399729,10.3,,,False,,,False
SAMN07548429,2,20237980140,ILLUMINA,WGS,PRJNA399729,8.8,,,False,,,False
SAMN07548430,2,22200009120,ILLUMINA,WGS,PRJNA399729,9.7,,,False,,,False
SAMN07548431,2,22606622460,ILLUMINA,WGS,PRJNA399729,9.8,,,False,,,False
SAMN07548432,2,23222519820,ILLUMINA,WGS,PRJNA399729,10.1,,,False,,,False
SAMN07548433,2,25578415620,ILLUMINA,WGS,PRJNA399729,11.1,,,False,,,False
SAMN07548434,2,22944484620,ILLUMINA,WGS,PRJNA399729,10.0,,,False,,,False
SAMN07548435,2,24622258540,ILLUMINA,WGS,PRJNA399729,10.7,,,False,,,False
SAMN07548436,2,24149993220,ILLUMINA,WGS,PRJNA399729,10.5,,,False,,,False
SAMN07548437,4,42910798680,ILLUMINA,WGS,PRJNA399729,18.7,,,False,,,False
SAMN07548438,2,21575456100,ILLUMINA,WGS,PRJNA399729,9.4,,,False,,,False
SAMN07548440,2,21970079640,ILLUMINA,WGS,PRJNA399729,9.6,,,False,,,False
SAMN07548441,2,22918995720,ILLUMINA,WGS,PRJNA399729,10.0,,,False,,,False
SAMN07548442,4,44322118380,ILLUMINA,WGS,PRJNA399729,19.3,,,False,,,False
SAMN07548443,4,39760919100,ILLUMINA,WGS,PRJNA399729,17.3,,,False,,,False
SAMN07548444,2,24120741420,ILLUMINA,WGS,PRJNA399729,10.5,,,False,,,False
SAMN07548445,2,22309883280,ILLUMINA,WGS,PRJNA399729,9.7,,,False,,,False
SAMN07548446,3,30098574900,ILLUMINA,WGS,PRJNA399729,13.1,,,False,,,False
SAMN07548447,2,25020377460,ILLUMINA,WGS,PRJNA399729,10.9,,,False,,,False
SAMN07548448,2,24730875180,ILLUMINA,WGS,PRJNA399729,10.8,,,False,,,False
SAMN07548449,2,24332943600,ILLUMINA,WGS,PRJNA399729,10.6,,,False,,,False
SAMN07548450,2,24235921980,ILLUMINA,WGS,PRJNA399729,10.5,,,False,,,False
SAMN07548451,2,25387510680,ILLUMINA,WGS,PRJNA399729,11.0,,,False,,,False
SAMN07548452,2,24540696360,ILLUMINA,WGS,PRJNA399729,10.7,,,False,,,False
SAMN07548453,3,38524989420,ILLUMINA,WGS,PRJNA399729,16.7,,,False,,,False
SAMN07548454,3,37287555660,ILLUMINA,WGS,PRJNA399729,16.2,,,False,,,False
SAMN07548455,3,32273724420,ILLUMINA,WGS,PRJNA399729,14.0,,,False,,,False
SAMN07548456,2,25823155820,ILLUMINA,WGS,PRJNA399729,11.2,,,False,,,False
SAMN07548457,2,27603959440,ILLUMINA,WGS,PRJNA399729,12.0,,,False,,,False
SAMN07548458,2,23293247040,ILLUMINA,WGS,PRJNA399729,10.1,,,False,,,False
SAMN07548459,2,25055568000,ILLUMINA,WGS,PRJNA399729,10.9,,,False,,,False
SAMN07548460,2,23891165280,ILLUMINA,WGS,PRJNA399729,10.4,,,False,,,False
SAMN07548462,2,22171624200,ILLUMINA,WGS,PRJNA399729,9.6,,,False,,,False
SAMN07548463,2,22221766980,ILLUMINA,WGS,PRJNA399729,9.7,,,False,,,False
SAMN07548464,2,25037569440,ILLUMINA,WGS,PRJNA399729,10.9,,,False,,,False
SAMN07548465,2,22509504000,ILLUMINA,WGS,PRJNA399729,9.8,,,False,,,False
SAMN07548466,2,23736481200,ILLUMINA,WGS,PRJNA399729,10.3,,,False,,,False
SAMN07548467,2,22545365580,ILLUMINA,WGS,PRJNA399729,9.8,,,False,,,False
SAMN07548468,4,26741784510,ILLUMINA,WGS,PRJNA399729,11.6,,,False,,,False
SAMN07548469,4,27673319130,ILLUMINA,WGS,PRJNA399729,12.0,,,False,,,False
SAMN07548470,4,29652844320,ILLUMINA,WGS,PRJNA399729,12.9,,,False,,,False
SAMN07548471,4,24211748430,ILLUMINA,WGS,PRJNA399729,10.5,,,False,,,False
SAMN07548472,4,30831982140,ILLUMINA,WGS,PRJNA399729,13.4,,,False,,,False
SAMN07548473,4,29901363570,ILLUMINA,WGS,PRJNA399729,13.0,,,False,,,False
SAMN07548474,4,29089428180,ILLUMINA,WGS,PRJNA399729,12.6,,,False,,,False
SAMN07548475,4,31427246970,ILLUMINA,WGS,PRJNA399729,13.7,,,False,,,False
SAMN07548476,4,28647338730,ILLUMINA,WGS,PRJNA399729,12.5,,,False,,,False
SAMN07548477,4,27073533240,ILLUMINA,WGS,PRJNA399729,11.8,,,False,,,False
SAMN07548478,4,27389687160,ILLUMINA,WGS,PRJNA399729,11.9,,,False,,,False
SAMN07548479,4,27634378920,ILLUMINA,WGS,PRJNA399729,12.0,,,False,,,False
SAMN07548480,4,29335813650,ILLUMINA,WGS,PRJNA399729,12.8,,,False,,,False
SAMN07548481,4,25968178410,ILLUMINA,WGS,PRJNA399729,11.3,,,False,,,False
SAMN07548482,3,25394687700,ILLUMINA,WGS,PRJNA399729,11.0,,,False,,,False
SAMN07548483,3,24957383250,ILLUMINA,WGS,PRJNA399729,10.9,,,False,,,False
SAMN07548484,3,25663963560,ILLUMINA,WGS,PRJNA399729,11.2,,,False,,,False
SAMN07548485,4,28445046690,ILLUMINA,WGS,PRJNA399729,12.4,,,False,,,False
SAMN07548486,4,28332013830,ILLUMINA,WGS,PRJNA399729,12.3,,,False,,,False
SAMN07548487,4,26640380490,ILLUMINA,WGS,PRJNA399729,11.6,,,False,,,False
SAMN07548488,4,27933817770,ILLUMINA,WGS,PRJNA399729,12.1,,,False,,,False
SAMN07548489,4,28097579040,ILLUMINA,WGS,PRJNA399729,12.2,,,False,,,False
SAMN07548490,3,25641392880,ILLUMINA,WGS,PRJNA399729,11.1,,,False,,,False
SAMN07548491,3,24751383120,ILLUMINA,WGS,PRJNA399729,10.8,,,False,,,False
SAMN07548492,3,23627883210,ILLUMINA,WGS,PRJNA399729,10.3,,,False,,,False
SAMN07548493,2,24634084432,ILLUMINA,WGS,PRJNA399729,10.7,,,False,,,False
SAMN07548494,13,56366140502,ILLUMINA,WGS,PRJNA399729,24.5,,,False,,,False
SAMN07548497,12,14102486224,ILLUMINA,WGS,PRJNA399729,6.1,,,False,,,False
SAMN07548498,12,17354287173,ILLUMINA,WGS,PRJNA399729,7.5,,,False,,,False
SAMN07548499,12,13197241043,ILLUMINA,WGS,PRJNA399729,5.7,,,False,,,False
SAMN07548500,14,21515956805,ILLUMINA,WGS,PRJNA399729,9.4,,,False,,,False
SAMN07548501,14,23824570904,ILLUMINA,WGS,PRJNA399729,10.4,,,False,,,False
SAMN07548502,14,96637605587,ILLUMINA,WGS,PRJNA399729,42.0,,,False,,,False
SAMN07548503,14,19273462758,ILLUMINA,WGS,PRJNA399729,8.4,,,False,,,False
SAMN07548504,12,12091172393,ILLUMINA,WGS,PRJNA399729,5.3,,,False,,,False
SAMN07548505,13,42560342450,ILLUMINA,WGS,PRJNA399729,18.5,,,False,,,False
SAMN07548506,12,14662183572,ILLUMINA,WGS,PRJNA399729,6.4,,,False,,,False
SAMN07548507,2,20546476380,ILLUMINA,WGS,PRJNA399729,8.9,,,False,,,False
SAMN07548508,12,15103495258,ILLUMINA,WGS,PRJNA399729,6.6,,,False,,,False
SAMN07548509,2,14197444008,ILLUMINA,WGS,PRJNA399729,6.2,,,False,,,False
SAMN07548510,13,15363279370,ILLUMINA,WGS,PRJNA399729,6.7,,,False,,,False
SAMN07548511,13,48265550702,ILLUMINA,WGS,PRJNA399729,21.0,,,False,,,False
SAMN07548512,1,62233203722,ILLUMINA,WGS,PRJNA399729,27.1,,,False,,,False
SAMN07548513,14,20874143589,ILLUMINA,WGS,PRJNA399729,9.1,,,False,,,False
SAMN07548514,1,32158177598,ILLUMINA,WGS,PRJNA399729,14.0,,,False,,,False
SAMN07548515,15,24943785688,ILLUMINA,WGS,PRJNA399729,10.8,,,False,,,False
SAMN07548516,2,29331157476,ILLUMINA,WGS,PRJNA399729,12.8,,,False,,,False
SAMN07548517,12,14676976884,ILLUMINA,WGS,PRJNA399729,6.4,,,False,,,False
SAMN07548518,12,12251142121,ILLUMINA,WGS,PRJNA399729,5.3,,,False,,,False
SAMN07548519,2,18509063882,ILLUMINA,WGS,PRJNA399729,8.0,,,False,,,False
SAMN07548520,12,15640985662,ILLUMINA,WGS,PRJNA399729,6.8,,,False,,,False
SAMN07548521,12,11872552449,ILLUMINA,WGS,PRJNA399729,5.2,,,False,,,False
SAMN07548522,12,11974168506,ILLUMINA,WGS,PRJNA399729,5.2,,,False,,,False
SAMN07548523,1,84809491880,ILLUMINA,WGS,PRJNA399729,36.9,,,False,,,False
SAMN07548524,1,27252969582,ILLUMINA,WGS,PRJNA399729,11.8,,,False,,,False
SAMN07548525,1,27905042752,ILLUMINA,WGS,PRJNA399729,12.1,,,False,,,False
SAMN07548526,1,28830810166,ILLUMINA,WGS,PRJNA399729,12.5,,,False,,,False
SAMN07548527,1,22201088962,ILLUMINA,WGS,PRJNA399729,9.7,,,False,,,False
SAMN07548528,1,41726358800,ILLUMINA,WGS,PRJNA399729,18.1,,,False,,,False
SAMN07548529,1,28793553084,ILLUMINA,WGS,PRJNA399729,12.5,,,False,,,False
SAMN07548530,1,22473971368,ILLUMINA,WGS,PRJNA399729,9.8,,,False,,,False
SAMN07548531,1,45497898200,ILLUMINA,WGS,PRJNA399729,19.8,,,False,,,False
SAMN07548532,1,22560397876,ILLUMINA,WGS,PRJNA399729,9.8,,,False,,,False
SAMN07548534,2,25175062166,ILLUMINA,WGS,PRJNA399729,10.9,,,False,,,False
SAMN07548535,14,15184305913,ILLUMINA,WGS,PRJNA399729,6.6,,,False,,,False
SAMN07548536,1,37356151486,ILLUMINA,WGS,PRJNA399729,16.2,,,False,,,False
SAMN07548646,1,12662514200,ILLUMINA,WGS,PRJNA399729,5.5,,,False,,,False
SAMN07548905,3,20680454800,ILLUMINA,WGS,PRJNA399729,9.0,,,False,,,False
SAMN07548909,2,12450100730,ILLUMINA,WGS,PRJNA399729,5.4,,,False,,,False
SAMN07656074,1,111904428732,ILLUMINA,WGS,PRJNA407486,48.7,PI 550473,48.0,True,Maize.Set.Inbred.Diversity.282.Plus.NAM.Parents,B73,True
SAMN07664462,2,36660689800,ILLUMINA,WGS,PRJNA407954,15.9,NSL 30053,33.0,True,Maize.Group.Ames.Panel.2010,W22,True
SAMN07702536,3,21202819506,ILLUMINA,WGS,PRJNA412222,9.2,PI 550473,48.0,True,Maize.Set.Inbred.Diversity.282.Plus.NAM.Parents,B73,True
SAMN07702537,3,20126567344,ILLUMINA,WGS,PRJNA412222,8.8,PI 550473,48.0,True,Maize.Set.Inbred.Diversity.282.Plus.NAM.Parents,B73,True
SAMN07709020,3,12354399992,ILLUMINA,OTHER,PRJNA327875,5.4,PI 550473,48.0,True,Maize.Set.Inbred.Diversity.282.Plus.NAM.Parents,B73,True
SAMN07709022,3,12301340450,ILLUMINA,OTHER,PRJNA327875,5.3,PI 550473,48.0,True,Maize.Set.Inbred.Diversity.282.Plus.NAM.Parents,B73,True
SAMN07821887,1,23081461500,ILLUMINA,WGS,PRJNA415348,10.0,,,False,,,False
SAMN07821888,1,21204940500,ILLUMINA,WGS,PRJNA415348,9.2,,,False,,,False
SAMN07965879,3,80503253000,ILLUMINA,WGS,PRJNA416839,35.0,,,False,,,False
SAMN08005270,2,39919076100,ILLUMINA,OTHER,PRJNA417725,17.4,PI 550473,48.0,True,Maize.Set.Inbred.Diversity.282.Plus.NAM.Parents,B73,True
SAMN08005271,2,40839354000,ILLUMINA,OTHER,PRJNA417725,17.8,PI 550473,48.0,True,Maize.Set.Inbred.Diversity.282.Plus.NAM.Parents,B73,True
SAMN08005287,6,511786776300,ILLUMINA,OTHER,PRJNA417726,222.5,PI 550473,48.0,True,Maize.Set.Inbred.Diversity.282.Plus.NAM.Parents,B73,True
SAMN08005288,4,541338068400,ILLUMINA,OTHER,PRJNA417726,235.4,PI 550473,48.0,True,Maize.Set.Inbred.Diversity.282.Plus.NAM.Parents,B73,True
SAMN08125552,198,329758731836,ILLUMINA,WGS,PRJNA420919,143.4,,,False,,,False
SAMN08873690,5,318538618391,ILLUMINA,WGS,PRJNA448931,138.5,PI 548798,29.0,True,Maize.Group.PVP,PHJ89,True
SAMN09210318,2,121589242087,PACBIO_SMRT,WGS,PRJNA432962,52.9,PI 690329,34.0,True,Maize.Set.Inbred.Diversity.282.Plus.NAM.Parents,NC350,True
SAMN09288529,1,47996059000,ILLUMINA,WGS,PRJNA473922,20.9,,,False,,,False
SAMN09288530,1,49367304200,ILLUMINA,WGS,PRJNA473922,21.5,,,False,,,False
SAMN09288531,1,49925819800,ILLUMINA,WGS,PRJNA473922,21.7,,,False,,,False
SAMN09288532,1,51917048800,ILLUMINA,WGS,PRJNA473922,22.6,,,False,,,False
SAMN09430324,1,55867467541,ILLUMINA,WGS,PRJNA476333,24.3,,,False,,,False
SAMN09430352,1,48529872786,ILLUMINA,WGS,PRJNA476333,21.1,,,False,,,False
SAMN09430374,1,54162576862,ILLUMINA,WGS,PRJNA476333,23.5,,,False,,,False
SAMN09430375,1,72526498940,ILLUMINA,WGS,PRJNA476333,31.5,,,False,,,False
SAMN09622434,1,20994236400,ILLUMINA,WGS,PRJNA479960,9.1,,,False,,,False
SAMN09622435,1,21629520300,ILLUMINA,WGS,PRJNA479960,9.4,,,False,,,False
SAMN09622436,1,15612139800,ILLUMINA,WGS,PRJNA479960,6.8,Ames 34483,,False,,,True
SAMN09622437,1,25151006700,ILLUMINA,WGS,PRJNA479960,10.9,,,False,,,False
SAMN09622438,1,19858902900,ILLUMINA,WGS,PRJNA479960,8.6,PI 587126,23.0,False,Maize.Group.Ames.Panel.2010,C13,True
SAMN09622439,1,25439459700,ILLUMINA,WGS,PRJNA479960,11.1,NSL 42874,27.0,False,Maize.Group.Ames.Panel.2010,C 14,True
SAMN09622440,1,14006871600,ILLUMINA,WGS,PRJNA479960,6.1,Ames 22016,20.0,True,Maize.Group.Ames.Panel.2010,C15,True
SAMN09622441,1,20677509600,ILLUMINA,WGS,PRJNA479960,9.0,,,False,,,False
SAMN09622442,1,18410299200,ILLUMINA,WGS,PRJNA479960,8.0,Ames 22017,9.0,False,Maize.Group.Ames.Panel.2010,C18,True
SAMN09622443,1,20222841900,ILLUMINA,WGS,PRJNA479960,8.8,,,False,,,False
SAMN09622444,1,22925796900,ILLUMINA,WGS,PRJNA479960,10.0,,,False,,,False
SAMN09622445,1,14744358000,ILLUMINA,WGS,PRJNA479960,6.4,,,False,,,False
SAMN09622446,1,12806326200,ILLUMINA,WGS,PRJNA479960,5.6,Ames 22018,8.0,False,Maize.Group.Ames.Panel.2010,C22,True
SAMN09622447,1,24136947900,ILLUMINA,WGS,PRJNA479960,10.5,,,False,,,False
SAMN09622448,1,13234094100,ILLUMINA,WGS,PRJNA479960,5.8,,,False,,,False
SAMN09622449,1,23053470300,ILLUMINA,WGS,PRJNA479960,10.0,Ames 22019,8.0,False,Maize.Group.Ames.Panel.2010,C27,True
SAMN09622450,1,21907358700,ILLUMINA,WGS,PRJNA479960,9.5,,,False,,,False
SAMN09622452,1,18802282800,ILLUMINA,WGS,PRJNA479960,8.2,,,False,,,False
SAMN09622453,1,24484924200,ILLUMINA,WGS,PRJNA479960,10.6,Ames 26815,25.0,False,Maize.Group.Ames.Panel.2010,C30,True
SAMN09622454,1,12492696600,ILLUMINA,WGS,PRJNA479960,5.4,Ames 22020,9.0,False,Maize.Group.Ames.Panel.2010,C31,True
SAMN09622455,1,15691047300,ILLUMINA,WGS,PRJNA479960,6.8,,,False,,,False
SAMN09622456,1,36769374300,ILLUMINA,WGS,PRJNA479960,16.0,,,False,,,False
SAMN09622457,1,18535362900,ILLUMINA,WGS,PRJNA479960,8.1,,,False,,,False
SAMN09622458,1,13738224300,ILLUMINA,WGS,PRJNA479960,6.0,,,False,,,False
SAMN09622459,1,14796076200,ILLUMINA,WGS,PRJNA479960,6.4,,,False,,,False
SAMN09622460,1,17607306000,ILLUMINA,WGS,PRJNA479960,7.7,,,False,,,False
SAMN09622461,1,20968763700,ILLUMINA,WGS,PRJNA479960,9.1,PI 491523,4.0,False,,C-39,True
SAMN09622462,1,19199493600,ILLUMINA,WGS,PRJNA479960,8.3,Ames 22022,18.0,False,Maize.Group.Ames.Panel.2010,C40,True
SAMN09622463,1,22211818200,ILLUMINA,WGS,PRJNA479960,9.7,Ames 23507,30.0,True,Maize.Group.Ames.Panel.2010,C42,True
SAMN09622464,1,22449075300,ILLUMINA,WGS,PRJNA479960,9.8,,,False,,,False
SAMN09622465,1,15159756000,ILLUMINA,WGS,PRJNA479960,6.6,,,False,,,False
SAMN09622467,1,13746276000,ILLUMINA,WGS,PRJNA479960,6.0,,,False,,,False
SAMN09622468,1,16988889900,ILLUMINA,WGS,PRJNA479960,7.4,,,False,,,False
SAMN09622469,1,20380620300,ILLUMINA,WGS,PRJNA479960,8.9,,,False,,,False
SAMN09622470,1,15472625400,ILLUMINA,WGS,PRJNA479960,6.7,,,False,,,False
SAMN09622471,1,26722070700,ILLUMINA,WGS,PRJNA479960,11.6,,,False,,,False
SAMN09622472,1,14079308100,ILLUMINA,WGS,PRJNA479960,6.1,,,False,,,False
SAMN09622473,1,25259481000,ILLUMINA,WGS,PRJNA479960,11.0,,,False,,,False
SAMN09622474,1,32108498400,ILLUMINA,WGS,PRJNA479960,14.0,,,False,,,False
SAMN09622475,1,32013067800,ILLUMINA,WGS,PRJNA479960,13.9,,,False,,,False
SAMN09622476,1,140814504900,ILLUMINA,WGS,PRJNA479960,61.2,,,False,,,False
SAMN09622477,1,84638652300,ILLUMINA,WGS,PRJNA479960,36.8,,,False,,,False
SAMN09622478,1,119034483300,ILLUMINA,WGS,PRJNA479960,51.8,,,False,,,False
SAMN09622479,1,52321670700,ILLUMINA,WGS,PRJNA479960,22.7,,,False,,,False
SAMN09622480,1,125439625500,ILLUMINA,WGS,PRJNA479960,54.5,,,False,,,False
SAMN09622481,1,57351972600,ILLUMINA,WGS,PRJNA479960,24.9,,,False,,,False
SAMN09622482,1,130382080500,ILLUMINA,WGS,PRJNA479960,56.7,,,False,,,False
SAMN09666177,1,63806694000,ILLUMINA,WGS,PRJNA481365,27.7,PI 608774,14.0,False,Maize.Set.Inbred.Diversity.282.Plus.NAM.Parents,B75,True
SAMN09666178,1,71232244250,ILLUMINA,WGS,PRJNA481365,31.0,PI 270297,46.0,False,Maize.Set.Inbred.Diversity.282.Plus.NAM.Parents,B96,True
SAMN09666179,1,14703607000,ILLUMINA,WGS,PRJNA481365,6.4,,,False,,,False
SAMN09666180,1,12549812250,ILLUMINA,WGS,PRJNA481365,5.5,,,False,,,False
SAMN09666181,1,14345960250,ILLUMINA,WGS,PRJNA481365,6.2,,,False,,,False
SAMN09666182,1,14827907250,ILLUMINA,WGS,PRJNA481365,6.4,,,False,,,False
SAMN09725906,2,13787235900,ILLUMINA,WGS,PRJNA483084,6.0,,,False,,,False
SAMN09725907,2,15333804600,ILLUMINA,WGS,PRJNA483084,6.7,,,False,,,False
SAMN09725908,2,16486390500,ILLUMINA,WGS,PRJNA483084,7.2,,,False,,,False
SAMN09725909,2,22811605200,ILLUMINA,WGS,PRJNA483084,9.9,,,False,,,False
SAMN09725910,2,20632251300,ILLUMINA,WGS,PRJNA483084,9.0,,,False,,,False
SAMN09725918,2,14705368500,ILLUMINA,WGS,PRJNA483084,6.4,,,False,,,False
SAMN09725919,2,19856106300,ILLUMINA,WGS,PRJNA483084,8.6,,,False,,,False
SAMN09725920,2,14758266900,ILLUMINA,WGS,PRJNA483084,6.4,,,False,,,False
SAMN09725921,2,19863845400,ILLUMINA,WGS,PRJNA483084,8.6,,,False,,,False
SAMN09725922,2,16900616100,ILLUMINA,WGS,PRJNA483084,7.3,,,False,,,False
SAMN09728856,1,21534373318,ILLUMINA,WXS,PRJNA483235,9.4,,,False,,,False
SAMN09788159,1,100830357884,PACBIO_SMRT,WGS,PRJNA483200,43.8,,,False,,,False
SAMN09812554,1,14978982375,ILLUMINA,OTHER,PRJNA485680,6.5,,,False,,,False
SAMN09812557,2,14621466500,ILLUMINA,OTHER,PRJNA485680,6.4,,,False,,,False
SAMN09812558,2,14816262375,ILLUMINA,OTHER,PRJNA485680,6.4,,,False,,,False
SAMN09841198,1,65528928000,ILLUMINA,OTHER,PRJNA486213,28.5,PI 550473,48.0,True,Maize.Set.Inbred.Diversity.282.Plus.NAM.Parents,B73,True
SAMN09841199,1,61972483500,ILLUMINA,OTHER,PRJNA486213,26.9,PI 550473,48.0,True,Maize.Set.Inbred.Diversity.282.Plus.NAM.Parents,B73,True
SAMN09841200,1,28684740300,ILLUMINA,OTHER,PRJNA486213,12.5,PI 550473,48.0,True,Maize.Set.Inbred.Diversity.282.Plus.NAM.Parents,B73,True
SAMN09841201,1,102175917900,ILLUMINA,OTHER,PRJNA486213,44.4,PI 550473,48.0,True,Maize.Set.Inbred.Diversity.282.Plus.NAM.Parents,B73,True
SAMN09841202,1,95663813400,ILLUMINA,OTHER,PRJNA486213,41.6,PI 550473,48.0,True,Maize.Set.Inbred.Diversity.282.Plus.NAM.Parents,B73,True
SAMN09841203,1,103658133300,ILLUMINA,OTHER,PRJNA486213,45.1,PI 550473,48.0,True,Maize.Set.Inbred.Diversity.282.Plus.NAM.Parents,B73,True
SAMN09841204,1,45082847400,ILLUMINA,OTHER,PRJNA486213,19.6,PI 550473,48.0,True,Maize.Set.Inbred.Diversity.282.Plus.NAM.Parents,B73,True
SAMN09841205,1,46155020100,ILLUMINA,OTHER,PRJNA486213,20.1,PI 550473,48.0,True,Maize.Set.Inbred.Diversity.282.Plus.NAM.Parents,B73,True
SAMN09841206,1,160651384500,ILLUMINA,OTHER,PRJNA486213,69.8,PI 550473,48.0,True,Maize.Set.Inbred.Diversity.282.Plus.NAM.Parents,B73,True
SAMN09841207,1,178001270700,ILLUMINA,OTHER,PRJNA486213,77.4,PI 550473,48.0,True,Maize.Set.Inbred.Diversity.282.Plus.NAM.Parents,B73,True
SAMN09841208,1,66655273500,ILLUMINA,OTHER,PRJNA486213,29.0,PI 550473,48.0,True,Maize.Set.Inbred.Diversity.282.Plus.NAM.Parents,B73,True
SAMN09841209,1,39478484700,ILLUMINA,OTHER,PRJNA486213,17.2,PI 550473,48.0,True,Maize.Set.Inbred.Diversity.282.Plus.NAM.Parents,B73,True
SAMN09841210,1,47881290600,ILLUMINA,OTHER,PRJNA486213,20.8,PI 550473,48.0,True,Maize.Set.Inbred.Diversity.282.Plus.NAM.Parents,B73,True
SAMN09841211,1,25636869300,ILLUMINA,OTHER,PRJNA486213,11.1,PI 550473,48.0,True,Maize.Set.Inbred.Diversity.282.Plus.NAM.Parents,B73,True
SAMN09841212,1,33284122500,ILLUMINA,OTHER,PRJNA486213,14.5,PI 550473,48.0,True,Maize.Set.Inbred.Diversity.282.Plus.NAM.Parents,B73,True
SAMN09841213,1,13571910900,ILLUMINA,OTHER,PRJNA486213,5.9,PI 550473,48.0,True,Maize.Set.Inbred.Diversity.282.Plus.NAM.Parents,B73,True
SAMN09910624,2,266041899015,COMPLETE_GENOMICS,WGS,PRJNA487810,115.7,,,False,,,False
SAMN09948120,106,448153163553,ILLUMINA,WGA,PRJNA489007,194.8,,,False,,,False
SAMN10081784,5,532542136348,ILLUMINA,WGS,PRJNA360923,231.5,,,False,,,False
SAMN10081786,5,541397665981,ILLUMINA,WGS,PRJNA360923,235.4,,,False,,,False
SAMN10130756,1,283749346200,ILLUMINA,OTHER,PRJNA493133,123.4,PI 550473,48.0,True,Maize.Set.Inbred.Diversity.282.Plus.NAM.Parents,B73,True
SAMN10130757,3,251384916300,ILLUMINA,OTHER,PRJNA493133,109.3,PI 550473,48.0,True,Maize.Set.Inbred.Diversity.282.Plus.NAM.Parents,B73,True
SAMN10414140,1,89052794000,ILLUMINA,WGS,PRJNA300309,38.7,,,False,,,False
SAMN10414141,1,77866833000,ILLUMINA,WGS,PRJNA300309,33.9,,,False,,,False
SAMN10414142,1,74021848400,ILLUMINA,WGS,PRJNA300309,32.2,,,False,,,False
SAMN10414143,1,93003267800,ILLUMINA,WGS,PRJNA300309,40.4,,,False,,,False
SAMN10617119,1,64496484436,ILLUMINA,WGS,PRJNA510838,28.0,PI 550473,48.0,True,Maize.Set.Inbred.Diversity.282.Plus.NAM.Parents,B73,True
SAMN10623345,1,85461620698,ILLUMINA,WGS,PRJNA511379,37.2,,,False,,,False
SAMN10623346,1,87707746906,ILLUMINA,WGS,PRJNA511379,38.1,,,False,,,False
SAMN10623347,1,144739872804,ILLUMINA,WGS,PRJNA511379,62.9,,,False,,,False
SAMN10654457,1,31542746495,ILLUMINA,WGS,PRJNA508943,13.7,,,False,,,False
SAMN10654458,1,42353599465,ILLUMINA,WGS,PRJNA508943,18.4,,,False,,,False
SAMN10654459,1,36170926446,ILLUMINA,WGS,PRJNA508943,15.7,,,False,,,False
SAMN10654460,1,61841282840,ILLUMINA,WGS,PRJNA508943,26.9,,,False,,,False
SAMN10734936,8,1154032578256,ILLUMINA,WGS,PRJNA491393,501.8,,,False,,,False
SAMN11179221,1,46700937600,ILLUMINA,WGS,PRJNA528310,20.3,,,False,,,False
SAMN11179222,1,49735604400,ILLUMINA,WGS,PRJNA528310,21.6,,,False,,,False
SAMN11334520,1,106730475030,OXFORD_NANOPORE,WGS,PRJNA528970,46.4,PI 690329,34.0,True,Maize.Set.Inbred.Diversity.282.Plus.NAM.Parents,NC350,True
SAMN11334747,1,163069963427,OXFORD_NANOPORE,WGS,PRJNA528974,70.9,Ames 28405,,False,,,True
SAMN11369606,52,980104516239,ILLUMINA;PACBIO_SMRT,WGS,PRJNA531547,426.1,,,False,,,False
SAMN11370215,1,47907998505,ILLUMINA,WGS,PRJNA531553,20.8,,,False,,,False
SAMN11370216,1,53514492512,ILLUMINA,WGS,PRJNA531553,23.3,,,False,,,False
SAMN11370217,1,50106941692,ILLUMINA,WGS,PRJNA531553,21.8,PI 595567,18.0,False,Maize.Group.Ames.Panel.2010,CML 298,True
SAMN11370218,1,65911792910,ILLUMINA,WGS,PRJNA531553,28.7,,,False,,,False
SAMN11370219,1,54595798162,ILLUMINA,WGS,PRJNA531553,23.7,,,False,,,False
SAMN11370220,1,64182818897,ILLUMINA,WGS,PRJNA531553,27.9,,,False,,,False
SAMN11370221,1,46106017369,ILLUMINA,WGS,PRJNA531553,20.0,,,False,,,False
SAMN11370222,1,63337882543,ILLUMINA,WGS,PRJNA531553,27.5,,,False,,,False
SAMN11370223,1,67977909541,ILLUMINA,WGS,PRJNA531553,29.6,,,False,,,False
SAMN11370224,1,51473556685,ILLUMINA,WGS,PRJNA531553,22.4,,,False,,,False
SAMN11370225,1,56936629697,ILLUMINA,WGS,PRJNA531553,24.8,,,False,,,False
SAMN11370226,1,66652292533,ILLUMINA,WGS,PRJNA531553,29.0,,,False,,,False
SAMN11370227,1,67991466236,ILLUMINA,WGS,PRJNA531553,29.6,,,False,,,False
SAMN11370228,1,56927518393,ILLUMINA,WGS,PRJNA531553,24.8,PI 369439,34.0,False,Maize.Group.Ames.Panel.2010,S 14,True
SAMN11370229,1,54830359522,ILLUMINA,WGS,PRJNA531553,23.8,,,False,,,False
SAMN11370230,1,48649370654,ILLUMINA,WGS,PRJNA531553,21.2,,,False,,,False
SAMN11370231,1,62984726523,ILLUMINA,WGS,PRJNA531553,27.4,PI 535913,7.0,False,Maize.Group.Ames.Panel.2010,S 17,True
SAMN11370232,1,60028870613,ILLUMINA,WGS,PRJNA531553,26.1,,,False,,,False
SAMN11370233,1,56757482945,ILLUMINA,WGS,PRJNA531553,24.7,,,False,,,False
SAMN11370234,1,49754430673,ILLUMINA,WGS,PRJNA531553,21.6,,,False,,,False
SAMN11370235,1,57042453809,ILLUMINA,WGS,PRJNA531553,24.8,,,False,,,False
SAMN11370236,1,56525106706,ILLUMINA,WGS,PRJNA531553,24.6,PI 535914,29.0,False,Maize.Group.Ames.Panel.2010,S 22,True
SAMN11370237,1,55417148377,ILLUMINA,WGS,PRJNA531553,24.1,PI 535915,,False,,,True
SAMN11370238,1,52046963084,ILLUMINA,WGS,PRJNA531553,22.6,,,False,,,False
SAMN11370239,1,65093132285,ILLUMINA,WGS,PRJNA531553,28.3,PI 535902,26.0,False,Maize.Group.Ames.Panel.2010,S 25,True
SAMN11370240,1,53107280693,ILLUMINA,WGS,PRJNA531553,23.1,PI 535903,1.0,False,,S 26,True
SAMN11370241,1,62038870870,ILLUMINA,WGS,PRJNA531553,27.0,PI 369440,,False,,,True
SAMN11370242,1,55372510154,ILLUMINA,WGS,PRJNA531553,24.1,,,False,,,False
SAMN11370243,1,63797530543,ILLUMINA,WGS,PRJNA531553,27.7,PI 690320,29.0,False,Maize.Set.Inbred.Diversity.282.Plus.NAM.Parents,CML 228,True
SAMN11370244,1,53894222370,ILLUMINA,WGS,PRJNA531553,23.4,,,False,,,False
SAMN11370245,1,58880649547,ILLUMINA,WGS,PRJNA531553,25.6,,,False,,,False
SAMN11370246,1,57844400507,ILLUMINA,WGS,PRJNA531553,25.1,,,False,,,False
SAMN11370247,1,48760988714,ILLUMINA,WGS,PRJNA531553,21.2,,,False,,,False
SAMN11370248,1,50213652850,ILLUMINA,WGS,PRJNA531553,21.8,,,False,,,False
SAMN11370249,1,62018211157,ILLUMINA,WGS,PRJNA531553,27.0,,,False,,,False
SAMN11370250,1,68352715940,ILLUMINA,WGS,PRJNA531553,29.7,,,False,,,False
SAMN11370251,1,24848057561,ILLUMINA,WGS,PRJNA531553,10.8,PI 535916,7.0,False,Maize.Group.Ames.Panel.2010,S 37,True
SAMN11370252,1,51665941165,ILLUMINA,WGS,PRJNA531553,22.5,,,False,,,False
SAMN11370253,1,57476822824,ILLUMINA,WGS,PRJNA531553,25.0,,,False,,,False
SAMN11370254,1,56003366861,ILLUMINA,WGS,PRJNA531553,24.3,,,False,,,False
SAMN11370255,1,50914830195,ILLUMINA,WGS,PRJNA531553,22.1,,,False,,,False
SAMN11370256,1,50009139253,ILLUMINA,WGS,PRJNA531553,21.7,PI 535904,,False,,,True
SAMN11370257,1,53591246354,ILLUMINA,WGS,PRJNA531553,23.3,PI 690605,16.0,False,Maize.Group.Ames.Panel.2010,CML 304,True
SAMN11370258,1,68413459922,ILLUMINA,WGS,PRJNA531553,29.7,Ames 34387,15.0,False,,CML 471,True
SAMN11370259,1,53497226289,ILLUMINA,WGS,PRJNA531553,23.3,PI 535905,26.0,False,Maize.Group.Ames.Panel.Post.2010,S 45,True
SAMN11370260,1,51198746677,ILLUMINA,WGS,PRJNA531553,22.3,PI 690318,30.0,False,Maize.Set.Inbred.Diversity.282.Plus.NAM.Parents,CML 69,True
SAMN11370261,1,65633717543,ILLUMINA,WGS,PRJNA531553,28.5,,,False,,,False
SAMN11370262,1,54180385373,ILLUMINA,WGS,PRJNA531553,23.6,PI 369442,19.0,False,Maize.Group.Ames.Panel.2010,S 48,True
SAMN11370263,1,50045763577,ILLUMINA,WGS,PRJNA531553,21.8,,,False,,,False
SAMN11370264,1,53559561214,ILLUMINA,WGS,PRJNA531553,23.3,PI 690602,15.0,False,Maize.Group.Ames.Panel.2010,CML 289,True
SAMN11370265,1,63582099933,ILLUMINA,WGS,PRJNA531553,27.6,PI 535917,28.0,False,Maize.Group.Ames.Panel.2010,S 51,True
SAMN11370266,1,58226844124,ILLUMINA,WGS,PRJNA531553,25.3,,,False,,,False
SAMN11370267,1,56175882489,ILLUMINA,WGS,PRJNA531553,24.4,,,False,,,False
SAMN11370268,1,60530792489,ILLUMINA,WGS,PRJNA531553,26.3,PI 535918,,False,,,True
SAMN11370269,1,56484377792,ILLUMINA,WGS,PRJNA531553,24.6,,,False,,,False
SAMN11370270,1,38192763299,ILLUMINA,WGS,PRJNA531553,16.6,PI 535906,7.0,False,Maize.Group.Ames.Panel.2010,S 56,True
SAMN11370271,1,42948498815,ILLUMINA,WGS,PRJNA531553,18.7,,,False,,,False
SAMN11370272,1,39838407778,ILLUMINA,WGS,PRJNA531553,17.3,,,False,,,False
SAMN11370273,1,69260331868,ILLUMINA,WGS,PRJNA531553,30.1,,,False,,,False
SAMN11370274,1,53972459262,ILLUMINA,WGS,PRJNA531553,23.5,,,False,,,False
SAMN11370275,1,56371402084,ILLUMINA,WGS,PRJNA531553,24.5,PI 369443,34.0,False,Maize.Group.Ames.Panel.2010,S 61,True
SAMN11370276,1,64286054714,ILLUMINA,WGS,PRJNA531553,28.0,,,False,,,False
SAMN11370277,1,60135248174,ILLUMINA,WGS,PRJNA531553,26.1,PI 535916,7.0,False,Maize.Group.Ames.Panel.2010,S 37,True
SAMN11370278,1,53382830541,ILLUMINA,WGS,PRJNA531553,23.2,PI 595556,19.0,False,Maize.Group.Ames.Panel.2010,CML 29,True
SAMN11370279,1,61071398587,ILLUMINA,WGS,PRJNA531553,26.6,PI 595569,19.0,False,Maize.Group.Ames.Panel.2010,CML 300,True
SAMN11370280,1,48725996388,ILLUMINA,WGS,PRJNA531553,21.2,,,False,,,False
SAMN11370281,1,61907661880,ILLUMINA,WGS,PRJNA531553,26.9,,,False,,,False
SAMN11370282,1,46724225968,ILLUMINA,WGS,PRJNA531553,20.3,,,False,,,False
SAMN11370283,1,48460666470,ILLUMINA,WGS,PRJNA531553,21.1,,,False,,,False
SAMN11370284,1,71674710568,ILLUMINA,WGS,PRJNA531553,31.2,,,False,,,False
SAMN11370285,1,61379370492,ILLUMINA,WGS,PRJNA531553,26.7,PI 595564,18.0,False,Maize.Group.Ames.Panel.2010,CML 285,True
SAMN11370286,1,49222566896,ILLUMINA,WGS,PRJNA531553,21.4,,,False,,,False
SAMN11370287,1,44527114950,ILLUMINA,WGS,PRJNA531553,19.4,,,False,,,False
SAMN11370288,1,73093639466,ILLUMINA,WGS,PRJNA531553,31.8,,,False,,,False
SAMN11370289,1,57824443970,ILLUMINA,WGS,PRJNA531553,25.1,,,False,,,False
SAMN11370290,1,61474879458,ILLUMINA,WGS,PRJNA531553,26.7,,,False,,,False
SAMN11370291,1,50900894646,ILLUMINA,WGS,PRJNA531553,22.1,,,False,,,False
SAMN11370292,1,56232615385,ILLUMINA,WGS,PRJNA531553,24.4,,,False,,,False
SAMN11370293,1,67051864074,ILLUMINA,WGS,PRJNA531553,29.2,PI 690611,15.0,False,Maize.Group.Ames.Panel.2010,CML 325,True
SAMN11370294,1,55369815584,ILLUMINA,WGS,PRJNA531553,24.1,,,False,,,False
SAMN11370295,1,47877428139,ILLUMINA,WGS,PRJNA531553,20.8,,,False,,,False
SAMN11370296,1,56703339619,ILLUMINA,WGS,PRJNA531553,24.7,,,False,,,False
SAMN11370297,1,70412153459,ILLUMINA,WGS,PRJNA531553,30.6,PI 369444,,False,,,True
SAMN11370298,1,47789487240,ILLUMINA,WGS,PRJNA531553,20.8,,,False,,,False
SAMN11370299,1,55672322699,ILLUMINA,WGS,PRJNA531553,24.2,,,False,,,False
SAMN11370300,1,59093665507,ILLUMINA,WGS,PRJNA531553,25.7,PI 535922,,False,,,True
SAMN11370301,1,57807566164,ILLUMINA,WGS,PRJNA531553,25.1,PI 690606,15.0,False,Maize.Group.Ames.Panel.Post.2010,CML 307,True
SAMN11370302,1,57264562477,ILLUMINA,WGS,PRJNA531553,24.9,,,False,,,False
SAMN11370303,1,43522431907,ILLUMINA,WGS,PRJNA531553,18.9,,,False,,,False
SAMN11370304,1,57426272379,ILLUMINA,WGS,PRJNA531553,25.0,PI 535923,7.0,False,Maize.Group.Ames.Panel.2010,S 90,True
SAMN11370305,1,53455486501,ILLUMINA,WGS,PRJNA531553,23.2,,,False,,,False
SAMN11370306,1,53149457630,ILLUMINA,WGS,PRJNA531553,23.1,,,False,,,False
SAMN11370307,1,50419554250,ILLUMINA,WGS,PRJNA531553,21.9,,,False,,,False
SAMN11370308,1,70118579594,ILLUMINA,WGS,PRJNA531553,30.5,,,False,,,False
SAMN11370309,1,62631498004,ILLUMINA,WGS,PRJNA531553,27.2,,,False,,,False
SAMN11370310,1,55998798102,ILLUMINA,WGS,PRJNA531553,24.3,,,False,,,False
SAMN11370311,1,38831753601,ILLUMINA,WGS,PRJNA531553,16.9,PI 535924,28.0,False,Maize.Group.Ames.Panel.2010,S 97,True
SAMN11370312,1,54891480046,ILLUMINA,WGS,PRJNA531553,23.9,,,False,,,False
SAMN11370313,1,43914881057,ILLUMINA,WGS,PRJNA531553,19.1,PI 535925,6.0,False,Maize.Group.Ames.Panel.2010,S 99,True
SAMN11370314,1,46813551219,ILLUMINA,WGS,PRJNA531553,20.4,,,False,,,False
SAMN11370315,1,50722727019,ILLUMINA,WGS,PRJNA531553,22.1,,,False,,,False
SAMN11370316,1,48763013324,ILLUMINA,WGS,PRJNA531553,21.2,,,False,,,False
SAMN11370317,1,40691294447,ILLUMINA,WGS,PRJNA531553,17.7,,,False,,,False
SAMN11370318,1,52715352129,ILLUMINA,WGS,PRJNA531553,22.9,,,False,,,False
SAMN11370319,1,57884347362,ILLUMINA,WGS,PRJNA531553,25.2,,,False,,,False
SAMN11370320,1,42138550229,ILLUMINA,WGS,PRJNA531553,18.3,,,False,,,False
SAMN11370321,1,43190054696,ILLUMINA,WGS,PRJNA531553,18.8,,,False,,,False
SAMN11370322,1,51842962625,ILLUMINA,WGS,PRJNA531553,22.5,,,False,,,False
SAMN11370323,1,37438813625,ILLUMINA,WGS,PRJNA531553,16.3,,,False,,,False
SAMN11370324,1,51537333988,ILLUMINA,WGS,PRJNA531553,22.4,PI 595557,18.0,False,Maize.Group.Ames.Panel.2010,CML 31,True
SAMN11370325,1,49810567529,ILLUMINA,WGS,PRJNA531553,21.7,PI 690612,15.0,False,Maize.Group.Ames.Panel.2010,CML 327,True
SAMN11370326,1,60173946354,ILLUMINA,WGS,PRJNA531553,26.2,,,False,,,False
SAMN11370327,1,51030361051,ILLUMINA,WGS,PRJNA531553,22.2,,,False,,,False
SAMN11370328,1,52020498312,ILLUMINA,WGS,PRJNA531553,22.6,,,False,,,False
SAMN11370329,1,41879986659,ILLUMINA,WGS,PRJNA531553,18.2,,,False,,,False
SAMN11370330,1,44340781621,ILLUMINA,WGS,PRJNA531553,19.3,,,False,,,False
SAMN11370331,1,39453040296,ILLUMINA,WGS,PRJNA531553,17.2,PI 595565,29.0,False,Maize.Set.Inbred.Diversity.282.Plus.NAM.Parents,CML 287,True
SAMN11370332,1,43815312991,ILLUMINA,WGS,PRJNA531553,19.1,,,False,,,False
SAMN11370333,1,33492486518,ILLUMINA,WGS,PRJNA531553,14.6,,,False,,,False
SAMN11370334,1,46814559978,ILLUMINA,WGS,PRJNA531553,20.4,PI 595554,20.0,False,Maize.Group.Ames.Panel.2010,CML 27,True
SAMN11370335,1,51332823630,ILLUMINA,WGS,PRJNA531553,22.3,,,False,,,False
SAMN11370336,1,51404765287,ILLUMINA,WGS,PRJNA531553,22.3,,,False,,,False
SAMN11370337,1,45653796098,ILLUMINA,WGS,PRJNA531553,19.8,,,False,,,False
SAMN11370338,1,44152426083,ILLUMINA,WGS,PRJNA531553,19.2,,,False,,,False
SAMN11370339,1,60235399714,ILLUMINA,WGS,PRJNA531553,26.2,PI 535927,29.0,False,Maize.Group.Ames.Panel.2010,S 125,True
SAMN11370340,1,49958724270,ILLUMINA,WGS,PRJNA531553,21.7,,,False,,,False
SAMN11370341,1,36817307407,ILLUMINA,WGS,PRJNA531553,16.0,,,False,,,False
SAMN11370342,1,47979447259,ILLUMINA,WGS,PRJNA531553,20.9,,,False,,,False
SAMN11370343,1,48677019709,ILLUMINA,WGS,PRJNA531553,21.2,PI 595558,19.0,False,Maize.Group.Ames.Panel.2010,CML 32,True
SAMN11370344,1,41331383625,ILLUMINA,WGS,PRJNA531553,18.0,,,False,,,False
SAMN11370345,1,37845824073,ILLUMINA,WGS,PRJNA531553,16.5,,,False,,,False
SAMN11370346,1,46938868159,ILLUMINA,WGS,PRJNA531553,20.4,,,False,,,False
SAMN11370347,1,47460080679,ILLUMINA,WGS,PRJNA531553,20.6,,,False,,,False
SAMN11370348,1,48230472814,ILLUMINA,WGS,PRJNA531553,21.0,Ames 17681,,False,,,True
SAMN11370349,1,46791493883,ILLUMINA,WGS,PRJNA531553,20.3,,,False,,,False
SAMN11370350,1,59853600406,ILLUMINA,WGS,PRJNA531553,26.0,,,False,,,False
SAMN11370351,1,57023013259,ILLUMINA,WGS,PRJNA531553,24.8,,,False,,,False
SAMN11370352,1,47378710506,ILLUMINA,WGS,PRJNA531553,20.6,,,False,,,False
SAMN11370353,1,46557945574,ILLUMINA,WGS,PRJNA531553,20.2,,,False,,,False
SAMN11370354,1,39158297167,ILLUMINA,WGS,PRJNA531553,17.0,,,False,,,False
SAMN11370355,1,58244965614,ILLUMINA,WGS,PRJNA531553,25.3,Ames 34388,15.0,False,,CML 486,True
SAMN11370356,1,52434595599,ILLUMINA,WGS,PRJNA531553,22.8,,,False,,,False
SAMN11370357,1,44321508803,ILLUMINA,WGS,PRJNA531553,19.3,Ames 34386,15.0,False,,CML 451,True
SAMN11370358,1,50331986844,ILLUMINA,WGS,PRJNA531553,21.9,,,False,,,False
SAMN11370359,1,47077092552,ILLUMINA,WGS,PRJNA531553,20.5,,,False,,,False
SAMN11370360,1,38218458458,ILLUMINA,WGS,PRJNA531553,16.6,,,False,,,False
SAMN11370361,1,51408754890,ILLUMINA,WGS,PRJNA531553,22.4,,,False,,,False
SAMN11370362,1,53576105346,ILLUMINA,WGS,PRJNA531553,23.3,,,False,,,False
SAMN11370363,1,41249863105,ILLUMINA,WGS,PRJNA531553,17.9,,,False,,,False
SAMN11370364,1,48660318268,ILLUMINA,WGS,PRJNA531553,21.2,,,False,,,False
SAMN11370365,1,46405313628,ILLUMINA,WGS,PRJNA531553,20.2,,,False,,,False
SAMN11370366,1,48818416961,ILLUMINA,WGS,PRJNA531553,21.2,,,False,,,False
SAMN11370367,1,38691211283,ILLUMINA,WGS,PRJNA531553,16.8,,,False,,,False
SAMN11370368,1,47370464684,ILLUMINA,WGS,PRJNA531553,20.6,PI 595560,19.0,False,Maize.Group.Ames.Panel.2010,CML 40,True
SAMN11370369,1,53809812910,ILLUMINA,WGS,PRJNA531553,23.4,,,False,,,False
SAMN11370371,1,43797645446,ILLUMINA,WGS,PRJNA531553,19.0,PI 595555,17.0,False,Maize.Group.Ames.Panel.2010,CML 28,True
SAMN11370372,1,56331685655,ILLUMINA,WGS,PRJNA531553,24.5,,,False,,,False
SAMN11370373,1,54918815642,ILLUMINA,WGS,PRJNA531553,23.9,,,False,,,False
SAMN11370374,1,47012267741,ILLUMINA,WGS,PRJNA531553,20.4,,,False,,,False
SAMN11370375,1,46148250095,ILLUMINA,WGS,PRJNA531553,20.1,,,False,,,False
SAMN11370376,1,46379691769,ILLUMINA,WGS,PRJNA531553,20.2,,,False,,,False
SAMN11370377,1,51326656012,ILLUMINA,WGS,PRJNA531553,22.3,,,False,,,False
SAMN11370378,1,52226698155,ILLUMINA,WGS,PRJNA531553,22.7,,,False,,,False
SAMN11370379,1,36654094627,ILLUMINA,WGS,PRJNA531553,15.9,,,False,,,False
SAMN11370380,1,48570991519,ILLUMINA,WGS,PRJNA531553,21.1,,,False,,,False
SAMN11370381,1,46250623608,ILLUMINA,WGS,PRJNA531553,20.1,PI 595562,17.0,False,Maize.Group.Ames.Panel.2010,CML 282,True
SAMN11370382,1,41649271665,ILLUMINA,WGS,PRJNA531553,18.1,,,False,,,False
SAMN11370383,1,49681242274,ILLUMINA,WGS,PRJNA531553,21.6,PI 693376,30.0,True,Maize.Set.Inbred.Diversity.282.Plus.NAM.Parents,SC55,True
SAMN11370384,1,46156852792,ILLUMINA,WGS,PRJNA531553,20.1,,,False,,,False
SAMN11370385,1,48600034078,ILLUMINA,WGS,PRJNA531553,21.1,,,False,,,False
SAMN11370386,1,45901591972,ILLUMINA,WGS,PRJNA531553,20.0,,,False,,,False
SAMN11370387,1,44847788254,ILLUMINA,WGS,PRJNA531553,19.5,,,False,,,False
SAMN11370388,1,44177408042,ILLUMINA,WGS,PRJNA531553,19.2,,,False,,,False
SAMN11370389,1,43656970747,ILLUMINA,WGS,PRJNA531553,19.0,,,False,,,False
SAMN11370390,1,45110522918,ILLUMINA,WGS,PRJNA531553,19.6,,,False,,,False
SAMN11370391,1,40794804892,ILLUMINA,WGS,PRJNA531553,17.7,,,False,,,False
SAMN11370392,1,51340829642,ILLUMINA,WGS,PRJNA531553,22.3,,,False,,,False
SAMN11370393,1,53012703034,ILLUMINA,WGS,PRJNA531553,23.0,,,False,,,False
SAMN11370394,1,54215299934,ILLUMINA,WGS,PRJNA531553,23.6,,,False,,,False
SAMN11370395,1,45403085794,ILLUMINA,WGS,PRJNA531553,19.7,,,False,,,False
SAMN11370396,1,50560313925,ILLUMINA,WGS,PRJNA531553,22.0,,,False,,,False
SAMN11370397,1,52915999121,ILLUMINA,WGS,PRJNA531553,23.0,,,False,,,False
SAMN11370398,1,45814755904,ILLUMINA,WGS,PRJNA531553,19.9,,,False,,,False
SAMN11370399,1,43131429678,ILLUMINA,WGS,PRJNA531553,18.8,,,False,,,False
SAMN11370400,1,42592608181,ILLUMINA,WGS,PRJNA531553,18.5,,,False,,,False
SAMN11370401,1,54052472245,ILLUMINA,WGS,PRJNA531553,23.5,,,False,,,False
SAMN11370402,1,54531083222,ILLUMINA,WGS,PRJNA531553,23.7,PI 690610,30.0,False,Maize.Set.Inbred.Diversity.282.Plus.NAM.Parents,CML 323,True
SAMN11370403,1,44129668657,ILLUMINA,WGS,PRJNA531553,19.2,,,False,,,False
SAMN11370404,1,57667825174,ILLUMINA,WGS,PRJNA531553,25.1,,,False,,,False
SAMN11370405,1,67454332895,ILLUMINA,WGS,PRJNA531553,29.3,,,False,,,False
SAMN11370407,1,62848404378,ILLUMINA,WGS,PRJNA531553,27.3,,,False,,,False
SAMN11370408,1,43908640668,ILLUMINA,WGS,PRJNA531553,19.1,,,False,,,False
SAMN11370409,1,47514284731,ILLUMINA,WGS,PRJNA531553,20.7,Ames 34383,15.0,False,,CML 422,True
SAMN11370410,1,55829424964,ILLUMINA,WGS,PRJNA531553,24.3,,,False,,,False
SAMN11370411,1,59841985596,ILLUMINA,WGS,PRJNA531553,26.0,,,False,,,False
SAMN11370412,1,45981287287,ILLUMINA,WGS,PRJNA531553,20.0,PI 595552,20.0,False,Maize.Group.Ames.Panel.2010,CML 20,True
SAMN11370413,1,47915875698,ILLUMINA,WGS,PRJNA531553,20.8,,,False,,,False
SAMN11370414,1,52903234120,ILLUMINA,WGS,PRJNA531553,23.0,,,False,,,False
SAMN11370415,1,61510473725,ILLUMINA,WGS,PRJNA531553,26.7,,,False,,,False
SAMN11370416,1,48956149446,ILLUMINA,WGS,PRJNA531553,21.3,,,False,,,False
SAMN11370417,1,49709125473,ILLUMINA,WGS,PRJNA531553,21.6,,,False,,,False
SAMN11370418,1,53459555319,ILLUMINA,WGS,PRJNA531553,23.2,PI 595571,17.0,False,Maize.Group.Ames.Panel.2010,CML 305,True
SAMN11370419,1,47785449821,ILLUMINA,WGS,PRJNA531553,20.8,,,False,,,False
SAMN11370420,1,46505365914,ILLUMINA,WGS,PRJNA531553,20.2,,,False,,,False
SAMN11370421,1,52037665949,ILLUMINA,WGS,PRJNA531553,22.6,,,False,,,False
SAMN11370422,1,55223837061,ILLUMINA,WGS,PRJNA531553,24.0,,,False,,,False
SAMN11370423,1,50517958982,ILLUMINA,WGS,PRJNA531553,22.0,,,False,,,False
SAMN11370424,1,44661424592,ILLUMINA,WGS,PRJNA531553,19.4,,,False,,,False
SAMN11370425,1,48811047092,ILLUMINA,WGS,PRJNA531553,21.2,,,False,,,False
SAMN11370426,1,51398279557,ILLUMINA,WGS,PRJNA531553,22.3,,,False,,,False
SAMN11370427,1,57212095700,ILLUMINA,WGS,PRJNA531553,24.9,,,False,,,False
SAMN11370428,1,44463626458,ILLUMINA,WGS,PRJNA531553,19.3,,,False,,,False
SAMN11370429,1,44105178935,ILLUMINA,WGS,PRJNA531553,19.2,,,False,,,False
SAMN11370430,1,41868324364,ILLUMINA,WGS,PRJNA531553,18.2,,,False,,,False
SAMN11370431,1,40252576798,ILLUMINA,WGS,PRJNA531553,17.5,,,False,,,False
SAMN11370432,1,44230451923,ILLUMINA,WGS,PRJNA531553,19.2,,,False,,,False
SAMN11370433,1,42936977349,ILLUMINA,WGS,PRJNA531553,18.7,,,False,,,False
SAMN11370434,1,49573028112,ILLUMINA,WGS,PRJNA531553,21.6,,,False,,,False
SAMN11370435,1,47170943241,ILLUMINA,WGS,PRJNA531553,20.5,,,False,,,False
SAMN11370436,1,43451893802,ILLUMINA,WGS,PRJNA531553,18.9,,,False,,,False
SAMN11370437,1,46700904190,ILLUMINA,WGS,PRJNA531553,20.3,,,False,,,False
SAMN11370438,1,44137719376,ILLUMINA,WGS,PRJNA531553,19.2,,,False,,,False
SAMN11370439,1,53609190818,ILLUMINA,WGS,PRJNA531553,23.3,,,False,,,False
SAMN11370440,1,42780829774,ILLUMINA,WGS,PRJNA531553,18.6,,,False,,,False
SAMN11370441,1,42986460362,ILLUMINA,WGS,PRJNA531553,18.7,,,False,,,False
SAMN11370442,1,41438811264,ILLUMINA,WGS,PRJNA531553,18.0,,,False,,,False
SAMN11370443,1,49409677436,ILLUMINA,WGS,PRJNA531553,21.5,,,False,,,False
SAMN11370444,1,51334613904,ILLUMINA,WGS,PRJNA531553,22.3,,,False,,,False
SAMN11370445,1,46902630577,ILLUMINA,WGS,PRJNA531553,20.4,,,False,,,False
SAMN11370446,1,63538432726,ILLUMINA,WGS,PRJNA531553,27.6,,,False,,,False
SAMN11370447,1,75544594350,ILLUMINA,WGS,PRJNA531553,32.8,,,False,,,False
SAMN11370448,1,43619436386,ILLUMINA,WGS,PRJNA531553,19.0,,,False,,,False
SAMN11370449,1,53281644375,ILLUMINA,WGS,PRJNA531553,23.2,,,False,,,False
SAMN11370450,1,73369376805,ILLUMINA,WGS,PRJNA531553,31.9,,,False,,,False
SAMN11370451,1,60491755462,ILLUMINA,WGS,PRJNA531553,26.3,,,False,,,False
SAMN11370452,1,43395888064,ILLUMINA,WGS,PRJNA531553,18.9,,,False,,,False
SAMN11370453,1,42917502426,ILLUMINA,WGS,PRJNA531553,18.7,,,False,,,False
SAMN11370454,1,62115072497,ILLUMINA,WGS,PRJNA531553,27.0,,,False,,,False
SAMN11370455,1,46840111000,ILLUMINA,WGS,PRJNA531553,20.4,,,False,,,False
SAMN11370456,1,54146193319,ILLUMINA,WGS,PRJNA531553,23.5,,,False,,,False
SAMN11370457,1,44830220707,ILLUMINA,WGS,PRJNA531553,19.5,,,False,,,False
SAMN11370458,1,50638462989,ILLUMINA,WGS,PRJNA531553,22.0,,,False,,,False
SAMN11370459,1,44320910377,ILLUMINA,WGS,PRJNA531553,19.3,,,False,,,False
SAMN11370460,1,53723592388,ILLUMINA,WGS,PRJNA531553,23.4,,,False,,,False
SAMN11370461,1,50638092855,ILLUMINA,WGS,PRJNA531553,22.0,,,False,,,False
SAMN11370462,1,43302851885,ILLUMINA,WGS,PRJNA531553,18.8,,,False,,,False
SAMN11370463,1,47443226815,ILLUMINA,WGS,PRJNA531553,20.6,,,False,,,False
SAMN11370464,1,45742191113,ILLUMINA,WGS,PRJNA531553,19.9,,,False,,,False
SAMN11370465,1,47906734388,ILLUMINA,WGS,PRJNA531553,20.8,,,False,,,False
SAMN11370466,1,52522343501,ILLUMINA,WGS,PRJNA531553,22.8,,,False,,,False
SAMN11370467,1,62479788521,ILLUMINA,WGS,PRJNA531553,27.2,,,False,,,False
SAMN11370468,1,52725371637,ILLUMINA,WGS,PRJNA531553,22.9,,,False,,,False
SAMN11370469,1,60086742868,ILLUMINA,WGS,PRJNA531553,26.1,,,False,,,False
SAMN11370470,1,47104138308,ILLUMINA,WGS,PRJNA531553,20.5,,,False,,,False
SAMN11370471,1,52910694629,ILLUMINA,WGS,PRJNA531553,23.0,,,False,,,False
SAMN11370472,1,49147760448,ILLUMINA,WGS,PRJNA531553,21.4,,,False,,,False
SAMN11370473,1,45203130834,ILLUMINA,WGS,PRJNA531553,19.7,,,False,,,False
SAMN11370474,1,46311806037,ILLUMINA,WGS,PRJNA531553,20.1,,,False,,,False
SAMN11370475,1,38310279407,ILLUMINA,WGS,PRJNA531553,16.7,,,False,,,False
SAMN11370476,1,49916670666,ILLUMINA,WGS,PRJNA531553,21.7,,,False,,,False
SAMN11370477,1,45867239558,ILLUMINA,WGS,PRJNA531553,19.9,,,False,,,False
SAMN11370478,1,43805584110,ILLUMINA,WGS,PRJNA531553,19.0,,,False,,,False
SAMN11370479,1,27669345988,ILLUMINA,WGS,PRJNA531553,12.0,,,False,,,False
SAMN11370480,1,53555714419,ILLUMINA,WGS,PRJNA531553,23.3,,,False,,,False
SAMN11370481,1,51770528050,ILLUMINA,WGS,PRJNA531553,22.5,,,False,,,False
SAMN11370482,1,44841376158,ILLUMINA,WGS,PRJNA531553,19.5,,,False,,,False
SAMN11370483,1,45556093598,ILLUMINA,WGS,PRJNA531553,19.8,,,False,,,False
SAMN11370484,1,44174916942,ILLUMINA,WGS,PRJNA531553,19.2,,,False,,,False
SAMN11370485,1,56283703050,ILLUMINA,WGS,PRJNA531553,24.5,,,False,,,False
SAMN11370486,1,44111406557,ILLUMINA,WGS,PRJNA531553,19.2,,,False,,,False
SAMN11370487,1,44985658622,ILLUMINA,WGS,PRJNA531553,19.6,,,False,,,False
SAMN11370488,1,51694358032,ILLUMINA,WGS,PRJNA531553,22.5,,,False,,,False
SAMN11370489,1,49588810286,ILLUMINA,WGS,PRJNA531553,21.6,,,False,,,False
SAMN11370490,1,49093333129,ILLUMINA,WGS,PRJNA531553,21.3,,,False,,,False
SAMN11370491,1,55742651678,ILLUMINA,WGS,PRJNA531553,24.2,,,False,,,False
SAMN11370492,1,62628149499,ILLUMINA,WGS,PRJNA531553,27.2,,,False,,,False
SAMN11370493,1,59793315235,ILLUMINA,WGS,PRJNA531553,26.0,,,False,,,False
SAMN11370494,1,49891875721,ILLUMINA,WGS,PRJNA531553,21.7,,,False,,,False
SAMN11370495,1,51290774821,ILLUMINA,WGS,PRJNA531553,22.3,,,False,,,False
SAMN11370496,1,58336911924,ILLUMINA,WGS,PRJNA531553,25.4,,,False,,,False
SAMN11370497,1,65166335177,ILLUMINA,WGS,PRJNA531553,28.3,,,False,,,False
SAMN11370498,1,46104641521,ILLUMINA,WGS,PRJNA531553,20.0,,,False,,,False
SAMN11370499,1,42248732430,ILLUMINA,WGS,PRJNA531553,18.4,,,False,,,False
SAMN11370500,1,47213966806,ILLUMINA,WGS,PRJNA531553,20.5,,,False,,,False
SAMN11370501,1,41628362383,ILLUMINA,WGS,PRJNA531553,18.1,,,False,,,False
SAMN11370502,1,40833668542,ILLUMINA,WGS,PRJNA531553,17.8,,,False,,,False
SAMN11370503,1,48301479843,ILLUMINA,WGS,PRJNA531553,21.0,,,False,,,False
SAMN11370504,1,37651154128,ILLUMINA,WGS,PRJNA531553,16.4,,,False,,,False
SAMN11370505,1,39296967787,ILLUMINA,WGS,PRJNA531553,17.1,,,False,,,False
SAMN11370506,1,38114663124,ILLUMINA,WGS,PRJNA531553,16.6,PI 607383,21.0,True,Maize.Group.Ames.Panel.2010,B113,True
SAMN11370507,1,45853326774,ILLUMINA,WGS,PRJNA531553,19.9,,,False,,,False
SAMN11370508,1,41674997200,ILLUMINA,WGS,PRJNA531553,18.1,,,False,,,False
SAMN11370509,1,44382311401,ILLUMINA,WGS,PRJNA531553,19.3,,,False,,,False
SAMN11370510,1,48659441092,ILLUMINA,WGS,PRJNA531553,21.2,,,False,,,False
SAMN11370511,1,55083683478,ILLUMINA,WGS,PRJNA531553,23.9,,,False,,,False
SAMN11370512,1,43361613016,ILLUMINA,WGS,PRJNA531553,18.9,,,False,,,False
SAMN11370513,1,48144963649,ILLUMINA,WGS,PRJNA531553,20.9,,,False,,,False
SAMN11370514,1,42435901715,ILLUMINA,WGS,PRJNA531553,18.5,,,False,,,False
SAMN11370515,1,43486955201,ILLUMINA,WGS,PRJNA531553,18.9,,,False,,,False
SAMN11370516,1,37906750117,ILLUMINA,WGS,PRJNA531553,16.5,,,False,,,False
SAMN11370517,1,42143979387,ILLUMINA,WGS,PRJNA531553,18.3,,,False,,,False
SAMN11370518,1,47092409968,ILLUMINA,WGS,PRJNA531553,20.5,,,False,,,False
SAMN11370519,1,52722093852,ILLUMINA,WGS,PRJNA531553,22.9,,,False,,,False
SAMN11370520,1,42192595610,ILLUMINA,WGS,PRJNA531553,18.3,,,False,,,False
SAMN11370522,1,44218675279,ILLUMINA,WGS,PRJNA531553,19.2,,,False,,,False
SAMN11370523,1,48286548380,ILLUMINA,WGS,PRJNA531553,21.0,,,False,,,False
SAMN11370524,1,47627584710,ILLUMINA,WGS,PRJNA531553,20.7,,,False,,,False
SAMN11370525,1,40473247770,ILLUMINA,WGS,PRJNA531553,17.6,,,False,,,False
SAMN11370526,1,43312217729,ILLUMINA,WGS,PRJNA531553,18.8,,,False,,,False
SAMN11370527,1,40216074571,ILLUMINA,WGS,PRJNA531553,17.5,,,False,,,False
SAMN11370528,1,42496939287,ILLUMINA,WGS,PRJNA531553,18.5,,,False,,,False
SAMN11370529,1,40604616344,ILLUMINA,WGS,PRJNA531553,17.7,,,False,,,False
SAMN11370530,1,42797254073,ILLUMINA,WGS,PRJNA531553,18.6,,,False,,,False
SAMN11370531,1,43706798660,ILLUMINA,WGS,PRJNA531553,19.0,,,False,,,False
SAMN11370532,1,39522113770,ILLUMINA,WGS,PRJNA531553,17.2,,,False,,,False
SAMN11370533,1,43750288673,ILLUMINA,WGS,PRJNA531553,19.0,,,False,,,False
SAMN11370534,1,49226107636,ILLUMINA,WGS,PRJNA531553,21.4,,,False,,,False
SAMN11370535,1,49414304462,ILLUMINA,WGS,PRJNA531553,21.5,,,False,,,False
SAMN11370536,1,45661428959,ILLUMINA,WGS,PRJNA531553,19.9,,,False,,,False
SAMN11370537,1,40801202624,ILLUMINA,WGS,PRJNA531553,17.7,,,False,,,False
SAMN11370538,1,48185794913,ILLUMINA,WGS,PRJNA531553,21.0,,,False,,,False
SAMN11370539,1,43364676616,ILLUMINA,WGS,PRJNA531553,18.9,,,False,,,False
SAMN11370540,1,42864949266,ILLUMINA,WGS,PRJNA531553,18.6,,,False,,,False
SAMN11370541,1,42149168095,ILLUMINA,WGS,PRJNA531553,18.3,,,False,,,False
SAMN11370542,1,43185193730,ILLUMINA,WGS,PRJNA531553,18.8,,,False,,,False
SAMN11370543,1,49038694165,ILLUMINA,WGS,PRJNA531553,21.3,,,False,,,False
SAMN11370544,1,39057877018,ILLUMINA,WGS,PRJNA531553,17.0,Ames 2341,4.0,False,Maize.Group.Ames.Panel.2010,S330,True
SAMN11370545,1,43806765175,ILLUMINA,WGS,PRJNA531553,19.0,,,False,,,False
SAMN11370546,1,49009607351,ILLUMINA,WGS,PRJNA531553,21.3,,,False,,,False
SAMN11370547,1,44637288633,ILLUMINA,WGS,PRJNA531553,19.4,,,False,,,False
SAMN11370548,1,41937361104,ILLUMINA,WGS,PRJNA531553,18.2,,,False,,,False
SAMN11370549,1,42105320742,ILLUMINA,WGS,PRJNA531553,18.3,,,False,,,False
SAMN11370550,1,40589708449,ILLUMINA,WGS,PRJNA531553,17.6,,,False,,,False
SAMN11370551,1,54684765598,ILLUMINA,WGS,PRJNA531553,23.8,,,False,,,False
SAMN11370552,1,50044107443,ILLUMINA,WGS,PRJNA531553,21.8,,,False,,,False
SAMN11370553,1,41413898379,ILLUMINA,WGS,PRJNA531553,18.0,,,False,,,False
SAMN11370554,1,48430816555,ILLUMINA,WGS,PRJNA531553,21.1,PI 146368,30.0,False,,CI 7,True
SAMN11370555,1,42165883412,ILLUMINA,WGS,PRJNA531553,18.3,,,False,,,False
SAMN11370556,1,42552928572,ILLUMINA,WGS,PRJNA531553,18.5,,,False,,,False
SAMN11370557,1,51866125865,ILLUMINA,WGS,PRJNA531553,22.6,,,False,,,False
SAMN11370558,1,56521276873,ILLUMINA,WGS,PRJNA531553,24.6,PI 607384,31.0,True,Maize.Group.Ames.Panel.2010,B114,True
SAMN11370559,1,41071321281,ILLUMINA,WGS,PRJNA531553,17.9,,,False,,,False
SAMN11370560,1,45275143678,ILLUMINA,WGS,PRJNA531553,19.7,,,False,,,False
SAMN11370561,1,45371069030,ILLUMINA,WGS,PRJNA531553,19.7,,,False,,,False
SAMN11370562,1,51322432469,ILLUMINA,WGS,PRJNA531553,22.3,,,False,,,False
SAMN11370563,1,48186486042,ILLUMINA,WGS,PRJNA531553,21.0,,,False,,,False
SAMN11370564,1,49189152902,ILLUMINA,WGS,PRJNA531553,21.4,,,False,,,False
SAMN11370565,1,58428186680,ILLUMINA,WGS,PRJNA531553,25.4,,,False,,,False
SAMN11370566,1,55977976986,ILLUMINA,WGS,PRJNA531553,24.3,PI 607381,32.0,True,Maize.Group.Ames.Panel.2010,B110,True
SAMN11370567,1,48011160995,ILLUMINA,WGS,PRJNA531553,20.9,,,False,,,False
SAMN11370568,1,52009527223,ILLUMINA,WGS,PRJNA531553,22.6,,,False,,,False
SAMN11370569,1,58164221961,ILLUMINA,WGS,PRJNA531553,25.3,,,False,,,False
SAMN11370570,1,57824739206,ILLUMINA,WGS,PRJNA531553,25.1,,,False,,,False
SAMN11370571,1,51156331930,ILLUMINA,WGS,PRJNA531553,22.2,PI 587139,40.0,True,Maize.Set.Inbred.Diversity.282.Plus.NAM.Parents,A619,True
SAMN11370572,1,40115019034,ILLUMINA,WGS,PRJNA531553,17.4,,,False,,,False
SAMN11370573,1,56887755155,ILLUMINA,WGS,PRJNA531553,24.7,,,False,,,False
SAMN11370574,1,42558829877,ILLUMINA,WGS,PRJNA531553,18.5,,,False,,,False
SAMN11370575,1,44718763407,ILLUMINA,WGS,PRJNA531553,19.4,,,False,,,False
SAMN11370576,1,44742217614,ILLUMINA,WGS,PRJNA531553,19.5,,,False,,,False
SAMN11370577,1,44446744059,ILLUMINA,WGS,PRJNA531553,19.3,,,False,,,False
SAMN11370578,1,44637497254,ILLUMINA,WGS,PRJNA531553,19.4,,,False,,,False
SAMN11370579,1,42106171465,ILLUMINA,WGS,PRJNA531553,18.3,,,False,,,False
SAMN11370580,1,46817838560,ILLUMINA,WGS,PRJNA531553,20.4,,,False,,,False
SAMN11370581,1,46180296323,ILLUMINA,WGS,PRJNA531553,20.1,,,False,,,False
SAMN11370582,1,42404500578,ILLUMINA,WGS,PRJNA531553,18.4,,,False,,,False
SAMN11370583,1,42529061918,ILLUMINA,WGS,PRJNA531553,18.5,,,False,,,False
SAMN11370584,1,46494593513,ILLUMINA,WGS,PRJNA531553,20.2,,,False,,,False
SAMN11370585,1,48423388906,ILLUMINA,WGS,PRJNA531553,21.1,,,False,,,False
SAMN11370586,1,46603559293,ILLUMINA,WGS,PRJNA531553,20.3,,,False,,,False
SAMN11370587,1,52021762861,ILLUMINA,WGS,PRJNA531553,22.6,,,False,,,False
SAMN11370588,1,48169138332,ILLUMINA,WGS,PRJNA531553,20.9,,,False,,,False
SAMN11370589,1,49306937034,ILLUMINA,WGS,PRJNA531553,21.4,,,False,,,False
SAMN11370590,1,52272236436,ILLUMINA,WGS,PRJNA531553,22.7,,,False,,,False
SAMN11370591,1,42989743186,ILLUMINA,WGS,PRJNA531553,18.7,PI 369438,20.0,False,Maize.Group.Ames.Panel.2010,K 10,True
SAMN11370592,1,48435452593,ILLUMINA,WGS,PRJNA531553,21.1,,,False,,,False
SAMN11370593,1,55550179826,ILLUMINA,WGS,PRJNA531553,24.2,,,False,,,False
SAMN11370594,1,55777582082,ILLUMINA,WGS,PRJNA531553,24.3,,,False,,,False
SAMN11370595,1,48402575777,ILLUMINA,WGS,PRJNA531553,21.0,,,False,,,False
SAMN11370596,1,42493985824,ILLUMINA,WGS,PRJNA531553,18.5,,,False,,,False
SAMN11370597,1,45909376549,ILLUMINA,WGS,PRJNA531553,20.0,,,False,,,False
SAMN11370598,1,45605151064,ILLUMINA,WGS,PRJNA531553,19.8,,,False,,,False
SAMN11370599,1,44371628628,ILLUMINA,WGS,PRJNA531553,19.3,,,False,,,False
SAMN11370600,1,39750979022,ILLUMINA,WGS,PRJNA531553,17.3,,,False,,,False
SAMN11370601,1,46051794805,ILLUMINA,WGS,PRJNA531553,20.0,,,False,,,False
SAMN11370602,1,41663413811,ILLUMINA,WGS,PRJNA531553,18.1,,,False,,,False
SAMN11370603,1,44697552847,ILLUMINA,WGS,PRJNA531553,19.4,,,False,,,False
SAMN11370604,1,38650482528,ILLUMINA,WGS,PRJNA531553,16.8,,,False,,,False
SAMN11370605,1,49420243613,ILLUMINA,WGS,PRJNA531553,21.5,,,False,,,False
SAMN11370606,1,37632922132,ILLUMINA,WGS,PRJNA531553,16.4,,,False,,,False
SAMN11370607,1,44935561105,ILLUMINA,WGS,PRJNA531553,19.5,,,False,,,False
SAMN11370608,1,46084434773,ILLUMINA,WGS,PRJNA531553,20.0,,,False,,,False
SAMN11370609,1,44052529002,ILLUMINA,WGS,PRJNA531553,19.2,,,False,,,False
SAMN11370611,1,38723880135,ILLUMINA,WGS,PRJNA531553,16.8,,,False,,,False
SAMN11370612,1,48809878557,ILLUMINA,WGS,PRJNA531553,21.2,,,False,,,False
SAMN11370613,1,47240997896,ILLUMINA,WGS,PRJNA531553,20.5,,,False,,,False
SAMN11370614,1,43344198909,ILLUMINA,WGS,PRJNA531553,18.8,,,False,,,False
SAMN11370615,1,44508868753,ILLUMINA,WGS,PRJNA531553,19.4,,,False,,,False
SAMN11370616,1,52193153473,ILLUMINA,WGS,PRJNA531553,22.7,,,False,,,False
SAMN11370617,1,38854714976,ILLUMINA,WGS,PRJNA531553,16.9,Ames 34543,,False,,,True
SAMN11370618,1,39031302121,ILLUMINA,WGS,PRJNA531553,17.0,,,False,,,False
SAMN11370619,1,51965287174,ILLUMINA,WGS,PRJNA531553,22.6,,,False,,,False
SAMN11370620,1,43262989099,ILLUMINA,WGS,PRJNA531553,18.8,,,False,,,False
SAMN11370621,1,42422714706,ILLUMINA,WGS,PRJNA531553,18.4,,,False,,,False
SAMN11370622,1,50668952519,ILLUMINA,WGS,PRJNA531553,22.0,,,False,,,False
SAMN11370623,1,57496878390,ILLUMINA,WGS,PRJNA531553,25.0,,,False,,,False
SAMN11370624,1,43437791965,ILLUMINA,WGS,PRJNA531553,18.9,,,False,,,False
SAMN11370625,1,49543249419,ILLUMINA,WGS,PRJNA531553,21.5,,,False,,,False
SAMN11370626,1,54691115422,ILLUMINA,WGS,PRJNA531553,23.8,,,False,,,False
SAMN11370627,1,54705451907,ILLUMINA,WGS,PRJNA531553,23.8,,,False,,,False
SAMN11370628,1,42350626038,ILLUMINA,WGS,PRJNA531553,18.4,,,False,,,False
SAMN11370629,1,51507316697,ILLUMINA,WGS,PRJNA531553,22.4,,,False,,,False
SAMN11370630,1,45015077043,ILLUMINA,WGS,PRJNA531553,19.6,,,False,,,False
SAMN11370631,1,38602746971,ILLUMINA,WGS,PRJNA531553,16.8,,,False,,,False
SAMN11370632,1,39630458417,ILLUMINA,WGS,PRJNA531553,17.2,,,False,,,False
SAMN11370633,1,37468219822,ILLUMINA,WGS,PRJNA531553,16.3,,,False,,,False
SAMN11370634,1,52470744197,ILLUMINA,WGS,PRJNA531553,22.8,,,False,,,False
SAMN11370635,1,37668183384,ILLUMINA,WGS,PRJNA531553,16.4,,,False,,,False
SAMN11370636,1,53418659202,ILLUMINA,WGS,PRJNA531553,23.2,,,False,,,False
SAMN11370638,1,45566924989,ILLUMINA,WGS,PRJNA531553,19.8,,,False,,,False
SAMN11370639,1,45668234124,ILLUMINA,WGS,PRJNA531553,19.9,,,False,,,False
SAMN11370640,1,42622102015,ILLUMINA,WGS,PRJNA531553,18.5,PI 550473,48.0,True,Maize.Set.Inbred.Diversity.282.Plus.NAM.Parents,B73,True
SAMN11370641,1,54174269053,ILLUMINA,WGS,PRJNA531553,23.6,,,False,,,False
SAMN11370642,1,39090427301,ILLUMINA,WGS,PRJNA531553,17.0,,,False,,,False
SAMN11370643,1,38635764075,ILLUMINA,WGS,PRJNA531553,16.8,,,False,,,False
SAMN11370644,1,40648696921,ILLUMINA,WGS,PRJNA531553,17.7,PI 535914,29.0,False,Maize.Group.Ames.Panel.2010,S 22,True
SAMN11370645,1,56595635519,ILLUMINA,WGS,PRJNA531553,24.6,,,False,,,False
SAMN11370646,1,52299215846,ILLUMINA,WGS,PRJNA531553,22.7,,,False,,,False
SAMN11370647,1,38367575746,ILLUMINA,WGS,PRJNA531553,16.7,,,False,,,False
SAMN11370648,1,41816883414,ILLUMINA,WGS,PRJNA531553,18.2,,,False,,,False
SAMN11370649,1,40139745002,ILLUMINA,WGS,PRJNA531553,17.5,,,False,,,False
SAMN11370650,1,40340876841,ILLUMINA,WGS,PRJNA531553,17.5,,,False,,,False
SAMN11370651,1,40957390238,ILLUMINA,WGS,PRJNA531553,17.8,,,False,,,False
SAMN11370652,1,52103646798,ILLUMINA,WGS,PRJNA531553,22.7,,,False,,,False
SAMN11370653,1,35852710874,ILLUMINA,WGS,PRJNA531553,15.6,,,False,,,False
SAMN11370654,1,39470703252,ILLUMINA,WGS,PRJNA531553,17.2,,,False,,,False
SAMN11370655,1,55331102237,ILLUMINA,WGS,PRJNA531553,24.1,,,False,,,False
SAMN11370656,1,74239178977,ILLUMINA,WGS,PRJNA531553,32.3,,,False,,,False
SAMN11370657,1,47369788173,ILLUMINA,WGS,PRJNA531553,20.6,,,False,,,False
SAMN11370658,1,39480646678,ILLUMINA,WGS,PRJNA531553,17.2,,,False,,,False
SAMN11370659,1,39202001793,ILLUMINA,WGS,PRJNA531553,17.0,,,False,,,False
SAMN11370660,1,46647216220,ILLUMINA,WGS,PRJNA531553,20.3,PI 608765,14.0,True,Maize.Set.Inbred.Diversity.282.Plus.NAM.Parents,B77,True
SAMN11370661,1,42642796844,ILLUMINA,WGS,PRJNA531553,18.5,,,False,,,False
SAMN11370662,1,49947963510,ILLUMINA,WGS,PRJNA531553,21.7,,,False,,,False
SAMN11370663,1,49076192033,ILLUMINA,WGS,PRJNA531553,21.3,,,False,,,False
SAMN11370664,1,64911031463,ILLUMINA,WGS,PRJNA531553,28.2,,,False,,,False
SAMN11370665,1,45870901746,ILLUMINA,WGS,PRJNA531553,19.9,,,False,,,False
SAMN11370666,1,48740615451,ILLUMINA,WGS,PRJNA531553,21.2,,,False,,,False
SAMN11370667,1,46308486992,ILLUMINA,WGS,PRJNA531553,20.1,,,False,,,False
SAMN11370668,1,50639178019,ILLUMINA,WGS,PRJNA531553,22.0,,,False,,,False
SAMN11370670,1,47184828026,ILLUMINA,WGS,PRJNA531553,20.5,,,False,,,False
SAMN11370671,1,43450300995,ILLUMINA,WGS,PRJNA531553,18.9,,,False,,,False
SAMN11370672,1,63395710755,ILLUMINA,WGS,PRJNA531553,27.6,,,False,,,False
SAMN11370673,1,55356729242,ILLUMINA,WGS,PRJNA531553,24.1,,,False,,,False
SAMN11370674,1,42379250025,ILLUMINA,WGS,PRJNA531553,18.4,,,False,,,False
SAMN11370675,1,66034384838,ILLUMINA,WGS,PRJNA531553,28.7,PI 607382,22.0,True,Maize.Group.Ames.Panel.2010,B111,True
SAMN11370676,1,49990684814,ILLUMINA,WGS,PRJNA531553,21.7,PI 608783,5.0,True,,BS16,True
SAMN11370677,1,35015659025,ILLUMINA,WGS,PRJNA531553,15.2,,,False,,,False
SAMN11370678,1,38299653918,ILLUMINA,WGS,PRJNA531553,16.7,,,False,,,False
SAMN11370679,1,35958807486,ILLUMINA,WGS,PRJNA531553,15.6,,,False,,,False
SAMN11370680,1,38045571095,ILLUMINA,WGS,PRJNA531553,16.5,,,False,,,False
SAMN11370681,1,70571037862,ILLUMINA,WGS,PRJNA531553,30.7,,,False,,,False
SAMN11370682,1,46877872169,ILLUMINA,WGS,PRJNA531553,20.4,,,False,,,False
SAMN11370683,1,50101287112,ILLUMINA,WGS,PRJNA531553,21.8,,,False,,,False
SAMN11370684,1,46668342015,ILLUMINA,WGS,PRJNA531553,20.3,,,False,,,False
SAMN11370685,1,54937631820,ILLUMINA,WGS,PRJNA531553,23.9,,,False,,,False
SAMN11370686,1,46689562302,ILLUMINA,WGS,PRJNA531553,20.3,,,False,,,False
SAMN11370687,1,56144864473,ILLUMINA,WGS,PRJNA531553,24.4,,,False,,,False
SAMN11370688,1,71005015806,ILLUMINA,WGS,PRJNA531553,30.9,,,False,,,False
SAMN11370689,1,64717485583,ILLUMINA,WGS,PRJNA531553,28.1,,,False,,,False
SAMN11370690,1,74824511689,ILLUMINA,WGS,PRJNA531553,32.5,,,False,,,False
SAMN11370691,1,64672339506,ILLUMINA,WGS,PRJNA531553,28.1,,,False,,,False
SAMN11370692,1,40371238151,ILLUMINA,WGS,PRJNA531553,17.6,,,False,,,False
SAMN11370693,1,39192088948,ILLUMINA,WGS,PRJNA531553,17.0,,,False,,,False
SAMN11370694,1,36622387788,ILLUMINA,WGS,PRJNA531553,15.9,,,False,,,False
SAMN11370695,1,38713757767,ILLUMINA,WGS,PRJNA531553,16.8,PI 698956,27.0,True,Maize.Group.Ames.Panel.2010,H21,True
SAMN11370696,1,39879037128,ILLUMINA,WGS,PRJNA531553,17.3,,,False,,,False
SAMN11370697,1,43608253540,ILLUMINA,WGS,PRJNA531553,19.0,,,False,,,False
SAMN11370698,1,40063920740,ILLUMINA,WGS,PRJNA531553,17.4,,,False,,,False
SAMN11370699,1,46472543321,ILLUMINA,WGS,PRJNA531553,20.2,,,False,,,False
SAMN11370700,1,48535205365,ILLUMINA,WGS,PRJNA531553,21.1,,,False,,,False
SAMN11370701,1,41891815319,ILLUMINA,WGS,PRJNA531553,18.2,,,False,,,False
SAMN11370702,1,46520934486,ILLUMINA,WGS,PRJNA531553,20.2,,,False,,,False
SAMN11370703,1,40503410760,ILLUMINA,WGS,PRJNA531553,17.6,,,False,,,False
SAMN11370704,1,40437034757,ILLUMINA,WGS,PRJNA531553,17.6,,,False,,,False
SAMN11370705,1,45414366143,ILLUMINA,WGS,PRJNA531553,19.7,,,False,,,False
SAMN11370706,1,45792258048,ILLUMINA,WGS,PRJNA531553,19.9,,,False,,,False
SAMN11370707,1,41724462780,ILLUMINA,WGS,PRJNA531553,18.1,,,False,,,False
SAMN11370708,1,38867235369,ILLUMINA,WGS,PRJNA531553,16.9,,,False,,,False
SAMN11370709,1,39711726826,ILLUMINA,WGS,PRJNA531553,17.3,,,False,,,False
SAMN11370710,1,39532657109,ILLUMINA,WGS,PRJNA531553,17.2,,,False,,,False
SAMN11370711,1,36275872705,ILLUMINA,WGS,PRJNA531553,15.8,,,False,,,False
SAMN11370712,1,40581379679,ILLUMINA,WGS,PRJNA531553,17.6,,,False,,,False
SAMN11370714,1,41886689742,ILLUMINA,WGS,PRJNA531553,18.2,,,False,,,False
SAMN11370715,1,34567980939,ILLUMINA,WGS,PRJNA531553,15.0,,,False,,,False
SAMN11370716,1,47494721669,ILLUMINA,WGS,PRJNA531553,20.6,PI 452256,3.0,False,,Zi 330,True
SAMN11370717,1,47549092620,ILLUMINA,WGS,PRJNA531553,20.7,,,False,,,False
SAMN11370718,1,50228348695,ILLUMINA,WGS,PRJNA531553,21.8,,,False,,,False
SAMN11370719,1,37129083501,ILLUMINA,WGS,PRJNA531553,16.1,,,False,,,False
SAMN11370720,1,46630596891,ILLUMINA,WGS,PRJNA531553,20.3,,,False,,,False
SAMN11370721,1,50503133771,ILLUMINA,WGS,PRJNA531553,22.0,,,False,,,False
SAMN11370722,1,50631631463,ILLUMINA,WGS,PRJNA531553,22.0,,,False,,,False
SAMN11370723,1,39153137483,ILLUMINA,WGS,PRJNA531553,17.0,,,False,,,False
SAMN11370724,1,41229215941,ILLUMINA,WGS,PRJNA531553,17.9,,,False,,,False
SAMN11370725,1,48890802903,ILLUMINA,WGS,PRJNA531553,21.3,,,False,,,False
SAMN11370726,1,45650632713,ILLUMINA,WGS,PRJNA531553,19.8,,,False,,,False
SAMN11370727,1,67121271206,ILLUMINA,WGS,PRJNA531553,29.2,,,False,,,False
SAMN11370729,1,49282010311,ILLUMINA,WGS,PRJNA531553,21.4,,,False,,,False
SAMN11370730,1,63288426262,ILLUMINA,WGS,PRJNA531553,27.5,PI 558532,46.0,True,Maize.Set.Inbred.Diversity.282.Plus.NAM.Parents,Mo17,True
SAMN11370731,1,44325085309,ILLUMINA,WGS,PRJNA531553,19.3,,,False,,,False
SAMN11370732,1,46135247323,ILLUMINA,WGS,PRJNA531553,20.1,,,False,,,False
SAMN11370733,1,39635142842,ILLUMINA,WGS,PRJNA531553,17.2,,,False,,,False
SAMN11370734,1,43333067849,ILLUMINA,WGS,PRJNA531553,18.8,,,False,,,False
SAMN11370735,1,42081421949,ILLUMINA,WGS,PRJNA531553,18.3,,,False,,,False
SAMN11381338,1,35049739178,ILLUMINA,WGS,PRJNA531751,15.2,,,False,,,False
SAMN11553477,1,22610351200,ILLUMINA,WGS,PRJNA540700,9.8,PI 587139,40.0,True,Maize.Set.Inbred.Diversity.282.Plus.NAM.Parents,A619,True
SAMN11553478,1,32887884800,ILLUMINA,WGS,PRJNA540700,14.3,PI 587139,40.0,True,Maize.Set.Inbred.Diversity.282.Plus.NAM.Parents,A619,True
SAMN11665429,3,571288168144,ILLUMINA;PACBIO_SMRT,OTHER;WGS,PRJNA543394,248.4,PI 693339,30.0,False,Maize.Set.Inbred.Diversity.282.Plus.NAM.Parents,A188,True
SAMN12256971,1,23865992400,ILLUMINA,WGS,PRJNA554154,10.4,NSL 30053,33.0,True,Maize.Group.Ames.Panel.2010,W22,True
SAMN12263315,1,46454714872,ILLUMINA,WGS,PRJNA554340,20.2,NSL 30053,33.0,True,Maize.Group.Ames.Panel.2010,W22,True
SAMN12362187,1,71690715750,ILLUMINA,WGS,PRJNA556665,31.2,PI 550443,30.0,False,Maize.Group.Ames.Panel.2010,B49,True
SAMN12542221,1,21435335947,ILLUMINA,OTHER,PRJNA556850,9.3,,,False,,,False
SAMN12542222,1,15485850181,ILLUMINA,OTHER,PRJNA556850,6.7,,,False,,,False
SAMN12770293,1,12662514200,ILLUMINA,WGS,PRJNA565870,5.5,PI 550473,48.0,True,Maize.Set.Inbred.Diversity.282.Plus.NAM.Parents,B73,True
SAMN12770294,1,62747180000,ILLUMINA,WGS,PRJNA565870,27.3,,,False,,,False
SAMN12770393,1,65292392800,ILLUMINA,WGS,PRJNA565870,28.4,,,False,,,False
SAMN12770394,1,19110748600,ILLUMINA,WGS,PRJNA565870,8.3,,,False,,,False
SAMN12770461,1,39799883400,ILLUMINA,WGS,PRJNA565870,17.3,,,False,,,False
SAMN12770592,1,61856068000,ILLUMINA,WGS,PRJNA565870,26.9,,,False,,,False
SAMN12770690,1,61230648800,ILLUMINA,WGS,PRJNA565870,26.6,,,False,,,False
SAMN12770796,1,14199470000,ILLUMINA,WGS,PRJNA565870,6.2,,,False,,,False
SAMN12770853,1,13225946800,ILLUMINA,WGS,PRJNA565870,5.8,,,False,,,False
SAMN12770864,1,12434628400,ILLUMINA,WGS,PRJNA565870,5.4,,,False,,,False
SAMN12770998,1,11904771626,ILLUMINA,WGS,PRJNA565870,5.2,PI 692199,27.0,False,Maize.Iowa.Stiff.Stalk.Inbreds,Ill. 12E,True
SAMN12771067,1,31375322200,ILLUMINA,WGS,PRJNA565870,13.6,PI 558532,46.0,True,Maize.Set.Inbred.Diversity.282.Plus.NAM.Parents,Mo17,True
SAMN13053292,1,193320364192,ILLUMINA,WGS,PRJNA578235,84.1,,,False,,,False
SAMN13053293,1,180000961451,ILLUMINA,WGS,PRJNA578235,78.3,,,False,,,False
SAMN13065498,93,299780459299,PACBIO_SMRT,WGS,PRJNA539996,130.3,,,False,,,False
SAMN13065500,1,215438499000,ILLUMINA,WGS,PRJNA539996,93.7,,,False,,,False
SAMN13219541,1,162002216700,ILLUMINA,WGS,PRJNA587806,70.4,,,False,,,False
SAMN13219542,1,170895139200,ILLUMINA,WGS,PRJNA587806,74.3,,,False,,,False
SAMN13475010,1,34818907666,ILLUMINA,WGS,PRJNA593329,15.1,,,False,,,False
SAMN13475011,1,49891773416,ILLUMINA,WGS,PRJNA593329,21.7,,,False,,,False
SAMN13475012,1,176844684608,ILLUMINA,WGS,PRJNA593329,76.9,,,False,,,False
SAMN13680454,2,28597648000,ILLUMINA,WGS,PRJNA597703,12.4,,,False,,,False
SAMN13680455,2,41327859750,ILLUMINA,WGS,PRJNA597703,18.0,,,False,,,False
SAMN13680456,2,39830337500,ILLUMINA,WGS,PRJNA597703,17.3,,,False,,,False
SAMN13680457,2,35295420500,ILLUMINA,WGS,PRJNA597703,15.3,,,False,,,False
SAMN13680458,2,39855481000,ILLUMINA,WGS,PRJNA597703,17.3,,,False,,,False
SAMN13680459,2,42571342000,ILLUMINA,WGS,PRJNA597703,18.5,,,False,,,False
SAMN13680460,2,42360612250,ILLUMINA,WGS,PRJNA597703,18.4,,,False,,,False
SAMN13680461,2,40316272000,ILLUMINA,WGS,PRJNA597703,17.5,,,False,,,False
SAMN13680462,2,36827772750,ILLUMINA,WGS,PRJNA597703,16.0,,,False,,,False
SAMN13680463,2,35057394500,ILLUMINA,WGS,PRJNA597703,15.2,PI 452256,3.0,False,,Zi 330,True
SAMN13680464,2,39086785000,ILLUMINA,WGS,PRJNA597703,17.0,,,False,,,False
SAMN13680465,2,43291261500,ILLUMINA,WGS,PRJNA597703,18.8,,,False,,,False
SAMN13680466,2,32201951500,ILLUMINA,WGS,PRJNA597703,14.0,,,False,,,False
SAMN13680467,2,44636692000,ILLUMINA,WGS,PRJNA597703,19.4,,,False,,,False
SAMN13680468,2,37524978000,ILLUMINA,WGS,PRJNA597703,16.3,,,False,,,False
SAMN13680469,2,42650334750,ILLUMINA,WGS,PRJNA597703,18.5,PI 698956,27.0,True,Maize.Group.Ames.Panel.2010,H21,True
SAMN13680470,2,41094748750,ILLUMINA,WGS,PRJNA597703,17.9,,,False,,,False
SAMN13680471,2,38582957500,ILLUMINA,WGS,PRJNA597703,16.8,,,False,,,False
SAMN13680472,2,36708104000,ILLUMINA,WGS,PRJNA597703,16.0,,,False,,,False
SAMN13680473,2,39791956000,ILLUMINA,WGS,PRJNA597703,17.3,,,False,,,False
SAMN13680474,2,32891456000,ILLUMINA,WGS,PRJNA597703,14.3,,,False,,,False
SAMN13680475,2,39575691500,ILLUMINA,WGS,PRJNA597703,17.2,Ames 34543,,False,,,True
SAMN13680476,2,42011195000,ILLUMINA,WGS,PRJNA597703,18.3,,,False,,,False
SAMN13680477,2,40198270250,ILLUMINA,WGS,PRJNA597703,17.5,,,False,,,False
SAMN13683718,3,71851372124,ILLUMINA,OTHER,PRJNA597789,31.2,,,False,,,False
SAMN13705195,8,258082571900,ILLUMINA;OXFORD_NANOPORE,WGS,PRJNA598426,112.2,,,False,,,False
SAMN13885596,1,71003798028,ILLUMINA,WGA,PRJNA602200,30.9,,,False,,,False
SAMN13885597,1,62571456708,ILLUMINA,WGS,PRJNA602200,27.2,,,False,,,False
SAMN13885598,1,52475952464,ILLUMINA,WGS,PRJNA602200,22.8,,,False,,,False
SAMN13885599,1,55922260496,ILLUMINA,WGS,PRJNA602200,24.3,,,False,,,False
SAMN13921536,1,56547258518,ILLUMINA,OTHER,PRJNA492464,24.6,,,False,,,False
SAMN13921537,1,49430910255,ILLUMINA,OTHER,PRJNA492464,21.5,,,False,,,False
SAMN14114078,1,15905270618,ILLUMINA,WGS,PRJNA606801,6.9,,,False,,,False
SAMN14114079,1,12020998864,ILLUMINA,WGS,PRJNA606801,5.2,,,False,,,False
SAMN14114080,1,12122656594,ILLUMINA,WGS,PRJNA606801,5.3,,,False,,,False
SAMN14114081,1,15549556898,ILLUMINA,WGS,PRJNA606801,6.8,,,False,,,False
SAMN14114086,1,16202668440,ILLUMINA,WGS,PRJNA606801,7.0,,,False,,,False
SAMN14114093,1,14288901990,ILLUMINA,WGS,PRJNA606801,6.2,,,False,,,False
SAMN14114096,1,14722577010,ILLUMINA,WGS,PRJNA606801,6.4,,,False,,,False
SAMN14114101,1,11754750832,ILLUMINA,WGS,PRJNA606801,5.1,,,False,,,False
SAMN14114107,1,12824070922,ILLUMINA,WGS,PRJNA606801,5.6,,,False,,,False
SAMN14114116,1,11752656160,ILLUMINA,WGS,PRJNA606801,5.1,,,False,,,False
SAMN14114130,1,13647707670,ILLUMINA,WGS,PRJNA606801,5.9,,,False,,,False
SAMN14114136,1,13080606634,ILLUMINA,WGS,PRJNA606801,5.7,,,False,,,False
SAMN14114139,1,13382613882,ILLUMINA,WGS,PRJNA606801,5.8,,,False,,,False
SAMN14114142,1,15937347850,ILLUMINA,WGS,PRJNA606801,6.9,,,False,,,False
SAMN14114144,1,15629158964,ILLUMINA,WGS,PRJNA606801,6.8,,,False,,,False
SAMN14114145,1,11965835242,ILLUMINA,WGS,PRJNA606801,5.2,,,False,,,False
SAMN14114146,1,12450152944,ILLUMINA,WGS,PRJNA606801,5.4,,,False,,,False
SAMN14114153,1,12246954660,ILLUMINA,WGS,PRJNA606801,5.3,,,False,,,False
SAMN14114157,1,13447907188,ILLUMINA,WGS,PRJNA606801,5.8,,,False,,,False
SAMN14114159,1,15647582776,ILLUMINA,WGS,PRJNA606801,6.8,,,False,,,False
SAMN14114162,1,13773270814,ILLUMINA,WGS,PRJNA606801,6.0,,,False,,,False
SAMN14114167,1,12739535384,ILLUMINA,WGS,PRJNA606801,5.5,,,False,,,False
SAMN14114171,1,16317761546,ILLUMINA,WGS,PRJNA606801,7.1,,,False,,,False
SAMN14114183,1,12388269520,ILLUMINA,WGS,PRJNA606801,5.4,,,False,,,False
SAMN14114188,1,12332568942,ILLUMINA,WGS,PRJNA606801,5.4,,,False,,,False
SAMN14114189,1,13442055636,ILLUMINA,WGS,PRJNA606801,5.8,,,False,,,False
SAMN14114192,1,16418242986,ILLUMINA,WGS,PRJNA606801,7.1,,,False,,,False
SAMN14114193,1,13823142490,ILLUMINA,WGS,PRJNA606801,6.0,,,False,,,False
SAMN14114199,1,16829591146,ILLUMINA,WGS,PRJNA606801,7.3,,,False,,,False
SAMN14114230,1,13016464552,ILLUMINA,WGS,PRJNA606801,5.7,,,False,,,False
SAMN14114231,1,13182683540,ILLUMINA,WGS,PRJNA606801,5.7,,,False,,,False
SAMN14114232,1,12116201646,ILLUMINA,WGS,PRJNA606801,5.3,,,False,,,False
SAMN14114234,1,13329886796,ILLUMINA,WGS,PRJNA606801,5.8,,,False,,,False
SAMN14114240,1,12337877800,ILLUMINA,WGS,PRJNA606801,5.4,,,False,,,False
SAMN14114244,1,13600476078,ILLUMINA,WGS,PRJNA606801,5.9,,,False,,,False
SAMN14114249,1,12921937646,ILLUMINA,WGS,PRJNA606801,5.6,,,False,,,False
SAMN14114256,1,13284622432,ILLUMINA,WGS,PRJNA606801,5.8,,,False,,,False
SAMN14143799,1,72348261600,ILLUMINA,OTHER,PRJNA607675,31.5,,,False,,,False
SAMN14143800,1,93003267800,ILLUMINA,OTHER,PRJNA607675,40.4,,,False,,,False
SAMN14143801,1,74021848400,ILLUMINA,OTHER,PRJNA607675,32.2,,,False,,,False
SAMN14143802,1,77866833000,ILLUMINA,OTHER,PRJNA607675,33.9,,,False,,,False
SAMN14143803,1,89052794000,ILLUMINA,OTHER,PRJNA607675,38.7,,,False,,,False
SAMN14143804,1,24424395000,ILLUMINA,OTHER,PRJNA607675,10.6,,,False,,,False
SAMN14143805,1,24384654800,ILLUMINA,OTHER,PRJNA607675,10.6,,,False,,,False
SAMN14143806,1,24435067800,ILLUMINA,OTHER,PRJNA607675,10.6,,,False,,,False
SAMN14143807,1,21187636800,ILLUMINA,OTHER,PRJNA607675,9.2,,,False,,,False
SAMN14143808,1,20372227800,ILLUMINA,OTHER,PRJNA607675,8.9,,,False,,,False
SAMN14143809,1,24363949600,ILLUMINA,OTHER,PRJNA607675,10.6,,,False,,,False
SAMN14143824,1,24506156000,ILLUMINA,OTHER,PRJNA607675,10.7,,,False,,,False
SAMN14143825,1,24437532800,ILLUMINA,OTHER,PRJNA607675,10.6,,,False,,,False
SAMN14143826,1,90833570600,ILLUMINA,OTHER,PRJNA607675,39.5,,,False,,,False
SAMN14143827,1,76141250400,ILLUMINA,OTHER,PRJNA607675,33.1,,,False,,,False
SAMN14143828,1,82195315600,ILLUMINA,OTHER,PRJNA607675,35.7,,,False,,,False
SAMN14143829,1,91838358200,ILLUMINA,OTHER,PRJNA607675,39.9,,,False,,,False
SAMN14143830,1,73057355000,ILLUMINA,OTHER,PRJNA607675,31.8,,,False,,,False
SAMN14143831,1,72768021600,ILLUMINA,OTHER,PRJNA607675,31.6,,,False,,,False
SAMN14143832,1,76801770000,ILLUMINA,OTHER,PRJNA607675,33.4,,,False,,,False
SAMN14143833,1,86203314400,ILLUMINA,OTHER,PRJNA607675,37.5,,,False,,,False
SAMN14143834,1,87015180400,ILLUMINA,OTHER,PRJNA607675,37.8,,,False,,,False
SAMN14143835,1,86262633000,ILLUMINA,OTHER,PRJNA607675,37.5,,,False,,,False
SAMN14143836,1,73612956600,ILLUMINA,OTHER,PRJNA607675,32.0,,,False,,,False
SAMN14143837,1,95082913800,ILLUMINA,OTHER,PRJNA607675,41.3,,,False,,,False
SAMN14143838,1,81244831200,ILLUMINA,OTHER,PRJNA607675,35.3,,,False,,,False
SAMN14143839,1,76660939000,ILLUMINA,OTHER,PRJNA607675,33.3,,,False,,,False
SAMN14143840,1,76070394400,ILLUMINA,OTHER,PRJNA607675,33.1,,,False,,,False
SAMN14143843,1,24471700800,ILLUMINA,OTHER,PRJNA607675,10.6,,,False,,,False
SAMN14143844,1,24327849800,ILLUMINA,OTHER,PRJNA607675,10.6,,,False,,,False
SAMN14143845,1,24234599600,ILLUMINA,OTHER,PRJNA607675,10.5,,,False,,,False
SAMN14143846,1,24571255000,ILLUMINA,OTHER,PRJNA607675,10.7,,,False,,,False
SAMN14143847,1,24385674400,ILLUMINA,OTHER,PRJNA607675,10.6,,,False,,,False
SAMN14143848,1,24436174800,ILLUMINA,OTHER,PRJNA607675,10.6,,,False,,,False
SAMN14143849,1,24500908000,ILLUMINA,OTHER,PRJNA607675,10.7,,,False,,,False
SAMN14143850,1,24422539400,ILLUMINA,OTHER,PRJNA607675,10.6,,,False,,,False
SAMN14143851,1,24453990000,ILLUMINA,OTHER,PRJNA607675,10.6,,,False,,,False
SAMN14255504,1,29516402700,ILLUMINA,WGS,PRJNA609577,12.8,PI 587127,25.0,True,Maize.Set.Inbred.Diversity.282.Plus.NAM.Parents,H105W,True
SAMN14255505,1,27772420200,ILLUMINA,WGS,PRJNA609577,12.1,PI 537097,29.0,True,Maize.Group.PVP,LH195,True
SAMN14255506,1,29054737200,ILLUMINA,WGS,PRJNA609577,12.6,PI 537099,30.0,True,Maize.Group.PVP,LH205,True
SAMN14255507,1,29859807900,ILLUMINA,WGS,PRJNA609577,13.0,PI 539921,30.0,True,Maize.Group.PVP,LH162,True
SAMN14255511,1,26806247100,ILLUMINA,WGS,PRJNA609577,11.7,PI 539930,29.0,False,Maize.Group.PVP,RS 710,True
SAMN14255512,1,27442694100,ILLUMINA,WGS,PRJNA609577,11.9,PI 539927,29.0,True,Maize.Group.PVP,LH193,True
SAMN14255513,1,13692925200,ILLUMINA,WGS,PRJNA609577,6.0,PI 546482,29.0,True,Maize.Group.PVP,FBLA,True
SAMN14255514,1,13596008700,ILLUMINA,WGS,PRJNA609577,5.9,PI 546482,29.0,True,Maize.Group.PVP,FBLA,True
SAMN14255515,1,13928937000,ILLUMINA,WGS,PRJNA609577,6.1,PI 546483,29.0,True,Maize.Group.PVP,6F629,True
SAMN14255516,1,13895391900,ILLUMINA,WGS,PRJNA609577,6.0,PI 546483,29.0,True,Maize.Group.PVP,6F629,True
SAMN14255517,1,27041460300,ILLUMINA,WGS,PRJNA609577,11.8,PI 554616,29.0,True,Maize.Group.PVP,3IBZ2,True
SAMN14255518,1,27138233400,ILLUMINA,WGS,PRJNA609577,11.8,PI 559935,29.0,True,Maize.Group.PVP,PHBA6,True
SAMN14255519,1,25143425700,ILLUMINA,WGS,PRJNA609577,10.9,PI 559946,29.0,True,Maize.Group.PVP,PHR30,True
SAMN14255520,1,26458159200,ILLUMINA,WGS,PRJNA609577,11.5,PI 559954,29.0,True,Maize.Group.PVP,PHWG5,True
SAMN14255521,1,26632425300,ILLUMINA,WGS,PRJNA609577,11.6,,,False,,,False
SAMN14255522,1,24985608300,ILLUMINA,WGS,PRJNA609577,10.9,,,False,,,False
SAMN14255523,1,27491261700,ILLUMINA,WGS,PRJNA609577,12.0,,,False,,,False
SAMN14255524,1,25253930100,ILLUMINA,WGS,PRJNA609577,11.0,,,False,,,False
SAMN14255525,1,24141604800,ILLUMINA,WGS,PRJNA609577,10.5,,,False,,,False
SAMN14255526,1,23112779700,ILLUMINA,WGS,PRJNA609577,10.0,,,False,,,False
SAMN14255527,1,26674568400,ILLUMINA,WGS,PRJNA609577,11.6,,,False,,,False
SAMN14255528,1,24374333700,ILLUMINA,WGS,PRJNA609577,10.6,,,False,,,False
SAMN14255529,1,24824446200,ILLUMINA,WGS,PRJNA609577,10.8,,,False,,,False
SAMN14255530,1,25813897800,ILLUMINA,WGS,PRJNA609577,11.2,,,False,,,False
SAMN14255531,1,22505329800,ILLUMINA,WGS,PRJNA609577,9.8,,,False,,,False
SAMN14255533,1,24361881600,ILLUMINA,WGS,PRJNA609577,10.6,,,False,,,False
SAMN14255534,1,24158165700,ILLUMINA,WGS,PRJNA609577,10.5,,,False,,,False
SAMN14255535,1,25063848000,ILLUMINA,WGS,PRJNA609577,10.9,,,False,,,False
SAMN14255536,1,24208138800,ILLUMINA,WGS,PRJNA609577,10.5,,,False,,,False
SAMN14255537,1,22940095800,ILLUMINA,WGS,PRJNA609577,10.0,PI 405707,21.0,False,Maize.Group.Ames.Panel.2010,HUA 94 INBRED,True
SAMN14255538,1,25898416800,ILLUMINA,WGS,PRJNA609577,11.3,,,False,,,False
SAMN14255539,1,24913488000,ILLUMINA,WGS,PRJNA609577,10.8,,,False,,,False
SAMN14255540,1,26168081700,ILLUMINA,WGS,PRJNA609577,11.4,,,False,,,False
SAMN14255541,1,23502964800,ILLUMINA,WGS,PRJNA609577,10.2,,,False,,,False
SAMN14255542,1,24518665500,ILLUMINA,WGS,PRJNA609577,10.7,,,False,,,False
SAMN14255543,1,26618930100,ILLUMINA,WGS,PRJNA609577,11.6,,,False,,,False
SAMN14255544,1,24659955000,ILLUMINA,WGS,PRJNA609577,10.7,,,False,,,False
SAMN14255545,1,24321432000,ILLUMINA,WGS,PRJNA609577,10.6,,,False,,,False
SAMN14255546,1,25692315300,ILLUMINA,WGS,PRJNA609577,11.2,,,False,,,False
SAMN14255547,1,23361385200,ILLUMINA,WGS,PRJNA609577,10.2,,,False,,,False
SAMN14255548,1,24616318800,ILLUMINA,WGS,PRJNA609577,10.7,,,False,,,False
SAMN14255549,1,25582853700,ILLUMINA,WGS,PRJNA609577,11.1,,,False,,,False
SAMN14255550,1,24313086600,ILLUMINA,WGS,PRJNA609577,10.6,,,False,,,False
SAMN14255551,1,23901173700,ILLUMINA,WGS,PRJNA609577,10.4,,,False,,,False
SAMN14255552,1,22915993200,ILLUMINA,WGS,PRJNA609577,10.0,PI 442884,,False,,,True
SAMN14255553,1,24912906300,ILLUMINA,WGS,PRJNA609577,10.8,,,False,,,False
SAMN14255554,1,25579508100,ILLUMINA,WGS,PRJNA609577,11.1,NSL 65866,24.0,True,Maize.Group.Ames.Panel.2010,B14,True
SAMN14255555,1,24061956900,ILLUMINA,WGS,PRJNA609577,10.5,PI 693327,32.0,True,Maize.Set.Inbred.Diversity.282.Plus.NAM.Parents,C103,True
SAMN14255556,1,26508304500,ILLUMINA,WGS,PRJNA609577,11.5,,,False,,,False
SAMN14255557,1,24687139500,ILLUMINA,WGS,PRJNA609577,10.7,,,False,,,False
SAMN14255558,1,23473611300,ILLUMINA,WGS,PRJNA609577,10.2,,,False,,,False
SAMN14255559,1,23408522100,ILLUMINA,WGS,PRJNA609577,10.2,PI 601498,30.0,True,Maize.Group.PVP,PHT55,True
SAMN14255560,1,23145838500,ILLUMINA,WGS,PRJNA609577,10.1,PI 546484,29.0,True,Maize.Group.PVP,6M502A,True
SAMN14255561,1,25434428100,ILLUMINA,WGS,PRJNA609577,11.1,PI 547090,29.0,True,Maize.Group.PVP,LH213,True
SAMN14255562,1,22304386200,ILLUMINA,WGS,PRJNA609577,9.7,PI 559950,30.0,True,Maize.Group.PVP,PHT73,True
SAMN14255563,1,22312023300,ILLUMINA,WGS,PRJNA609577,9.7,,,False,,,False
SAMN14255564,1,22760722800,ILLUMINA,WGS,PRJNA609577,9.9,PI 600981,35.0,True,Maize.Group.PVP,PHG39,True
SAMN14255565,1,24556609800,ILLUMINA,WGS,PRJNA609577,10.7,,,False,,,False
SAMN14255566,1,21946201500,ILLUMINA,WGS,PRJNA609577,9.5,,,False,,,False
SAMN14255567,1,23025792600,ILLUMINA,WGS,PRJNA609577,10.0,,,False,,,False
SAMN14255568,1,24518468400,ILLUMINA,WGS,PRJNA609577,10.7,PI 564683,23.0,True,Maize.Group.Ames.Panel.2010,B98,True
SAMN14255569,1,23923233900,ILLUMINA,WGS,PRJNA609577,10.4,,,False,,,False
SAMN14255570,1,22782014400,ILLUMINA,WGS,PRJNA609577,9.9,,,False,,,False
SAMN14255571,1,28028298300,ILLUMINA,WGS,PRJNA609577,12.2,PI 693402,28.0,True,Maize.Set.Inbred.Diversity.282.Plus.NAM.Parents,A659,True
SAMN14255572,1,28518165900,ILLUMINA,WGS,PRJNA609577,12.4,,,False,,,False
SAMN14255573,1,29196634200,ILLUMINA,WGS,PRJNA609577,12.7,,,False,,,False
SAMN14255574,1,26812793400,ILLUMINA,WGS,PRJNA609577,11.7,,,False,,,False
SAMN14255575,1,28025736900,ILLUMINA,WGS,PRJNA609577,12.2,,,False,,,False
SAMN14255576,1,27588964500,ILLUMINA,WGS,PRJNA609577,12.0,PI 550467,38.0,True,Maize.Set.Inbred.Diversity.282.Plus.NAM.Parents,B37,True
SAMN14255577,1,28152448500,ILLUMINA,WGS,PRJNA609577,12.2,,,False,,,False
SAMN14255578,1,26834086200,ILLUMINA,WGS,PRJNA609577,11.7,,,False,,,False
SAMN14255579,1,26885614200,ILLUMINA,WGS,PRJNA609577,11.7,,,False,,,False
SAMN14255580,1,29936428200,ILLUMINA,WGS,PRJNA609577,13.0,,,False,,,False
SAMN14255581,1,28189407300,ILLUMINA,WGS,PRJNA609577,12.3,,,False,,,False
SAMN14255582,1,28446995100,ILLUMINA,WGS,PRJNA609577,12.4,,,False,,,False
SAMN14255583,1,27163037400,ILLUMINA,WGS,PRJNA609577,11.8,,,False,,,False
SAMN14255584,1,28610083800,ILLUMINA,WGS,PRJNA609577,12.4,,,False,,,False
SAMN14255585,1,28207823400,ILLUMINA,WGS,PRJNA609577,12.3,,,False,,,False
SAMN14255586,1,30047908200,ILLUMINA,WGS,PRJNA609577,13.1,,,False,,,False
SAMN14255587,1,29031733800,ILLUMINA,WGS,PRJNA609577,12.6,,,False,,,False
SAMN14255588,1,29575254300,ILLUMINA,WGS,PRJNA609577,12.9,PI 539924,19.0,True,Maize.Group.PVP,LH202,True
SAMN14255589,1,25845843600,ILLUMINA,WGS,PRJNA609577,11.2,PI 539926,29.0,True,Maize.Group.PVP,LH192,True
SAMN14255590,1,26592861300,ILLUMINA,WGS,PRJNA609577,11.6,PI 543849,19.0,True,Maize.Group.PVP,PHW51,True
SAMN14255591,1,29504237700,ILLUMINA,WGS,PRJNA609577,12.8,PI 548804,29.0,True,Maize.Group.PVP,PHR55,True
SAMN14255592,1,27562559100,ILLUMINA,WGS,PRJNA609577,12.0,,,False,,,False
SAMN14255593,1,27259618500,ILLUMINA,WGS,PRJNA609577,11.9,,,False,,,False
SAMN14255594,1,28253862300,ILLUMINA,WGS,PRJNA609577,12.3,PI 559382,29.0,False,Maize.Group.PVP,ICI 740,True
SAMN14255595,1,27934960800,ILLUMINA,WGS,PRJNA609577,12.1,PI 559917,29.0,True,Maize.Group.PVP,MQ305,True
SAMN14255596,1,28505291400,ILLUMINA,WGS,PRJNA609577,12.4,PI 559919,29.0,True,Maize.Group.PVP,OQ101,True
SAMN14255597,1,28007136900,ILLUMINA,WGS,PRJNA609577,12.2,PI 559938,29.0,True,Maize.Group.PVP,PHGG7,True
SAMN14255598,1,28471557300,ILLUMINA,WGS,PRJNA609577,12.4,,,False,,,False
SAMN14255599,1,28380627600,ILLUMINA,WGS,PRJNA609577,12.3,,,False,,,False
SAMN14255600,1,29387443800,ILLUMINA,WGS,PRJNA609577,12.8,,,False,,,False
SAMN14255601,1,28860153300,ILLUMINA,WGS,PRJNA609577,12.5,,,False,,,False
SAMN14255602,1,27973630500,ILLUMINA,WGS,PRJNA609577,12.2,PI 601005,35.0,True,Maize.Group.PVP,PH207,True
SAMN14255603,1,25231002600,ILLUMINA,WGS,PRJNA609577,11.0,,,False,,,False
SAMN14255604,1,29125383900,ILLUMINA,WGS,PRJNA609577,12.7,,,False,,,False
SAMN14255605,1,30626972700,ILLUMINA,WGS,PRJNA609577,13.3,,,False,,,False
SAMN14255606,1,26001498600,ILLUMINA,WGS,PRJNA609577,11.3,,,False,,,False
SAMN14255607,1,26522100000,ILLUMINA,WGS,PRJNA609577,11.5,,,False,,,False
SAMN14255614,1,15842897100,ILLUMINA,WGS,PRJNA609577,6.9,PI 538009,19.0,True,Maize.Group.PVP,LH196,True
SAMN14255615,1,15949681200,ILLUMINA,WGS,PRJNA609577,6.9,PI 538009,19.0,True,Maize.Group.PVP,LH196,True
SAMN14255616,1,15736464900,ILLUMINA,WGS,PRJNA609577,6.8,PI 552815,28.0,True,Maize.Group.PVP,LH215,True
SAMN14255617,1,15763196400,ILLUMINA,WGS,PRJNA609577,6.9,PI 552815,28.0,True,Maize.Group.PVP,LH215,True
SAMN14255618,1,16788947400,ILLUMINA,WGS,PRJNA609577,7.3,PI 583774,30.0,True,Maize.Group.PVP,ML606,True
SAMN14255619,1,16844007900,ILLUMINA,WGS,PRJNA609577,7.3,PI 583774,30.0,True,Maize.Group.PVP,ML606,True
SAMN14255620,1,27209215200,ILLUMINA,WGS,PRJNA609577,11.8,PI 587144,29.0,True,Maize.Set.Inbred.Diversity.282.Plus.NAM.Parents,Mo24W,True
SAMN14255621,1,27527219100,ILLUMINA,WGS,PRJNA609577,12.0,,,False,,,False
SAMN14255622,1,29542762800,ILLUMINA,WGS,PRJNA609577,12.8,PI 601008,35.0,True,Maize.Group.PVP,PHG35,True
SAMN14255623,1,28896514800,ILLUMINA,WGS,PRJNA609577,12.6,,,False,,,False
SAMN14255624,1,27583676400,ILLUMINA,WGS,PRJNA609577,12.0,PI 601026,35.0,True,Maize.Group.PVP,F42,True
SAMN14255625,1,27842673000,ILLUMINA,WGS,PRJNA609577,12.1,,,False,,,False
SAMN14255626,1,29912509500,ILLUMINA,WGS,PRJNA609577,13.0,,,False,,,False
SAMN14255627,1,29100931200,ILLUMINA,WGS,PRJNA609577,12.7,,,False,,,False
SAMN14255628,1,29045197200,ILLUMINA,WGS,PRJNA609577,12.6,,,False,,,False
SAMN14255629,1,29251772700,ILLUMINA,WGS,PRJNA609577,12.7,,,False,,,False
SAMN14255630,1,30659134500,ILLUMINA,WGS,PRJNA609577,13.3,,,False,,,False
SAMN14255631,1,31345969500,ILLUMINA,WGS,PRJNA609577,13.6,,,False,,,False
SAMN14255632,1,27415761600,ILLUMINA,WGS,PRJNA609577,11.9,PI 693398,20.0,True,Maize.Set.Inbred.Diversity.282.Plus.NAM.Parents,M14,True
SAMN14255633,1,29556216600,ILLUMINA,WGS,PRJNA609577,12.9,PI 601784,31.0,True,Maize.Group.PVP,PHP55,True
SAMN14255634,1,26990098500,ILLUMINA,WGS,PRJNA609577,11.7,PI 601792,31.0,True,Maize.Group.PVP,PHW43,True
SAMN14255635,1,28483748700,ILLUMINA,WGS,PRJNA609577,12.4,PI 601808,20.0,True,Maize.Group.PVP,2FACC,True
SAMN14255636,1,27514296600,ILLUMINA,WGS,PRJNA609577,12.0,PI 538007,30.0,True,Maize.Group.PVP,LH127,True
SAMN14255637,1,30745170900,ILLUMINA,WGS,PRJNA609577,13.4,PI 538008,29.0,True,Maize.Group.PVP,LH163,True
SAMN14255638,1,30288321000,ILLUMINA,WGS,PRJNA609577,13.2,PI 538010,29.0,True,Maize.Group.PVP,LH206,True
SAMN14255639,1,27770847900,ILLUMINA,WGS,PRJNA609577,12.1,PI 548801,18.0,True,Maize.Group.PVP,PHM81,True
SAMN14255659,1,13919340750,ILLUMINA,WGS,PRJNA609577,6.1,,,False,,,False
SAMN14255660,1,14813381700,ILLUMINA,WGS,PRJNA609577,6.4,,,False,,,False
SAMN14255661,1,16108598400,ILLUMINA,WGS,PRJNA609577,7.0,,,False,,,False
SAMN14255662,1,15937998600,ILLUMINA,WGS,PRJNA609577,6.9,,,False,,,False
SAMN14255663,1,15777389700,ILLUMINA,WGS,PRJNA609577,6.9,,,False,,,False
SAMN14255664,1,15275006400,ILLUMINA,WGS,PRJNA609577,6.6,,,False,,,False
SAMN14255665,1,14923292400,ILLUMINA,WGS,PRJNA609577,6.5,,,False,,,False
SAMN14255666,1,14435904300,ILLUMINA,WGS,PRJNA609577,6.3,,,False,,,False
SAMN14255667,1,14245863900,ILLUMINA,WGS,PRJNA609577,6.2,,,False,,,False
SAMN14255668,1,13419900900,ILLUMINA,WGS,PRJNA609577,5.8,,,False,,,False
SAMN14255669,1,31119895500,ILLUMINA,WGS,PRJNA609577,13.5,,,False,,,False
SAMN14255670,1,35132823300,ILLUMINA,WGS,PRJNA609577,15.3,,,False,,,False
SAMN14255671,1,34359556200,ILLUMINA,WGS,PRJNA609577,14.9,,,False,,,False
SAMN14255672,1,32926735500,ILLUMINA,WGS,PRJNA609577,14.3,,,False,,,False
SAMN14255673,1,11823829500,ILLUMINA,WGS,PRJNA609577,5.1,,,False,,,False
SAMN14255676,1,13900072200,ILLUMINA,WGS,PRJNA609577,6.0,,,False,,,False
SAMN14255677,1,13198439400,ILLUMINA,WGS,PRJNA609577,5.7,,,False,,,False
SAMN14255678,1,14568099300,ILLUMINA,WGS,PRJNA609577,6.3,Ames 2339,19.0,True,Maize.Group.Ames.Panel.2010,Huobai,True
SAMN14255679,1,13839949200,ILLUMINA,WGS,PRJNA609577,6.0,Ames 2339,19.0,True,Maize.Group.Ames.Panel.2010,Huobai,True
SAMN14255680,1,14014665900,ILLUMINA,WGS,PRJNA609577,6.1,,,False,,,False
SAMN14255681,1,13297521300,ILLUMINA,WGS,PRJNA609577,5.8,,,False,,,False
SAMN14255682,1,15434391600,ILLUMINA,WGS,PRJNA609577,6.7,,,False,,,False
SAMN14255683,1,14919894900,ILLUMINA,WGS,PRJNA609577,6.5,,,False,,,False
SAMN14255684,1,16269882600,ILLUMINA,WGS,PRJNA609577,7.1,,,False,,,False
SAMN14255685,1,15809316000,ILLUMINA,WGS,PRJNA609577,6.9,,,False,,,False
SAMN14255686,1,12362699100,ILLUMINA,WGS,PRJNA609577,5.4,,,False,,,False
SAMN14255687,1,12036948000,ILLUMINA,WGS,PRJNA609577,5.2,,,False,,,False
SAMN14255688,1,11923397700,ILLUMINA,WGS,PRJNA609577,5.2,,,False,,,False
SAMN14255689,1,12449149800,ILLUMINA,WGS,PRJNA609577,5.4,Ames 17681,,False,,,True
SAMN14255690,1,12077040600,ILLUMINA,WGS,PRJNA609577,5.3,Ames 17681,,False,,,True
SAMN14255691,1,11970369600,ILLUMINA,WGS,PRJNA609577,5.2,Ames 17681,,False,,,True
SAMN14255701,1,15039617700,ILLUMINA,WGS,PRJNA609577,6.5,,,False,,,False
SAMN14255702,1,14292207600,ILLUMINA,WGS,PRJNA609577,6.2,,,False,,,False
SAMN14255703,1,14420173500,ILLUMINA,WGS,PRJNA609577,6.3,,,False,,,False
SAMN14255704,1,14059659900,ILLUMINA,WGS,PRJNA609577,6.1,,,False,,,False
SAMN14255705,1,13682650500,ILLUMINA,WGS,PRJNA609577,5.9,,,False,,,False
SAMN14255706,1,13558168500,ILLUMINA,WGS,PRJNA609577,5.9,,,False,,,False
SAMN14255707,1,15351976200,ILLUMINA,WGS,PRJNA609577,6.7,Ames 34543,,False,,,True
SAMN14255708,1,15108717300,ILLUMINA,WGS,PRJNA609577,6.6,Ames 34543,,False,,,True
SAMN14255709,1,14023011900,ILLUMINA,WGS,PRJNA609577,6.1,,,False,,,False
SAMN14255710,1,13699699200,ILLUMINA,WGS,PRJNA609577,6.0,,,False,,,False
SAMN14255711,1,12767954700,ILLUMINA,WGS,PRJNA609577,5.6,,,False,,,False
SAMN14255712,1,12459361800,ILLUMINA,WGS,PRJNA609577,5.4,,,False,,,False
SAMN14255713,1,12358224600,ILLUMINA,WGS,PRJNA609577,5.4,,,False,,,False
SAMN14255717,1,12649565100,ILLUMINA,WGS,PRJNA609577,5.5,,,False,,,False
SAMN14255718,1,12273320400,ILLUMINA,WGS,PRJNA609577,5.3,,,False,,,False
SAMN14255719,1,12037446300,ILLUMINA,WGS,PRJNA609577,5.2,,,False,,,False
SAMN14255720,1,14158769400,ILLUMINA,WGS,PRJNA609577,6.2,,,False,,,False
SAMN14255721,1,13827946500,ILLUMINA,WGS,PRJNA609577,6.0,,,False,,,False
SAMN14255722,1,13706913900,ILLUMINA,WGS,PRJNA609577,6.0,,,False,,,False
SAMN14255723,1,12831420000,ILLUMINA,WGS,PRJNA609577,5.6,,,False,,,False
SAMN14255724,1,12419893200,ILLUMINA,WGS,PRJNA609577,5.4,,,False,,,False
SAMN14255725,1,12247122900,ILLUMINA,WGS,PRJNA609577,5.3,,,False,,,False
SAMN14255726,1,14178470100,ILLUMINA,WGS,PRJNA609577,6.2,,,False,,,False
SAMN14255727,1,13894871700,ILLUMINA,WGS,PRJNA609577,6.0,,,False,,,False
SAMN14255728,1,14882632800,ILLUMINA,WGS,PRJNA609577,6.5,,,False,,,False
SAMN14255729,1,14637456000,ILLUMINA,WGS,PRJNA609577,6.4,,,False,,,False
SAMN14255730,1,12659902500,ILLUMINA,WGS,PRJNA609577,5.5,,,False,,,False
SAMN14255731,1,12440736000,ILLUMINA,WGS,PRJNA609577,5.4,,,False,,,False
SAMN14255732,1,13740846900,ILLUMINA,WGS,PRJNA609577,6.0,,,False,,,False
SAMN14255733,1,13532818800,ILLUMINA,WGS,PRJNA609577,5.9,,,False,,,False
SAMN14255734,1,13633224000,ILLUMINA,WGS,PRJNA609577,5.9,PI 535916,7.0,False,Maize.Group.Ames.Panel.2010,S 37,True
SAMN14255735,1,13438670700,ILLUMINA,WGS,PRJNA609577,5.8,PI 535916,7.0,False,Maize.Group.Ames.Panel.2010,S 37,True
SAMN14255739,1,16721626800,ILLUMINA,WGS,PRJNA609577,7.3,,,False,,,False
SAMN14255740,1,16870781700,ILLUMINA,WGS,PRJNA609577,7.3,,,False,,,False
SAMN14255741,1,17420451900,ILLUMINA,WGS,PRJNA609577,7.6,,,False,,,False
SAMN14255742,1,17121972600,ILLUMINA,WGS,PRJNA609577,7.4,,,False,,,False
SAMN14255743,1,16940233800,ILLUMINA,WGS,PRJNA609577,7.4,,,False,,,False
SAMN14255744,1,16991036100,ILLUMINA,WGS,PRJNA609577,7.4,,,False,,,False
SAMN14255745,1,16502958000,ILLUMINA,WGS,PRJNA609577,7.2,,,False,,,False
SAMN14255746,1,16640050200,ILLUMINA,WGS,PRJNA609577,7.2,,,False,,,False
SAMN14255747,1,16906455300,ILLUMINA,WGS,PRJNA609577,7.4,,,False,,,False
SAMN14255748,1,16920962100,ILLUMINA,WGS,PRJNA609577,7.4,,,False,,,False
SAMN14255749,1,20934338700,ILLUMINA,WGS,PRJNA609577,9.1,,,False,,,False
SAMN14255750,1,21064338300,ILLUMINA,WGS,PRJNA609577,9.2,,,False,,,False
SAMN14255751,1,17593414500,ILLUMINA,WGS,PRJNA609577,7.6,,,False,,,False
SAMN14255752,1,17719510200,ILLUMINA,WGS,PRJNA609577,7.7,,,False,,,False
SAMN14255753,1,16679083500,ILLUMINA,WGS,PRJNA609577,7.3,,,False,,,False
SAMN14255754,1,16815610200,ILLUMINA,WGS,PRJNA609577,7.3,,,False,,,False
SAMN14255755,1,41693759400,ILLUMINA,WGS,PRJNA609577,18.1,,,False,,,False
SAMN14255756,1,36249883500,ILLUMINA,WGS,PRJNA609577,15.8,,,False,,,False
SAMN14255757,1,34307426400,ILLUMINA,WGS,PRJNA609577,14.9,,,False,,,False
SAMN14255758,1,31732974900,ILLUMINA,WGS,PRJNA609577,13.8,,,False,,,False
SAMN14255759,1,12100068900,ILLUMINA,WGS,PRJNA609577,5.3,,,False,,,False
SAMN14255760,1,12003240600,ILLUMINA,WGS,PRJNA609577,5.2,,,False,,,False
SAMN14255761,1,12233377500,ILLUMINA,WGS,PRJNA609577,5.3,,,False,,,False
SAMN14255762,1,13049487000,ILLUMINA,WGS,PRJNA609577,5.7,,,False,,,False
SAMN14255763,1,12879689700,ILLUMINA,WGS,PRJNA609577,5.6,,,False,,,False
SAMN14255764,1,13182655200,ILLUMINA,WGS,PRJNA609577,5.7,,,False,,,False
SAMN14255765,1,12531776700,ILLUMINA,WGS,PRJNA609577,5.4,,,False,,,False
SAMN14255766,1,12346612200,ILLUMINA,WGS,PRJNA609577,5.4,,,False,,,False
SAMN14255767,1,12673335900,ILLUMINA,WGS,PRJNA609577,5.5,,,False,,,False
SAMN14255768,1,11981745600,ILLUMINA,WGS,PRJNA609577,5.2,,,False,,,False
SAMN14255769,1,11882212200,ILLUMINA,WGS,PRJNA609577,5.2,,,False,,,False
SAMN14255770,1,12118749000,ILLUMINA,WGS,PRJNA609577,5.3,,,False,,,False
SAMN14255774,1,12243878700,ILLUMINA,WGS,PRJNA609577,5.3,,,False,,,False
SAMN14255775,1,12096509100,ILLUMINA,WGS,PRJNA609577,5.3,,,False,,,False
SAMN14255776,1,12292593000,ILLUMINA,WGS,PRJNA609577,5.3,,,False,,,False
SAMN14255777,1,12662631600,ILLUMINA,WGS,PRJNA609577,5.5,,,False,,,False
SAMN14255778,1,12580127400,ILLUMINA,WGS,PRJNA609577,5.5,,,False,,,False
SAMN14255779,1,12714186300,ILLUMINA,WGS,PRJNA609577,5.5,,,False,,,False
SAMN14255782,1,11649552900,ILLUMINA,WGS,PRJNA609577,5.1,,,False,,,False
SAMN14255783,1,11756807400,ILLUMINA,WGS,PRJNA609577,5.1,,,False,,,False
SAMN14255784,1,11647482900,ILLUMINA,WGS,PRJNA609577,5.1,,,False,,,False
SAMN14255785,1,11855741100,ILLUMINA,WGS,PRJNA609577,5.2,,,False,,,False
SAMN14255786,1,11905316700,ILLUMINA,WGS,PRJNA609577,5.2,,,False,,,False
SAMN14255787,1,11776256100,ILLUMINA,WGS,PRJNA609577,5.1,,,False,,,False
SAMN14255788,1,11981187000,ILLUMINA,WGS,PRJNA609577,5.2,,,False,,,False
SAMN14255789,1,12127231200,ILLUMINA,WGS,PRJNA609577,5.3,,,False,,,False
SAMN14255790,1,12000152100,ILLUMINA,WGS,PRJNA609577,5.2,,,False,,,False
SAMN14255791,1,12193918200,ILLUMINA,WGS,PRJNA609577,5.3,,,False,,,False
SAMN14255792,1,11984478600,ILLUMINA,WGS,PRJNA609577,5.2,PI 693348,31.0,True,Maize.Set.Inbred.Diversity.282.Plus.NAM.Parents,H49,True
SAMN14255793,1,11806185600,ILLUMINA,WGS,PRJNA609577,5.1,PI 693348,31.0,True,Maize.Set.Inbred.Diversity.282.Plus.NAM.Parents,H49,True
SAMN14255794,1,12049732200,ILLUMINA,WGS,PRJNA609577,5.2,PI 693348,31.0,True,Maize.Set.Inbred.Diversity.282.Plus.NAM.Parents,H49,True
SAMN14255795,1,35728857600,ILLUMINA,WGS,PRJNA609577,15.5,PI 693325,22.0,True,Maize.Set.Inbred.Diversity.282.Plus.NAM.Parents,Va17,True
SAMN14255796,1,35955035100,ILLUMINA,WGS,PRJNA609577,15.6,PI 693326,32.0,False,Maize.Set.Inbred.Diversity.282.Plus.NAM.Parents,Va59,True
SAMN14255797,1,40714021200,ILLUMINA,WGS,PRJNA609577,17.7,PI 146374,28.0,False,Maize.Set.Inbred.Diversity.282.Plus.NAM.Parents,Wf9,True
SAMN14255798,1,34979082900,ILLUMINA,WGS,PRJNA609577,15.2,PI 693330,30.0,True,Maize.Set.Inbred.Diversity.282.Plus.NAM.Parents,C123,True
SAMN14255799,1,31293050700,ILLUMINA,WGS,PRJNA609577,13.6,PI 693333,33.0,True,Maize.Set.Inbred.Diversity.282.Plus.NAM.Parents,H95,True
SAMN14255800,1,32608866900,ILLUMINA,WGS,PRJNA609577,14.2,,,False,,,False
SAMN14255801,1,31426815900,ILLUMINA,WGS,PRJNA609577,13.7,PI 693334,34.0,True,Maize.Set.Inbred.Diversity.282.Plus.NAM.Parents,R168,True
SAMN14255802,1,46478695200,ILLUMINA,WGS,PRJNA609577,20.2,PI 693337,28.0,True,Maize.Set.Inbred.Diversity.282.Plus.NAM.Parents,Mt42,True
SAMN14255803,1,12610011600,ILLUMINA,WGS,PRJNA609577,5.5,,,False,,,False
SAMN14255804,1,12515967000,ILLUMINA,WGS,PRJNA609577,5.4,,,False,,,False
SAMN14255805,1,11933435100,ILLUMINA,WGS,PRJNA609577,5.2,,,False,,,False
SAMN14255812,1,11710737900,ILLUMINA,WGS,PRJNA609577,5.1,PI 154384,23.0,False,Maize.Set.Inbred.Diversity.282.Plus.NAM.Parents,K 55,True
SAMN14255813,1,11648726100,ILLUMINA,WGS,PRJNA609577,5.1,PI 154384,23.0,False,Maize.Set.Inbred.Diversity.282.Plus.NAM.Parents,K 55,True
SAMN14255815,1,12190597800,ILLUMINA,WGS,PRJNA609577,5.3,Ames 23423,18.0,True,Maize.Group.Ames.Panel.2010,A334,True
SAMN14255816,1,12078280200,ILLUMINA,WGS,PRJNA609577,5.3,Ames 23423,18.0,True,Maize.Group.Ames.Panel.2010,A334,True
SAMN14255824,1,12299874000,ILLUMINA,WGS,PRJNA609577,5.3,Ames 24589,18.0,True,Maize.Group.Ames.Panel.2010,I159,True
SAMN14255825,1,12179812800,ILLUMINA,WGS,PRJNA609577,5.3,Ames 24589,18.0,True,Maize.Group.Ames.Panel.2010,I159,True
SAMN14255827,1,12814017300,ILLUMINA,WGS,PRJNA609577,5.6,,,False,,,False
SAMN14255828,1,12708858000,ILLUMINA,WGS,PRJNA609577,5.5,,,False,,,False
SAMN14255829,1,12049075200,ILLUMINA,WGS,PRJNA609577,5.2,,,False,,,False
SAMN14255842,1,11778748500,ILLUMINA,WGS,PRJNA609577,5.1,,,False,,,False
SAMN14255843,1,11949535500,ILLUMINA,WGS,PRJNA609577,5.2,,,False,,,False
SAMN14255844,1,11920743300,ILLUMINA,WGS,PRJNA609577,5.2,,,False,,,False
SAMN14255849,1,11675064600,ILLUMINA,WGS,PRJNA609577,5.1,PI 154387,21.0,False,Maize.Set.Inbred.Diversity.282.Plus.NAM.Parents,K64,True
SAMN14255850,1,11722822800,ILLUMINA,WGS,PRJNA609577,5.1,PI 154387,21.0,False,Maize.Set.Inbred.Diversity.282.Plus.NAM.Parents,K64,True
SAMN14255852,1,11708335800,ILLUMINA,WGS,PRJNA609577,5.1,,,False,,,False
SAMN14255853,1,11738284500,ILLUMINA,WGS,PRJNA609577,5.1,,,False,,,False
SAMN14255860,1,11795880600,ILLUMINA,WGS,PRJNA609577,5.1,NSL 22983,28.0,True,Maize.Group.Ames.Panel.2010,C102,True
SAMN14255861,1,11967701700,ILLUMINA,WGS,PRJNA609577,5.2,NSL 22983,28.0,True,Maize.Group.Ames.Panel.2010,C102,True
SAMN14255862,1,12006990000,ILLUMINA,WGS,PRJNA609577,5.2,NSL 22983,28.0,True,Maize.Group.Ames.Panel.2010,C102,True
SAMN14255865,1,11645165100,ILLUMINA,WGS,PRJNA609577,5.1,NSL 28965,28.0,False,Maize.Group.Ames.Panel.2010,Oh33,True
SAMN14255884,1,12553914000,ILLUMINA,WGS,PRJNA609577,5.5,PI 700792,28.0,True,Maize.Group.Ames.Panel.2010,ND255,True
SAMN14255885,1,12430112700,ILLUMINA,WGS,PRJNA609577,5.4,PI 700792,28.0,True,Maize.Group.Ames.Panel.2010,ND255,True
SAMN14255886,1,12397289700,ILLUMINA,WGS,PRJNA609577,5.4,PI 700792,28.0,True,Maize.Group.Ames.Panel.2010,ND255,True
SAMN14255887,1,12140919000,ILLUMINA,WGS,PRJNA609577,5.3,,,False,,,False
SAMN14255888,1,12004935000,ILLUMINA,WGS,PRJNA609577,5.2,,,False,,,False
SAMN14255889,1,11979243600,ILLUMINA,WGS,PRJNA609577,5.2,,,False,,,False
SAMN14255899,1,12556958400,ILLUMINA,WGS,PRJNA609577,5.5,,,False,,,False
SAMN14255900,1,12422170800,ILLUMINA,WGS,PRJNA609577,5.4,,,False,,,False
SAMN14255901,1,12410469900,ILLUMINA,WGS,PRJNA609577,5.4,,,False,,,False
SAMN14255911,1,16458351900,ILLUMINA,WGS,PRJNA609577,7.2,PI 550440,16.0,True,Maize.Set.Inbred.Diversity.282.Plus.NAM.Parents,B64,True
SAMN14255912,1,16335097500,ILLUMINA,WGS,PRJNA609577,7.1,PI 550440,16.0,True,Maize.Set.Inbred.Diversity.282.Plus.NAM.Parents,B64,True
SAMN14255913,1,15043633800,ILLUMINA,WGS,PRJNA609577,6.5,PI 550441,34.0,True,Maize.Set.Inbred.Diversity.282.Plus.NAM.Parents,Mo18W,True
SAMN14255914,1,14949513600,ILLUMINA,WGS,PRJNA609577,6.5,PI 550441,34.0,True,Maize.Set.Inbred.Diversity.282.Plus.NAM.Parents,Mo18W,True
SAMN14255915,1,14484155400,ILLUMINA,WGS,PRJNA609577,6.3,PI 550456,19.0,True,Maize.Group.Ames.Panel.2010,B69,True
SAMN14255916,1,14370883500,ILLUMINA,WGS,PRJNA609577,6.2,PI 550456,19.0,True,Maize.Group.Ames.Panel.2010,B69,True
SAMN14255917,1,14902960500,ILLUMINA,WGS,PRJNA609577,6.5,PI 550472,33.0,True,Maize.Set.Inbred.Diversity.282.Plus.NAM.Parents,B57,True
SAMN14255918,1,14824362900,ILLUMINA,WGS,PRJNA609577,6.4,PI 550472,33.0,True,Maize.Set.Inbred.Diversity.282.Plus.NAM.Parents,B57,True
SAMN14255919,1,16487098800,ILLUMINA,WGS,PRJNA609577,7.2,PI 587124,38.0,True,Maize.Set.Inbred.Diversity.282.Plus.NAM.Parents,CM105,True
SAMN14255920,1,16445214600,ILLUMINA,WGS,PRJNA609577,7.2,PI 587124,38.0,True,Maize.Set.Inbred.Diversity.282.Plus.NAM.Parents,CM105,True
SAMN14255921,1,15111694800,ILLUMINA,WGS,PRJNA609577,6.6,PI 587136,24.0,False,Maize.Set.Inbred.Diversity.282.Plus.NAM.Parents,Ky228,True
SAMN14255922,1,14951356800,ILLUMINA,WGS,PRJNA609577,6.5,PI 587136,24.0,False,Maize.Set.Inbred.Diversity.282.Plus.NAM.Parents,Ky228,True
SAMN14255923,1,15236397300,ILLUMINA,WGS,PRJNA609577,6.6,PI 587146,25.0,True,Maize.Group.Ames.Panel.2010,Oh7,True
SAMN14255924,1,15113345400,ILLUMINA,WGS,PRJNA609577,6.6,PI 587146,25.0,True,Maize.Group.Ames.Panel.2010,Oh7,True
SAMN14255925,1,15241611300,ILLUMINA,WGS,PRJNA609577,6.6,PI 587148,36.0,False,Maize.Set.Inbred.Diversity.282.Plus.NAM.Parents,CI 66,True
SAMN14255926,1,15144052200,ILLUMINA,WGS,PRJNA609577,6.6,PI 587148,36.0,False,Maize.Set.Inbred.Diversity.282.Plus.NAM.Parents,CI 66,True
SAMN14255927,1,15537720000,ILLUMINA,WGS,PRJNA609577,6.8,,,False,,,False
SAMN14255928,1,15474842700,ILLUMINA,WGS,PRJNA609577,6.7,,,False,,,False
SAMN14255929,1,14358127500,ILLUMINA,WGS,PRJNA609577,6.2,,,False,,,False
SAMN14255930,1,14869012500,ILLUMINA,WGS,PRJNA609577,6.5,,,False,,,False
SAMN14255931,1,15300803700,ILLUMINA,WGS,PRJNA609577,6.7,,,False,,,False
SAMN14255932,1,15675019200,ILLUMINA,WGS,PRJNA609577,6.8,,,False,,,False
SAMN14255933,1,16275384300,ILLUMINA,WGS,PRJNA609577,7.1,,,False,,,False
SAMN14255934,1,16750874700,ILLUMINA,WGS,PRJNA609577,7.3,,,False,,,False
SAMN14255935,1,33976087800,ILLUMINA,WGS,PRJNA609577,14.8,,,False,,,False
SAMN14255936,1,35756320200,ILLUMINA,WGS,PRJNA609577,15.5,,,False,,,False
SAMN14255937,1,14411164800,ILLUMINA,WGS,PRJNA609577,6.3,,,False,,,False
SAMN14255938,1,14765046300,ILLUMINA,WGS,PRJNA609577,6.4,,,False,,,False
SAMN14255939,1,16127662800,ILLUMINA,WGS,PRJNA609577,7.0,,,False,,,False
SAMN14255940,1,16539972900,ILLUMINA,WGS,PRJNA609577,7.2,,,False,,,False
SAMN14255941,1,15692998200,ILLUMINA,WGS,PRJNA609577,6.8,,,False,,,False
SAMN14255942,1,15959481900,ILLUMINA,WGS,PRJNA609577,6.9,,,False,,,False
SAMN14255943,1,33630394500,ILLUMINA,WGS,PRJNA609577,14.6,,,False,,,False
SAMN14255944,1,32073410400,ILLUMINA,WGS,PRJNA609577,13.9,,,False,,,False
SAMN14255945,1,14880122700,ILLUMINA,WGS,PRJNA609577,6.5,,,False,,,False
SAMN14255946,1,15249300300,ILLUMINA,WGS,PRJNA609577,6.6,,,False,,,False
SAMN14255947,1,15182616000,ILLUMINA,WGS,PRJNA609577,6.6,,,False,,,False
SAMN14255948,1,15500518500,ILLUMINA,WGS,PRJNA609577,6.7,,,False,,,False
SAMN14255949,1,14683422600,ILLUMINA,WGS,PRJNA609577,6.4,,,False,,,False
SAMN14255950,1,14988510000,ILLUMINA,WGS,PRJNA609577,6.5,,,False,,,False
SAMN14255951,1,25686360300,ILLUMINA,WGS,PRJNA609577,11.2,,,False,,,False
SAMN14255952,1,27084828900,ILLUMINA,WGS,PRJNA609577,11.8,,,False,,,False
SAMN14255953,1,26521664400,ILLUMINA,WGS,PRJNA609577,11.5,,,False,,,False
SAMN14255954,1,28086474000,ILLUMINA,WGS,PRJNA609577,12.2,PI 690332,37.0,True,Maize.Set.Inbred.Diversity.282.Plus.NAM.Parents,Oh43,True
SAMN14255955,1,25728466800,ILLUMINA,WGS,PRJNA609577,11.2,,,False,,,False
SAMN14255956,1,16482008400,ILLUMINA,WGS,PRJNA609577,7.2,,,False,,,False
SAMN14255957,1,16481849100,ILLUMINA,WGS,PRJNA609577,7.2,,,False,,,False
SAMN14255958,1,14549587200,ILLUMINA,WGS,PRJNA609577,6.3,,,False,,,False
SAMN14255959,1,14674353000,ILLUMINA,WGS,PRJNA609577,6.4,,,False,,,False
SAMN14255960,1,13780213500,ILLUMINA,WGS,PRJNA609577,6.0,,,False,,,False
SAMN14255961,1,13838644800,ILLUMINA,WGS,PRJNA609577,6.0,,,False,,,False
SAMN14255962,1,14154535800,ILLUMINA,WGS,PRJNA609577,6.2,,,False,,,False
SAMN14255963,1,14211535800,ILLUMINA,WGS,PRJNA609577,6.2,,,False,,,False
SAMN14255964,1,13410197400,ILLUMINA,WGS,PRJNA609577,5.8,,,False,,,False
SAMN14255965,1,13390113900,ILLUMINA,WGS,PRJNA609577,5.8,,,False,,,False
SAMN14255966,1,14908268400,ILLUMINA,WGS,PRJNA609577,6.5,,,False,,,False
SAMN14255967,1,14931267000,ILLUMINA,WGS,PRJNA609577,6.5,,,False,,,False
SAMN14255968,1,16706048400,ILLUMINA,WGS,PRJNA609577,7.3,,,False,,,False
SAMN14255969,1,16822797300,ILLUMINA,WGS,PRJNA609577,7.3,,,False,,,False
SAMN14255970,1,15491322000,ILLUMINA,WGS,PRJNA609577,6.7,,,False,,,False
SAMN14255971,1,15478390800,ILLUMINA,WGS,PRJNA609577,6.7,,,False,,,False
SAMN14255972,1,15712261500,ILLUMINA,WGS,PRJNA609577,6.8,,,False,,,False
SAMN14255973,1,15792896100,ILLUMINA,WGS,PRJNA609577,6.9,,,False,,,False
SAMN14255974,1,15125658600,ILLUMINA,WGS,PRJNA609577,6.6,,,False,,,False
SAMN14255975,1,15166352100,ILLUMINA,WGS,PRJNA609577,6.6,,,False,,,False
SAMN14255976,1,15735720300,ILLUMINA,WGS,PRJNA609577,6.8,PI 391666,6.0,False,Maize.Group.Ames.Panel.2010,YING-64,True
SAMN14255977,1,15827151600,ILLUMINA,WGS,PRJNA609577,6.9,PI 391666,6.0,False,Maize.Group.Ames.Panel.2010,YING-64,True
SAMN14255978,1,17539731900,ILLUMINA,WGS,PRJNA609577,7.6,,,False,,,False
SAMN14255979,1,17649715200,ILLUMINA,WGS,PRJNA609577,7.7,,,False,,,False
SAMN14255980,1,15978903300,ILLUMINA,WGS,PRJNA609577,6.9,,,False,,,False
SAMN14255981,1,16003114500,ILLUMINA,WGS,PRJNA609577,7.0,,,False,,,False
SAMN14255982,1,18650126100,ILLUMINA,WGS,PRJNA609577,8.1,,,False,,,False
SAMN14255983,1,18750410700,ILLUMINA,WGS,PRJNA609577,8.2,,,False,,,False
SAMN14255984,1,17383031100,ILLUMINA,WGS,PRJNA609577,7.6,,,False,,,False
SAMN14255985,1,17498213400,ILLUMINA,WGS,PRJNA609577,7.6,,,False,,,False
SAMN14255986,1,18366109200,ILLUMINA,WGS,PRJNA609577,8.0,,,False,,,False
SAMN14255987,1,18739755900,ILLUMINA,WGS,PRJNA609577,8.1,,,False,,,False
SAMN14255988,1,18425903100,ILLUMINA,WGS,PRJNA609577,8.0,,,False,,,False
SAMN14255989,1,18744067500,ILLUMINA,WGS,PRJNA609577,8.1,,,False,,,False
SAMN14255990,1,15483378600,ILLUMINA,WGS,PRJNA609577,6.7,PI 698956,27.0,True,Maize.Group.Ames.Panel.2010,H21,True
SAMN14255991,1,15606119400,ILLUMINA,WGS,PRJNA609577,6.8,PI 698956,27.0,True,Maize.Group.Ames.Panel.2010,H21,True
SAMN14255992,1,13572876300,ILLUMINA,WGS,PRJNA609577,5.9,,,False,,,False
SAMN14255993,1,13598008200,ILLUMINA,WGS,PRJNA609577,5.9,,,False,,,False
SAMN14255994,1,12841734300,ILLUMINA,WGS,PRJNA609577,5.6,,,False,,,False
SAMN14255995,1,12936711300,ILLUMINA,WGS,PRJNA609577,5.6,,,False,,,False
SAMN14255996,1,16271848800,ILLUMINA,WGS,PRJNA609577,7.1,,,False,,,False
SAMN14255997,1,16451399700,ILLUMINA,WGS,PRJNA609577,7.2,,,False,,,False
SAMN14255998,1,14903291100,ILLUMINA,WGS,PRJNA609577,6.5,,,False,,,False
SAMN14255999,1,15081099600,ILLUMINA,WGS,PRJNA609577,6.6,,,False,,,False
SAMN14256000,1,15797226600,ILLUMINA,WGS,PRJNA609577,6.9,,,False,,,False
SAMN14256001,1,15967842600,ILLUMINA,WGS,PRJNA609577,6.9,,,False,,,False
SAMN14256002,1,15541627200,ILLUMINA,WGS,PRJNA609577,6.8,,,False,,,False
SAMN14256003,1,15571611600,ILLUMINA,WGS,PRJNA609577,6.8,,,False,,,False
SAMN14256004,1,14976927000,ILLUMINA,WGS,PRJNA609577,6.5,PI 452256,3.0,False,,Zi 330,True
SAMN14256005,1,15117191700,ILLUMINA,WGS,PRJNA609577,6.6,PI 452256,3.0,False,,Zi 330,True
SAMN14256006,1,14401781400,ILLUMINA,WGS,PRJNA609577,6.3,,,False,,,False
SAMN14256007,1,14095507500,ILLUMINA,WGS,PRJNA609577,6.1,,,False,,,False
SAMN14256008,1,16245302700,ILLUMINA,WGS,PRJNA609577,7.1,,,False,,,False
SAMN14256009,1,16252752600,ILLUMINA,WGS,PRJNA609577,7.1,,,False,,,False
SAMN14256010,1,16346401200,ILLUMINA,WGS,PRJNA609577,7.1,PI 587140,39.0,True,Maize.Set.Inbred.Diversity.282.Plus.NAM.Parents,A632,True
SAMN14256011,1,16595992200,ILLUMINA,WGS,PRJNA609577,7.2,PI 587140,39.0,True,Maize.Set.Inbred.Diversity.282.Plus.NAM.Parents,A632,True
SAMN14256012,1,13653436500,ILLUMINA,WGS,PRJNA609577,5.9,,,False,,,False
SAMN14256013,1,13812528000,ILLUMINA,WGS,PRJNA609577,6.0,,,False,,,False
SAMN14256014,1,14415104400,ILLUMINA,WGS,PRJNA609577,6.3,PI 550473,48.0,True,Maize.Set.Inbred.Diversity.282.Plus.NAM.Parents,B73,True
SAMN14256015,1,14601509400,ILLUMINA,WGS,PRJNA609577,6.3,PI 550473,48.0,True,Maize.Set.Inbred.Diversity.282.Plus.NAM.Parents,B73,True
SAMN14256016,1,14197380900,ILLUMINA,WGS,PRJNA609577,6.2,PI 584529,25.0,True,Maize.Group.Ames.Panel.2010,B100,True
SAMN14256017,1,14657182200,ILLUMINA,WGS,PRJNA609577,6.4,PI 584529,25.0,True,Maize.Group.Ames.Panel.2010,B100,True
SAMN14256018,1,15607176900,ILLUMINA,WGS,PRJNA609577,6.8,PI 561565,11.0,True,Maize.Group.Ames.Panel.2010,B95,True
SAMN14256019,1,16228489500,ILLUMINA,WGS,PRJNA609577,7.1,PI 561565,11.0,True,Maize.Group.Ames.Panel.2010,B95,True
SAMN14256020,1,14784292200,ILLUMINA,WGS,PRJNA609577,6.4,PI 550483,16.0,True,Maize.Set.Inbred.Diversity.282.Plus.NAM.Parents,B76,True
SAMN14256021,1,15281508300,ILLUMINA,WGS,PRJNA609577,6.6,PI 550483,16.0,True,Maize.Set.Inbred.Diversity.282.Plus.NAM.Parents,B76,True
SAMN14256022,1,14633906400,ILLUMINA,WGS,PRJNA609577,6.4,PI 587149,16.0,True,Maize.Set.Inbred.Diversity.282.Plus.NAM.Parents,Va26,True
SAMN14256023,1,15094391100,ILLUMINA,WGS,PRJNA609577,6.6,PI 587149,16.0,True,Maize.Set.Inbred.Diversity.282.Plus.NAM.Parents,Va26,True
SAMN14256024,1,13881926100,ILLUMINA,WGS,PRJNA609577,6.0,PI 587128,38.0,True,Maize.Set.Inbred.Diversity.282.Plus.NAM.Parents,H84,True
SAMN14256025,1,14304495900,ILLUMINA,WGS,PRJNA609577,6.2,PI 587128,38.0,True,Maize.Set.Inbred.Diversity.282.Plus.NAM.Parents,H84,True
SAMN14256026,1,14764104900,ILLUMINA,WGS,PRJNA609577,6.4,NSL 30060,28.0,True,Maize.Group.Ames.Panel.2010,W23,True
SAMN14256027,1,15325826400,ILLUMINA,WGS,PRJNA609577,6.7,NSL 30060,28.0,True,Maize.Group.Ames.Panel.2010,W23,True
SAMN14256028,1,14618399700,ILLUMINA,WGS,PRJNA609577,6.4,PI 538011,19.0,True,Maize.Group.PVP,LH220Ht,True
SAMN14256029,1,15075701700,ILLUMINA,WGS,PRJNA609577,6.6,PI 538011,19.0,True,Maize.Group.PVP,LH220Ht,True
SAMN14256030,1,17644553400,ILLUMINA,WGS,PRJNA609577,7.7,PI 548808,29.0,True,Maize.Group.PVP,PHW30,True
SAMN14256031,1,17506361400,ILLUMINA,WGS,PRJNA609577,7.6,PI 548808,29.0,True,Maize.Group.PVP,PHW30,True
SAMN14256032,1,15130889700,ILLUMINA,WGS,PRJNA609577,6.6,,,False,,,False
SAMN14256033,1,15039525600,ILLUMINA,WGS,PRJNA609577,6.5,,,False,,,False
SAMN14256034,1,14035277700,ILLUMINA,WGS,PRJNA609577,6.1,PI 601565,20.0,True,Maize.Group.PVP,IBB14,True
SAMN14256035,1,13914265800,ILLUMINA,WGS,PRJNA609577,6.0,PI 601565,20.0,True,Maize.Group.PVP,IBB14,True
SAMN14256036,1,14443424400,ILLUMINA,WGS,PRJNA609577,6.3,PI 601567,31.0,True,Maize.Group.PVP,PHH93,True
SAMN14256037,1,14277685800,ILLUMINA,WGS,PRJNA609577,6.2,PI 601567,31.0,True,Maize.Group.PVP,PHH93,True
SAMN14256038,1,16443106200,ILLUMINA,WGS,PRJNA609577,7.1,PI 601724,20.0,True,Maize.Group.PVP,E8501,True
SAMN14256039,1,16263349800,ILLUMINA,WGS,PRJNA609577,7.1,PI 601724,20.0,True,Maize.Group.PVP,E8501,True
SAMN14256040,1,17128279500,ILLUMINA,WGS,PRJNA609577,7.4,PI 601783,32.0,True,Maize.Group.PVP,PHN82,True
SAMN14256041,1,16866671400,ILLUMINA,WGS,PRJNA609577,7.3,PI 601783,32.0,True,Maize.Group.PVP,PHN82,True
SAMN14256042,1,12463902300,ILLUMINA,WGS,PRJNA609577,5.4,PI 539920,20.0,True,Maize.Group.PVP,LH160,True
SAMN14256043,1,12690116700,ILLUMINA,WGS,PRJNA609577,5.5,PI 539920,20.0,True,Maize.Group.PVP,LH160,True
SAMN14256044,1,12833483400,ILLUMINA,WGS,PRJNA609577,5.6,PI 539922,20.0,True,Maize.Group.PVP,LH190,True
SAMN14256045,1,13009383300,ILLUMINA,WGS,PRJNA609577,5.7,PI 539922,20.0,True,Maize.Group.PVP,LH190,True
SAMN14256046,1,16412037900,ILLUMINA,WGS,PRJNA609577,7.1,PI 539925,28.0,True,Maize.Group.PVP,LH191,True
SAMN14256047,1,16581505500,ILLUMINA,WGS,PRJNA609577,7.2,PI 539925,28.0,True,Maize.Group.PVP,LH191,True
SAMN14256048,1,15758589600,ILLUMINA,WGS,PRJNA609577,6.9,PI 543840,28.0,True,Maize.Group.PVP,PHJ65,True
SAMN14256049,1,15792372000,ILLUMINA,WGS,PRJNA609577,6.9,PI 543840,28.0,True,Maize.Group.PVP,PHJ65,True
SAMN14256050,1,16483370400,ILLUMINA,WGS,PRJNA609577,7.2,PI 543846,19.0,True,Maize.Group.PVP,PHP76,True
SAMN14256051,1,16614309600,ILLUMINA,WGS,PRJNA609577,7.2,PI 543846,19.0,True,Maize.Group.PVP,PHP76,True
SAMN14256052,1,16420218300,ILLUMINA,WGS,PRJNA609577,7.1,PI 543847,29.0,True,Maize.Group.PVP,PHV07,True
SAMN14256053,1,16482078000,ILLUMINA,WGS,PRJNA609577,7.2,PI 543847,29.0,True,Maize.Group.PVP,PHV07,True
SAMN14256054,1,18742029300,ILLUMINA,WGS,PRJNA609577,8.1,PI 544065,18.0,True,Maize.Group.PVP,BCC03,True
SAMN14256055,1,19491200100,ILLUMINA,WGS,PRJNA609577,8.5,PI 544065,18.0,True,Maize.Group.PVP,BCC03,True
SAMN14256056,1,20229833100,ILLUMINA,WGS,PRJNA609577,8.8,PI 546485,29.0,True,Maize.Group.PVP,NL001,True
SAMN14256057,1,21050032800,ILLUMINA,WGS,PRJNA609577,9.2,PI 546485,29.0,True,Maize.Group.PVP,NL001,True
SAMN14256058,1,13482498600,ILLUMINA,WGS,PRJNA609577,5.9,PI 547086,28.0,True,Maize.Group.PVP,LH128,True
SAMN14256059,1,13166081700,ILLUMINA,WGS,PRJNA609577,5.7,PI 547086,28.0,True,Maize.Group.PVP,LH128,True
SAMN14256060,1,15720907200,ILLUMINA,WGS,PRJNA609577,6.8,PI 547087,28.0,True,Maize.Group.PVP,LH181,True
SAMN14256061,1,15352016400,ILLUMINA,WGS,PRJNA609577,6.7,PI 547087,28.0,True,Maize.Group.PVP,LH181,True
SAMN14256062,1,12305984700,ILLUMINA,WGS,PRJNA609577,5.4,PI 547088,29.0,True,Maize.Group.PVP,LH208,True
SAMN14256063,1,12669858000,ILLUMINA,WGS,PRJNA609577,5.5,PI 547088,29.0,True,Maize.Group.PVP,LH208,True
SAMN14256069,1,12234532200,ILLUMINA,WGS,PRJNA609577,5.3,PI 547089,29.0,True,Maize.Group.PVP,LH212Ht,True
SAMN14256070,1,12553968900,ILLUMINA,WGS,PRJNA609577,5.5,PI 547089,29.0,True,Maize.Group.PVP,LH212Ht,True
SAMN14256076,1,12785200800,ILLUMINA,WGS,PRJNA609577,5.6,PI 547107,28.0,True,Maize.Group.PVP,Lp215D,True
SAMN14256077,1,13102521300,ILLUMINA,WGS,PRJNA609577,5.7,PI 547107,28.0,True,Maize.Group.PVP,Lp215D,True
SAMN14256078,1,12203613000,ILLUMINA,WGS,PRJNA609577,5.3,PI 548798,29.0,True,Maize.Group.PVP,PHJ89,True
SAMN14256079,1,12517943400,ILLUMINA,WGS,PRJNA609577,5.4,PI 548798,29.0,True,Maize.Group.PVP,PHJ89,True
SAMN14256085,1,12349091400,ILLUMINA,WGS,PRJNA609577,5.4,PI 548799,29.0,True,Maize.Group.PVP,PHJ90,True
SAMN14256086,1,12702049500,ILLUMINA,WGS,PRJNA609577,5.5,PI 548799,29.0,True,Maize.Group.PVP,PHJ90,True
SAMN14256087,1,11745579300,ILLUMINA,WGS,PRJNA609577,5.1,PI 548802,29.0,True,Maize.Group.PVP,PHN66,True
SAMN14256088,1,12008961300,ILLUMINA,WGS,PRJNA609577,5.2,PI 548802,29.0,True,Maize.Group.PVP,PHN66,True
SAMN14256094,1,13933485900,ILLUMINA,WGS,PRJNA609577,6.1,PI 548805,19.0,True,Maize.Group.PVP,PHR58,True
SAMN14256095,1,13807974000,ILLUMINA,WGS,PRJNA609577,6.0,PI 548805,19.0,True,Maize.Group.PVP,PHR58,True
SAMN14256096,1,14458586700,ILLUMINA,WGS,PRJNA609577,6.3,PI 548830,17.0,True,Maize.Group.PVP,29MIBZ2,True
SAMN14256097,1,14150734200,ILLUMINA,WGS,PRJNA609577,6.2,PI 548830,17.0,True,Maize.Group.PVP,29MIBZ2,True
SAMN14256098,1,15207986100,ILLUMINA,WGS,PRJNA609577,6.6,PI 548839,29.0,True,Maize.Group.PVP,MBUB,True
SAMN14256099,1,14754910200,ILLUMINA,WGS,PRJNA609577,6.4,PI 548839,29.0,True,Maize.Group.PVP,MBUB,True
SAMN14256100,1,14039062500,ILLUMINA,WGS,PRJNA609577,6.1,PI 554612,29.0,True,Maize.Group.PVP,LH209,True
SAMN14256101,1,13799962800,ILLUMINA,WGS,PRJNA609577,6.0,PI 554612,29.0,True,Maize.Group.PVP,LH209,True
SAMN14256102,1,15443268900,ILLUMINA,WGS,PRJNA609577,6.7,PI 555462,29.0,True,Maize.Group.PVP,F118,True
SAMN14256103,1,15772564200,ILLUMINA,WGS,PRJNA609577,6.9,PI 555462,29.0,True,Maize.Group.PVP,F118,True
SAMN14256104,1,14711546100,ILLUMINA,WGS,PRJNA609577,6.4,PI 555650,28.0,False,Maize.Group.PVP,LIBC 4,True
SAMN14256105,1,14469474000,ILLUMINA,WGS,PRJNA609577,6.3,PI 555650,28.0,False,Maize.Group.PVP,LIBC 4,True
SAMN14256106,1,15167302200,ILLUMINA,WGS,PRJNA609577,6.6,PI 555651,28.0,True,Maize.Group.PVP,83IBI3,True
SAMN14256107,1,14874141600,ILLUMINA,WGS,PRJNA609577,6.5,PI 555651,28.0,True,Maize.Group.PVP,83IBI3,True
SAMN14256108,1,13999391400,ILLUMINA,WGS,PRJNA609577,6.1,PI 555660,29.0,True,Maize.Group.PVP,LH214,True
SAMN14256109,1,13717233000,ILLUMINA,WGS,PRJNA609577,6.0,PI 555660,29.0,True,Maize.Group.PVP,LH214,True
SAMN14256110,1,16127085300,ILLUMINA,WGS,PRJNA609577,7.0,PI 559375,29.0,True,Maize.Group.PVP,LH222,True
SAMN14256111,1,15858293100,ILLUMINA,WGS,PRJNA609577,6.9,PI 559375,29.0,True,Maize.Group.PVP,LH222,True
SAMN14256112,1,14406202200,ILLUMINA,WGS,PRJNA609577,6.3,PI 559380,28.0,False,Maize.Group.PVP,ICI 193,True
SAMN14256113,1,14178184200,ILLUMINA,WGS,PRJNA609577,6.2,PI 559380,28.0,False,Maize.Group.PVP,ICI 193,True
SAMN14256114,1,14551696800,ILLUMINA,WGS,PRJNA609577,6.3,PI 559381,30.0,False,Maize.Group.PVP,ICI 441,True
SAMN14256115,1,14231110500,ILLUMINA,WGS,PRJNA609577,6.2,PI 559381,30.0,False,Maize.Group.PVP,ICI 441,True
SAMN14256116,1,14231322900,ILLUMINA,WGS,PRJNA609577,6.2,PI 559383,29.0,False,Maize.Group.PVP,ICI 893,True
SAMN14256117,1,13834423800,ILLUMINA,WGS,PRJNA609577,6.0,PI 559383,29.0,False,Maize.Group.PVP,ICI 893,True
SAMN14256118,1,13715138100,ILLUMINA,WGS,PRJNA609577,6.0,PI 559916,29.0,True,Maize.Group.PVP,CS405,True
SAMN14256119,1,14219659200,ILLUMINA,WGS,PRJNA609577,6.2,PI 559916,29.0,True,Maize.Group.PVP,CS405,True
SAMN14256127,1,14585147100,ILLUMINA,WGS,PRJNA609577,6.3,PI 559920,29.0,True,Maize.Group.PVP,OQ403,True
SAMN14256128,1,14164922100,ILLUMINA,WGS,PRJNA609577,6.2,PI 559920,29.0,True,Maize.Group.PVP,OQ403,True
SAMN14256129,1,13751100600,ILLUMINA,WGS,PRJNA609577,6.0,PI 559921,29.0,True,Maize.Group.PVP,OS602,True
SAMN14256130,1,14256060000,ILLUMINA,WGS,PRJNA609577,6.2,PI 559921,29.0,True,Maize.Group.PVP,OS602,True
SAMN14256131,1,39746160900,ILLUMINA,WGS,PRJNA609577,17.3,PI 559944,29.0,True,Maize.Group.PVP,PHP85,True
SAMN14256132,1,31401416700,ILLUMINA,WGS,PRJNA609577,13.7,PI 559945,29.0,True,Maize.Group.PVP,PHPR5,True
SAMN14256133,1,55024516500,ILLUMINA,WGS,PRJNA609577,23.9,PI 559952,29.0,True,Maize.Group.PVP,PHV53,True
SAMN14256134,1,13981546800,ILLUMINA,WGS,PRJNA609577,6.1,PI 559953,29.0,True,Maize.Group.PVP,PHVA9,True
SAMN14256135,1,13577384700,ILLUMINA,WGS,PRJNA609577,5.9,PI 559953,29.0,True,Maize.Group.PVP,PHVA9,True
SAMN14256143,1,15350803500,ILLUMINA,WGS,PRJNA609577,6.7,,,False,,,False
SAMN14256144,1,15067224900,ILLUMINA,WGS,PRJNA609577,6.6,,,False,,,False
SAMN14256145,1,15010734300,ILLUMINA,WGS,PRJNA609577,6.5,PI 595616,29.0,True,Maize.Group.PVP,ZS01250,True
SAMN14256146,1,14533826100,ILLUMINA,WGS,PRJNA609577,6.3,PI 595616,29.0,True,Maize.Group.PVP,ZS01250,True
SAMN14485169,1,14414559691,ILLUMINA,WGS,PRJNA616247,6.3,,,False,,,False
SAMN14485175,1,72060747900,ILLUMINA,WGS,PRJNA616247,31.3,,,False,,,False
SAMN14485178,1,51216241200,ILLUMINA,WGS,PRJNA616247,22.3,,,False,,,False
SAMN14485179,1,50800003800,ILLUMINA,WGS,PRJNA616247,22.1,,,False,,,False
SAMN14485183,1,57276423000,ILLUMINA,WGS,PRJNA616247,24.9,,,False,,,False
SAMN14485184,1,53902811700,ILLUMINA,WGS,PRJNA616247,23.4,,,False,,,False
SAMN14485185,1,56534231700,ILLUMINA,WGS,PRJNA616247,24.6,,,False,,,False
SAMN14485186,1,55461820500,ILLUMINA,WGS,PRJNA616247,24.1,,,False,,,False
SAMN14485187,1,53445587400,ILLUMINA,WGS,PRJNA616247,23.2,,,False,,,False
SAMN14485188,1,55686593400,ILLUMINA,WGS,PRJNA616247,24.2,,,False,,,False
SAMN14485189,1,53718666900,ILLUMINA,WGS,PRJNA616247,23.4,,,False,,,False
SAMN14485191,1,54148181100,ILLUMINA,WGS,PRJNA616247,23.5,,,False,,,False
SAMN14485192,1,56498878800,ILLUMINA,WGS,PRJNA616247,24.6,,,False,,,False
SAMN14485193,1,57133769400,ILLUMINA,WGS,PRJNA616247,24.8,,,False,,,False
SAMN14485194,1,55439710500,ILLUMINA,WGS,PRJNA616247,24.1,,,False,,,False
SAMN14485195,1,47950224000,ILLUMINA,WGS,PRJNA616247,20.8,,,False,,,False
SAMN14485197,1,52784628600,ILLUMINA,WGS,PRJNA616247,22.9,,,False,,,False
SAMN14485203,1,94196196800,ILLUMINA,WGS,PRJNA616247,41.0,,,False,,,False
SAMN14485204,1,77684307200,ILLUMINA,WGS,PRJNA616247,33.8,,,False,,,False
SAMN14485205,1,84440779600,ILLUMINA,WGS,PRJNA616247,36.7,,,False,,,False
SAMN14485206,1,89052794000,ILLUMINA,WGS,PRJNA616247,38.7,,,False,,,False
SAMN14485207,1,70531900000,ILLUMINA,WGS,PRJNA616247,30.7,,,False,,,False
SAMN14485208,1,77866833000,ILLUMINA,WGS,PRJNA616247,33.9,,,False,,,False
SAMN14485209,1,81367854800,ILLUMINA,WGS,PRJNA616247,35.4,,,False,,,False
SAMN14485210,1,74021848400,ILLUMINA,WGS,PRJNA616247,32.2,,,False,,,False
SAMN14485211,1,69159983600,ILLUMINA,WGS,PRJNA616247,30.1,,,False,,,False
SAMN14485212,1,13433281900,ILLUMINA,WGS,PRJNA616247,5.8,,,False,,,False
SAMN14485213,1,67468138200,ILLUMINA,WGS,PRJNA616247,29.3,,,False,,,False
SAMN14485214,1,72348261600,ILLUMINA,WGS,PRJNA616247,31.5,,,False,,,False
SAMN14485215,1,68424078400,ILLUMINA,WGS,PRJNA616247,29.7,,,False,,,False
SAMN14485216,1,71536451000,ILLUMINA,WGS,PRJNA616247,31.1,,,False,,,False
SAMN14485217,1,71088675600,ILLUMINA,WGS,PRJNA616247,30.9,,,False,,,False
SAMN14485218,1,76070394400,ILLUMINA,WGS,PRJNA616247,33.1,,,False,,,False
SAMN14485219,1,76660939000,ILLUMINA,WGS,PRJNA616247,33.3,,,False,,,False
SAMN14485220,1,76235196200,ILLUMINA,WGS,PRJNA616247,33.1,,,False,,,False
SAMN14485221,1,77516924000,ILLUMINA,WGS,PRJNA616247,33.7,,,False,,,False
SAMN14485222,1,73795667000,ILLUMINA,WGS,PRJNA616247,32.1,,,False,,,False
SAMN14485223,1,68606246000,ILLUMINA,WGS,PRJNA616247,29.8,,,False,,,False
SAMN14485224,1,81244831200,ILLUMINA,WGS,PRJNA616247,35.3,,,False,,,False
SAMN14485225,1,71845906800,ILLUMINA,WGS,PRJNA616247,31.2,,,False,,,False
SAMN14485226,1,95082913800,ILLUMINA,WGS,PRJNA616247,41.3,,,False,,,False
SAMN14485227,1,77960113022,ILLUMINA,WGS,PRJNA616247,33.9,,,False,,,False
SAMN14485228,1,104932756402,ILLUMINA,WGS,PRJNA616247,45.6,,,False,,,False
SAMN14485229,1,73612956600,ILLUMINA,WGS,PRJNA616247,32.0,,,False,,,False
SAMN14485230,1,82371388876,ILLUMINA,WGS,PRJNA616247,35.8,,,False,,,False
SAMN14485231,1,86262633000,ILLUMINA,WGS,PRJNA616247,37.5,,,False,,,False
SAMN14485232,1,88386039762,ILLUMINA,WGS,PRJNA616247,38.4,,,False,,,False
SAMN14485233,1,86287251144,ILLUMINA,WGS,PRJNA616247,37.5,,,False,,,False
SAMN14485234,1,86879338636,ILLUMINA,WGS,PRJNA616247,37.8,,,False,,,False
SAMN14485235,1,78313183522,ILLUMINA,WGS,PRJNA616247,34.0,,,False,,,False
SAMN14485236,1,88690558554,ILLUMINA,WGS,PRJNA616247,38.6,,,False,,,False
SAMN14485237,1,87015180400,ILLUMINA,WGS,PRJNA616247,37.8,,,False,,,False
SAMN14485238,1,84685418858,ILLUMINA,WGS,PRJNA616247,36.8,,,False,,,False
SAMN14485239,1,79382369096,ILLUMINA,WGS,PRJNA616247,34.5,,,False,,,False
SAMN14485240,1,86203314400,ILLUMINA,WGS,PRJNA616247,37.5,,,False,,,False
SAMN14485241,1,81644021794,ILLUMINA,WGS,PRJNA616247,35.5,,,False,,,False
SAMN14485242,1,76801770000,ILLUMINA,WGS,PRJNA616247,33.4,,,False,,,False
SAMN14485243,1,87528510772,ILLUMINA,WGS,PRJNA616247,38.1,,,False,,,False
SAMN14485244,1,89582840304,ILLUMINA,WGS,PRJNA616247,38.9,,,False,,,False
SAMN14485245,1,72768021600,ILLUMINA,WGS,PRJNA616247,31.6,,,False,,,False
SAMN14485246,1,84085152332,ILLUMINA,WGS,PRJNA616247,36.6,,,False,,,False
SAMN14485247,1,73057355000,ILLUMINA,WGS,PRJNA616247,31.8,,,False,,,False
SAMN14485248,1,91838358200,ILLUMINA,WGS,PRJNA616247,39.9,,,False,,,False
SAMN14485249,1,82195315600,ILLUMINA,WGS,PRJNA616247,35.7,,,False,,,False
SAMN14485250,1,76141250400,ILLUMINA,WGS,PRJNA616247,33.1,,,False,,,False
SAMN14485251,1,90833570600,ILLUMINA,WGS,PRJNA616247,39.5,,,False,,,False
SAMN14524258,1,48074871022,PACBIO_SMRT,WGS,PRJNA597914,20.9,,,False,,,False
SAMN14677559,1,16037523668,ILLUMINA,OTHER,PRJNA627610,7.0,,,False,,,False
SAMN14677574,1,14762726519,ILLUMINA,OTHER,PRJNA627610,6.4,,,False,,,False
SAMN14677575,1,18391826977,ILLUMINA,OTHER,PRJNA627610,8.0,,,False,,,False
SAMN14677576,1,23168685628,ILLUMINA,OTHER,PRJNA627610,10.1,,,False,,,False
SAMN14677577,1,21435335947,ILLUMINA,OTHER,PRJNA627610,9.3,,,False,,,False
SAMN14677578,1,15685293771,ILLUMINA,OTHER,PRJNA627610,6.8,,,False,,,False
SAMN14691542,2,830185555264,PACBIO_SMRT,WGS,PRJNA627939,361.0,PI 550473,48.0,True,Maize.Set.Inbred.Diversity.282.Plus.NAM.Parents,B73,True
SAMN14731404,1,27828504479,ILLUMINA,WGS,PRJNA628111,12.1,PI 693339,30.0,False,Maize.Set.Inbred.Diversity.282.Plus.NAM.Parents,A188,True
SAMN14731405,1,22921531174,ILLUMINA,WGS,PRJNA628111,10.0,PI 550473,48.0,True,Maize.Set.Inbred.Diversity.282.Plus.NAM.Parents,B73,True
SAMN14939514,5,446016016506,ILLUMINA,WGS,PRJNA633287,193.9,,,False,,,False
SAMN15005988,33,481943267720,ILLUMINA,WGA,PRJNA634743,209.5,,,False,,,False
SAMN15048682,1,126130682500,ILLUMINA,WGS,PRJNA635654,54.8,PI 693339,30.0,False,Maize.Set.Inbred.Diversity.282.Plus.NAM.Parents,A188,True
SAMN15048683,1,60053463250,ILLUMINA,WGS,PRJNA635654,26.1,PI 693339,30.0,False,Maize.Set.Inbred.Diversity.282.Plus.NAM.Parents,A188,True
SAMN15048684,1,61933787500,ILLUMINA,WGS,PRJNA635654,26.9,PI 693339,30.0,False,Maize.Set.Inbred.Diversity.282.Plus.NAM.Parents,A188,True
SAMN15048685,1,121922679000,ILLUMINA,WGS,PRJNA635654,53.0,,,False,,,False
SAMN15075260,2,41211314622,ILLUMINA,WGS,PRJNA636370,17.9,,,False,,,False
SAMN15075261,2,42855228776,ILLUMINA,WGS,PRJNA636370,18.6,,,False,,,False
SAMN15075262,2,45173184567,ILLUMINA,WGS,PRJNA636370,19.6,,,False,,,False
SAMN15183466,1,34352611500,ILLUMINA,WGS,PRJNA638210,14.9,,,False,,,False
SAMN15183467,1,28338031800,ILLUMINA,WGS,PRJNA638210,12.3,PI 558532,46.0,True,Maize.Set.Inbred.Diversity.282.Plus.NAM.Parents,Mo17,True
SAMN15369407,1,59502218156,ILLUMINA,WGA,PRJNA641879,25.9,,,False,,,False
SAMN15369408,1,58107844302,ILLUMINA,WGA,PRJNA641879,25.3,,,False,,,False
SAMN15369409,1,78354498418,ILLUMINA,WGA,PRJNA641879,34.1,,,False,,,False
SAMN15369410,1,80665031218,ILLUMINA,WGA,PRJNA641879,35.1,,,False,,,False
SAMN15437930,9,104312027090,OXFORD_NANOPORE,WGS,PRJNA599961,45.4,,,False,,,False
SAMN15437931,8,125278085986,OXFORD_NANOPORE,WGS,PRJNA599961,54.5,,,False,,,False
SAMN15464375,2,144045490095,BGISEQ;OXFORD_NANOPORE,WGS,PRJNA644582,62.6,,,False,,,False
SAMN15464376,1,82045911110,OXFORD_NANOPORE,WGS,PRJNA644582,35.7,,,False,,,False
SAMN15464377,2,149650767963,BGISEQ;OXFORD_NANOPORE,WGS,PRJNA644582,65.1,,,False,,,False
SAMN15464378,2,138501418637,BGISEQ;OXFORD_NANOPORE,WGS,PRJNA644582,60.2,,,False,,,False
SAMN15464379,2,130577096293,BGISEQ;OXFORD_NANOPORE,WGS,PRJNA644582,56.8,,,False,,,False
SAMN15464380,2,141755495362,BGISEQ;OXFORD_NANOPORE,WGS,PRJNA644582,61.6,,,False,,,False
SAMN15464381,2,141373131508,BGISEQ;OXFORD_NANOPORE,WGS,PRJNA644582,61.5,,,False,,,False
SAMN15464382,2,143519761141,BGISEQ;OXFORD_NANOPORE,WGS,PRJNA644582,62.4,,,False,,,False
SAMN15464383,2,142479919586,BGISEQ;OXFORD_NANOPORE,WGS,PRJNA644582,61.9,,,False,,,False
SAMN15464384,2,133122324701,BGISEQ;OXFORD_NANOPORE,WGS,PRJNA644582,57.9,,,False,,,False
SAMN15464385,2,132953456514,BGISEQ;OXFORD_NANOPORE,WGS,PRJNA644582,57.8,,,False,,,False
SAMN15464386,2,136918390201,BGISEQ;OXFORD_NANOPORE,WGS,PRJNA644582,59.5,,,False,,,False
SAMN15464387,2,137541124032,BGISEQ;OXFORD_NANOPORE,WGS,PRJNA644582,59.8,Ames 17681,,False,,,True
SAMN15464388,1,65449169088,OXFORD_NANOPORE,WGS,PRJNA644582,28.5,,,False,,,False
SAMN15464389,2,134890803542,BGISEQ;OXFORD_NANOPORE,WGS,PRJNA644582,58.6,,,False,,,False
SAMN15464390,2,139633585212,BGISEQ;OXFORD_NANOPORE,WGS,PRJNA644582,60.7,,,False,,,False
SAMN15464391,2,155940695278,BGISEQ;OXFORD_NANOPORE,WGS,PRJNA644582,67.8,,,False,,,False
SAMN15464392,2,149705021099,BGISEQ;OXFORD_NANOPORE,WGS,PRJNA644582,65.1,,,False,,,False
SAMN15464393,2,153222913312,BGISEQ;OXFORD_NANOPORE,WGS,PRJNA644582,66.6,,,False,,,False
SAMN15464394,2,141564148887,BGISEQ;OXFORD_NANOPORE,WGS,PRJNA644582,61.5,,,False,,,False
SAMN15464395,2,139409628408,BGISEQ;OXFORD_NANOPORE,WGS,PRJNA644582,60.6,,,False,,,False
SAMN15464396,1,69562532548,OXFORD_NANOPORE,WGS,PRJNA644582,30.2,,,False,,,False
SAMN15464397,2,135630296262,BGISEQ;OXFORD_NANOPORE,WGS,PRJNA644582,59.0,,,False,,,False
SAMN15464398,2,129016695101,BGISEQ;OXFORD_NANOPORE,WGS,PRJNA644582,56.1,PI 587139,40.0,True,Maize.Set.Inbred.Diversity.282.Plus.NAM.Parents,A619,True
SAMN15464399,1,68894601239,OXFORD_NANOPORE,WGS,PRJNA644582,30.0,PI 550490,28.0,False,Maize.Set.Inbred.Diversity.282.Plus.NAM.Parents,ND246,True
SAMN15464400,2,139305611475,BGISEQ;OXFORD_NANOPORE,WGS,PRJNA644582,60.6,PI 587124,38.0,True,Maize.Set.Inbred.Diversity.282.Plus.NAM.Parents,CM105,True
SAMN15464401,2,144607997402,BGISEQ;OXFORD_NANOPORE,WGS,PRJNA644582,62.9,PI 587155,35.0,False,Maize.Group.Ames.Panel.2010,W182BN,True
SAMN15464402,2,186940800423,BGISEQ;OXFORD_NANOPORE,WGS,PRJNA644582,81.3,,,False,,,False
SAMN15464403,2,141019702763,BGISEQ;OXFORD_NANOPORE,WGS,PRJNA644582,61.3,,,False,,,False
SAMN15464404,2,132254235946,BGISEQ;OXFORD_NANOPORE,WGS,PRJNA644582,57.5,,,False,,,False
SAMN15464405,1,65447050296,OXFORD_NANOPORE,WGS,PRJNA644582,28.5,,,False,,,False
SAMN15464406,2,168325901791,BGISEQ;OXFORD_NANOPORE,WGS,PRJNA644582,73.2,,,False,,,False
SAMN15464407,2,131044126658,BGISEQ;OXFORD_NANOPORE,WGS,PRJNA644582,57.0,,,False,,,False
SAMN15464408,2,161844941956,BGISEQ;OXFORD_NANOPORE,WGS,PRJNA644582,70.4,,,False,,,False
SAMN15464409,2,151807923264,BGISEQ;OXFORD_NANOPORE,WGS,PRJNA644582,66.0,,,False,,,False
SAMN15464410,2,150958327215,BGISEQ;OXFORD_NANOPORE,WGS,PRJNA644582,65.6,,,False,,,False
SAMN15464411,2,128671913696,BGISEQ;OXFORD_NANOPORE,WGS,PRJNA644582,55.9,,,False,,,False
SAMN15464412,2,135111499831,BGISEQ;OXFORD_NANOPORE,WGS,PRJNA644582,58.7,,,False,,,False
SAMN15464413,2,153644226720,BGISEQ;OXFORD_NANOPORE,WGS,PRJNA644582,66.8,,,False,,,False
SAMN15464414,2,140063351287,BGISEQ;OXFORD_NANOPORE,WGS,PRJNA644582,60.9,,,False,,,False
SAMN15464415,2,134070242204,BGISEQ;OXFORD_NANOPORE,WGS,PRJNA644582,58.3,,,False,,,False
SAMN15464416,2,135283249122,BGISEQ;OXFORD_NANOPORE,WGS,PRJNA644582,58.8,,,False,,,False
SAMN15464417,2,140083632305,BGISEQ;OXFORD_NANOPORE,WGS,PRJNA644582,60.9,,,False,,,False
SAMN15464418,2,138910923938,BGISEQ;OXFORD_NANOPORE,WGS,PRJNA644582,60.4,,,False,,,False
SAMN15464419,2,152306910536,BGISEQ;OXFORD_NANOPORE,WGS,PRJNA644582,66.2,,,False,,,False
SAMN15464420,2,138513787790,BGISEQ;OXFORD_NANOPORE,WGS,PRJNA644582,60.2,,,False,,,False
SAMN15464421,2,141059179803,BGISEQ;OXFORD_NANOPORE,WGS,PRJNA644582,61.3,,,False,,,False
SAMN15464422,2,182324003785,BGISEQ;OXFORD_NANOPORE,WGS,PRJNA644582,79.3,,,False,,,False
SAMN15464423,2,147626847756,BGISEQ;OXFORD_NANOPORE,WGS,PRJNA644582,64.2,,,False,,,False
SAMN15464424,2,153368621798,BGISEQ;OXFORD_NANOPORE,WGS,PRJNA644582,66.7,,,False,,,False
SAMN15464425,2,137089788806,BGISEQ;OXFORD_NANOPORE,WGS,PRJNA644582,59.6,,,False,,,False
SAMN15464426,2,135926699491,BGISEQ;OXFORD_NANOPORE,WGS,PRJNA644582,59.1,,,False,,,False
SAMN15464427,2,138705352317,BGISEQ;OXFORD_NANOPORE,WGS,PRJNA644582,60.3,,,False,,,False
SAMN15464428,2,129369129298,BGISEQ;OXFORD_NANOPORE,WGS,PRJNA644582,56.2,PI 601360,31.0,True,Maize.Group.PVP,LH52,True
SAMN15464429,2,128369952324,BGISEQ;OXFORD_NANOPORE,WGS,PRJNA644582,55.8,PI 601026,35.0,True,Maize.Group.PVP,F42,True
SAMN15464430,2,175626439114,BGISEQ;OXFORD_NANOPORE,WGS,PRJNA644582,76.4,,,False,,,False
SAMN15464431,2,151114279391,BGISEQ;OXFORD_NANOPORE,WGS,PRJNA644582,65.7,PI 601319,33.0,False,Maize.Group.PVP,PHG72,True
SAMN15464432,1,126314921658,OXFORD_NANOPORE,WGS,PRJNA644582,54.9,PI 539920,20.0,True,Maize.Group.PVP,LH160,True
SAMN15464433,2,142808584849,BGISEQ;OXFORD_NANOPORE,WGS,PRJNA644582,62.1,PI 601467,31.0,False,Maize.Group.PVP,PHK05,True
SAMN15464434,2,156864071589,BGISEQ;OXFORD_NANOPORE,WGS,PRJNA644582,68.2,PI 601469,31.0,False,Maize.Group.PVP,PHR25,True
SAMN15464435,2,150245355664,BGISEQ;OXFORD_NANOPORE,WGS,PRJNA644582,65.3,PI 601190,34.0,False,Maize.Group.PVP,Q381,True
SAMN15464436,2,130993418094,BGISEQ;OXFORD_NANOPORE,WGS,PRJNA644582,57.0,PI 601495,31.0,False,Maize.Group.PVP,PHK42,True
SAMN15464437,2,132092519165,BGISEQ;OXFORD_NANOPORE,WGS,PRJNA644582,57.4,PI 601498,30.0,True,Maize.Group.PVP,PHT55,True
SAMN15464438,2,132591870881,BGISEQ;OXFORD_NANOPORE,WGS,PRJNA644582,57.6,PI 601567,31.0,True,Maize.Group.PVP,PHH93,True
SAMN15464439,2,136409113990,BGISEQ;OXFORD_NANOPORE,WGS,PRJNA644582,59.3,PI 601570,20.0,True,Maize.Group.PVP,PHP02,True
SAMN15464440,2,162654076755,BGISEQ;OXFORD_NANOPORE,WGS,PRJNA644582,70.7,,,False,,,False
SAMN15464441,2,135281913458,BGISEQ;OXFORD_NANOPORE,WGS,PRJNA644582,58.8,PI 601493,30.0,True,Maize.Group.PVP,LH149,True
SAMN15464442,2,189939389679,BGISEQ;OXFORD_NANOPORE,WGS,PRJNA644582,82.6,,,False,,,False
SAMN15464443,2,138595637688,BGISEQ;OXFORD_NANOPORE,WGS,PRJNA644582,60.3,PI 600959,36.0,False,Maize.Group.PVP,LH145,True
SAMN15464444,2,146577098840,BGISEQ;OXFORD_NANOPORE,WGS,PRJNA644582,63.7,PI 539921,30.0,True,Maize.Group.PVP,LH162,True
SAMN15464445,1,80562414426,OXFORD_NANOPORE,WGS,PRJNA644582,35.0,PI 539930,29.0,False,Maize.Group.PVP,RS 710,True
SAMN15464446,2,158967846139,BGISEQ;OXFORD_NANOPORE,WGS,PRJNA644582,69.1,PI 548830,17.0,True,Maize.Group.PVP,29MIBZ2,True
SAMN15464447,2,130654419262,BGISEQ;OXFORD_NANOPORE,WGS,PRJNA644582,56.8,PI 554616,29.0,True,Maize.Group.PVP,3IBZ2,True
SAMN15464448,2,136323229526,BGISEQ;OXFORD_NANOPORE,WGS,PRJNA644582,59.3,PI 555650,28.0,False,Maize.Group.PVP,LIBC 4,True
SAMN15464449,2,136352323901,BGISEQ;OXFORD_NANOPORE,WGS,PRJNA644582,59.3,PI 559949,30.0,False,Maize.Group.PVP,PHT69,True
SAMN15464450,2,140743390875,BGISEQ;OXFORD_NANOPORE,WGS,PRJNA644582,61.2,,,False,,,False
SAMN15464451,2,127267031159,BGISEQ;OXFORD_NANOPORE,WGS,PRJNA644582,55.3,PI 601080,35.0,False,Maize.Group.PVP,CR1HT,True
SAMN15464452,1,77520909416,OXFORD_NANOPORE,WGS,PRJNA644582,33.7,PI 601209,34.0,False,Maize.Group.PVP,MBNA,True
SAMN15464453,2,145377104974,BGISEQ;OXFORD_NANOPORE,WGS,PRJNA644582,63.2,,,False,,,False
SAMN15464454,2,138915693703,BGISEQ;OXFORD_NANOPORE,WGS,PRJNA644582,60.4,PI 601458,30.0,True,Maize.Group.PVP,IBB15,True
SAMN15464455,2,160734152175,BGISEQ;OXFORD_NANOPORE,WGS,PRJNA644582,69.9,PI 601569,30.0,False,Maize.Group.PVP,PHN47,True
SAMN15464456,2,130532340516,BGISEQ;OXFORD_NANOPORE,WGS,PRJNA644582,56.8,PI 601583,29.0,True,Maize.Group.PVP,NS501,True
SAMN15464457,2,131713040204,BGISEQ;OXFORD_NANOPORE,WGS,PRJNA644582,57.3,PI 601611,30.0,False,Maize.Group.PVP,S8324,True
SAMN15464458,2,138657936673,BGISEQ;OXFORD_NANOPORE,WGS,PRJNA644582,60.3,,,False,,,False
SAMN15464459,2,139253225035,BGISEQ;OXFORD_NANOPORE,WGS,PRJNA644582,60.5,PI 601683,21.0,False,Maize.Group.PVP,CR14,True
SAMN15464460,2,142610987287,BGISEQ;OXFORD_NANOPORE,WGS,PRJNA644582,62.0,PI 601689,30.0,False,Maize.Group.PVP,WIL500,True
SAMN15464461,2,142199814567,BGISEQ;OXFORD_NANOPORE,WGS,PRJNA644582,61.8,PI 601726,30.0,False,Maize.Group.PVP,L 127,True
SAMN15464462,2,127898854040,BGISEQ;OXFORD_NANOPORE,WGS,PRJNA644582,55.6,PI 601727,30.0,False,Maize.Group.PVP,L 135,True
SAMN15464463,1,63533825074,OXFORD_NANOPORE,WGS,PRJNA644582,27.6,PI 601781,31.0,True,Maize.Group.PVP,PHN37,True
SAMN15464464,2,162375100791,BGISEQ;OXFORD_NANOPORE,WGS,PRJNA644582,70.6,PI 601785,30.0,False,Maize.Group.PVP,PHP60,True
SAMN15464465,2,134329099621,BGISEQ;OXFORD_NANOPORE,WGS,PRJNA644582,58.4,PI 369438,20.0,False,Maize.Group.Ames.Panel.2010,K 10,True
SAMN15464466,2,132404186050,BGISEQ;OXFORD_NANOPORE,WGS,PRJNA644582,57.6,,,False,,,False
SAMN15464467,2,145959742760,BGISEQ;OXFORD_NANOPORE,WGS,PRJNA644582,63.5,PI 550473,48.0,True,Maize.Set.Inbred.Diversity.282.Plus.NAM.Parents,B73,True
SAMN15464468,2,130885258826,BGISEQ;OXFORD_NANOPORE,WGS,PRJNA644582,56.9,PI 558532,46.0,True,Maize.Set.Inbred.Diversity.282.Plus.NAM.Parents,Mo17,True
SAMN15464469,1,82403578591,OXFORD_NANOPORE,WGS,PRJNA644582,35.8,PI 535916,7.0,False,Maize.Group.Ames.Panel.2010,S 37,True
SAMN15464470,2,126414405037,BGISEQ;OXFORD_NANOPORE,WGS,PRJNA644582,55.0,,,False,,,False
SAMN15464471,2,149895653024,BGISEQ;OXFORD_NANOPORE,WGS,PRJNA644582,65.2,PI 690320,29.0,False,Maize.Set.Inbred.Diversity.282.Plus.NAM.Parents,CML 228,True
SAMN15464472,2,157388459113,BGISEQ;OXFORD_NANOPORE,WGS,PRJNA644582,68.4,,,False,,,False
SAMN15464473,2,139563188301,BGISEQ;OXFORD_NANOPORE,WGS,PRJNA644582,60.7,,,False,,,False
SAMN15464474,2,137078890714,BGISEQ;OXFORD_NANOPORE,WGS,PRJNA644582,59.6,,,False,,,False
SAMN15464475,2,126739712920,BGISEQ;OXFORD_NANOPORE,WGS,PRJNA644582,55.1,,,False,,,False
SAMN15464476,2,150052211160,BGISEQ;OXFORD_NANOPORE,WGS,PRJNA644582,65.2,,,False,,,False
SAMN15464477,2,180027455439,BGISEQ;OXFORD_NANOPORE,WGS,PRJNA644582,78.3,,,False,,,False
SAMN15464478,2,154735146009,BGISEQ;OXFORD_NANOPORE,WGS,PRJNA644582,67.3,,,False,,,False
SAMN15464479,2,207157149679,BGISEQ;OXFORD_NANOPORE,WGS,PRJNA644582,90.1,,,False,,,False
SAMN15464480,2,145207539147,BGISEQ;OXFORD_NANOPORE,WGS,PRJNA644582,63.1,,,False,,,False
SAMN15464481,2,151278422561,BGISEQ;OXFORD_NANOPORE,WGS,PRJNA644582,65.8,,,False,,,False
SAMN15464482,2,171216103020,BGISEQ;OXFORD_NANOPORE,WGS,PRJNA644582,74.4,,,False,,,False
SAMN15464483,2,162612650864,BGISEQ;OXFORD_NANOPORE,WGS,PRJNA644582,70.7,,,False,,,False
SAMN15464484,2,193606580536,BGISEQ;OXFORD_NANOPORE,WGS,PRJNA644582,84.2,,,False,,,False
SAMN15464485,2,175846349227,BGISEQ;OXFORD_NANOPORE,WGS,PRJNA644582,76.5,,,False,,,False
SAMN15464486,1,67738748208,OXFORD_NANOPORE,WGS,PRJNA644582,29.5,,,False,,,False
SAMN15464487,2,182059752308,BGISEQ;OXFORD_NANOPORE,WGS,PRJNA644582,79.2,,,False,,,False
SAMN15515364,1,78903051600,ILLUMINA,WGS,PRJNA641489,34.3,,,False,,,False
SAMN15515365,1,64858188300,ILLUMINA,WGS,PRJNA641489,28.2,,,False,,,False
SAMN15515366,1,64486036200,ILLUMINA,WGS,PRJNA641489,28.0,,,False,,,False
SAMN15515367,1,78915922200,ILLUMINA,WGS,PRJNA641489,34.3,,,False,,,False
SAMN15515368,1,74929536000,ILLUMINA,WGS,PRJNA641489,32.6,,,False,,,False
SAMN15515369,1,75495396600,ILLUMINA,WGS,PRJNA641489,32.8,,,False,,,False
SAMN15515370,1,60982287300,ILLUMINA,WGS,PRJNA641489,26.5,,,False,,,False
SAMN15515371,1,43625274300,ILLUMINA,WGS,PRJNA641489,19.0,,,False,,,False
SAMN15515372,1,69000680100,ILLUMINA,WGS,PRJNA641489,30.0,,,False,,,False
SAMN15515373,1,68068715400,ILLUMINA,WGS,PRJNA641489,29.6,,,False,,,False
SAMN15515374,1,62809126500,ILLUMINA,WGS,PRJNA641489,27.3,,,False,,,False
SAMN15515375,1,61520769000,ILLUMINA,WGS,PRJNA641489,26.7,,,False,,,False
SAMN15515376,1,59404541400,ILLUMINA,WGS,PRJNA641489,25.8,,,False,,,False
SAMN15515377,1,65121066300,ILLUMINA,WGS,PRJNA641489,28.3,,,False,,,False
SAMN15515378,1,66946354500,ILLUMINA,WGS,PRJNA641489,29.1,,,False,,,False
SAMN15515379,1,59364790800,ILLUMINA,WGS,PRJNA641489,25.8,,,False,,,False
SAMN15515380,1,58779036300,ILLUMINA,WGS,PRJNA641489,25.6,,,False,,,False
SAMN15515381,1,64430993100,ILLUMINA,WGS,PRJNA641489,28.0,,,False,,,False
SAMN15515382,1,41533138200,ILLUMINA,WGS,PRJNA641489,18.1,,,False,,,False
SAMN15515383,1,67350406800,ILLUMINA,WGS,PRJNA641489,29.3,,,False,,,False
SAMN15515384,1,65094909300,ILLUMINA,WGS,PRJNA641489,28.3,,,False,,,False
SAMN15515385,1,63578262600,ILLUMINA,WGS,PRJNA641489,27.6,,,False,,,False
SAMN15515386,1,59680820100,ILLUMINA,WGS,PRJNA641489,25.9,,,False,,,False
SAMN15515387,1,59923109700,ILLUMINA,WGS,PRJNA641489,26.1,,,False,,,False
SAMN15515388,1,58826024100,ILLUMINA,WGS,PRJNA641489,25.6,,,False,,,False
SAMN15515389,1,55700323500,ILLUMINA,WGS,PRJNA641489,24.2,,,False,,,False
SAMN15515390,1,59702919900,ILLUMINA,WGS,PRJNA641489,26.0,,,False,,,False
SAMN15515391,1,60061313400,ILLUMINA,WGS,PRJNA641489,26.1,,,False,,,False
SAMN15515392,1,60084513000,ILLUMINA,WGS,PRJNA641489,26.1,,,False,,,False
SAMN15515393,1,67829891100,ILLUMINA,WGS,PRJNA641489,29.5,,,False,,,False
SAMN15515394,1,63435864600,ILLUMINA,WGS,PRJNA641489,27.6,,,False,,,False
SAMN15515395,1,55766439600,ILLUMINA,WGS,PRJNA641489,24.2,,,False,,,False
SAMN15515396,1,57638628300,ILLUMINA,WGS,PRJNA641489,25.1,,,False,,,False
SAMN15515397,1,69829191376,ILLUMINA,WGS,PRJNA641489,30.4,,,False,,,False
SAMN15515398,1,61346705070,ILLUMINA,WGS,PRJNA641489,26.7,,,False,,,False
SAMN15515399,1,73827421320,ILLUMINA,WGS,PRJNA641489,32.1,,,False,,,False
SAMN15515400,1,63733191600,ILLUMINA,WGS,PRJNA641489,27.7,,,False,,,False
SAMN15515401,1,63290038528,ILLUMINA,WGS,PRJNA641489,27.5,,,False,,,False
SAMN15515402,1,64876653814,ILLUMINA,WGS,PRJNA641489,28.2,,,False,,,False
SAMN15515403,1,57482616580,ILLUMINA,WGS,PRJNA641489,25.0,,,False,,,False
SAMN15515404,1,64619041472,ILLUMINA,WGS,PRJNA641489,28.1,,,False,,,False
SAMN15515405,1,65208776200,ILLUMINA,WGS,PRJNA641489,28.4,,,False,,,False
SAMN15515406,1,62434140026,ILLUMINA,WGS,PRJNA641489,27.1,,,False,,,False
SAMN15515407,1,61302227718,ILLUMINA,WGS,PRJNA641489,26.7,,,False,,,False
SAMN15515408,1,58478725830,ILLUMINA,WGS,PRJNA641489,25.4,,,False,,,False
SAMN15515409,1,60819772450,ILLUMINA,WGS,PRJNA641489,26.4,,,False,,,False
SAMN15515410,1,63763969846,ILLUMINA,WGS,PRJNA641489,27.7,,,False,,,False
SAMN15515411,1,57349989052,ILLUMINA,WGS,PRJNA641489,24.9,,,False,,,False
SAMN15515412,1,58100081250,ILLUMINA,WGS,PRJNA641489,25.3,,,False,,,False
SAMN15515413,1,61405727044,ILLUMINA,WGS,PRJNA641489,26.7,,,False,,,False
SAMN15515414,1,70098341024,ILLUMINA,WGS,PRJNA641489,30.5,,,False,,,False
SAMN15515415,1,58384432370,ILLUMINA,WGS,PRJNA641489,25.4,,,False,,,False
SAMN15515416,1,64807418502,ILLUMINA,WGS,PRJNA641489,28.2,,,False,,,False
SAMN15515417,1,59777574678,ILLUMINA,WGS,PRJNA641489,26.0,,,False,,,False
SAMN15515418,1,72319537132,ILLUMINA,WGS,PRJNA641489,31.4,,,False,,,False
SAMN15515419,1,58897929916,ILLUMINA,WGS,PRJNA641489,25.6,,,False,,,False
SAMN15515420,1,55838875578,ILLUMINA,WGS,PRJNA641489,24.3,,,False,,,False
SAMN15515421,1,60625372800,ILLUMINA,WGS,PRJNA641489,26.4,,,False,,,False
SAMN15515422,1,69312090600,ILLUMINA,WGS,PRJNA641489,30.1,,,False,,,False
SAMN15515423,1,66392249700,ILLUMINA,WGS,PRJNA641489,28.9,,,False,,,False
SAMN15515424,1,63739512980,ILLUMINA,WGS,PRJNA641489,27.7,,,False,,,False
SAMN15515425,1,64985444784,ILLUMINA,WGS,PRJNA641489,28.3,,,False,,,False
SAMN15515426,1,64668716546,ILLUMINA,WGS,PRJNA641489,28.1,,,False,,,False
SAMN15515427,1,59039489094,ILLUMINA,WGS,PRJNA641489,25.7,,,False,,,False
SAMN15515428,1,57794581674,ILLUMINA,WGS,PRJNA641489,25.1,,,False,,,False
SAMN15515429,1,73255607574,ILLUMINA,WGS,PRJNA641489,31.9,,,False,,,False
SAMN15515430,1,85341047500,ILLUMINA,WGS,PRJNA641489,37.1,,,False,,,False
SAMN15515431,1,64449197700,ILLUMINA,WGS,PRJNA641489,28.0,,,False,,,False
SAMN15515432,1,62986487100,ILLUMINA,WGS,PRJNA641489,27.4,,,False,,,False
SAMN15515433,1,58088810700,ILLUMINA,WGS,PRJNA641489,25.3,,,False,,,False
SAMN15515434,1,58396790400,ILLUMINA,WGS,PRJNA641489,25.4,,,False,,,False
SAMN15515435,1,60301144500,ILLUMINA,WGS,PRJNA641489,26.2,,,False,,,False
SAMN15515436,1,61799554200,ILLUMINA,WGS,PRJNA641489,26.9,,,False,,,False
SAMN15515437,1,56662875000,ILLUMINA,WGS,PRJNA641489,24.6,,,False,,,False
SAMN15515438,1,64823406600,ILLUMINA,WGS,PRJNA641489,28.2,,,False,,,False
SAMN15515439,1,61090861800,ILLUMINA,WGS,PRJNA641489,26.6,,,False,,,False
SAMN15515440,1,63760473000,ILLUMINA,WGS,PRJNA641489,27.7,,,False,,,False
SAMN15515441,1,66956690100,ILLUMINA,WGS,PRJNA641489,29.1,,,False,,,False
SAMN15515442,1,66418190700,ILLUMINA,WGS,PRJNA641489,28.9,,,False,,,False
SAMN15515443,1,58013136300,ILLUMINA,WGS,PRJNA641489,25.2,,,False,,,False
SAMN15515444,1,66512929200,ILLUMINA,WGS,PRJNA641489,28.9,,,False,,,False
SAMN15515445,1,61958959800,ILLUMINA,WGS,PRJNA641489,26.9,,,False,,,False
SAMN15515446,1,63979690800,ILLUMINA,WGS,PRJNA641489,27.8,,,False,,,False
SAMN15515447,1,68232684600,ILLUMINA,WGS,PRJNA641489,29.7,,,False,,,False
SAMN15515448,1,65579139000,ILLUMINA,WGS,PRJNA641489,28.5,,,False,,,False
SAMN15515449,1,58015269000,ILLUMINA,WGS,PRJNA641489,25.2,,,False,,,False
SAMN15515450,1,77455289700,ILLUMINA,WGS,PRJNA641489,33.7,,,False,,,False
SAMN15515451,1,64729244700,ILLUMINA,WGS,PRJNA641489,28.1,,,False,,,False
SAMN15515452,1,61396828800,ILLUMINA,WGS,PRJNA641489,26.7,,,False,,,False
SAMN15515453,1,67070919000,ILLUMINA,WGS,PRJNA641489,29.2,,,False,,,False
SAMN15515454,1,70002290100,ILLUMINA,WGS,PRJNA641489,30.4,,,False,,,False
SAMN15515455,1,63756338400,ILLUMINA,WGS,PRJNA641489,27.7,,,False,,,False
SAMN15515456,1,65574359700,ILLUMINA,WGS,PRJNA641489,28.5,,,False,,,False
SAMN15515457,1,63377269200,ILLUMINA,WGS,PRJNA641489,27.6,,,False,,,False
SAMN15515458,1,57283801200,ILLUMINA,WGS,PRJNA641489,24.9,,,False,,,False
SAMN15515459,1,62310771600,ILLUMINA,WGS,PRJNA641489,27.1,,,False,,,False
SAMN15515460,1,66839922000,ILLUMINA,WGS,PRJNA641489,29.1,,,False,,,False
SAMN15515461,1,67875092100,ILLUMINA,WGS,PRJNA641489,29.5,,,False,,,False
SAMN15515462,1,60656523900,ILLUMINA,WGS,PRJNA641489,26.4,,,False,,,False
SAMN15515463,1,59780322300,ILLUMINA,WGS,PRJNA641489,26.0,,,False,,,False
SAMN15515464,1,59482808100,ILLUMINA,WGS,PRJNA641489,25.9,,,False,,,False
SAMN15515465,1,67575949800,ILLUMINA,WGS,PRJNA641489,29.4,,,False,,,False
SAMN15515466,1,76604712000,ILLUMINA,WGS,PRJNA641489,33.3,,,False,,,False
SAMN15515467,1,83084605500,ILLUMINA,WGS,PRJNA641489,36.1,,,False,,,False
SAMN15515468,1,58440531300,ILLUMINA,WGS,PRJNA641489,25.4,,,False,,,False
SAMN15515469,1,68356169100,ILLUMINA,WGS,PRJNA641489,29.7,,,False,,,False
SAMN15515470,1,68308420200,ILLUMINA,WGS,PRJNA641489,29.7,,,False,,,False
SAMN15515471,1,68532546600,ILLUMINA,WGS,PRJNA641489,29.8,,,False,,,False
SAMN15515472,1,52842208500,ILLUMINA,WGS,PRJNA641489,23.0,,,False,,,False
SAMN15515473,1,56863185600,ILLUMINA,WGS,PRJNA641489,24.7,,,False,,,False
SAMN15515474,1,59889566400,ILLUMINA,WGS,PRJNA641489,26.0,,,False,,,False
SAMN15515475,1,54866998800,ILLUMINA,WGS,PRJNA641489,23.9,,,False,,,False
SAMN15515476,1,64217332800,ILLUMINA,WGS,PRJNA641489,27.9,,,False,,,False
SAMN15515477,1,68169774300,ILLUMINA,WGS,PRJNA641489,29.6,,,False,,,False
SAMN15515478,1,57815244000,ILLUMINA,WGS,PRJNA641489,25.1,,,False,,,False
SAMN15515479,1,71314158300,ILLUMINA,WGS,PRJNA641489,31.0,,,False,,,False
SAMN15515480,1,56642043000,ILLUMINA,WGS,PRJNA641489,24.6,,,False,,,False
SAMN15515481,1,63613763100,ILLUMINA,WGS,PRJNA641489,27.7,,,False,,,False
SAMN15515482,1,47091611100,ILLUMINA,WGS,PRJNA641489,20.5,,,False,,,False
SAMN15515483,1,51903346200,ILLUMINA,WGS,PRJNA641489,22.6,,,False,,,False
SAMN15515484,1,59977274100,ILLUMINA,WGS,PRJNA641489,26.1,,,False,,,False
SAMN15515485,1,65614087500,ILLUMINA,WGS,PRJNA641489,28.5,,,False,,,False
SAMN15515486,1,83391124200,ILLUMINA,WGS,PRJNA641489,36.3,,,False,,,False
SAMN15515487,1,56917358700,ILLUMINA,WGS,PRJNA641489,24.7,,,False,,,False
SAMN15515488,1,45641153100,ILLUMINA,WGS,PRJNA641489,19.8,,,False,,,False
SAMN15515489,1,48329103600,ILLUMINA,WGS,PRJNA641489,21.0,,,False,,,False
SAMN15515490,1,57039993600,ILLUMINA,WGS,PRJNA641489,24.8,,,False,,,False
SAMN15515491,1,72035696100,ILLUMINA,WGS,PRJNA641489,31.3,,,False,,,False
SAMN15515492,1,68376033900,ILLUMINA,WGS,PRJNA641489,29.7,,,False,,,False
SAMN15515493,1,66939467100,ILLUMINA,WGS,PRJNA641489,29.1,,,False,,,False
SAMN15515494,1,61485787200,ILLUMINA,WGS,PRJNA641489,26.7,,,False,,,False
SAMN15515495,1,53284927200,ILLUMINA,WGS,PRJNA641489,23.2,,,False,,,False
SAMN15515496,1,64923812614,ILLUMINA,WGS,PRJNA641489,28.2,,,False,,,False
SAMN15515497,1,64101614522,ILLUMINA,WGS,PRJNA641489,27.9,,,False,,,False
SAMN15515498,1,63449659360,ILLUMINA,WGS,PRJNA641489,27.6,,,False,,,False
SAMN15515499,1,68950331398,ILLUMINA,WGS,PRJNA641489,30.0,,,False,,,False
SAMN15515500,1,57242294100,ILLUMINA,WGS,PRJNA641489,24.9,,,False,,,False
SAMN15515501,1,61915434300,ILLUMINA,WGS,PRJNA641489,26.9,,,False,,,False
SAMN15515502,1,64799279100,ILLUMINA,WGS,PRJNA641489,28.2,,,False,,,False
SAMN15515503,1,60682414200,ILLUMINA,WGS,PRJNA641489,26.4,,,False,,,False
SAMN15515504,1,65159660700,ILLUMINA,WGS,PRJNA641489,28.3,,,False,,,False
SAMN15515505,1,61348157400,ILLUMINA,WGS,PRJNA641489,26.7,,,False,,,False
SAMN15515506,1,65084538600,ILLUMINA,WGS,PRJNA641489,28.3,,,False,,,False
SAMN15515507,1,61439611800,ILLUMINA,WGS,PRJNA641489,26.7,,,False,,,False
SAMN15515508,1,64614565800,ILLUMINA,WGS,PRJNA641489,28.1,,,False,,,False
SAMN15515509,1,66666009600,ILLUMINA,WGS,PRJNA641489,29.0,,,False,,,False
SAMN15515510,1,50864802600,ILLUMINA,WGS,PRJNA641489,22.1,,,False,,,False
SAMN15515511,1,64606629600,ILLUMINA,WGS,PRJNA641489,28.1,,,False,,,False
SAMN15515512,1,32048787000,ILLUMINA,WGS,PRJNA641489,13.9,,,False,,,False
SAMN15515513,1,25222389600,ILLUMINA,WGS,PRJNA641489,11.0,,,False,,,False
SAMN15515514,1,80733326400,ILLUMINA,WGS,PRJNA641489,35.1,,,False,,,False
SAMN15515515,1,64010667300,ILLUMINA,WGS,PRJNA641489,27.8,,,False,,,False
SAMN15515516,1,53959659600,ILLUMINA,WGS,PRJNA641489,23.5,,,False,,,False
SAMN15515517,1,65136529500,ILLUMINA,WGS,PRJNA641489,28.3,,,False,,,False
SAMN15515518,1,75290185500,ILLUMINA,WGS,PRJNA641489,32.7,,,False,,,False
SAMN15515519,1,75581929500,ILLUMINA,WGS,PRJNA641489,32.9,,,False,,,False
SAMN15515520,1,62566179000,ILLUMINA,WGS,PRJNA641489,27.2,,,False,,,False
SAMN15515521,1,59701952400,ILLUMINA,WGS,PRJNA641489,26.0,,,False,,,False
SAMN15515522,1,67418950200,ILLUMINA,WGS,PRJNA641489,29.3,,,False,,,False
SAMN15515523,1,65987645400,ILLUMINA,WGS,PRJNA641489,28.7,,,False,,,False
SAMN15515524,1,51836793000,ILLUMINA,WGS,PRJNA641489,22.5,,,False,,,False
SAMN15515525,1,63239023500,ILLUMINA,WGS,PRJNA641489,27.5,,,False,,,False
SAMN15515526,1,71518965300,ILLUMINA,WGS,PRJNA641489,31.1,,,False,,,False
SAMN15515527,1,68035807200,ILLUMINA,WGS,PRJNA641489,29.6,,,False,,,False
SAMN15515528,1,60612765300,ILLUMINA,WGS,PRJNA641489,26.4,,,False,,,False
SAMN15515529,1,71578160400,ILLUMINA,WGS,PRJNA641489,31.1,,,False,,,False
SAMN15515530,1,51418718100,ILLUMINA,WGS,PRJNA641489,22.4,,,False,,,False
SAMN15515531,1,41267166300,ILLUMINA,WGS,PRJNA641489,17.9,,,False,,,False
SAMN15515532,1,68341390200,ILLUMINA,WGS,PRJNA641489,29.7,,,False,,,False
SAMN15515533,1,75696516600,ILLUMINA,WGS,PRJNA641489,32.9,,,False,,,False
SAMN15515534,1,71208832200,ILLUMINA,WGS,PRJNA641489,31.0,,,False,,,False
SAMN15515535,1,61198968300,ILLUMINA,WGS,PRJNA641489,26.6,,,False,,,False
SAMN15515536,1,59590359600,ILLUMINA,WGS,PRJNA641489,25.9,,,False,,,False
SAMN15515537,1,65334865500,ILLUMINA,WGS,PRJNA641489,28.4,,,False,,,False
SAMN15515538,1,66473853900,ILLUMINA,WGS,PRJNA641489,28.9,,,False,,,False
SAMN15515539,1,64688031300,ILLUMINA,WGS,PRJNA641489,28.1,,,False,,,False
SAMN15515540,1,36120333479,ILLUMINA,WGS,PRJNA641489,15.7,,,False,,,False
SAMN15515541,1,64149295800,ILLUMINA,WGS,PRJNA641489,27.9,,,False,,,False
SAMN15515542,1,69150747900,ILLUMINA,WGS,PRJNA641489,30.1,,,False,,,False
SAMN15515543,1,61755449100,ILLUMINA,WGS,PRJNA641489,26.9,,,False,,,False
SAMN15515544,1,66443172900,ILLUMINA,WGS,PRJNA641489,28.9,,,False,,,False
SAMN15515545,1,62991479400,ILLUMINA,WGS,PRJNA641489,27.4,,,False,,,False
SAMN15515546,1,64229839200,ILLUMINA,WGS,PRJNA641489,27.9,,,False,,,False
SAMN15533461,1,11706689344,ILLUMINA,WGS,PRJNA646235,5.1,,,False,,,False
SAMN15538526,1,11706579416,ILLUMINA,WGS,PRJNA646279,5.1,,,False,,,False
SAMN15542758,1,201888404397,PACBIO_SMRT,WGS,PRJNA646235,87.8,,,False,,,False
SAMN15548961,10,99766987728,ILLUMINA,WGS,PRJNA646652,43.4,,,False,,,False
SAMN15548963,18,108068620800,ILLUMINA,WGS,PRJNA646652,47.0,,,False,,,False
SAMN15636737,3,40259789728,ILLUMINA,OTHER,PRJNA640414,17.5,,,False,,,False
SAMN15805279,1,30014030931,ILLUMINA,WGS,PRJNA656888,13.0,,,False,,,False
SAMN15812930,1,14336703300,ILLUMINA,WGS,PRJNA657016,6.2,,,False,,,False
SAMN15812931,1,14786596800,ILLUMINA,WGS,PRJNA657016,6.4,,,False,,,False
SAMN15812932,1,12118028400,ILLUMINA,WGS,PRJNA657016,5.3,,,False,,,False
SAMN15813011,2,19954384200,ILLUMINA,WGS,PRJNA657016,8.7,,,False,,,False
SAMN15813017,2,13631046600,ILLUMINA,WGS,PRJNA657016,5.9,,,False,,,False
SAMN15813018,2,13914892200,ILLUMINA,WGS,PRJNA657016,6.0,,,False,,,False
SAMN15813020,2,16640721000,ILLUMINA,WGS,PRJNA657016,7.2,,,False,,,False
SAMN15813053,1,15693685500,ILLUMINA,WGS,PRJNA657016,6.8,,,False,,,False
SAMN15813057,1,15984750300,ILLUMINA,WGS,PRJNA657016,6.9,,,False,,,False
SAMN15813064,1,16467434400,ILLUMINA,WGS,PRJNA657016,7.2,,,False,,,False
SAMN15813070,1,12407859052,ILLUMINA,WGS,PRJNA657016,5.4,,,False,,,False
SAMN15813073,1,11993202180,ILLUMINA,WGS,PRJNA657016,5.2,,,False,,,False
SAMN15813074,1,11791486716,ILLUMINA,WGS,PRJNA657016,5.1,,,False,,,False
SAMN15813091,1,11726637350,ILLUMINA,WGS,PRJNA657016,5.1,,,False,,,False
SAMN15813092,1,13931272986,ILLUMINA,WGS,PRJNA657016,6.1,,,False,,,False
SAMN15813094,1,14636125584,ILLUMINA,WGS,PRJNA657016,6.4,,,False,,,False
SAMN15813095,1,12496948750,ILLUMINA,WGS,PRJNA657016,5.4,,,False,,,False
SAMN15813100,1,15661941366,ILLUMINA,WGS,PRJNA657016,6.8,,,False,,,False
SAMN15813103,1,13434056260,ILLUMINA,WGS,PRJNA657016,5.8,,,False,,,False
SAMN15813104,1,12024559142,ILLUMINA,WGS,PRJNA657016,5.2,,,False,,,False
SAMN15813110,1,12721284618,ILLUMINA,WGS,PRJNA657016,5.5,,,False,,,False
SAMN15813115,1,12229444096,ILLUMINA,WGS,PRJNA657016,5.3,,,False,,,False
SAMN15813116,1,11826759410,ILLUMINA,WGS,PRJNA657016,5.1,,,False,,,False
SAMN15813117,1,13324893830,ILLUMINA,WGS,PRJNA657016,5.8,,,False,,,False
SAMN15813122,1,13043522544,ILLUMINA,WGS,PRJNA657016,5.7,,,False,,,False
SAMN15813124,1,12598148950,ILLUMINA,WGS,PRJNA657016,5.5,,,False,,,False
SAMN15813125,1,15360469564,ILLUMINA,WGS,PRJNA657016,6.7,,,False,,,False
SAMN15813133,1,12193451132,ILLUMINA,WGS,PRJNA657016,5.3,,,False,,,False
SAMN15813138,1,11910365090,ILLUMINA,WGS,PRJNA657016,5.2,,,False,,,False
SAMN15813141,1,13237206620,ILLUMINA,WGS,PRJNA657016,5.8,,,False,,,False
SAMN15813142,1,12019709626,ILLUMINA,WGS,PRJNA657016,5.2,,,False,,,False
SAMN15813145,1,13032009398,ILLUMINA,WGS,PRJNA657016,5.7,,,False,,,False
SAMN15813148,1,11835061088,ILLUMINA,WGS,PRJNA657016,5.1,,,False,,,False
SAMN15813153,1,13853508590,ILLUMINA,WGS,PRJNA657016,6.0,,,False,,,False
SAMN15813159,1,13372901260,ILLUMINA,WGS,PRJNA657016,5.8,,,False,,,False
SAMN15813160,1,12557497334,ILLUMINA,WGS,PRJNA657016,5.5,,,False,,,False
SAMN15813164,1,13947033158,ILLUMINA,WGS,PRJNA657016,6.1,,,False,,,False
SAMN15813167,1,15479279988,ILLUMINA,WGS,PRJNA657016,6.7,,,False,,,False
SAMN15813168,1,13597843242,ILLUMINA,WGS,PRJNA657016,5.9,,,False,,,False
SAMN15813169,1,18091902826,ILLUMINA,WGS,PRJNA657016,7.9,,,False,,,False
SAMN15813175,1,12245583580,ILLUMINA,WGS,PRJNA657016,5.3,,,False,,,False
SAMN15813176,1,12985559080,ILLUMINA,WGS,PRJNA657016,5.6,,,False,,,False
SAMN15813177,1,13103087514,ILLUMINA,WGS,PRJNA657016,5.7,,,False,,,False
SAMN15813184,1,16931359408,ILLUMINA,WGS,PRJNA657016,7.4,,,False,,,False
SAMN15813187,1,12270006622,ILLUMINA,WGS,PRJNA657016,5.3,,,False,,,False
SAMN15813190,1,15187832774,ILLUMINA,WGS,PRJNA657016,6.6,,,False,,,False
SAMN15813192,1,12883208562,ILLUMINA,WGS,PRJNA657016,5.6,,,False,,,False
SAMN15813193,1,13009720590,ILLUMINA,WGS,PRJNA657016,5.7,,,False,,,False
SAMN15813200,1,12629192436,ILLUMINA,WGS,PRJNA657016,5.5,,,False,,,False
SAMN15813201,1,14597246406,ILLUMINA,WGS,PRJNA657016,6.3,,,False,,,False
SAMN15813208,1,14573633932,ILLUMINA,WGS,PRJNA657016,6.3,,,False,,,False
SAMN15813214,1,12025649362,ILLUMINA,WGS,PRJNA657016,5.2,,,False,,,False
SAMN15813237,1,11761075618,ILLUMINA,WGS,PRJNA657016,5.1,,,False,,,False
SAMN15813238,1,11693760724,ILLUMINA,WGS,PRJNA657016,5.1,,,False,,,False
SAMN15813245,1,11883100832,ILLUMINA,WGS,PRJNA657016,5.2,,,False,,,False
SAMN15813246,1,11856642310,ILLUMINA,WGS,PRJNA657016,5.2,,,False,,,False
SAMN15813968,1,32655300186,ILLUMINA,WGS,PRJNA657041,14.2,,,False,,,False
SAMN15865859,3,17778586895,OXFORD_NANOPORE,WGS,PRJNA635654,7.7,PI 693339,30.0,False,Maize.Set.Inbred.Diversity.282.Plus.NAM.Parents,A188,True
SAMN15865861,9,59155777229,OXFORD_NANOPORE,WGS,PRJNA635654,25.7,PI 693339,30.0,False,Maize.Set.Inbred.Diversity.282.Plus.NAM.Parents,A188,True
SAMN15865862,3,19574835441,OXFORD_NANOPORE,WGS,PRJNA635654,8.5,PI 693339,30.0,False,Maize.Set.Inbred.Diversity.282.Plus.NAM.Parents,A188,True
SAMN15865863,4,32158412894,OXFORD_NANOPORE,WGS,PRJNA635654,14.0,PI 693339,30.0,False,Maize.Set.Inbred.Diversity.282.Plus.NAM.Parents,A188,True
SAMN15865864,3,27434849782,OXFORD_NANOPORE,WGS,PRJNA635654,11.9,PI 693339,30.0,False,Maize.Set.Inbred.Diversity.282.Plus.NAM.Parents,A188,True
SAMN15865865,3,33176332998,OXFORD_NANOPORE,WGS,PRJNA635654,14.4,PI 693339,30.0,False,Maize.Set.Inbred.Diversity.282.Plus.NAM.Parents,A188,True
SAMN15865866,5,72760407736,OXFORD_NANOPORE,WGS,PRJNA635654,31.6,PI 693339,30.0,False,Maize.Set.Inbred.Diversity.282.Plus.NAM.Parents,A188,True
SAMN15923971,1,13962723523,ILLUMINA,OTHER,PRJNA659728,6.1,,,False,,,False
SAMN15923972,1,15790548244,ILLUMINA,OTHER,PRJNA659728,6.9,,,False,,,False
SAMN15924408,1,16810742183,ILLUMINA,OTHER,PRJNA659728,7.3,,,False,,,False
SAMN15944579,1,43473961800,ILLUMINA,OTHER,PRJNA660275,18.9,PI 550473,48.0,True,Maize.Set.Inbred.Diversity.282.Plus.NAM.Parents,B73,True
SAMN15944580,1,89918172900,ILLUMINA,OTHER,PRJNA660275,39.1,PI 550473,48.0,True,Maize.Set.Inbred.Diversity.282.Plus.NAM.Parents,B73,True
SAMN16052865,1,51852447000,ILLUMINA,WGA,PRJNA661271,22.5,Ames 23422,18.0,False,Maize.Group.Ames.Panel.2010,A322,True
SAMN16052866,1,52368714000,ILLUMINA,WGA,PRJNA661271,22.8,,,False,,,False
SAMN16052867,1,54737847900,ILLUMINA,WGA,PRJNA661271,23.8,Ames 23451,19.0,False,Maize.Group.Ames.Panel.2010,A572,True
SAMN16052868,1,59363297700,ILLUMINA,WGA,PRJNA661271,25.8,Ames 19311,28.0,False,Maize.Group.Ames.Panel.2010,A641,True
SAMN16052869,1,51156864900,ILLUMINA,WGA,PRJNA661271,22.2,Ames 24729,19.0,False,Maize.Group.Ames.Panel.2010,MS116,True
SAMN16052870,1,53862496200,ILLUMINA,WGA,PRJNA661271,23.4,PI 546494,8.0,False,Maize.Group.Ames.Panel.2010,ND265,True
SAMN16052871,1,54899201400,ILLUMINA,WGA,PRJNA661271,23.9,PI 559920,29.0,True,Maize.Group.PVP,OQ403,True
SAMN16052872,1,53845408800,ILLUMINA,WGA,PRJNA661271,23.4,PI 565099,30.0,False,Maize.Group.PVP,PHVJ4,True
SAMN16052873,1,49965721800,ILLUMINA,WGA,PRJNA661271,21.7,PI 340830,20.0,False,Maize.Group.Ames.Panel.2010,T242,True
SAMN16052874,1,50199330300,ILLUMINA,WGA,PRJNA661271,21.8,,,False,,,False
SAMN16052875,1,52540914300,ILLUMINA,WGA,PRJNA661271,22.8,,,False,,,False
SAMN16052876,1,51601825500,ILLUMINA,WGA,PRJNA661271,22.4,,,False,,,False
SAMN16052877,1,48625741200,ILLUMINA,WGA,PRJNA661271,21.1,PI 564750,29.0,False,Maize.Group.PVP,91IFC2,True
SAMN16052878,1,49348287600,ILLUMINA,WGA,PRJNA661271,21.5,Ames 23417,18.0,False,Maize.Group.Ames.Panel.2010,A305,True
SAMN16052879,1,54637527000,ILLUMINA,WGA,PRJNA661271,23.8,Ames 23498,28.0,False,Maize.Group.Ames.Panel.2010,A674,True
SAMN16052880,1,49821967200,ILLUMINA,WGA,PRJNA661271,21.7,PI 564749,29.0,False,Maize.Group.PVP,AQA3,True
SAMN16052881,1,50921373300,ILLUMINA,WGA,PRJNA661271,22.1,PI 340836,43.0,False,Maize.Group.Ames.Panel.2010,CA-4,True
SAMN16052882,1,48920873700,ILLUMINA,WGA,PRJNA661271,21.3,PI 587124,38.0,True,Maize.Set.Inbred.Diversity.282.Plus.NAM.Parents,CM105,True
SAMN16052883,1,53573678400,ILLUMINA,WGA,PRJNA661271,23.3,PI 257517,27.0,False,Maize.Group.Ames.Panel.2010,FC46,True
SAMN16052884,1,54024297900,ILLUMINA,WGA,PRJNA661271,23.5,Ames 22030,9.0,False,Maize.Group.Ames.Panel.2010,Ia453,True
SAMN16052885,1,53864890200,ILLUMINA,WGA,PRJNA661271,23.4,,,False,,,False
SAMN16052886,1,49701887700,ILLUMINA,WGA,PRJNA661271,21.6,PI 601727,30.0,False,Maize.Group.PVP,L 135,True
SAMN16052888,1,52525821000,ILLUMINA,WGA,PRJNA661271,22.8,Ames 2328,19.0,False,Maize.Group.Ames.Panel.2010,North 7,True
SAMN16052891,1,55870803000,ILLUMINA,WGA,PRJNA661271,24.3,PI 559940,30.0,False,Maize.Group.PVP,PHGW7,True
SAMN16052892,1,48650991900,ILLUMINA,WGA,PRJNA661271,21.2,PI 559942,30.0,False,Maize.Group.PVP,PHK74,True
SAMN16052894,1,55701117900,ILLUMINA,WGA,PRJNA661271,24.2,PI 559951,30.0,False,Maize.Group.PVP,PHTM9,True
SAMN16052895,1,51123180900,ILLUMINA,WGA,PRJNA661271,22.2,PI 601789,31.0,False,Maize.Group.PVP,PHV37,True
SAMN16052896,1,53182404600,ILLUMINA,WGA,PRJNA661271,23.1,PI 559953,29.0,True,Maize.Group.PVP,PHVA9,True
SAMN16052897,1,55230855300,ILLUMINA,WGA,PRJNA661271,24.0,PI 601791,31.0,False,Maize.Group.PVP,PHW20,True
SAMN16052898,1,53463923700,ILLUMINA,WGA,PRJNA661271,23.2,PI 543850,30.0,False,Maize.Group.PVP,PHW86,True
SAMN16052899,1,49122772500,ILLUMINA,WGA,PRJNA661271,21.4,PI 693322,30.0,False,Maize.Set.Inbred.Diversity.282.Plus.NAM.Parents,W117HT,True
SAMN16052900,1,57110379300,ILLUMINA,WGA,PRJNA661271,24.8,NSL 30074,29.0,False,Maize.Group.Ames.Panel.2010,W182E,True
SAMN16052901,1,54433199400,ILLUMINA,WGA,PRJNA661271,23.7,,,False,,,False
SAMN16052902,1,49738843500,ILLUMINA,WGA,PRJNA661271,21.6,,,False,,,False
SAMN16052903,1,60503417400,ILLUMINA,WGA,PRJNA661271,26.3,PI 548830,17.0,True,Maize.Group.PVP,29MIBZ2,True
SAMN16052904,1,51542525400,ILLUMINA,WGA,PRJNA661271,22.4,Ames 23423,18.0,True,Maize.Group.Ames.Panel.2010,A334,True
SAMN16052905,1,55426932900,ILLUMINA,WGA,PRJNA661271,24.1,Ames 23424,18.0,False,Maize.Group.Ames.Panel.2010,A340,True
SAMN16052906,1,52062670200,ILLUMINA,WGA,PRJNA661271,22.6,Ames 23449,17.0,False,Maize.Group.Ames.Panel.2010,A548,True
SAMN16052907,1,46930240800,ILLUMINA,WGA,PRJNA661271,20.4,PI 693343,30.0,False,Maize.Set.Inbred.Diversity.282.Plus.NAM.Parents,A556,True
SAMN16052908,1,48648421200,ILLUMINA,WGA,PRJNA661271,21.2,PI 587142,12.0,False,Maize.Set.Inbred.Diversity.282.Plus.NAM.Parents,A679,True
SAMN16052909,1,47831715300,ILLUMINA,WGA,PRJNA661271,20.8,Ames 27018,26.0,False,Maize.Group.Ames.Panel.2010,CH711-10,True
SAMN16052910,1,46907467200,ILLUMINA,WGA,PRJNA661271,20.4,Ames 27021,27.0,False,Maize.Group.Ames.Panel.2010,CH753-4,True
SAMN16052911,1,49018674300,ILLUMINA,WGA,PRJNA661271,21.3,PI 559916,29.0,True,Maize.Group.PVP,CS405,True
SAMN16052912,1,53513807100,ILLUMINA,WGA,PRJNA661271,23.3,PI 601565,20.0,True,Maize.Group.PVP,IBB14,True
SAMN16052913,1,49503700500,ILLUMINA,WGA,PRJNA661271,21.5,PI 601458,30.0,True,Maize.Group.PVP,IBB15,True
SAMN16052914,1,101815587300,ILLUMINA,WGA,PRJNA661271,44.3,PI 601726,30.0,False,Maize.Group.PVP,L 127,True
SAMN16052915,1,53802735900,ILLUMINA,WGA,PRJNA661271,23.4,PI 601493,30.0,True,Maize.Group.PVP,LH149,True
SAMN16052916,1,48799375200,ILLUMINA,WGA,PRJNA661271,21.2,PI 564539,29.0,False,Maize.Group.PVP,LH166,True
SAMN16052917,1,45642024000,ILLUMINA,WGA,PRJNA661271,19.8,PI 562379,29.0,False,Maize.Group.PVP,LH172,True
SAMN16052918,1,47989426800,ILLUMINA,WGA,PRJNA661271,20.9,PI 559375,29.0,True,Maize.Group.PVP,LH222,True
SAMN16052919,1,55398349200,ILLUMINA,WGA,PRJNA661271,24.1,PI 547107,28.0,True,Maize.Group.PVP,Lp215D,True
SAMN16052920,1,53165362500,ILLUMINA,WGA,PRJNA661271,23.1,Ames 24713,18.0,False,Maize.Group.Ames.Panel.2010,MS72,True
SAMN16052921,1,56552001300,ILLUMINA,WGA,PRJNA661271,24.6,PI 550503,29.0,False,Maize.Group.Ames.Panel.2010,ND247,True
SAMN16052922,1,49043795400,ILLUMINA,WGA,PRJNA661271,21.3,,,False,,,False
SAMN16052923,1,43521970800,ILLUMINA,WGA,PRJNA661271,18.9,,,False,,,False
SAMN16052924,1,47410708500,ILLUMINA,WGA,PRJNA661271,20.6,PI 601150,35.0,False,Maize.Group.PVP,PHG71,True
SAMN16052925,1,40838116200,ILLUMINA,WGA,PRJNA661271,17.8,PI 587154,37.0,False,Maize.Set.Inbred.Diversity.282.Plus.NAM.Parents,W153R,True
SAMN16052926,1,153162687600,ILLUMINA,WGA,PRJNA661271,66.6,PI 520770,19.0,False,Maize.Group.Ames.Panel.2010,W552,True
SAMN16052927,1,47022554100,ILLUMINA,WGA,PRJNA661271,20.4,PI 587152,39.0,False,Maize.Set.Inbred.Diversity.282.Plus.NAM.Parents,W64A,True
SAMN16052928,1,57018619800,ILLUMINA,WGA,PRJNA661271,24.8,,,False,,,False
SAMN16052929,1,51801745500,ILLUMINA,WGA,PRJNA661271,22.5,Ames 23402,27.0,False,Maize.Group.Ames.Panel.2010,A208,True
SAMN16052930,1,50811455100,ILLUMINA,WGA,PRJNA661271,22.1,PI 267165,25.0,False,Maize.Group.Ames.Panel.2010,CR 22 INBRED,True
SAMN16052931,1,51007024500,ILLUMINA,WGA,PRJNA661271,22.2,PI 707958,30.0,False,Maize.Group.Ames.Panel.2010,East 028,True
SAMN16052932,1,55298591400,ILLUMINA,WGA,PRJNA661271,24.0,PI 546482,29.0,True,Maize.Group.PVP,FBLA,True
SAMN16052933,1,51275829000,ILLUMINA,WGA,PRJNA661271,22.3,PI 601459,20.0,False,Maize.Group.PVP,IBC2,True
SAMN16052934,1,57686855700,ILLUMINA,WGA,PRJNA661271,25.1,PI 559380,28.0,False,Maize.Group.PVP,ICI 193,True
SAMN16052935,1,52312682700,ILLUMINA,WGA,PRJNA661271,22.7,PI 564697,30.0,False,Maize.Group.PVP,ICI 581,True
SAMN16052936,1,52524997800,ILLUMINA,WGA,PRJNA661271,22.8,PI 601728,30.0,False,Maize.Group.PVP,L 139,True
SAMN16052937,1,49816582800,ILLUMINA,WGA,PRJNA661271,21.7,PI 539924,19.0,True,Maize.Group.PVP,LH202,True
SAMN16052938,1,54188103300,ILLUMINA,WGA,PRJNA661271,23.6,PI 618592,14.0,False,Maize.Group.PVP,LH295,True
SAMN16052939,1,44486867400,ILLUMINA,WGA,PRJNA661271,19.3,PI 601416,31.0,False,Maize.Group.PVP,LH61,True
SAMN16052940,1,46898998500,ILLUMINA,WGA,PRJNA661271,20.4,PI 555650,28.0,False,Maize.Group.PVP,LIBC 4,True
SAMN16052941,1,52711860600,ILLUMINA,WGA,PRJNA661271,22.9,PI 601378,30.0,False,Maize.Group.PVP,LP5,True
SAMN16052942,1,47984409600,ILLUMINA,WGA,PRJNA661271,20.9,Ames 24750,19.0,False,Maize.Group.Ames.Panel.2010,MS225,True
SAMN16052943,1,54596874000,ILLUMINA,WGA,PRJNA661271,23.7,Ames 22755,19.0,False,Maize.Group.Ames.Panel.2010,N197,True
SAMN16052944,1,40975267200,ILLUMINA,WGA,PRJNA661271,17.8,PI 559921,29.0,True,Maize.Group.PVP,OS602,True
SAMN16052946,1,53800401600,ILLUMINA,WGA,PRJNA661271,23.4,PI 601567,31.0,True,Maize.Group.PVP,PHH93,True
SAMN16052947,1,55485939600,ILLUMINA,WGA,PRJNA661271,24.1,PI 548798,29.0,True,Maize.Group.PVP,PHJ89,True
SAMN16052948,1,60143485200,ILLUMINA,WGA,PRJNA661271,26.1,PI 565106,30.0,False,Maize.Group.PVP,PHJR5,True
SAMN16052949,1,56139822900,ILLUMINA,WGA,PRJNA661271,24.4,PI 565107,30.0,False,Maize.Group.PVP,PHKE6,True
SAMN16052951,1,53482448700,ILLUMINA,WGA,PRJNA661271,23.3,PI 601784,31.0,True,Maize.Group.PVP,PHP55,True
SAMN16052952,1,52910871600,ILLUMINA,WGA,PRJNA661271,23.0,PI 543846,19.0,True,Maize.Group.PVP,PHP76,True
SAMN16052953,1,48929590800,ILLUMINA,WGA,PRJNA661271,21.3,PI 559946,29.0,True,Maize.Group.PVP,PHR30,True
SAMN16052954,1,49213355100,ILLUMINA,WGA,PRJNA661271,21.4,PI 559949,30.0,False,Maize.Group.PVP,PHT69,True
SAMN16052955,1,51075614700,ILLUMINA,WGA,PRJNA661271,22.2,PI 565111,30.0,False,Maize.Group.PVP,PHV57,True
SAMN16052956,1,54534611400,ILLUMINA,WGA,PRJNA661271,23.7,PI 601790,31.0,False,Maize.Group.PVP,PHW03,True
SAMN16052957,1,51980161200,ILLUMINA,WGA,PRJNA661271,22.6,,,False,,,False
SAMN16052958,1,61242293400,ILLUMINA,WGA,PRJNA661271,26.6,PI 574394,30.0,False,Maize.Group.PVP,ZS635,True
SAMN16052959,1,52920868800,ILLUMINA,WGA,PRJNA661271,23.0,,,False,,,False
SAMN16052960,1,46028411400,ILLUMINA,WGA,PRJNA661271,20.0,,,False,,,False
SAMN16052961,1,50461289700,ILLUMINA,WGA,PRJNA661271,21.9,PI 564753,29.0,True,Maize.Group.PVP,3IJI1,True
SAMN16052962,1,50406520800,ILLUMINA,WGA,PRJNA661271,21.9,Ames 23427,29.0,False,Maize.Group.Ames.Panel.2010,A374,True
SAMN16052963,1,49266442200,ILLUMINA,WGA,PRJNA661271,21.4,Ames 23435,27.0,False,Maize.Group.Ames.Panel.2010,A427,True
SAMN16052964,1,47788595100,ILLUMINA,WGA,PRJNA661271,20.8,Ames 23482,29.0,False,Maize.Group.Ames.Panel.2010,A649,True
SAMN16052965,1,48764938200,ILLUMINA,WGA,PRJNA661271,21.2,Ames 23496,28.0,False,Maize.Group.Ames.Panel.2010,A672,True
SAMN16052966,1,52156354500,ILLUMINA,WGA,PRJNA661271,22.7,PI 587143,36.0,False,Maize.Set.Inbred.Diversity.282.Plus.NAM.Parents,A682,True
SAMN16052967,1,49076325900,ILLUMINA,WGA,PRJNA661271,21.3,Ames 22439,19.0,False,Maize.Group.Ames.Panel.2010,A73,True
SAMN16052968,1,48577264800,ILLUMINA,WGA,PRJNA661271,21.1,PI 608777,12.0,False,Maize.Group.Ames.Panel.2010,B85,True
SAMN16052969,1,49548121800,ILLUMINA,WGA,PRJNA661271,21.5,PI 608768,25.0,False,Maize.Group.Ames.Panel.2010,B87,True
SAMN16052970,1,57005103900,ILLUMINA,WGA,PRJNA661271,24.8,Ames 22441,18.0,False,Maize.Group.Ames.Panel.2010,CH157,True
SAMN16052971,1,60413730600,ILLUMINA,WGA,PRJNA661271,26.3,PI 601683,21.0,False,Maize.Group.PVP,CR14,True
SAMN16052972,1,56314154100,ILLUMINA,WGA,PRJNA661271,24.5,,,False,,,False
SAMN16052973,1,47909564100,ILLUMINA,WGA,PRJNA661271,20.8,,,False,,,False
SAMN16052974,1,47306723100,ILLUMINA,WGA,PRJNA661271,20.6,,,False,,,False
SAMN16052975,1,49105636200,ILLUMINA,WGA,PRJNA661271,21.4,,,False,,,False
SAMN16052976,1,61619452800,ILLUMINA,WGA,PRJNA661271,26.8,,,False,,,False
SAMN16052977,1,46025625000,ILLUMINA,WGA,PRJNA661271,20.0,PI 587129,38.0,False,Maize.Set.Inbred.Diversity.282.Plus.NAM.Parents,H99,True
SAMN16052978,1,44084443500,ILLUMINA,WGA,PRJNA661271,19.2,PI 686057,30.0,False,Maize.Set.Inbred.Diversity.282.Plus.NAM.Parents,I29,True
SAMN16052979,1,54250491000,ILLUMINA,WGA,PRJNA661271,23.6,PI 550695,29.0,False,Maize.Group.PVP,L 155,True
SAMN16052981,1,51117344700,ILLUMINA,WGA,PRJNA661271,22.2,PI 564542,29.0,False,Maize.Group.PVP,LH184,True
SAMN16052982,1,54541386000,ILLUMINA,WGA,PRJNA661271,23.7,PI 538010,29.0,True,Maize.Group.PVP,LH206,True
SAMN16052984,1,126975591900,ILLUMINA,WGA,PRJNA661271,55.2,PI 562380,29.0,False,Maize.Group.PVP,LH223,True
SAMN16052985,1,53422817100,ILLUMINA,WGA,PRJNA661271,23.2,PI 600791,36.0,True,Maize.Group.PVP,LH38,True
SAMN16052986,1,51408661200,ILLUMINA,WGA,PRJNA661271,22.4,PI 601316,34.0,True,Maize.Group.PVP,LH54,True
SAMN16052988,1,52471802700,ILLUMINA,WGA,PRJNA661271,22.8,Ames 27135,29.0,False,Maize.Set.Inbred.Diversity.282.Plus.NAM.Parents,MEF156-55-2,True
SAMN16052989,1,67462777500,ILLUMINA,WGA,PRJNA661271,29.3,PI 583774,30.0,True,Maize.Group.PVP,ML606,True
SAMN16052990,1,47610860700,ILLUMINA,WGA,PRJNA661271,20.7,PI 559917,29.0,True,Maize.Group.PVP,MQ305,True
SAMN16052991,1,46498850700,ILLUMINA,WGA,PRJNA661271,20.2,,,False,,,False
SAMN16052992,1,49310578500,ILLUMINA,WGA,PRJNA661271,21.4,Ames 24737,19.0,False,Maize.Group.Ames.Panel.2010,MS200,True
SAMN16052993,1,54120267900,ILLUMINA,WGA,PRJNA661271,23.5,Ames 24749,19.0,False,Maize.Group.Ames.Panel.2010,MS224,True
SAMN16052994,1,55904183400,ILLUMINA,WGA,PRJNA661271,24.3,PI 550566,17.0,False,Maize.Set.Inbred.Diversity.282.Plus.NAM.Parents,N192,True
SAMN16052995,1,106119162000,ILLUMINA,WGA,PRJNA661271,46.1,PI 601583,29.0,True,Maize.Group.PVP,NS501,True
SAMN16052996,1,61349795400,ILLUMINA,WGA,PRJNA661271,26.7,PI 693397,33.0,True,Maize.Set.Inbred.Diversity.282.Plus.NAM.Parents,Oh40B,True
SAMN16052997,1,50010238800,ILLUMINA,WGA,PRJNA661271,21.7,PI 601584,33.0,True,Maize.Group.PVP,OQ603,True
SAMN16052998,1,51080665500,ILLUMINA,WGA,PRJNA661271,22.2,PI 559936,30.0,False,Maize.Group.PVP,PHBW8,True
SAMN16053001,1,56370504900,ILLUMINA,WGA,PRJNA661271,24.5,PI 601495,31.0,False,Maize.Group.PVP,PHK42,True
SAMN16053002,1,50466890400,ILLUMINA,WGA,PRJNA661271,21.9,PI 601190,34.0,False,Maize.Group.PVP,Q381,True
SAMN16053003,1,52880535300,ILLUMINA,WGA,PRJNA661271,23.0,PI 533659,28.0,False,Maize.Group.Ames.Panel.2010,SD102,True
SAMN16053004,1,51899124600,ILLUMINA,WGA,PRJNA661271,22.6,Ames 30555,26.0,False,Maize.Group.Ames.Panel.Post.2010,W603S,True
SAMN16053005,1,47964139500,ILLUMINA,WGA,PRJNA661271,20.9,NSL 30066,28.0,False,Maize.Group.Ames.Panel.2010,WR3,True
SAMN16053006,1,56118929400,ILLUMINA,WGA,PRJNA661271,24.4,PI 693355,28.0,False,Maize.Set.Inbred.Diversity.282.Plus.NAM.Parents,CH9,True
SAMN16053007,1,45350338500,ILLUMINA,WGA,PRJNA661271,19.7,PI 600954,34.0,False,Maize.Group.PVP,LH119,True
SAMN16053008,1,54360181800,ILLUMINA,WGA,PRJNA661271,23.6,,,False,,,False
SAMN16053009,1,48928685400,ILLUMINA,WGA,PRJNA661271,21.3,PI 601808,20.0,True,Maize.Group.PVP,2FACC,True
SAMN16053010,1,46906600200,ILLUMINA,WGA,PRJNA661271,20.4,PI 198897,45.0,False,Maize.Group.Ames.Panel.2010,4F-306 108,True
SAMN16053011,1,50927770500,ILLUMINA,WGA,PRJNA661271,22.1,NSL 81596,18.0,False,Maize.Group.Ames.Panel.2010,A258,True
SAMN16053012,1,59850079200,ILLUMINA,WGA,PRJNA661271,26.0,PI 693328,29.0,False,Maize.Set.Inbred.Diversity.282.Plus.NAM.Parents,A634,True
SAMN16053013,1,63481371900,ILLUMINA,WGA,PRJNA661271,27.6,PI 693344,30.0,False,Maize.Set.Inbred.Diversity.282.Plus.NAM.Parents,A680,True
SAMN16053014,1,47971263300,ILLUMINA,WGA,PRJNA661271,20.9,NSL 42875,18.0,False,Maize.Group.Ames.Panel.2010,A71,True
SAMN16053015,1,52285004100,ILLUMINA,WGA,PRJNA661271,22.7,PI 340855,37.0,False,Maize.Group.Ames.Panel.2010,B-18 INBR.FR.SUPERGOLD,True
SAMN16053016,1,63257934900,ILLUMINA,WGA,PRJNA661271,27.5,PI 594046,24.0,False,Maize.Set.Inbred.Diversity.282.Plus.NAM.Parents,B103,True
SAMN16053017,1,49291106700,ILLUMINA,WGA,PRJNA661271,21.4,PI 550483,16.0,True,Maize.Set.Inbred.Diversity.282.Plus.NAM.Parents,B76,True
SAMN16053019,1,57319467900,ILLUMINA,WGA,PRJNA661271,24.9,,,False,,,False
SAMN16053020,1,50887544700,ILLUMINA,WGA,PRJNA661271,22.1,,,False,,,False
SAMN16053021,1,45468826800,ILLUMINA,WGA,PRJNA661271,19.8,PI 693330,30.0,True,Maize.Set.Inbred.Diversity.282.Plus.NAM.Parents,C123,True
SAMN16053022,1,46540664700,ILLUMINA,WGA,PRJNA661271,20.2,PI 694078,28.0,False,Maize.Group.Ames.Panel.2010,C.I. 40h,True
SAMN16053024,1,55991315700,ILLUMINA,WGA,PRJNA661271,24.3,,,False,,,False
SAMN16053025,1,52511863200,ILLUMINA,WGA,PRJNA661271,22.8,,,False,,,False
SAMN16053026,1,51452814900,ILLUMINA,WGA,PRJNA661271,22.4,PI 427109,20.0,False,Maize.Group.Ames.Panel.2010,Eng-li Chih,True
SAMN16053027,1,63829119300,ILLUMINA,WGA,PRJNA661271,27.8,PI 559381,30.0,False,Maize.Group.PVP,ICI 441,True
SAMN16053028,1,48045798600,ILLUMINA,WGA,PRJNA661271,20.9,,,False,,,False
SAMN16053029,1,49569143700,ILLUMINA,WGA,PRJNA661271,21.6,PI 601004,35.0,True,Maize.Group.PVP,LH132,True
SAMN16053030,1,46363335300,ILLUMINA,WGA,PRJNA661271,20.2,PI 685986,31.0,False,Maize.Group.Ames.Panel.2010,LH143 (Maintainer),True
SAMN16053031,1,50281865700,ILLUMINA,WGA,PRJNA661271,21.9,PI 562378,29.0,False,Maize.Group.PVP,LH165,True
SAMN16053032,1,48953825400,ILLUMINA,WGA,PRJNA661271,21.3,PI 557563,29.0,False,Maize.Group.PVP,LH198,True
SAMN16053033,1,48775302000,ILLUMINA,WGA,PRJNA661271,21.2,PI 554612,29.0,True,Maize.Group.PVP,LH209,True
SAMN16053034,1,52776445500,ILLUMINA,WGA,PRJNA661271,22.9,PI 601317,32.0,False,Maize.Group.PVP,LH57,True
SAMN16053035,1,55846944900,ILLUMINA,WGA,PRJNA661271,24.3,PI 693345,34.0,False,Maize.Set.Inbred.Diversity.282.Plus.NAM.Parents,MS1334,True
SAMN16053036,1,58813128900,ILLUMINA,WGA,PRJNA661271,25.6,PI 587137,37.0,False,Maize.Set.Inbred.Diversity.282.Plus.NAM.Parents,Ms71,True
SAMN16053037,1,58710176400,ILLUMINA,WGA,PRJNA661271,25.5,PI 550567,29.0,False,Maize.Group.Ames.Panel.2010,N193,True
SAMN16053038,1,57045998100,ILLUMINA,WGA,PRJNA661271,24.8,PI 531085,30.0,False,Maize.Set.Inbred.Diversity.282.Plus.NAM.Parents,NC262,True
SAMN16053039,1,55982652600,ILLUMINA,WGA,PRJNA661271,24.3,PI 559918,31.0,False,Maize.Group.PVP,NQ508,True
SAMN16053040,1,47585190900,ILLUMINA,WGA,PRJNA661271,20.7,PI 200182,24.0,False,Maize.Group.Ames.Panel.2010,NY 159 (Neveh Yaar),True
SAMN16053041,1,54958600200,ILLUMINA,WGA,PRJNA661271,23.9,,,False,,,False
SAMN16053042,1,47362850400,ILLUMINA,WGA,PRJNA661271,20.6,Ames 22757,18.0,False,Maize.Group.Ames.Panel.2010,Pa405,True
SAMN16053044,1,51980381400,ILLUMINA,WGA,PRJNA661271,22.6,PI 559935,29.0,True,Maize.Group.PVP,PHBA6,True
SAMN16053045,1,55670116800,ILLUMINA,WGA,PRJNA661271,24.2,PI 559941,30.0,False,Maize.Group.PVP,PHHV4,True
SAMN16053047,1,49542601200,ILLUMINA,WGA,PRJNA661271,21.5,PI 548802,29.0,True,Maize.Group.PVP,PHN66,True
SAMN16053048,1,58017688500,ILLUMINA,WGA,PRJNA661271,25.2,PI 601783,32.0,True,Maize.Group.PVP,PHN82,True
SAMN16053050,1,51292898700,ILLUMINA,WGA,PRJNA661271,22.3,PI 601362,31.0,False,Maize.Group.PVP,PHW17,True
SAMN16053051,1,53913751200,ILLUMINA,WGA,PRJNA661271,23.4,PI 548808,29.0,True,Maize.Group.PVP,PHW30,True
SAMN16053052,1,61843250700,ILLUMINA,WGA,PRJNA661271,26.9,PI 565113,30.0,False,Maize.Group.PVP,PHW80,True
SAMN16053053,1,52126682100,ILLUMINA,WGA,PRJNA661271,22.7,PI 533658,28.0,False,Maize.Group.Ames.Panel.2010,SD101,True
SAMN16053054,1,45720039900,ILLUMINA,WGA,PRJNA661271,19.9,PI 524969,22.0,False,Maize.Set.Inbred.Diversity.282.Plus.NAM.Parents,SD44,True
SAMN16053055,1,48737113500,ILLUMINA,WGA,PRJNA661271,21.2,Ames 30554,27.0,False,Maize.Group.Ames.Panel.Post.2010,W602S,True
SAMN16053058,1,50534277300,ILLUMINA,WGA,PRJNA661271,22.0,,,False,,,False
SAMN16053059,1,51163870800,ILLUMINA,WGA,PRJNA661271,22.2,PI 601502,30.0,True,Maize.Group.PVP,W8304,True
SAMN16053060,1,59235633900,ILLUMINA,WGA,PRJNA661271,25.8,PI 601191,34.0,False,Maize.Group.PVP,DJ7,True
SAMN16053061,1,91478219100,ILLUMINA,WGA,PRJNA661271,39.8,,,False,,,False
SAMN16053062,1,48628554300,ILLUMINA,WGA,PRJNA661271,21.1,,,False,,,False
SAMN16053063,1,51716834400,ILLUMINA,WGA,PRJNA661271,22.5,,,False,,,False
SAMN16053064,1,50865997200,ILLUMINA,WGA,PRJNA661271,22.1,,,False,,,False
SAMN16053065,1,56878526400,ILLUMINA,WGA,PRJNA661271,24.7,PI 564751,29.0,False,Maize.Group.PVP,2FADB,True
SAMN16053066,1,51125115000,ILLUMINA,WGA,PRJNA661271,22.2,PI 601560,30.0,True,Maize.Group.PVP,2MA22,True
SAMN16053067,1,113573449500,ILLUMINA,WGA,PRJNA661271,49.4,PI 546483,29.0,True,Maize.Group.PVP,6F629,True
SAMN16053068,1,49068447300,ILLUMINA,WGA,PRJNA661271,21.3,PI 693342,19.0,False,Maize.Set.Inbred.Diversity.282.Plus.NAM.Parents,A239,True
SAMN16053069,1,51173750100,ILLUMINA,WGA,PRJNA661271,22.2,Ames 27063,14.0,True,Maize.Set.Inbred.Diversity.282.Plus.NAM.Parents,A272,True
SAMN16053070,1,51043609200,ILLUMINA,WGA,PRJNA661271,22.2,Ames 23430,27.0,False,Maize.Group.Ames.Panel.2010,A401,True
SAMN16053071,1,99491636700,ILLUMINA,WGA,PRJNA661271,43.3,Ames 23463,27.0,False,Maize.Group.Ames.Panel.2010,A627,True
SAMN16053072,1,68509058400,ILLUMINA,WGA,PRJNA661271,29.8,PI 587140,39.0,True,Maize.Set.Inbred.Diversity.282.Plus.NAM.Parents,A632,True
SAMN16053073,1,69180610500,ILLUMINA,WGA,PRJNA661271,30.1,PI 693329,29.0,False,Maize.Set.Inbred.Diversity.282.Plus.NAM.Parents,A635,True
SAMN16053074,1,50721989700,ILLUMINA,WGA,PRJNA661271,22.1,NSL 81597,27.0,False,Maize.Group.Ames.Panel.2010,A648,True
SAMN16053075,1,49595438700,ILLUMINA,WGA,PRJNA661271,21.6,PI 693402,28.0,True,Maize.Set.Inbred.Diversity.282.Plus.NAM.Parents,A659,True
SAMN16053076,1,50085167100,ILLUMINA,WGA,PRJNA661271,21.8,PI 607523,8.0,False,Maize.Group.Ames.Panel.2010,A663,True
SAMN16053077,1,59873404800,ILLUMINA,WGA,PRJNA661271,26.0,,,False,,,False
SAMN16053078,1,47639352600,ILLUMINA,WGA,PRJNA661271,20.7,PI 340860,29.0,False,Maize.Group.Ames.Panel.2010,B-28,True
SAMN16053079,1,57854615400,ILLUMINA,WGA,PRJNA661271,25.2,PI 597925,19.0,False,Maize.Group.Ames.Panel.2010,B107,True
SAMN16053080,1,65066265600,ILLUMINA,WGA,PRJNA661271,28.3,PI 607384,31.0,True,Maize.Group.Ames.Panel.2010,B114,True
SAMN16053081,1,48821047200,ILLUMINA,WGA,PRJNA661271,21.2,PI 615190,26.0,False,Maize.Set.Inbred.Diversity.282.Plus.NAM.Parents,B115,True
SAMN16053082,1,70567978200,ILLUMINA,WGA,PRJNA661271,30.7,PI 693327,32.0,True,Maize.Set.Inbred.Diversity.282.Plus.NAM.Parents,C103,True
SAMN16053083,1,53433969600,ILLUMINA,WGA,PRJNA661271,23.2,PI 638552,26.0,False,Maize.Group.Ames.Panel.2010,DE4,True
SAMN16053084,1,43966154700,ILLUMINA,WGA,PRJNA661271,19.1,,,False,,,False
SAMN16053085,1,50672694300,ILLUMINA,WGA,PRJNA661271,22.0,,,False,,,False
SAMN16053086,1,45678878400,ILLUMINA,WGA,PRJNA661271,19.9,PI 698967,28.0,False,Maize.Group.Ames.Panel.2010,H42,True
SAMN16053087,1,55807286400,ILLUMINA,WGA,PRJNA661271,24.3,PI 559382,29.0,False,Maize.Group.PVP,ICI 740,True
SAMN16053088,1,49861087500,ILLUMINA,WGA,PRJNA661271,21.7,PI 559383,29.0,False,Maize.Group.PVP,ICI 893,True
SAMN16053089,1,46400616300,ILLUMINA,WGA,PRJNA661271,20.2,PI 559384,30.0,False,Maize.Group.PVP,ICI 986,True
SAMN16053090,1,50819882400,ILLUMINA,WGA,PRJNA661271,22.1,PI 538007,30.0,True,Maize.Group.PVP,LH127,True
SAMN16053094,1,47647536600,ILLUMINA,WGA,PRJNA661271,20.7,PI 583352,30.0,False,Maize.Set.Inbred.Diversity.282.Plus.NAM.Parents,Mo47,True
SAMN16053095,1,55046609100,ILLUMINA,WGA,PRJNA661271,23.9,Ames 24730,19.0,False,Maize.Group.Ames.Panel.2010,MS132,True
SAMN16053096,1,48736309200,ILLUMINA,WGA,PRJNA661271,21.2,Ames 24742,28.0,False,Maize.Group.Ames.Panel.2010,MS211,True
SAMN16053097,1,65325943800,ILLUMINA,WGA,PRJNA661271,28.4,Ames 24751,19.0,False,Maize.Group.Ames.Panel.2010,MS226,True
SAMN16053098,1,54855951300,ILLUMINA,WGA,PRJNA661271,23.9,PI 568160,6.0,False,Maize.Group.Ames.Panel.2010,N201,True
SAMN16053099,1,55433644500,ILLUMINA,WGA,PRJNA661271,24.1,,,False,,,False
SAMN16053100,1,50113591200,ILLUMINA,WGA,PRJNA661271,21.8,PI 690401,31.0,True,Maize.Set.Inbred.Diversity.282.Plus.NAM.Parents,NC310,True
SAMN16053101,1,51627831900,ILLUMINA,WGA,PRJNA661271,22.4,NSL 28965,28.0,False,Maize.Group.Ames.Panel.2010,Oh33,True
SAMN16053102,1,59535356100,ILLUMINA,WGA,PRJNA661271,25.9,,,False,,,False
SAMN16053103,1,56987911200,ILLUMINA,WGA,PRJNA661271,24.8,PI 517968,18.0,False,Maize.Group.Ames.Panel.2010,Pa392,True
SAMN16053104,1,67274613900,ILLUMINA,WGA,PRJNA661271,29.2,PI 601007,36.0,False,Maize.Group.PVP,PHB09,True
SAMN16053105,1,53639464200,ILLUMINA,WGA,PRJNA661271,23.3,PI 601037,35.0,False,Maize.Group.PVP,PHG80,True
SAMN16053108,1,54417663600,ILLUMINA,WGA,PRJNA661271,23.7,PI 601361,32.0,False,Maize.Group.PVP,PHR36,True
SAMN16053109,1,54119831700,ILLUMINA,WGA,PRJNA661271,23.5,NSL 30883,27.0,False,Maize.Group.Ames.Panel.2010,R113,True
SAMN16053110,1,58121675400,ILLUMINA,WGA,PRJNA661271,25.3,NSL 30896,27.0,False,Maize.Group.Ames.Panel.2010,R181B,True
SAMN16053111,1,53582831100,ILLUMINA,WGA,PRJNA661271,23.3,PI 538243,27.0,False,,SD107,True
SAMN16053112,1,56712478200,ILLUMINA,WGA,PRJNA661271,24.7,PI 606768,33.0,False,Maize.Set.Inbred.Diversity.282.Plus.NAM.Parents,SD40,True
SAMN16053113,1,54850728900,ILLUMINA,WGA,PRJNA661271,23.8,Ames 19014,8.0,False,Maize.Group.Ames.Panel.2010,Va52,True
SAMN16053114,1,57091904100,ILLUMINA,WGA,PRJNA661271,24.8,PI 693346,30.0,False,Maize.Set.Inbred.Diversity.282.Plus.NAM.Parents,Va99,True
SAMN16053116,1,47531118600,ILLUMINA,WGA,PRJNA661271,20.7,PI 550473,48.0,True,Maize.Set.Inbred.Diversity.282.Plus.NAM.Parents,B73,True
SAMN16053118,1,47906561700,ILLUMINA,WGA,PRJNA661271,20.8,PI 557562,29.0,True,Maize.Group.PVP,LH197,True
SAMN16053119,1,47847690600,ILLUMINA,WGA,PRJNA661271,20.8,PI 557566,29.0,False,Maize.Group.PVP,LH199,True
SAMN16053120,1,59749557900,ILLUMINA,WGA,PRJNA661271,26.0,PI 537098,30.0,False,Maize.Group.PVP,LH204,True
SAMN16053121,1,51260695200,ILLUMINA,WGA,PRJNA661271,22.3,PI 593038,26.0,False,Maize.Group.PVP,LH227,True
SAMN16053122,1,54703000200,ILLUMINA,WGA,PRJNA661271,23.8,PI 600729,35.0,False,Maize.Group.PVP,LP1 NR HT,True
SAMN16053123,1,49258760100,ILLUMINA,WGA,PRJNA661271,21.4,PI 550571,28.0,False,Maize.Group.Ames.Panel.2010,ND259,True
SAMN16053124,1,47388802500,ILLUMINA,WGA,PRJNA661271,20.6,PI 601417,30.0,True,Maize.Group.PVP,NS701,True
SAMN16053125,1,47001869400,ILLUMINA,WGA,PRJNA661271,20.4,PI 693375,31.0,False,Maize.Set.Inbred.Diversity.282.Plus.NAM.Parents,Pa875,True
SAMN16053127,1,46625293800,ILLUMINA,WGA,PRJNA661271,20.3,PI 565105,30.0,False,Maize.Group.PVP,PHHH9,True
SAMN16053128,1,48599258700,ILLUMINA,WGA,PRJNA661271,21.1,PI 601777,31.0,False,Maize.Group.PVP,PHK35,True
SAMN16053129,1,45443223900,ILLUMINA,WGA,PRJNA661271,19.8,PI 601778,31.0,False,Maize.Group.PVP,PHM10,True
SAMN16053130,1,47803145700,ILLUMINA,WGA,PRJNA661271,20.8,PI 601780,31.0,False,Maize.Group.PVP,PHN29,True
SAMN16053131,1,53128445400,ILLUMINA,WGA,PRJNA661271,23.1,PI 601572,31.0,False,Maize.Group.PVP,PHR47,True
SAMN16053133,1,53360163300,ILLUMINA,WGA,PRJNA661271,23.2,PI 693334,34.0,True,Maize.Set.Inbred.Diversity.282.Plus.NAM.Parents,R168,True
SAMN16053134,1,53129061600,ILLUMINA,WGA,PRJNA661271,23.1,PI 601612,31.0,False,Maize.Group.PVP,S8326,True
SAMN16053135,1,63518214900,ILLUMINA,WGA,PRJNA661271,27.6,PI 600751,36.0,False,Maize.Group.PVP,Seagull Seventeen,True
SAMN16053136,1,46340020800,ILLUMINA,WGA,PRJNA661271,20.1,PI 686067,18.0,False,Maize.Group.Ames.Panel.2010,SG 30A,True
SAMN16053137,1,49852767600,ILLUMINA,WGA,PRJNA661271,21.7,PI 391678,21.0,False,Maize.Group.Ames.Panel.2010,TZU-CHIAO-HSI-WU 105,True
SAMN16053139,1,59166154500,ILLUMINA,WGA,PRJNA661271,25.7,,,False,,,False
SAMN16053140,1,97182097200,ILLUMINA,WGA,PRJNA661271,42.3,,,False,,,False
SAMN16053141,1,49392653700,ILLUMINA,WGA,PRJNA661271,21.5,Ames 30568,26.0,False,Maize.Group.Ames.Panel.Post.2010,W811G,True
SAMN16053142,1,48829895100,ILLUMINA,WGA,PRJNA661271,21.2,Ames 30578,27.0,False,Maize.Group.Ames.Panel.Post.2010,W821G,True
SAMN16053143,1,53398121700,ILLUMINA,WGA,PRJNA661271,23.2,Ames 2333,30.0,False,Maize.Group.Ames.Panel.2010,Yong 28,True
SAMN16053144,1,110181264600,ILLUMINA,WGA,PRJNA661271,47.9,PI 574393,29.0,False,Maize.Group.PVP,ZS365,True
SAMN16053145,1,61293409800,ILLUMINA,WGA,PRJNA661271,26.6,,,False,,,False
SAMN16053146,1,63141130500,ILLUMINA,WGA,PRJNA661271,27.5,Ames 30571,26.0,False,Maize.Group.Ames.Panel.Post.2010,W814G,True
SAMN16053147,1,45166110300,ILLUMINA,WGA,PRJNA661271,19.6,PI 565088,29.0,False,Maize.Group.PVP,2MCDB,True
SAMN16053149,1,51382625400,ILLUMINA,WGA,PRJNA661271,22.3,PI 601562,29.0,True,Maize.Group.PVP,78551S,True
SAMN16053150,1,58335520800,ILLUMINA,WGA,PRJNA661271,25.4,Ames 23421,18.0,False,Maize.Group.Ames.Panel.2010,A321,True
SAMN16053151,1,54485309100,ILLUMINA,WGA,PRJNA661271,23.7,,,False,,,False
SAMN16053152,1,51764411700,ILLUMINA,WGA,PRJNA661271,22.5,PI 597927,32.0,False,Maize.Set.Inbred.Diversity.282.Plus.NAM.Parents,B109,True
SAMN16053153,1,45610749900,ILLUMINA,WGA,PRJNA661271,19.8,PI 607382,22.0,True,Maize.Group.Ames.Panel.2010,B111,True
SAMN16053154,1,50582933400,ILLUMINA,WGA,PRJNA661271,22.0,PI 634213,28.0,False,Maize.Group.Ames.Panel.2010,B119,True
SAMN16053155,1,55199947500,ILLUMINA,WGA,PRJNA661271,24.0,PI 634214,28.0,False,Maize.Group.Ames.Panel.2010,B120,True
SAMN16053156,1,51246552600,ILLUMINA,WGA,PRJNA661271,22.3,PI 634215,28.0,False,Maize.Group.Ames.Panel.2010,B121,True
SAMN16053158,1,53337501000,ILLUMINA,WGA,PRJNA661271,23.2,PI 693353,31.0,False,Maize.Set.Inbred.Diversity.282.Plus.NAM.Parents,B164,True
SAMN16053159,1,52290947400,ILLUMINA,WGA,PRJNA661271,22.7,PI 550467,38.0,True,Maize.Set.Inbred.Diversity.282.Plus.NAM.Parents,B37,True
SAMN16053160,1,99986771400,ILLUMINA,WGA,PRJNA661271,43.5,PI 550466,34.0,False,Maize.Group.Ames.Panel.2010,B70,True
SAMN16053161,1,46931218200,ILLUMINA,WGA,PRJNA661271,20.4,PI 608774,14.0,False,Maize.Set.Inbred.Diversity.282.Plus.NAM.Parents,B75,True
SAMN16053162,1,73435650000,ILLUMINA,WGA,PRJNA661271,31.9,PI 550556,26.0,False,Maize.Group.Ames.Panel.2010,B88,True
SAMN16053163,1,48058815300,ILLUMINA,WGA,PRJNA661271,20.9,,,False,,,False
SAMN16053164,1,53880498000,ILLUMINA,WGA,PRJNA661271,23.4,PI 693356,28.0,False,Maize.Set.Inbred.Diversity.282.Plus.NAM.Parents,CH701-30,True
SAMN16053165,1,50244324000,ILLUMINA,WGA,PRJNA661271,21.8,Ames 27052,26.0,False,Maize.Group.Ames.Panel.2010,CO257,True
SAMN16053166,1,61347059400,ILLUMINA,WGA,PRJNA661271,26.7,Ames 27053,26.0,False,Maize.Group.Ames.Panel.2010,CO258,True
SAMN16053167,1,49514931000,ILLUMINA,WGA,PRJNA661271,21.5,PI 566938,29.0,True,Maize.Group.PVP,CQ702RC,True
SAMN16053168,1,58281762300,ILLUMINA,WGA,PRJNA661271,25.3,PI 587127,25.0,True,Maize.Set.Inbred.Diversity.282.Plus.NAM.Parents,H105W,True
SAMN16053169,1,45771849000,ILLUMINA,WGA,PRJNA661271,19.9,PI 698991,16.0,False,Maize.Group.Ames.Panel.2010,H114,True
SAMN16053170,1,45940927200,ILLUMINA,WGA,PRJNA661271,20.0,PI 698993,27.0,False,Maize.Group.Ames.Panel.2010,H121,True
SAMN16053171,1,48132414900,ILLUMINA,WGA,PRJNA661271,20.9,,,False,,,False
SAMN16053172,1,57027590400,ILLUMINA,WGA,PRJNA661271,24.8,PI 698975,28.0,False,Maize.Group.Ames.Panel.2010,H71,True
SAMN16053173,1,55593454800,ILLUMINA,WGA,PRJNA661271,24.2,PI 693365,21.0,False,Maize.Set.Inbred.Diversity.282.Plus.NAM.Parents,H91,True
SAMN16053174,1,47141248800,ILLUMINA,WGA,PRJNA661271,20.5,PI 693333,33.0,True,Maize.Set.Inbred.Diversity.282.Plus.NAM.Parents,H95,True
SAMN16053175,1,52230442800,ILLUMINA,WGA,PRJNA661271,22.7,Ames 2337,19.0,False,Maize.Group.Ames.Panel.2010,Huanyao,True
SAMN16053176,1,50147967300,ILLUMINA,WGA,PRJNA661271,21.8,,,False,,,False
SAMN16053177,1,54869496000,ILLUMINA,WGA,PRJNA661271,23.9,PI 706561,27.0,False,Maize.Group.Ames.Panel.2010,IL 778d,True
SAMN16053178,1,52810862100,ILLUMINA,WGA,PRJNA661271,23.0,NSL 174429,29.0,False,Maize.Group.Ames.Panel.2010,INB 101LFY/LFY (A632 X M16 S5),True
SAMN16053179,1,48378964200,ILLUMINA,WGA,PRJNA661271,21.0,,,False,,,False
SAMN16053180,1,48558374100,ILLUMINA,WGA,PRJNA661271,21.1,,,False,,,False
SAMN16053181,1,46591695300,ILLUMINA,WGA,PRJNA661271,20.3,PI 601725,20.0,False,Maize.Group.PVP,J8606,True
SAMN16053182,1,54745861200,ILLUMINA,WGA,PRJNA661271,23.8,PI 706567,28.0,False,Maize.Group.Ames.Panel.2010,K150,True
SAMN16053183,1,44527088100,ILLUMINA,WGA,PRJNA661271,19.4,PI 391662,20.0,False,Maize.Group.Ames.Panel.2010,KUNG-70,True
SAMN16053184,1,63480153000,ILLUMINA,WGA,PRJNA661271,27.6,NSL 65872,19.0,False,Maize.Group.Ames.Panel.2010,L 289,True
SAMN16053185,1,63180578700,ILLUMINA,WGA,PRJNA661271,27.5,PI 644101,34.0,False,Maize.Group.PVP,LH1,True
SAMN16053186,1,52352858100,ILLUMINA,WGA,PRJNA661271,22.8,PI 547086,28.0,True,Maize.Group.PVP,LH128,True
SAMN16053187,1,47529842100,ILLUMINA,WGA,PRJNA661271,20.7,PI 547087,28.0,True,Maize.Group.PVP,LH181,True
SAMN16053188,1,50032219500,ILLUMINA,WGA,PRJNA661271,21.8,PI 539922,20.0,True,Maize.Group.PVP,LH190,True
SAMN16053189,1,45381286200,ILLUMINA,WGA,PRJNA661271,19.7,PI 539927,29.0,True,Maize.Group.PVP,LH193,True
SAMN16053190,1,46516630800,ILLUMINA,WGA,PRJNA661271,20.2,PI 537097,29.0,True,Maize.Group.PVP,LH195,True
SAMN16053191,1,46217160000,ILLUMINA,WGA,PRJNA661271,20.1,PI 547088,29.0,True,Maize.Group.PVP,LH208,True
SAMN16053192,1,59342902200,ILLUMINA,WGA,PRJNA661271,25.8,PI 547090,29.0,True,Maize.Group.PVP,LH213,True
SAMN16053193,1,51242430600,ILLUMINA,WGA,PRJNA661271,22.3,PI 555660,29.0,True,Maize.Group.PVP,LH214,True
SAMN16053194,1,49250949600,ILLUMINA,WGA,PRJNA661271,21.4,PI 552815,28.0,True,Maize.Group.PVP,LH215,True
SAMN16053195,1,50508219600,ILLUMINA,WGA,PRJNA661271,22.0,PI 562381,29.0,False,Maize.Group.PVP,LH224,True
SAMN16053197,1,51284115000,ILLUMINA,WGA,PRJNA661271,22.3,PI 601404,32.0,True,Maize.Group.PVP,LH60,True
SAMN16053198,1,46135997400,ILLUMINA,WGA,PRJNA661271,20.1,PI 601566,30.0,True,Maize.Group.PVP,MBST,True
SAMN16053199,1,53643691200,ILLUMINA,WGA,PRJNA661271,23.3,PI 564748,29.0,False,Maize.Group.PVP,MBWZ,True
SAMN16053200,1,47596189800,ILLUMINA,WGA,PRJNA661271,20.7,PI 564752,29.0,False,Maize.Group.PVP,MM501D,True
SAMN16053201,1,57620091300,ILLUMINA,WGA,PRJNA661271,25.1,PI 583351,33.0,False,Maize.Set.Inbred.Diversity.282.Plus.NAM.Parents,Mo46,True
SAMN16053202,1,61546839900,ILLUMINA,WGA,PRJNA661271,26.8,Ames 24746,19.0,False,Maize.Group.Ames.Panel.2010,MS221,True
SAMN16053203,1,54724765200,ILLUMINA,WGA,PRJNA661271,23.8,Ames 24710,18.0,False,Maize.Group.Ames.Panel.2010,MS67,True
SAMN16053204,1,48146329500,ILLUMINA,WGA,PRJNA661271,20.9,PI 596354,30.0,False,Maize.Group.Ames.Panel.2010,N211,True
SAMN16053205,1,52529798100,ILLUMINA,WGA,PRJNA661271,22.8,PI 595367,30.0,False,Maize.Group.Ames.Panel.2010,N215,True
SAMN16053206,1,50584059300,ILLUMINA,WGA,PRJNA661271,22.0,PI 693373,20.0,False,Maize.Set.Inbred.Diversity.282.Plus.NAM.Parents,N28Ht,True
SAMN16053207,1,46620845700,ILLUMINA,WGA,PRJNA661271,20.3,PI 594050,30.0,False,Maize.Group.Ames.Panel.2010,N501,True
SAMN16053208,1,50867469600,ILLUMINA,WGA,PRJNA661271,22.1,PI 594071,29.0,False,Maize.Group.Ames.Panel.2010,N523,True
SAMN16053209,1,47422128000,ILLUMINA,WGA,PRJNA661271,20.6,PI 604606,30.0,False,Maize.Group.Ames.Panel.2010,N527,True
SAMN16053211,1,53310305400,ILLUMINA,WGA,PRJNA661271,23.2,PI 594088,29.0,False,Maize.Group.Ames.Panel.2010,N542,True
SAMN16053212,1,49497923700,ILLUMINA,WGA,PRJNA661271,21.5,PI 690410,33.0,False,Maize.Set.Inbred.Diversity.282.Plus.NAM.Parents,NC328,True
SAMN16053213,1,54322239300,ILLUMINA,WGA,PRJNA661271,23.6,,,False,,,False
SAMN16053214,1,54011860800,ILLUMINA,WGA,PRJNA661271,23.5,,,False,,,False
SAMN16053215,1,50122022100,ILLUMINA,WGA,PRJNA661271,21.8,PI 200184,28.0,False,Maize.Group.Ames.Panel.2010,NY 166 (Neveh Yaar),True
SAMN16053216,1,52429048800,ILLUMINA,WGA,PRJNA661271,22.8,PI 596506,31.0,False,Maize.Group.Ames.Panel.2010,OC19,True
SAMN16053217,1,49054761300,ILLUMINA,WGA,PRJNA661271,21.3,PI 587146,25.0,True,Maize.Group.Ames.Panel.2010,Oh7,True
SAMN16053219,1,48049901100,ILLUMINA,WGA,PRJNA661271,20.9,PI 578029,29.0,True,Maize.Group.PVP,PHBB3,True
SAMN16053220,1,47435652900,ILLUMINA,WGA,PRJNA661271,20.6,PI 601775,31.0,True,Maize.Group.PVP,PHJ70,True
SAMN16053222,1,46069298400,ILLUMINA,WGA,PRJNA661271,20.0,PI 548800,19.0,False,Maize.Group.PVP,PHK93,True
SAMN16053224,1,52409388600,ILLUMINA,WGA,PRJNA661271,22.8,PI 559945,29.0,True,Maize.Group.PVP,PHPR5,True
SAMN16053225,1,48464351700,ILLUMINA,WGA,PRJNA661271,21.1,PI 559947,30.0,False,Maize.Group.PVP,PHR31,True
SAMN16053227,1,50714660700,ILLUMINA,WGA,PRJNA661271,22.0,PI 601573,31.0,False,Maize.Group.PVP,PHT10,True
SAMN16053228,1,47548885800,ILLUMINA,WGA,PRJNA661271,20.7,PI 601788,31.0,True,Maize.Group.PVP,PHT22,True
SAMN16053229,1,49369349700,ILLUMINA,WGA,PRJNA661271,21.5,PI 559948,30.0,False,Maize.Group.PVP,PHT47,True
SAMN16053230,1,49066592700,ILLUMINA,WGA,PRJNA661271,21.3,PI 601498,30.0,True,Maize.Group.PVP,PHT55,True
SAMN16053231,1,52406820300,ILLUMINA,WGA,PRJNA661271,22.8,PI 601792,31.0,True,Maize.Group.PVP,PHW43,True
SAMN16053232,1,50941877400,ILLUMINA,WGA,PRJNA661271,22.1,PI 601576,31.0,False,Maize.Group.PVP,PHW79,True
SAMN16053233,1,46592473800,ILLUMINA,WGA,PRJNA661271,20.3,PI 559954,29.0,True,Maize.Group.PVP,PHWG5,True
SAMN16053234,1,52165437600,ILLUMINA,WGA,PRJNA661271,22.7,PI 601322,34.0,False,Maize.Group.PVP,PHZ51,True
SAMN16053235,1,46114752600,ILLUMINA,WGA,PRJNA661271,20.0,NSL 30876,20.0,False,Maize.Group.Ames.Panel.2010,R78,True
SAMN16053236,1,48131777100,ILLUMINA,WGA,PRJNA661271,20.9,,,False,,,False
SAMN16053237,1,58095489900,ILLUMINA,WGA,PRJNA661271,25.3,PI 587149,16.0,True,Maize.Set.Inbred.Diversity.282.Plus.NAM.Parents,Va26,True
SAMN16053238,1,51356716500,ILLUMINA,WGA,PRJNA661271,22.3,NSL 30053,33.0,True,Maize.Group.Ames.Panel.2010,W22,True
SAMN16053239,1,54170726700,ILLUMINA,WGA,PRJNA661271,23.6,NSL 30060,28.0,True,Maize.Group.Ames.Panel.2010,W23,True
SAMN16053240,1,49279800600,ILLUMINA,WGA,PRJNA661271,21.4,NSL 30064,28.0,False,Maize.Group.Ames.Panel.2010,W24,True
SAMN16053242,1,47756529600,ILLUMINA,WGA,PRJNA661271,20.8,Ames 30567,26.0,False,Maize.Group.Ames.Panel.Post.2010,W810G,True
SAMN16053243,1,47217184500,ILLUMINA,WGA,PRJNA661271,20.5,Ames 30569,27.0,False,Maize.Group.Ames.Panel.Post.2010,W812G,True
SAMN16053244,1,51672473100,ILLUMINA,WGA,PRJNA661271,22.5,Ames 30570,26.0,False,Maize.Group.Ames.Panel.Post.2010,W813G,True
SAMN16053245,1,55297032600,ILLUMINA,WGA,PRJNA661271,24.0,PI 146374,28.0,False,Maize.Set.Inbred.Diversity.282.Plus.NAM.Parents,Wf9,True
SAMN16053246,1,55450995000,ILLUMINA,WGA,PRJNA661271,24.1,PI 601686,30.0,True,Maize.Group.PVP,WIL903,True
SAMN16053247,1,54644489100,ILLUMINA,WGA,PRJNA661271,23.8,PI 391680,22.0,False,Maize.Group.Ames.Panel.2010,WU-TAN-TZAO,True
SAMN16053248,1,55115078400,ILLUMINA,WGA,PRJNA661271,24.0,PI 391665,22.0,False,Maize.Group.Ames.Panel.2010,YING-55,True
SAMN16053249,1,45193350900,ILLUMINA,WGA,PRJNA661271,19.6,PI 601561,20.0,False,Maize.Group.PVP,6M502,True
SAMN16053250,1,58510553100,ILLUMINA,WGA,PRJNA661271,25.4,PI 546484,29.0,True,Maize.Group.PVP,6M502A,True
SAMN16053251,1,63101554800,ILLUMINA,WGA,PRJNA661271,27.4,PI 601563,30.0,True,Maize.Group.PVP,87916W,True
SAMN16053252,1,48183370800,ILLUMINA,WGA,PRJNA661271,20.9,,,False,,,False
SAMN16053253,1,56612845800,ILLUMINA,WGA,PRJNA661271,24.6,PI 702849,28.0,False,Maize.Group.Ames.Panel.2010,AusTRCF 306238,True
SAMN16053254,1,52884305400,ILLUMINA,WGA,PRJNA661271,23.0,PI 597926,30.0,False,Maize.Group.Ames.Panel.2010,B108,True
SAMN16053255,1,63817963200,ILLUMINA,WGA,PRJNA661271,27.7,PI 607381,32.0,True,Maize.Group.Ames.Panel.2010,B110,True
SAMN16053256,1,61473461400,ILLUMINA,WGA,PRJNA661271,26.7,NSL 65866,24.0,True,Maize.Group.Ames.Panel.2010,B14,True
SAMN16053257,1,52654108200,ILLUMINA,WGA,PRJNA661271,22.9,PI 550469,29.0,False,Maize.Set.Inbred.Diversity.282.Plus.NAM.Parents,B46,True
SAMN16053258,1,52351562100,ILLUMINA,WGA,PRJNA661271,22.8,,,False,,,False
SAMN16053259,1,48608541600,ILLUMINA,WGA,PRJNA661271,21.1,PI 550463,19.0,False,Maize.Group.Ames.Panel.2010,B65,True
SAMN16053260,1,60688600800,ILLUMINA,WGA,PRJNA661271,26.4,PI 550464,28.0,False,Maize.Group.Ames.Panel.2010,B66,True
SAMN16053262,1,53908807200,ILLUMINA,WGA,PRJNA661271,23.4,PI 564682,36.0,True,Maize.Set.Inbred.Diversity.282.Plus.NAM.Parents,B97,True
SAMN16053263,1,49720096200,ILLUMINA,WGA,PRJNA661271,21.6,PI 564683,23.0,True,Maize.Group.Ames.Panel.2010,B98,True
SAMN16053264,1,46704469800,ILLUMINA,WGA,PRJNA661271,20.3,PI 606330,33.0,False,Maize.Set.Inbred.Diversity.282.Plus.NAM.Parents,DE2,True
SAMN16053265,1,56482669500,ILLUMINA,WGA,PRJNA661271,24.6,PI 638551,26.0,False,Maize.Group.Ames.Panel.2010,DE3,True
SAMN16053266,1,45705439500,ILLUMINA,WGA,PRJNA661271,19.9,PI 601724,20.0,True,Maize.Group.PVP,E8501,True
SAMN16053267,1,47539129800,ILLUMINA,WGA,PRJNA661271,20.7,PI 693363,31.0,False,Maize.Set.Inbred.Diversity.282.Plus.NAM.Parents,F2834T,True
SAMN16053268,1,55683152700,ILLUMINA,WGA,PRJNA661271,24.2,PI 600772,37.0,False,Maize.Group.PVP,FR19,True
SAMN16053269,1,47799377400,ILLUMINA,WGA,PRJNA661271,20.8,PI 550526,28.0,False,Maize.Group.Ames.Panel.2010,H110,True
SAMN16053270,1,49868558700,ILLUMINA,WGA,PRJNA661271,21.7,PI 587128,38.0,True,Maize.Set.Inbred.Diversity.282.Plus.NAM.Parents,H84,True
SAMN16053271,1,52164783300,ILLUMINA,WGA,PRJNA661271,22.7,PI 587131,42.0,False,Maize.Set.Inbred.Diversity.282.Plus.NAM.Parents,HP301,True
SAMN16053272,1,75398657400,ILLUMINA,WGA,PRJNA661271,32.8,PI 686059,38.0,False,Maize.Set.Inbred.Diversity.282.Plus.NAM.Parents,IDS28,True
SAMN16053273,1,48738345900,ILLUMINA,WGA,PRJNA661271,21.2,PI 686063,39.0,False,Maize.Set.Inbred.Diversity.282.Plus.NAM.Parents,IDS91,True
SAMN16053274,1,48034746600,ILLUMINA,WGA,PRJNA661271,20.9,,,False,,,False
SAMN16053275,1,51832957800,ILLUMINA,WGA,PRJNA661271,22.5,,,False,,,False
SAMN16053276,1,48857864700,ILLUMINA,WGA,PRJNA661271,21.2,PI 154379,28.0,False,,K 41,True
SAMN16053277,1,50029344000,ILLUMINA,WGA,PRJNA661271,21.8,PI 539925,28.0,True,Maize.Group.PVP,LH191,True
SAMN16053278,1,48283455000,ILLUMINA,WGA,PRJNA661271,21.0,PI 539926,29.0,True,Maize.Group.PVP,LH192,True
SAMN16053279,1,49033566300,ILLUMINA,WGA,PRJNA661271,21.3,PI 539923,30.0,True,Maize.Group.PVP,LH194,True
SAMN16053280,1,49383324900,ILLUMINA,WGA,PRJNA661271,21.5,PI 537099,30.0,True,Maize.Group.PVP,LH205,True
SAMN16053281,1,51139875300,ILLUMINA,WGA,PRJNA661271,22.2,PI 557569,29.0,True,Maize.Group.PVP,LH216,True
SAMN16053282,1,50024388000,ILLUMINA,WGA,PRJNA661271,21.7,PI 601440,30.0,False,Maize.Group.PVP,MBPM,True
SAMN16053283,1,48619694400,ILLUMINA,WGA,PRJNA661271,21.1,PI 558520,33.0,False,Maize.Set.Inbred.Diversity.282.Plus.NAM.Parents,Mo1W,True
SAMN16053284,1,49948351200,ILLUMINA,WGA,PRJNA661271,21.7,Ames 24708,30.0,False,Maize.Group.Ames.Panel.2010,MS24A,True
SAMN16053285,1,51168207600,ILLUMINA,WGA,PRJNA661271,22.2,PI 596356,30.0,False,Maize.Group.Ames.Panel.2010,N217,True
SAMN16053286,1,47779152000,ILLUMINA,WGA,PRJNA661271,20.8,PI 596357,30.0,False,Maize.Group.Ames.Panel.2010,N218,True
SAMN16053287,1,55545191400,ILLUMINA,WGA,PRJNA661271,24.2,,,False,,,False
SAMN16053288,1,82641735300,ILLUMINA,WGA,PRJNA661271,35.9,PI 607512,30.0,False,Maize.Group.Ames.Panel.2010,N7A,True
SAMN16053289,1,55930644900,ILLUMINA,WGA,PRJNA661271,24.3,PI 690392,29.0,True,Maize.Set.Inbred.Diversity.282.Plus.NAM.Parents,NC294,True
SAMN16053290,1,55680657900,ILLUMINA,WGA,PRJNA661271,24.2,PI 690409,32.0,False,Maize.Set.Inbred.Diversity.282.Plus.NAM.Parents,NC326,True
SAMN16053291,1,45103716900,ILLUMINA,WGA,PRJNA661271,19.6,PI 690417,33.0,False,Maize.Set.Inbred.Diversity.282.Plus.NAM.Parents,NC342,True
SAMN16053292,1,50349710700,ILLUMINA,WGA,PRJNA661271,21.9,PI 610494,28.0,False,Maize.Group.Ames.Panel.2010,NY6371,True
SAMN16053293,1,44698583100,ILLUMINA,WGA,PRJNA661271,19.4,PI 151531,18.0,False,,Os426,True
SAMN16053294,1,50675371500,ILLUMINA,WGA,PRJNA661271,22.0,Ames 27184,22.0,False,Maize.Set.Inbred.Diversity.282.Plus.NAM.Parents,Pa762,True
SAMN16053295,1,55793134500,ILLUMINA,WGA,PRJNA661271,24.3,PI 517974,34.0,False,Maize.Set.Inbred.Diversity.282.Plus.NAM.Parents,Pa880,True
SAMN16053296,1,44650510500,ILLUMINA,WGA,PRJNA661271,19.4,PI 601774,31.0,False,Maize.Group.PVP,PHJ33,True
SAMN16053297,1,47819312700,ILLUMINA,WGA,PRJNA661271,20.8,PI 601468,31.0,False,Maize.Group.PVP,PHK29,True
SAMN16053298,1,48710262000,ILLUMINA,WGA,PRJNA661271,21.2,PI 559944,29.0,True,Maize.Group.PVP,PHP85,True
SAMN16053300,1,46196451600,ILLUMINA,WGA,PRJNA661271,20.1,PI 548805,19.0,True,Maize.Group.PVP,PHR58,True
SAMN16053301,1,49906959600,ILLUMINA,WGA,PRJNA661271,21.7,PI 601786,31.0,False,Maize.Group.PVP,PHR62,True
SAMN16053302,1,51529078800,ILLUMINA,WGA,PRJNA661271,22.4,PI 565112,30.0,False,Maize.Group.PVP,PHW53,True
SAMN16053304,1,47606297400,ILLUMINA,WGA,PRJNA661271,20.7,PI 531510,7.0,False,Maize.Group.Ames.Panel.2010,R226,True
SAMN16053305,1,46154320500,ILLUMINA,WGA,PRJNA661271,20.1,PI 531511,6.0,False,Maize.Group.Ames.Panel.2010,R227,True
SAMN16053306,1,48266992800,ILLUMINA,WGA,PRJNA661271,21.0,PI 592734,24.0,False,Maize.Set.Inbred.Diversity.282.Plus.NAM.Parents,R229,True
SAMN16053307,1,47859286200,ILLUMINA,WGA,PRJNA661271,20.8,NSL 30872,27.0,False,Maize.Group.Ames.Panel.2010,R71,True
SAMN16053308,1,56324363100,ILLUMINA,WGA,PRJNA661271,24.5,PI 587151,38.0,False,Maize.Set.Inbred.Diversity.282.Plus.NAM.Parents,Va102,True
SAMN16053310,1,54531448800,ILLUMINA,WGA,PRJNA661271,23.7,PI 587150,28.0,False,Maize.Set.Inbred.Diversity.282.Plus.NAM.Parents,Va35,True
SAMN16053311,1,49122081900,ILLUMINA,WGA,PRJNA661271,21.4,PI 693326,32.0,False,Maize.Set.Inbred.Diversity.282.Plus.NAM.Parents,Va59,True
SAMN16053312,1,52059757800,ILLUMINA,WGA,PRJNA661271,22.6,PI 693324,34.0,False,Maize.Set.Inbred.Diversity.282.Plus.NAM.Parents,VaW6,True
SAMN16053313,1,50672133000,ILLUMINA,WGA,PRJNA661271,22.0,NSL 30071,27.0,False,Maize.Group.Ames.Panel.2010,W32,True
SAMN16053314,1,56217441600,ILLUMINA,WGA,PRJNA661271,24.4,,,False,,,False
SAMN16053315,1,50569493100,ILLUMINA,WGA,PRJNA661271,22.0,Ames 30560,25.0,False,Maize.Group.Ames.Panel.Post.2010,W803G,True
SAMN16053316,1,50032268100,ILLUMINA,WGA,PRJNA661271,21.8,Ames 30566,27.0,False,Maize.Group.Ames.Panel.Post.2010,W809G,True
SAMN16053317,1,52709926200,ILLUMINA,WGA,PRJNA661271,22.9,Ames 30572,26.0,False,Maize.Group.Ames.Panel.Post.2010,W815G,True
SAMN16053318,1,52342084800,ILLUMINA,WGA,PRJNA661271,22.8,Ames 30574,26.0,False,Maize.Group.Ames.Panel.Post.2010,W817G,True
SAMN16053319,1,46737391200,ILLUMINA,WGA,PRJNA661271,20.3,Ames 30576,25.0,False,Maize.Group.Ames.Panel.Post.2010,W819G,True
SAMN16053320,1,58742786100,ILLUMINA,WGA,PRJNA661271,25.5,Ames 30577,26.0,False,Maize.Group.Ames.Panel.Post.2010,W820G,True
SAMN16053321,1,59059263600,ILLUMINA,WGA,PRJNA661271,25.7,Ames 26745,28.0,False,Maize.Group.Ames.Panel.2010,WXB6,True
SAMN16053322,1,63320082900,ILLUMINA,WGA,PRJNA661271,27.5,Ames 2335,6.0,False,Maize.Group.Ames.Panel.2010,Ye 4,True
SAMN16053323,1,55988051700,ILLUMINA,WGA,PRJNA661271,24.3,Ames 27196,32.0,False,Maize.Set.Inbred.Diversity.282.Plus.NAM.Parents,Yu796_NS,True
SAMN16053324,1,54342232500,ILLUMINA,WGA,PRJNA661271,23.6,PI 594048,26.0,False,Maize.Set.Inbred.Diversity.282.Plus.NAM.Parents,B105,True
SAMN16053325,1,47670037500,ILLUMINA,WGA,PRJNA661271,20.7,PI 601685,31.0,False,Maize.Group.PVP,WIL901,True
SAMN16053326,1,54577464300,ILLUMINA,WGA,PRJNA661271,23.7,,,False,,,False
SAMN16053327,1,51229486500,ILLUMINA,WGA,PRJNA661271,22.3,PI 198892,30.0,False,Maize.Group.Ames.Panel.2010,4F-234 BX 4,True
SAMN16053328,1,46355700000,ILLUMINA,WGA,PRJNA661271,20.2,PI 587139,40.0,True,Maize.Set.Inbred.Diversity.282.Plus.NAM.Parents,A619,True
SAMN16053329,1,54994869900,ILLUMINA,WGA,PRJNA661271,23.9,PI 594047,35.0,False,Maize.Set.Inbred.Diversity.282.Plus.NAM.Parents,B104,True
SAMN16053330,1,51493625100,ILLUMINA,WGA,PRJNA661271,22.4,,,False,,,False
SAMN16053331,1,61320392400,ILLUMINA,WGA,PRJNA661271,26.7,PI 550472,33.0,True,Maize.Set.Inbred.Diversity.282.Plus.NAM.Parents,B57,True
SAMN16053332,1,56906649900,ILLUMINA,WGA,PRJNA661271,24.7,PI 550465,16.0,False,Maize.Set.Inbred.Diversity.282.Plus.NAM.Parents,B68,True
SAMN16053333,1,51730440900,ILLUMINA,WGA,PRJNA661271,22.5,PI 608765,14.0,True,Maize.Set.Inbred.Diversity.282.Plus.NAM.Parents,B77,True
SAMN16053334,1,49946824200,ILLUMINA,WGA,PRJNA661271,21.7,PI 608766,14.0,False,Maize.Set.Inbred.Diversity.282.Plus.NAM.Parents,B79,True
SAMN16053335,1,49045256400,ILLUMINA,WGA,PRJNA661271,21.3,PI 550558,31.0,False,Maize.Set.Inbred.Diversity.282.Plus.NAM.Parents,DE811,True
SAMN16053336,1,58133030700,ILLUMINA,WGA,PRJNA661271,25.3,PI 555462,29.0,True,Maize.Group.PVP,F118,True
SAMN16053337,1,50964069900,ILLUMINA,WGA,PRJNA661271,22.2,PI 698990,28.0,False,Maize.Group.Ames.Panel.2010,H113,True
SAMN16053338,1,53389430100,ILLUMINA,WGA,PRJNA661271,23.2,PI 698994,27.0,False,Maize.Group.Ames.Panel.2010,H122w,True
SAMN16053339,1,60608930100,ILLUMINA,WGA,PRJNA661271,26.4,PI 698981,28.0,False,Maize.Group.Ames.Panel.2010,H96,True
SAMN16053340,1,51297804900,ILLUMINA,WGA,PRJNA661271,22.3,Ames 2339,19.0,True,Maize.Group.Ames.Panel.2010,Huobai,True
SAMN16053341,1,53762025900,ILLUMINA,WGA,PRJNA661271,23.4,,,False,,,False
SAMN16053342,1,61110411000,ILLUMINA,WGA,PRJNA661271,26.6,,,False,,,False
SAMN16053343,1,47221280100,ILLUMINA,WGA,PRJNA661271,20.5,NSL 22984,17.0,False,Maize.Group.Ames.Panel.2010,J47,True
SAMN16053344,1,47268642600,ILLUMINA,WGA,PRJNA661271,20.6,PI 706566,28.0,False,Maize.Group.Ames.Panel.2010,K47,True
SAMN16053345,1,47432129100,ILLUMINA,WGA,PRJNA661271,20.6,PI 154384,23.0,False,Maize.Set.Inbred.Diversity.282.Plus.NAM.Parents,K 55,True
SAMN16053346,1,45228110100,ILLUMINA,WGA,PRJNA661271,19.7,PI 537101,29.0,True,Maize.Group.PVP,LH211,True
SAMN16053347,1,57164242500,ILLUMINA,WGA,PRJNA661271,24.9,PI 601494,30.0,True,Maize.Group.PVP,LH65,True
SAMN16053348,1,46304829300,ILLUMINA,WGA,PRJNA661271,20.1,PI 693398,20.0,True,Maize.Set.Inbred.Diversity.282.Plus.NAM.Parents,M14,True
SAMN16053349,1,46694085000,ILLUMINA,WGA,PRJNA661271,20.3,PI 558523,9.0,False,Maize.Group.Ames.Panel.2010,Mo5,True
SAMN16053350,1,51990803700,ILLUMINA,WGA,PRJNA661271,22.6,PI 568159,5.0,False,Maize.Group.Ames.Panel.2010,N200,True
SAMN16053351,1,59723219700,ILLUMINA,WGA,PRJNA661271,26.0,PI 595366,30.0,False,Maize.Group.Ames.Panel.2010,N209,True
SAMN16053352,1,44217547500,ILLUMINA,WGA,PRJNA661271,19.2,PI 550555,32.0,False,Maize.Set.Inbred.Diversity.282.Plus.NAM.Parents,NC250,True
SAMN16053353,1,51397667700,ILLUMINA,WGA,PRJNA661271,22.3,PI 690390,31.0,False,Maize.Set.Inbred.Diversity.282.Plus.NAM.Parents,NC290A,True
SAMN16053354,1,55691880300,ILLUMINA,WGA,PRJNA661271,24.2,PI 690428,33.0,False,Maize.Set.Inbred.Diversity.282.Plus.NAM.Parents,NC368,True
SAMN16053355,1,47708427000,ILLUMINA,WGA,PRJNA661271,20.7,,,False,,,False
SAMN16053356,1,51715398900,ILLUMINA,WGA,PRJNA661271,22.5,PI 587147,13.0,False,Maize.Set.Inbred.Diversity.282.Plus.NAM.Parents,Pa91,True
SAMN16053357,1,52080365100,ILLUMINA,WGA,PRJNA661271,22.6,PI 578030,29.0,True,Maize.Group.PVP,PHEG9,True
SAMN16053359,1,47650513500,ILLUMINA,WGA,PRJNA661271,20.7,PI 543843,29.0,False,Maize.Group.PVP,PHN34,True
SAMN16053360,1,54455158200,ILLUMINA,WGA,PRJNA661271,23.7,PI 601500,31.0,False,Maize.Group.PVP,PHV63,True
SAMN16053362,1,47763893700,ILLUMINA,WGA,PRJNA661271,20.8,PI 693325,22.0,True,Maize.Set.Inbred.Diversity.282.Plus.NAM.Parents,Va17,True
SAMN16053363,1,46516518000,ILLUMINA,WGA,PRJNA661271,20.2,PI 601684,30.0,True,Maize.Group.PVP,WIL900,True
SAMN16053364,1,50191660800,ILLUMINA,WGA,PRJNA661271,21.8,PI 198888,30.0,False,Maize.Group.Ames.Panel.2010,4F-35 BK,True
SAMN16053365,1,52306048500,ILLUMINA,WGA,PRJNA661271,22.7,PI 693399,33.0,False,Maize.Set.Inbred.Diversity.282.Plus.NAM.Parents,R177,True
SAMN17014573,1,80051920800,ILLUMINA,WGS,PRJNA616247,34.8,,,False,,,False
SAMN17014574,1,76773972600,ILLUMINA,WGS,PRJNA616247,33.4,,,False,,,False
SAMN17014575,1,73226141400,ILLUMINA,WGS,PRJNA616247,31.8,,,False,,,False
SAMN17014576,1,79515274800,ILLUMINA,WGS,PRJNA616247,34.6,,,False,,,False
SAMN17014577,1,72590778600,ILLUMINA,WGS,PRJNA616247,31.6,,,False,,,False
SAMN17014578,1,70483729400,ILLUMINA,WGS,PRJNA616247,30.6,,,False,,,False
SAMN17014579,1,82178235800,ILLUMINA,WGS,PRJNA616247,35.7,,,False,,,False
SAMN17014580,1,77462143600,ILLUMINA,WGS,PRJNA616247,33.7,,,False,,,False
SAMN17014581,1,51646453000,ILLUMINA,WGS,PRJNA616247,22.5,,,False,,,False
SAMN17014582,1,81755832408,ILLUMINA,WGS,PRJNA616247,35.5,,,False,,,False
SAMN17014583,1,89515475474,ILLUMINA,WGS,PRJNA616247,38.9,,,False,,,False
SAMN17014584,1,81542599644,ILLUMINA,WGS,PRJNA616247,35.5,,,False,,,False
SAMN17014585,1,87589962202,ILLUMINA,WGS,PRJNA616247,38.1,,,False,,,False
SAMN17014586,1,90762959230,ILLUMINA,WGS,PRJNA616247,39.5,,,False,,,False
SAMN17014587,1,82212967670,ILLUMINA,WGS,PRJNA616247,35.7,,,False,,,False
SAMN17014588,1,79909417182,ILLUMINA,WGS,PRJNA616247,34.7,,,False,,,False
SAMN17014589,1,78489741976,ILLUMINA,WGS,PRJNA616247,34.1,,,False,,,False
SAMN17014590,1,80206314924,ILLUMINA,WGS,PRJNA616247,34.9,,,False,,,False
SAMN17014591,1,90651756576,ILLUMINA,WGS,PRJNA616247,39.4,,,False,,,False
SAMN17014592,1,87737748492,ILLUMINA,WGS,PRJNA616247,38.1,,,False,,,False
SAMN17014593,1,99383946934,ILLUMINA,WGS,PRJNA616247,43.2,,,False,,,False
SAMN17014594,1,59540212200,ILLUMINA,WGS,PRJNA616247,25.9,,,False,,,False
SAMN17014595,1,131341563000,ILLUMINA,WGS,PRJNA616247,57.1,,,False,,,False
SAMN17014596,1,51365304300,ILLUMINA,WGS,PRJNA616247,22.3,,,False,,,False
SAMN17014597,1,86030752500,ILLUMINA,WGS,PRJNA616247,37.4,,,False,,,False
SAMN17014598,1,68189746800,ILLUMINA,WGS,PRJNA616247,29.6,,,False,,,False
SAMN17014599,1,55319287500,ILLUMINA,WGS,PRJNA616247,24.1,,,False,,,False
SAMN17014600,1,58134519300,ILLUMINA,WGS,PRJNA616247,25.3,,,False,,,False
SAMN17014601,1,49742846700,ILLUMINA,WGS,PRJNA616247,21.6,,,False,,,False
SAMN17014602,1,64787458500,ILLUMINA,WGS,PRJNA616247,28.2,,,False,,,False
SAMN17014603,1,66226281900,ILLUMINA,WGS,PRJNA616247,28.8,,,False,,,False
SAMN17014604,1,105088307400,ILLUMINA,WGS,PRJNA616247,45.7,,,False,,,False
SAMN17014605,1,98344173000,ILLUMINA,WGS,PRJNA616247,42.8,,,False,,,False
SAMN17014606,1,83581742400,ILLUMINA,WGS,PRJNA616247,36.3,,,False,,,False
SAMN17014607,1,64259829000,ILLUMINA,WGS,PRJNA616247,27.9,,,False,,,False
SAMN17014608,1,48444282000,ILLUMINA,WGS,PRJNA616247,21.1,,,False,,,False
SAMN17014609,1,54651769200,ILLUMINA,WGS,PRJNA616247,23.8,,,False,,,False
SAMN17014610,1,59455497300,ILLUMINA,WGS,PRJNA616247,25.9,,,False,,,False
SAMN17014611,1,55879234500,ILLUMINA,WGS,PRJNA616247,24.3,,,False,,,False
SAMN17014612,1,72767721900,ILLUMINA,WGS,PRJNA616247,31.6,,,False,,,False
SAMN17014613,1,82446944700,ILLUMINA,WGS,PRJNA616247,35.8,,,False,,,False
SAMN17014614,1,54046234800,ILLUMINA,WGS,PRJNA616247,23.5,,,False,,,False
SAMN17014615,1,46720410000,ILLUMINA,WGS,PRJNA616247,20.3,,,False,,,False
SAMN17014616,1,55556489700,ILLUMINA,WGS,PRJNA616247,24.2,,,False,,,False
SAMN17014617,1,55685487300,ILLUMINA,WGS,PRJNA616247,24.2,,,False,,,False
SAMN17014618,1,63545815800,ILLUMINA,WGS,PRJNA616247,27.6,,,False,,,False
SAMN17014619,1,62313905700,ILLUMINA,WGS,PRJNA616247,27.1,,,False,,,False
SAMN17014620,1,74997771300,ILLUMINA,WGS,PRJNA616247,32.6,,,False,,,False
SAMN17014621,1,45764280900,ILLUMINA,WGS,PRJNA616247,19.9,,,False,,,False
SAMN17014622,1,62091415800,ILLUMINA,WGS,PRJNA616247,27.0,,,False,,,False
SAMN17014623,1,98037534000,ILLUMINA,WGS,PRJNA616247,42.6,,,False,,,False
SAMN17014624,1,41440211700,ILLUMINA,WGS,PRJNA616247,18.0,,,False,,,False
SAMN17014625,1,61630559700,ILLUMINA,WGS,PRJNA616247,26.8,,,False,,,False
SAMN17014626,1,85523769600,ILLUMINA,WGS,PRJNA616247,37.2,,,False,,,False
SAMN17014627,1,70816881300,ILLUMINA,WGS,PRJNA616247,30.8,,,False,,,False
SAMN17014628,1,72224262600,ILLUMINA,WGS,PRJNA616247,31.4,,,False,,,False
SAMN17014629,1,56830351200,ILLUMINA,WGS,PRJNA616247,24.7,,,False,,,False
SAMN17014630,1,47440418100,ILLUMINA,WGS,PRJNA616247,20.6,,,False,,,False
SAMN17014631,1,83648549700,ILLUMINA,WGS,PRJNA616247,36.4,,,False,,,False
SAMN17014632,1,66862239600,ILLUMINA,WGS,PRJNA616247,29.1,,,False,,,False
SAMN17014633,1,45841352700,ILLUMINA,WGS,PRJNA616247,19.9,,,False,,,False
SAMN17014634,1,80291558700,ILLUMINA,WGS,PRJNA616247,34.9,,,False,,,False
SAMN17014635,1,126315869100,ILLUMINA,WGS,PRJNA616247,54.9,,,False,,,False
SAMN17014636,1,103584576300,ILLUMINA,WGS,PRJNA616247,45.0,,,False,,,False
SAMN17014637,1,50929440300,ILLUMINA,WGS,PRJNA616247,22.1,,,False,,,False
SAMN17014638,1,43374425100,ILLUMINA,WGS,PRJNA616247,18.9,,,False,,,False
SAMN17014639,1,62044092600,ILLUMINA,WGS,PRJNA616247,27.0,,,False,,,False
SAMN17014640,1,49262239950,ILLUMINA,WGS,PRJNA616247,21.4,,,False,,,False
SAMN17014641,1,76238041200,ILLUMINA,WGS,PRJNA616247,33.1,,,False,,,False
SAMN17014642,1,102881735400,ILLUMINA,WGS,PRJNA616247,44.7,,,False,,,False
SAMN17014643,1,73429263900,ILLUMINA,WGS,PRJNA616247,31.9,,,False,,,False
SAMN17014644,1,59646856500,ILLUMINA,WGS,PRJNA616247,25.9,,,False,,,False
SAMN17014645,1,56933851500,ILLUMINA,WGS,PRJNA616247,24.8,,,False,,,False
SAMN17014646,1,58974978900,ILLUMINA,WGS,PRJNA616247,25.6,,,False,,,False
SAMN17014647,1,53418211200,ILLUMINA,WGS,PRJNA616247,23.2,,,False,,,False
SAMN17014648,1,39942766950,ILLUMINA,WGS,PRJNA616247,17.4,,,False,,,False
SAMN17022423,1,11859601314,ILLUMINA,OTHER,PRJNA683126,5.2,,,False,,,False
SAMN17188509,1,74085052800,ILLUMINA,WGS,PRJNA688754,32.2,,,False,,,False
SAMN17188510,1,73673284200,ILLUMINA,WGS,PRJNA688754,32.0,,,False,,,False
SAMN17601142,1,29637093832,OXFORD_NANOPORE,WGA,PRJNA698070,12.9,Ames 28405,,False,,,True
SAMN17614565,1,14003782800,ILLUMINA,WGS,PRJNA530187,6.1,,,False,,,False
SAMN17614566,1,18200066400,ILLUMINA,WGS,PRJNA530187,7.9,,,False,,,False
SAMN17614573,1,12324674400,ILLUMINA,WGS,PRJNA530187,5.4,,,False,,,False
SAMN17614574,1,12554662200,ILLUMINA,WGS,PRJNA530187,5.5,,,False,,,False
SAMN17614582,1,12835091400,ILLUMINA,WGS,PRJNA530187,5.6,,,False,,,False
SAMN17614585,1,13567624200,ILLUMINA,WGS,PRJNA530187,5.9,,,False,,,False
SAMN17614589,1,12707205900,ILLUMINA,WGS,PRJNA530187,5.5,,,False,,,False
SAMN17614594,1,12758500500,ILLUMINA,WGS,PRJNA530187,5.5,,,False,,,False
SAMN17614597,1,16985936400,ILLUMINA,WGS,PRJNA530187,7.4,,,False,,,False
SAMN17614602,1,12106402800,ILLUMINA,WGS,PRJNA530187,5.3,,,False,,,False
SAMN17614603,1,11819019000,ILLUMINA,WGS,PRJNA530187,5.1,,,False,,,False
SAMN17614624,1,12758460900,ILLUMINA,WGS,PRJNA530187,5.5,,,False,,,False
SAMN17614644,1,13999561200,ILLUMINA,WGS,PRJNA530187,6.1,,,False,,,False
SAMN17614645,1,12021233100,ILLUMINA,WGS,PRJNA530187,5.2,,,False,,,False
SAMN17614651,1,14103333300,ILLUMINA,WGS,PRJNA530187,6.1,,,False,,,False
SAMN17614660,1,16234122900,ILLUMINA,WGS,PRJNA530187,7.1,,,False,,,False
SAMN17614661,1,12176286600,ILLUMINA,WGS,PRJNA530187,5.3,,,False,,,False
SAMN17614668,1,12667199400,ILLUMINA,WGS,PRJNA530187,5.5,,,False,,,False
SAMN17614669,1,12735698400,ILLUMINA,WGS,PRJNA530187,5.5,,,False,,,False
SAMN17614673,1,12696146700,ILLUMINA,WGS,PRJNA530187,5.5,,,False,,,False
SAMN17614676,1,17197751400,ILLUMINA,WGS,PRJNA530187,7.5,,,False,,,False
SAMN17614677,1,11987249100,ILLUMINA,WGS,PRJNA530187,5.2,,,False,,,False
SAMN17614684,1,15993822900,ILLUMINA,WGS,PRJNA530187,7.0,,,False,,,False
SAMN17614701,1,20658479400,ILLUMINA,WGS,PRJNA530187,9.0,,,False,,,False
SAMN17614706,1,20827104600,ILLUMINA,WGS,PRJNA530187,9.1,,,False,,,False
SAMN17614707,1,15506726700,ILLUMINA,WGS,PRJNA530187,6.7,,,False,,,False
SAMN17614708,1,17433218100,ILLUMINA,WGS,PRJNA530187,7.6,,,False,,,False
SAMN17614709,1,12424921800,ILLUMINA,WGS,PRJNA530187,5.4,,,False,,,False
SAMN17614713,1,13511934900,ILLUMINA,WGS,PRJNA530187,5.9,,,False,,,False
SAMN17614714,1,12171279900,ILLUMINA,WGS,PRJNA530187,5.3,,,False,,,False
SAMN17614724,1,15859110000,ILLUMINA,WGS,PRJNA530187,6.9,,,False,,,False
SAMN17614731,1,18482772000,ILLUMINA,WGS,PRJNA530187,8.0,,,False,,,False
SAMN17776922,1,16968806400,ILLUMINA,WGS,PRJNA684330,7.4,,,False,,,False
SAMN17776923,1,19765400100,ILLUMINA,WGS,PRJNA684330,8.6,,,False,,,False
SAMN17776926,1,14432685300,ILLUMINA,WGS,PRJNA684330,6.3,PI 601441,30.0,True,Maize.Group.PVP,PB80,True
SAMN17776927,1,12445667700,ILLUMINA,WGS,PRJNA684330,5.4,PI 601496,31.0,False,Maize.Group.PVP,PHK76,True
SAMN17776928,1,11742613800,ILLUMINA,WGS,PRJNA684330,5.1,PI 601576,31.0,False,Maize.Group.PVP,PHW79,True
SAMN17776930,1,17866521000,ILLUMINA,WGS,PRJNA684330,7.8,PI 198895,29.0,False,Maize.Group.Ames.Panel.2010,4F-285 TX 15,True
SAMN17776931,1,17204423100,ILLUMINA,WGS,PRJNA684330,7.5,Ames 22441,18.0,False,Maize.Group.Ames.Panel.2010,CH157,True
SAMN17776932,1,18692624400,ILLUMINA,WGS,PRJNA684330,8.1,,,False,,,False
SAMN17776946,1,12793285500,ILLUMINA,WGS,PRJNA684330,5.6,,,False,,,False
SAMN17776949,1,18243361800,ILLUMINA,WGS,PRJNA684330,7.9,,,False,,,False
SAMN17776952,1,19147392600,ILLUMINA,WGS,PRJNA684330,8.3,,,False,,,False
SAMN17776953,1,17206247400,ILLUMINA,WGS,PRJNA684330,7.5,Ames 28361,27.0,False,Maize.Group.Ames.Panel.2010,Mo402,True
SAMN17776954,1,13536153300,ILLUMINA,WGS,PRJNA684330,5.9,PI 601745,31.0,False,Maize.Group.PVP,4N506,True
SAMN17776957,1,13443434100,ILLUMINA,WGS,PRJNA684330,5.8,Ames 34521,,False,,,True
SAMN17776960,1,12114359100,ILLUMINA,WGS,PRJNA684330,5.3,,,False,,,False
SAMN17776963,1,20461785300,ILLUMINA,WGS,PRJNA684330,8.9,PI 641266,16.0,False,Maize.Group.Ames.Panel.2010,TZEEI 21,True
SAMN17776969,1,27528613800,ILLUMINA,WGS,PRJNA684330,12.0,,,False,,,False
SAMN17776970,1,16428351300,ILLUMINA,WGS,PRJNA684330,7.1,,,False,,,False
SAMN17776982,1,13234023000,ILLUMINA,WGS,PRJNA684330,5.8,PI 595547,19.0,False,Maize.Group.Ames.Panel.2010,CML 271,True
SAMN17776984,1,19741183200,ILLUMINA,WGS,PRJNA684330,8.6,,,False,,,False
SAMN17776988,1,23877493800,ILLUMINA,WGS,PRJNA684330,10.4,PI 641063,16.0,False,Maize.Group.Ames.Panel.2010,TZEI 3,True
SAMN17776994,1,18808777500,ILLUMINA,WGS,PRJNA684330,8.2,PI 595563,18.0,False,Maize.Group.Ames.Panel.2010,CML 283,True
SAMN17776996,1,20574372900,ILLUMINA,WGS,PRJNA684330,8.9,,,False,,,False
SAMN17777002,1,13454329800,ILLUMINA,WGS,PRJNA684330,5.8,,,False,,,False
SAMN17777004,1,13884563400,ILLUMINA,WGS,PRJNA684330,6.0,PI 595527,20.0,False,Maize.Group.Ames.Panel.2010,CML 3,True
SAMN17777007,1,21601446600,ILLUMINA,WGS,PRJNA684330,9.4,,,False,,,False
SAMN17777011,1,12025191900,ILLUMINA,WGS,PRJNA684330,5.2,PI 639925,16.0,False,Maize.Group.Ames.Panel.2010,TZSTRI101,True
SAMN17901044,79,417151849974,ILLUMINA;PACBIO_SMRT,OTHER,PRJNA701651,181.4,PI 600959,36.0,False,Maize.Group.PVP,LH145,True
SAMN17901045,34,347927269771,ILLUMINA;PACBIO_SMRT,OTHER,PRJNA701654,151.3,PI 608767,13.0,False,Maize.Set.Inbred.Diversity.282.Plus.NAM.Parents,B84,True
SAMN17901046,58,458762044828,ILLUMINA;PACBIO_SMRT,OTHER,PRJNA701653,199.5,,,False,,,False
SAMN17901047,49,393193730097,ILLUMINA;PACBIO_SMRT,OTHER,PRJNA701652,171.0,PI 601321,33.0,False,Maize.Group.PVP,PHJ40,True
SAMN17901048,44,331591187219,ILLUMINA;PACBIO_SMRT,OTHER,PRJNA701650,144.2,PI 601009,35.0,False,Maize.Group.PVP,PHB47,True
SAMN18146009,1,45367663500,ILLUMINA,WGS,PRJNA706836,19.7,,,False,,,False
SAMN18146011,1,34446473100,COMPLETE_GENOMICS,WGS,PRJNA706836,15.0,,,False,,,False
SAMN18492123,1,45544210756,ILLUMINA,WGS,PRJNA718320,19.8,,,False,,,False
SAMN18572131,2,15000502166,PACBIO_SMRT,WGS,PRJNA701651,6.5,,,False,,,False
SAMN18576333,2,15534351730,PACBIO_SMRT,WGS,PRJNA701654,6.8,,,False,,,False
SAMN18603502,2,13920214475,PACBIO_SMRT,WGS,PRJNA701653,6.1,,,False,,,False
SAMN18698658,1,33898938884,ILLUMINA,WGS,PRJNA339461,14.7,PI 587148,36.0,False,Maize.Set.Inbred.Diversity.282.Plus.NAM.Parents,CI 66,True
SAMN18790513,2,436738748188,ILLUMINA;OXFORD_NANOPORE,WGS,PRJNA722693,189.9,,,False,,,False
SAMN19088476,1,71066387100,ILLUMINA,WGS,PRJNA728476,30.9,,,False,,,False
SAMN19088477,1,73057005900,ILLUMINA,WGS,PRJNA728476,31.8,,,False,,,False
SAMN19088478,1,71633239800,ILLUMINA,WGS,PRJNA728476,31.1,,,False,,,False
SAMN19088479,1,39521600700,ILLUMINA,WGS,PRJNA728476,17.2,,,False,,,False
SAMN19645953,2,26681106498,ILLUMINA,WGA,PRJNA736453,11.6,PI 550473,48.0,True,Maize.Set.Inbred.Diversity.282.Plus.NAM.Parents,B73,True
SAMN20604709,1,15479250221,OXFORD_NANOPORE,WGS,PRJNA751841,6.7,PI 558532,46.0,True,Maize.Set.Inbred.Diversity.282.Plus.NAM.Parents,Mo17,True
SAMN20604713,1,16529327782,OXFORD_NANOPORE,WGS,PRJNA751841,7.2,PI 558532,46.0,True,Maize.Set.Inbred.Diversity.282.Plus.NAM.Parents,Mo17,True
SAMN20604715,1,16878846150,OXFORD_NANOPORE,WGS,PRJNA751841,7.3,PI 558532,46.0,True,Maize.Set.Inbred.Diversity.282.Plus.NAM.Parents,Mo17,True
SAMN20604716,1,18040036960,OXFORD_NANOPORE,WGS,PRJNA751841,7.8,PI 558532,46.0,True,Maize.Set.Inbred.Diversity.282.Plus.NAM.Parents,Mo17,True
SAMN20604717,1,15477283009,OXFORD_NANOPORE,WGS,PRJNA751841,6.7,PI 558532,46.0,True,Maize.Set.Inbred.Diversity.282.Plus.NAM.Parents,Mo17,True
SAMN20604718,1,14337607664,OXFORD_NANOPORE,WGS,PRJNA751841,6.2,PI 558532,46.0,True,Maize.Set.Inbred.Diversity.282.Plus.NAM.Parents,Mo17,True
SAMN20604719,1,14595274845,OXFORD_NANOPORE,WGS,PRJNA751841,6.3,PI 558532,46.0,True,Maize.Set.Inbred.Diversity.282.Plus.NAM.Parents,Mo17,True
SAMN20604720,1,16518983345,OXFORD_NANOPORE,WGS,PRJNA751841,7.2,PI 558532,46.0,True,Maize.Set.Inbred.Diversity.282.Plus.NAM.Parents,Mo17,True
SAMN20604721,1,16580027031,OXFORD_NANOPORE,WGS,PRJNA751841,7.2,PI 558532,46.0,True,Maize.Set.Inbred.Diversity.282.Plus.NAM.Parents,Mo17,True
SAMN20604722,1,15281632468,OXFORD_NANOPORE,WGS,PRJNA751841,6.6,PI 558532,46.0,True,Maize.Set.Inbred.Diversity.282.Plus.NAM.Parents,Mo17,True
SAMN20604723,1,18463261530,OXFORD_NANOPORE,WGS,PRJNA751841,8.0,PI 558532,46.0,True,Maize.Set.Inbred.Diversity.282.Plus.NAM.Parents,Mo17,True
SAMN20604726,1,21218861351,OXFORD_NANOPORE,WGS,PRJNA751841,9.2,PI 558532,46.0,True,Maize.Set.Inbred.Diversity.282.Plus.NAM.Parents,Mo17,True
SAMN20604727,1,13947843637,OXFORD_NANOPORE,WGS,PRJNA751841,6.1,PI 558532,46.0,True,Maize.Set.Inbred.Diversity.282.Plus.NAM.Parents,Mo17,True
SAMN20604728,1,14444155502,OXFORD_NANOPORE,WGS,PRJNA751841,6.3,PI 558532,46.0,True,Maize.Set.Inbred.Diversity.282.Plus.NAM.Parents,Mo17,True
SAMN20604730,1,21118371867,OXFORD_NANOPORE,WGS,PRJNA751841,9.2,PI 558532,46.0,True,Maize.Set.Inbred.Diversity.282.Plus.NAM.Parents,Mo17,True
SAMN20604733,1,16310904096,OXFORD_NANOPORE,WGS,PRJNA751841,7.1,PI 558532,46.0,True,Maize.Set.Inbred.Diversity.282.Plus.NAM.Parents,Mo17,True
SAMN20604735,1,16801057724,OXFORD_NANOPORE,WGS,PRJNA751841,7.3,PI 558532,46.0,True,Maize.Set.Inbred.Diversity.282.Plus.NAM.Parents,Mo17,True
SAMN20604736,1,14693887921,OXFORD_NANOPORE,WGS,PRJNA751841,6.4,PI 558532,46.0,True,Maize.Set.Inbred.Diversity.282.Plus.NAM.Parents,Mo17,True
SAMN20604739,1,12033513422,OXFORD_NANOPORE,WGS,PRJNA751841,5.2,PI 558532,46.0,True,Maize.Set.Inbred.Diversity.282.Plus.NAM.Parents,Mo17,True
SAMN20604742,1,19690751263,PACBIO_SMRT,WGS,PRJNA751841,8.6,PI 558532,46.0,True,Maize.Set.Inbred.Diversity.282.Plus.NAM.Parents,Mo17,True
SAMN20604743,1,30331379097,PACBIO_SMRT,WGS,PRJNA751841,13.2,PI 558532,46.0,True,Maize.Set.Inbred.Diversity.282.Plus.NAM.Parents,Mo17,True
SAMN20604745,1,17243536830,PACBIO_SMRT,WGS,PRJNA751841,7.5,PI 558532,46.0,True,Maize.Set.Inbred.Diversity.282.Plus.NAM.Parents,Mo17,True
SAMN20604746,1,27500600817,PACBIO_SMRT,WGS,PRJNA751841,12.0,PI 558532,46.0,True,Maize.Set.Inbred.Diversity.282.Plus.NAM.Parents,Mo17,True
SAMN20604747,1,22822023230,PACBIO_SMRT,WGS,PRJNA751841,9.9,PI 558532,46.0,True,Maize.Set.Inbred.Diversity.282.Plus.NAM.Parents,Mo17,True
SAMN20604748,1,27911005423,PACBIO_SMRT,WGS,PRJNA751841,12.1,PI 558532,46.0,True,Maize.Set.Inbred.Diversity.282.Plus.NAM.Parents,Mo17,True
SAMN20604749,1,105333428601,OXFORD_NANOPORE,WGS,PRJNA751841,45.8,PI 558532,46.0,True,Maize.Set.Inbred.Diversity.282.Plus.NAM.Parents,Mo17,True
SAMN20604750,1,65310235114,OXFORD_NANOPORE,WGS,PRJNA751841,28.4,PI 558532,46.0,True,Maize.Set.Inbred.Diversity.282.Plus.NAM.Parents,Mo17,True
SAMN20604751,1,76476144166,OXFORD_NANOPORE,WGS,PRJNA751841,33.3,PI 558532,46.0,True,Maize.Set.Inbred.Diversity.282.Plus.NAM.Parents,Mo17,True
SAMN20821241,33,269710335633,ILLUMINA;PACBIO_SMRT,WGS,PRJNA755430,117.3,PI 587140,39.0,True,Maize.Set.Inbred.Diversity.282.Plus.NAM.Parents,A632,True
SAMN20821242,26,260981514108,ILLUMINA;PACBIO_SMRT,WGS,PRJNA755430,113.5,,,False,,,False
SAMN20821243,37,299334485654,ILLUMINA;PACBIO_SMRT,WGS,PRJNA755430,130.1,,,False,,,False
SAMN20821244,42,502891510760,ILLUMINA;PACBIO_SMRT,WGS,PRJNA755430,218.6,,,False,,,False
SAMN20821245,37,466591031540,ILLUMINA;PACBIO_SMRT,WGS,PRJNA755430,202.9,,,False,,,False
SAMN20821246,39,506388656057,ILLUMINA;PACBIO_SMRT,WGS,PRJNA755430,220.2,,,False,,,False
SAMN20821247,50,499344704766,ILLUMINA;PACBIO_SMRT,WGS,PRJNA755430,217.1,PI 690332,37.0,True,Maize.Set.Inbred.Diversity.282.Plus.NAM.Parents,Oh43,True
SAMN20821248,23,244248110196,ILLUMINA;PACBIO_SMRT,WGS,PRJNA755430,106.2,PI 601005,35.0,True,Maize.Group.PVP,PH207,True
SAMN20821249,25,256753137493,ILLUMINA;PACBIO_SMRT,WGS,PRJNA755430,111.6,PI 535916,7.0,False,Maize.Group.Ames.Panel.2010,S 37,True
SAMN20821250,29,253606129321,ILLUMINA;PACBIO_SMRT,WGS,PRJNA755430,110.3,,,False,,,False
SAMN20821251,29,253472992240,ILLUMINA;PACBIO_SMRT,WGS,PRJNA755430,110.2,,,False,,,False
SAMN20821252,24,262834359788,ILLUMINA;PACBIO_SMRT,WGS,PRJNA755430,114.3,,,False,,,False
SAMN21196927,3,27566836500,ILLUMINA,OTHER,PRJNA759188,12.0,NSL 30053,33.0,True,Maize.Group.Ames.Panel.2010,W22,True
SAMN21196928,3,29912163000,ILLUMINA,OTHER,PRJNA759188,13.0,NSL 30053,33.0,True,Maize.Group.Ames.Panel.2010,W22,True
SAMN21196929,3,24793609603,ILLUMINA,OTHER,PRJNA759188,10.8,NSL 30053,33.0,True,Maize.Group.Ames.Panel.2010,W22,True
SAMN21196930,3,21241359103,ILLUMINA,OTHER,PRJNA759188,9.2,NSL 30053,33.0,True,Maize.Group.Ames.Panel.2010,W22,True
SAMN21196931,3,20076269321,ILLUMINA,OTHER,PRJNA759188,8.7,NSL 30053,33.0,True,Maize.Group.Ames.Panel.2010,W22,True
SAMN21196932,3,21679601852,ILLUMINA,OTHER,PRJNA759188,9.4,NSL 30053,33.0,True,Maize.Group.Ames.Panel.2010,W22,True
SAMN21196933,5,80784168205,ILLUMINA,WGS,PRJNA759188,35.1,NSL 30053,33.0,True,Maize.Group.Ames.Panel.2010,W22,True
SAMN21196934,1,20260681680,ILLUMINA,WGS,PRJNA759188,8.8,NSL 30053,33.0,True,Maize.Group.Ames.Panel.2010,W22,True
SAMN21877260,1,12499258800,ILLUMINA,OTHER,PRJNA739488,5.4,,,False,,,False
SAMN21877262,1,13053232500,ILLUMINA,OTHER,PRJNA739488,5.7,,,False,,,False
SAMN21877265,1,15480678300,ILLUMINA,OTHER,PRJNA739488,6.7,,,False,,,False
SAMN22047687,6,169484545342,ILLUMINA,WGS,PRJNA765111,73.7,,,False,,,False
SAMN22059218,5,287300475026,PACBIO_SMRT,WGS,PRJNA765111,124.9,,,False,,,False
SAMN22072533,1,138031503350,PACBIO_SMRT,WGS,PRJNA765111,60.0,,,False,,,False
SAMN22314592,1,15363755100,ILLUMINA,WGS,PRJNA771523,6.7,,,False,,,False
SAMN22314593,1,15633340500,ILLUMINA,WGS,PRJNA771523,6.8,,,False,,,False
SAMN22314594,1,16141009800,ILLUMINA,WGS,PRJNA771523,7.0,,,False,,,False
SAMN22314595,1,17272903800,ILLUMINA,WGS,PRJNA771523,7.5,,,False,,,False
SAMN22314596,1,16567747200,ILLUMINA,WGS,PRJNA771523,7.2,,,False,,,False
SAMN22328299,1,52692156600,ILLUMINA,WGS,PRJNA771656,22.9,,,False,,,False
SAMN22328300,1,54404385000,ILLUMINA,WGS,PRJNA771656,23.7,,,False,,,False
SAMN22328301,1,56064229500,ILLUMINA,WGS,PRJNA771656,24.4,,,False,,,False
SAMN22328302,1,55212386700,ILLUMINA,WGS,PRJNA771656,24.0,,,False,,,False
SAMN22328303,1,60284899500,ILLUMINA,WGS,PRJNA771656,26.2,,,False,,,False
SAMN22328304,1,55898033400,ILLUMINA,WGS,PRJNA771656,24.3,,,False,,,False
SAMN22328305,1,57515121600,ILLUMINA,WGS,PRJNA771656,25.0,,,False,,,False
SAMN22328306,1,62601275700,ILLUMINA,WGS,PRJNA771656,27.2,,,False,,,False
SAMN22328307,1,13383657300,ILLUMINA,WGS,PRJNA771656,5.8,,,False,,,False
SAMN22328308,1,50106936600,ILLUMINA,WGS,PRJNA771656,21.8,,,False,,,False
SAMN22328309,1,54148029000,ILLUMINA,WGS,PRJNA771656,23.5,,,False,,,False
SAMN22328310,1,48457574400,ILLUMINA,WGS,PRJNA771656,21.1,,,False,,,False
SAMN22328311,1,62340154800,ILLUMINA,WGS,PRJNA771656,27.1,,,False,,,False
SAMN22328312,1,60473211300,ILLUMINA,WGS,PRJNA771656,26.3,,,False,,,False
SAMN22328313,1,50889564900,ILLUMINA,WGS,PRJNA771656,22.1,,,False,,,False
SAMN22328314,1,55238580300,ILLUMINA,WGS,PRJNA771656,24.0,,,False,,,False
SAMN22328315,1,49534429800,ILLUMINA,WGS,PRJNA771656,21.5,,,False,,,False
SAMN22328316,1,49141545900,ILLUMINA,WGS,PRJNA771656,21.4,,,False,,,False
SAMN22328317,1,60117459300,ILLUMINA,WGS,PRJNA771656,26.1,,,False,,,False
SAMN22328318,1,51804020400,ILLUMINA,WGS,PRJNA771656,22.5,,,False,,,False
SAMN22328319,1,60125479800,ILLUMINA,WGS,PRJNA771656,26.1,,,False,,,False
SAMN22328320,1,50149448100,ILLUMINA,WGS,PRJNA771656,21.8,,,False,,,False
SAMN22328321,1,51890370600,ILLUMINA,WGS,PRJNA771656,22.6,,,False,,,False
SAMN22328322,1,41000598900,ILLUMINA,WGS,PRJNA771656,17.8,,,False,,,False
SAMN22328323,1,51251218800,ILLUMINA,WGS,PRJNA771656,22.3,,,False,,,False
SAMN22328324,1,55831801500,ILLUMINA,WGS,PRJNA771656,24.3,,,False,,,False
SAMN22328325,1,67368559200,ILLUMINA,WGS,PRJNA771656,29.3,,,False,,,False
SAMN22328326,1,62659163100,ILLUMINA,WGS,PRJNA771656,27.2,,,False,,,False
SAMN22328327,1,35568464700,ILLUMINA,WGS,PRJNA771656,15.5,,,False,,,False
SAMN22328328,1,49670479200,ILLUMINA,WGS,PRJNA771656,21.6,,,False,,,False
SAMN22328329,1,46196903100,ILLUMINA,WGS,PRJNA771656,20.1,,,False,,,False
SAMN22328330,1,47316952200,ILLUMINA,WGS,PRJNA771656,20.6,,,False,,,False
SAMN22328331,1,55676244900,ILLUMINA,WGS,PRJNA771656,24.2,,,False,,,False
SAMN22328332,1,49200707100,ILLUMINA,WGS,PRJNA771656,21.4,,,False,,,False
SAMN22328333,1,72244938300,ILLUMINA,WGS,PRJNA771656,31.4,,,False,,,False
SAMN22328334,1,48296716200,ILLUMINA,WGS,PRJNA771656,21.0,,,False,,,False
SAMN22328335,1,50461968600,ILLUMINA,WGS,PRJNA771656,21.9,,,False,,,False
SAMN22328336,1,50988925500,ILLUMINA,WGS,PRJNA771656,22.2,,,False,,,False
SAMN22328337,1,58160184300,ILLUMINA,WGS,PRJNA771656,25.3,,,False,,,False
SAMN22328338,1,58809937500,ILLUMINA,WGS,PRJNA771656,25.6,,,False,,,False
SAMN22328339,1,57156331200,ILLUMINA,WGS,PRJNA771656,24.9,,,False,,,False
SAMN22346332,2,146755003037,ILLUMINA,WGS,PRJNA771871,63.8,PI 270297,46.0,False,Maize.Set.Inbred.Diversity.282.Plus.NAM.Parents,B96,True
SAMN22346333,2,222623532832,ILLUMINA,WGS,PRJNA771871,96.8,PI 608774,14.0,False,Maize.Set.Inbred.Diversity.282.Plus.NAM.Parents,B75,True
SAMN22968165,1,54841265000,ILLUMINA,WGS,PRJNA778629,23.8,,,False,,,False
SAMN22968166,1,54994697608,ILLUMINA,WGS,PRJNA778629,23.9,,,False,,,False
SAMN23456507,1,43256012100,BGISEQ,WGS,PRJNA783885,18.8,,,False,,,False
SAMN23456508,1,42335259000,BGISEQ,WGS,PRJNA783885,18.4,,,False,,,False
SAMN23456509,1,46316949900,BGISEQ,WGS,PRJNA783885,20.1,,,False,,,False
SAMN23456510,1,37467386700,BGISEQ,WGS,PRJNA783885,16.3,,,False,,,False
SAMN23456511,1,43553332500,BGISEQ,WGS,PRJNA783885,18.9,,,False,,,False
SAMN23456512,1,42296064300,BGISEQ,WGS,PRJNA783885,18.4,,,False,,,False
SAMN23456513,1,38351002200,BGISEQ,WGS,PRJNA783885,16.7,,,False,,,False
SAMN23456514,1,36686428800,BGISEQ,WGS,PRJNA783885,16.0,,,False,,,False
SAMN23456515,1,39797601300,BGISEQ,WGS,PRJNA783885,17.3,,,False,,,False
SAMN23456516,1,39516398700,BGISEQ,WGS,PRJNA783885,17.2,,,False,,,False
SAMN23456517,1,43808111100,BGISEQ,WGS,PRJNA783885,19.0,,,False,,,False
SAMN23456518,1,43141384800,BGISEQ,WGS,PRJNA783885,18.8,,,False,,,False
SAMN23456519,1,43463984400,BGISEQ,WGS,PRJNA783885,18.9,,,False,,,False
SAMN23456520,1,43764817800,BGISEQ,WGS,PRJNA783885,19.0,,,False,,,False
SAMN23456521,1,44420489400,BGISEQ,WGS,PRJNA783885,19.3,,,False,,,False
SAMN23456522,1,46254322500,BGISEQ,WGS,PRJNA783885,20.1,,,False,,,False
SAMN23456523,1,41373286500,BGISEQ,WGS,PRJNA783885,18.0,,,False,,,False
SAMN23456524,1,47139580500,BGISEQ,WGS,PRJNA783885,20.5,,,False,,,False
SAMN23456525,1,39972818400,BGISEQ,WGS,PRJNA783885,17.4,,,False,,,False
SAMN23456526,1,50637237000,BGISEQ,WGS,PRJNA783885,22.0,,,False,,,False
SAMN23456527,1,45817714800,BGISEQ,WGS,PRJNA783885,19.9,,,False,,,False
SAMN23456528,1,36142128300,BGISEQ,WGS,PRJNA783885,15.7,,,False,,,False
SAMN23456529,1,41756564400,BGISEQ,WGS,PRJNA783885,18.2,,,False,,,False
SAMN23456530,1,44331047700,BGISEQ,WGS,PRJNA783885,19.3,,,False,,,False
SAMN23456531,1,38503936200,BGISEQ,WGS,PRJNA783885,16.7,,,False,,,False
SAMN23456532,1,38159949000,BGISEQ,WGS,PRJNA783885,16.6,,,False,,,False
SAMN23456533,1,39660322200,BGISEQ,WGS,PRJNA783885,17.2,,,False,,,False
SAMN23456534,1,34051978500,BGISEQ,WGS,PRJNA783885,14.8,,,False,,,False
SAMN23456535,1,36918844800,BGISEQ,WGS,PRJNA783885,16.1,,,False,,,False
SAMN23456536,1,36292470300,BGISEQ,WGS,PRJNA783885,15.8,,,False,,,False
SAMN23456537,1,37601964300,BGISEQ,WGS,PRJNA783885,16.3,,,False,,,False
SAMN23456538,1,37268397300,BGISEQ,WGS,PRJNA783885,16.2,,,False,,,False
SAMN23456539,1,50549478000,BGISEQ,WGS,PRJNA783885,22.0,,,False,,,False
SAMN23456540,1,35513339400,BGISEQ,WGS,PRJNA783885,15.4,,,False,,,False
SAMN23456541,1,41466466200,BGISEQ,WGS,PRJNA783885,18.0,,,False,,,False
SAMN23456542,1,44800314000,BGISEQ,WGS,PRJNA783885,19.5,,,False,,,False
SAMN23456543,1,41097649200,BGISEQ,WGS,PRJNA783885,17.9,,,False,,,False
SAMN23456544,1,37397466900,BGISEQ,WGS,PRJNA783885,16.3,,,False,,,False
SAMN23456545,1,40858774800,BGISEQ,WGS,PRJNA783885,17.8,,,False,,,False
SAMN23456546,1,44072085000,BGISEQ,WGS,PRJNA783885,19.2,,,False,,,False
SAMN23456547,1,41998791600,BGISEQ,WGS,PRJNA783885,18.3,,,False,,,False
SAMN23456548,1,43521012900,BGISEQ,WGS,PRJNA783885,18.9,,,False,,,False
SAMN23456549,1,41704260900,BGISEQ,WGS,PRJNA783885,18.1,,,False,,,False
SAMN23456550,1,40113853500,BGISEQ,WGS,PRJNA783885,17.4,,,False,,,False
SAMN23456551,1,56799180000,BGISEQ,WGS,PRJNA783885,24.7,,,False,,,False
SAMN23456552,1,54713162400,BGISEQ,WGS,PRJNA783885,23.8,,,False,,,False
SAMN23456553,1,51507751500,BGISEQ,WGS,PRJNA783885,22.4,,,False,,,False
SAMN23456554,1,53600768400,BGISEQ,WGS,PRJNA783885,23.3,,,False,,,False
SAMN23456555,1,56462787600,BGISEQ,WGS,PRJNA783885,24.5,,,False,,,False
SAMN23456556,1,59508108600,BGISEQ,WGS,PRJNA783885,25.9,,,False,,,False
SAMN23456557,1,35382394500,BGISEQ,WGS,PRJNA783885,15.4,,,False,,,False
SAMN23456558,1,32821173900,BGISEQ,WGS,PRJNA783885,14.3,,,False,,,False
SAMN23456559,1,48049112100,BGISEQ,WGS,PRJNA783885,20.9,,,False,,,False
SAMN23456560,1,46362725700,BGISEQ,WGS,PRJNA783885,20.2,,,False,,,False
SAMN23456561,1,57718446000,BGISEQ,WGS,PRJNA783885,25.1,,,False,,,False
SAMN23456562,1,58800213900,BGISEQ,WGS,PRJNA783885,25.6,,,False,,,False
SAMN23456563,1,38309880000,BGISEQ,WGS,PRJNA783885,16.7,,,False,,,False
SAMN23456564,1,56824240800,BGISEQ,WGS,PRJNA783885,24.7,,,False,,,False
SAMN23456565,1,50116880700,BGISEQ,WGS,PRJNA783885,21.8,,,False,,,False
SAMN23456566,1,53189846700,BGISEQ,WGS,PRJNA783885,23.1,,,False,,,False
SAMN23456567,1,54281125200,BGISEQ,WGS,PRJNA783885,23.6,,,False,,,False
SAMN23456568,1,54069414300,BGISEQ,WGS,PRJNA783885,23.5,,,False,,,False
SAMN23456569,1,60618645000,BGISEQ,WGS,PRJNA783885,26.4,,,False,,,False
SAMN23456570,1,60504407700,BGISEQ,WGS,PRJNA783885,26.3,,,False,,,False
SAMN23456571,1,44193413100,BGISEQ,WGS,PRJNA783885,19.2,,,False,,,False
SAMN23456572,1,54295434000,BGISEQ,WGS,PRJNA783885,23.6,,,False,,,False
SAMN23456573,1,42905993100,BGISEQ,WGS,PRJNA783885,18.7,,,False,,,False
SAMN23456574,1,40797859800,BGISEQ,WGS,PRJNA783885,17.7,,,False,,,False
SAMN23456575,1,48875824500,BGISEQ,WGS,PRJNA783885,21.3,,,False,,,False
SAMN23456576,1,44685519000,BGISEQ,WGS,PRJNA783885,19.4,,,False,,,False
SAMN23456577,1,45256452300,BGISEQ,WGS,PRJNA783885,19.7,,,False,,,False
SAMN23456578,1,48086160000,BGISEQ,WGS,PRJNA783885,20.9,,,False,,,False
SAMN23456579,1,42869974500,BGISEQ,WGS,PRJNA783885,18.6,,,False,,,False
SAMN23456580,1,36662646300,BGISEQ,WGS,PRJNA783885,15.9,,,False,,,False
SAMN23456581,1,41566668600,BGISEQ,WGS,PRJNA783885,18.1,,,False,,,False
SAMN23456582,1,37936221600,BGISEQ,WGS,PRJNA783885,16.5,,,False,,,False
SAMN23456583,1,37802434500,BGISEQ,WGS,PRJNA783885,16.4,,,False,,,False
SAMN23456584,1,44374610100,BGISEQ,WGS,PRJNA783885,19.3,,,False,,,False
SAMN23456585,1,39968513700,BGISEQ,WGS,PRJNA783885,17.4,,,False,,,False
SAMN23456586,1,39465703800,BGISEQ,WGS,PRJNA783885,17.2,,,False,,,False
SAMN23456587,1,44122292400,BGISEQ,WGS,PRJNA783885,19.2,,,False,,,False
SAMN23456588,1,39524655000,BGISEQ,WGS,PRJNA783885,17.2,,,False,,,False
SAMN23456589,1,46204561500,BGISEQ,WGS,PRJNA783885,20.1,,,False,,,False
SAMN23456590,1,42397656600,BGISEQ,WGS,PRJNA783885,18.4,,,False,,,False
SAMN23456591,1,42941887500,BGISEQ,WGS,PRJNA783885,18.7,,,False,,,False
SAMN23456592,1,43795859700,BGISEQ,WGS,PRJNA783885,19.0,,,False,,,False
SAMN23456593,1,45219051300,BGISEQ,WGS,PRJNA783885,19.7,,,False,,,False
SAMN23456594,1,46941219300,BGISEQ,WGS,PRJNA783885,20.4,,,False,,,False
SAMN23456595,1,50265613500,BGISEQ,WGS,PRJNA783885,21.9,,,False,,,False
SAMN23456596,1,47601072900,BGISEQ,WGS,PRJNA783885,20.7,,,False,,,False
SAMN23456597,1,40582739100,BGISEQ,WGS,PRJNA783885,17.6,,,False,,,False
SAMN23456598,1,36888577500,BGISEQ,WGS,PRJNA783885,16.0,,,False,,,False
SAMN23456599,1,48814785600,BGISEQ,WGS,PRJNA783885,21.2,,,False,,,False
SAMN23456600,1,40563259500,BGISEQ,WGS,PRJNA783885,17.6,,,False,,,False
SAMN23456601,1,67091179800,BGISEQ,WGS,PRJNA783885,29.2,,,False,,,False
SAMN23456602,1,20820286800,BGISEQ,WGS,PRJNA783885,9.1,,,False,,,False
SAMN23456603,1,66695373300,BGISEQ,WGS,PRJNA783885,29.0,,,False,,,False
SAMN23456604,1,33250190700,BGISEQ,WGS,PRJNA783885,14.5,,,False,,,False
SAMN23456605,1,33312009600,BGISEQ,WGS,PRJNA783885,14.5,,,False,,,False
SAMN23456606,1,36425089500,BGISEQ,WGS,PRJNA783885,15.8,,,False,,,False
SAMN23456607,1,56029394100,BGISEQ,WGS,PRJNA783885,24.4,,,False,,,False
SAMN23456608,1,39561921900,BGISEQ,WGS,PRJNA783885,17.2,,,False,,,False
SAMN23456609,1,59375313600,BGISEQ,WGS,PRJNA783885,25.8,,,False,,,False
SAMN23456610,1,42006113400,BGISEQ,WGS,PRJNA783885,18.3,,,False,,,False
SAMN23456611,1,39348972000,BGISEQ,WGS,PRJNA783885,17.1,,,False,,,False
SAMN23456612,1,44398457100,BGISEQ,WGS,PRJNA783885,19.3,,,False,,,False
SAMN23456613,1,36852786600,BGISEQ,WGS,PRJNA783885,16.0,,,False,,,False
SAMN23456614,1,74173896000,BGISEQ,WGS,PRJNA783885,32.2,,,False,,,False
SAMN23456615,1,38525690700,BGISEQ,WGS,PRJNA783885,16.8,,,False,,,False
SAMN23456616,1,39383754000,BGISEQ,WGS,PRJNA783885,17.1,,,False,,,False
SAMN23456617,1,63763265100,BGISEQ,WGS,PRJNA783885,27.7,,,False,,,False
SAMN23456618,1,35107996800,BGISEQ,WGS,PRJNA783885,15.3,,,False,,,False
SAMN23456619,1,37232378100,BGISEQ,WGS,PRJNA783885,16.2,,,False,,,False
SAMN23456620,1,33910542000,BGISEQ,WGS,PRJNA783885,14.7,,,False,,,False
SAMN23456621,1,36838783800,BGISEQ,WGS,PRJNA783885,16.0,,,False,,,False
SAMN23456622,1,35896477500,BGISEQ,WGS,PRJNA783885,15.6,,,False,,,False
SAMN23456623,1,81627609300,BGISEQ,WGS,PRJNA783885,35.5,,,False,,,False
SAMN23456624,1,39948284400,BGISEQ,WGS,PRJNA783885,17.4,,,False,,,False
SAMN23456625,1,84233217900,BGISEQ,WGS,PRJNA783885,36.6,,,False,,,False
SAMN23456626,1,37780302300,BGISEQ,WGS,PRJNA783885,16.4,,,False,,,False
SAMN23456627,1,38082915000,BGISEQ,WGS,PRJNA783885,16.6,,,False,,,False
SAMN23456628,1,48392050800,BGISEQ,WGS,PRJNA783885,21.0,,,False,,,False
SAMN23456629,1,41443783200,BGISEQ,WGS,PRJNA783885,18.0,,,False,,,False
SAMN23456630,1,48680181900,BGISEQ,WGS,PRJNA783885,21.2,,,False,,,False
SAMN23456631,1,59091439200,BGISEQ,WGS,PRJNA783885,25.7,,,False,,,False
SAMN23456632,1,67353524400,BGISEQ,WGS,PRJNA783885,29.3,,,False,,,False
SAMN23456633,1,60325440000,BGISEQ,WGS,PRJNA783885,26.2,,,False,,,False
SAMN23456634,1,63420526800,BGISEQ,WGS,PRJNA783885,27.6,,,False,,,False
SAMN23456635,1,44017544100,BGISEQ,WGS,PRJNA783885,19.1,,,False,,,False
SAMN23456636,1,43472672400,BGISEQ,WGS,PRJNA783885,18.9,,,False,,,False
SAMN23456637,1,41727271200,BGISEQ,WGS,PRJNA783885,18.1,,,False,,,False
SAMN23456638,1,44452205100,BGISEQ,WGS,PRJNA783885,19.3,,,False,,,False
SAMN23456639,1,45003483000,BGISEQ,WGS,PRJNA783885,19.6,,,False,,,False
SAMN23456640,1,47530080600,BGISEQ,WGS,PRJNA783885,20.7,,,False,,,False
SAMN23456641,1,43308529200,BGISEQ,WGS,PRJNA783885,18.8,,,False,,,False
SAMN23456642,1,45524312400,BGISEQ,WGS,PRJNA783885,19.8,,,False,,,False
SAMN23456643,1,42583351200,BGISEQ,WGS,PRJNA783885,18.5,,,False,,,False
SAMN23456644,1,46136578200,BGISEQ,WGS,PRJNA783885,20.1,,,False,,,False
SAMN23456645,1,46303859700,BGISEQ,WGS,PRJNA783885,20.1,,,False,,,False
SAMN23456646,1,47777711700,BGISEQ,WGS,PRJNA783885,20.8,,,False,,,False
SAMN23456647,1,44133108000,BGISEQ,WGS,PRJNA783885,19.2,,,False,,,False
SAMN23456648,1,43424840700,BGISEQ,WGS,PRJNA783885,18.9,,,False,,,False
SAMN23456649,1,38999232300,BGISEQ,WGS,PRJNA783885,17.0,,,False,,,False
SAMN23456650,1,47414397300,BGISEQ,WGS,PRJNA783885,20.6,,,False,,,False
SAMN23456651,1,36075789000,BGISEQ,WGS,PRJNA783885,15.7,,,False,,,False
SAMN23456652,1,39432906000,BGISEQ,WGS,PRJNA783885,17.1,,,False,,,False
SAMN23456653,1,39477285300,BGISEQ,WGS,PRJNA783885,17.2,,,False,,,False
SAMN23456654,1,37524816600,BGISEQ,WGS,PRJNA783885,16.3,,,False,,,False
SAMN23456655,1,35586389100,BGISEQ,WGS,PRJNA783885,15.5,,,False,,,False
SAMN23456656,1,40949847600,BGISEQ,WGS,PRJNA783885,17.8,,,False,,,False
SAMN23456657,1,20258342400,BGISEQ,WGS,PRJNA783885,8.8,,,False,,,False
SAMN23456658,1,41318255700,BGISEQ,WGS,PRJNA783885,18.0,,,False,,,False
SAMN23456659,1,37345035000,BGISEQ,WGS,PRJNA783885,16.2,,,False,,,False
SAMN23456660,1,14617186800,BGISEQ,WGS,PRJNA783885,6.4,,,False,,,False
SAMN23456661,1,47069724000,BGISEQ,WGS,PRJNA783885,20.5,,,False,,,False
SAMN23456662,1,44144533200,BGISEQ,WGS,PRJNA783885,19.2,,,False,,,False
SAMN23456663,1,32601690000,BGISEQ,WGS,PRJNA783885,14.2,,,False,,,False
SAMN23456664,1,43966250400,BGISEQ,WGS,PRJNA783885,19.1,,,False,,,False
SAMN23456665,1,38565657000,BGISEQ,WGS,PRJNA783885,16.8,,,False,,,False
SAMN23456666,1,30339213900,BGISEQ,WGS,PRJNA783885,13.2,,,False,,,False
SAMN23456667,1,45572400300,BGISEQ,WGS,PRJNA783885,19.8,,,False,,,False
SAMN23456668,1,46381220100,BGISEQ,WGS,PRJNA783885,20.2,,,False,,,False
SAMN23456669,1,46951497000,BGISEQ,WGS,PRJNA783885,20.4,,,False,,,False
SAMN23456670,1,45599738100,BGISEQ,WGS,PRJNA783885,19.8,,,False,,,False
SAMN23456671,1,45476831100,BGISEQ,WGS,PRJNA783885,19.8,,,False,,,False
SAMN23456672,1,47816100000,BGISEQ,WGS,PRJNA783885,20.8,,,False,,,False
SAMN23456673,1,45021801300,BGISEQ,WGS,PRJNA783885,19.6,,,False,,,False
SAMN23456674,1,50346654000,BGISEQ,WGS,PRJNA783885,21.9,,,False,,,False
SAMN23456675,1,43324909500,BGISEQ,WGS,PRJNA783885,18.8,,,False,,,False
SAMN23456676,1,55759152300,BGISEQ,WGS,PRJNA783885,24.2,,,False,,,False
SAMN23456677,1,45930701400,BGISEQ,WGS,PRJNA783885,20.0,,,False,,,False
SAMN23456678,1,45739706100,BGISEQ,WGS,PRJNA783885,19.9,,,False,,,False
SAMN23456679,1,44330109300,BGISEQ,WGS,PRJNA783885,19.3,,,False,,,False
SAMN23456680,1,46523661600,BGISEQ,WGS,PRJNA783885,20.2,,,False,,,False
SAMN23456681,1,55069085100,BGISEQ,WGS,PRJNA783885,23.9,,,False,,,False
SAMN23456682,1,53539087500,BGISEQ,WGS,PRJNA783885,23.3,,,False,,,False
SAMN23456683,1,42437736900,BGISEQ,WGS,PRJNA783885,18.5,,,False,,,False
SAMN23456684,1,47969885400,BGISEQ,WGS,PRJNA783885,20.9,,,False,,,False
SAMN23456685,1,59400174000,BGISEQ,WGS,PRJNA783885,25.8,,,False,,,False
SAMN23456686,1,50655031800,BGISEQ,WGS,PRJNA783885,22.0,,,False,,,False
SAMN23456687,1,53098923300,BGISEQ,WGS,PRJNA783885,23.1,,,False,,,False
SAMN23456688,1,59369560500,BGISEQ,WGS,PRJNA783885,25.8,,,False,,,False
SAMN23456689,1,55771990800,BGISEQ,WGS,PRJNA783885,24.2,,,False,,,False
SAMN23456690,1,52413816300,BGISEQ,WGS,PRJNA783885,22.8,,,False,,,False
SAMN23456691,1,53843712900,BGISEQ,WGS,PRJNA783885,23.4,,,False,,,False
SAMN23456692,1,52523861400,BGISEQ,WGS,PRJNA783885,22.8,,,False,,,False
SAMN23456693,1,51782886300,BGISEQ,WGS,PRJNA783885,22.5,,,False,,,False
SAMN23456694,1,50365333200,BGISEQ,WGS,PRJNA783885,21.9,,,False,,,False
SAMN23456695,1,57365726400,BGISEQ,WGS,PRJNA783885,24.9,,,False,,,False
SAMN23456696,1,52947502800,BGISEQ,WGS,PRJNA783885,23.0,,,False,,,False
SAMN23456697,1,57667862100,BGISEQ,WGS,PRJNA783885,25.1,,,False,,,False
SAMN23456698,1,47096368800,BGISEQ,WGS,PRJNA783885,20.5,,,False,,,False
SAMN23456699,1,55380127500,BGISEQ,WGS,PRJNA783885,24.1,,,False,,,False
SAMN23456700,1,46562542800,BGISEQ,WGS,PRJNA783885,20.2,,,False,,,False
SAMN23456701,1,58635335100,BGISEQ,WGS,PRJNA783885,25.5,,,False,,,False
SAMN23456702,1,62252143200,BGISEQ,WGS,PRJNA783885,27.1,,,False,,,False
SAMN23456703,1,50484330900,BGISEQ,WGS,PRJNA783885,21.9,,,False,,,False
SAMN23456704,1,51540351600,BGISEQ,WGS,PRJNA783885,22.4,,,False,,,False
SAMN23456705,1,50919858000,BGISEQ,WGS,PRJNA783885,22.1,,,False,,,False
SAMN23456706,1,53751523800,BGISEQ,WGS,PRJNA783885,23.4,,,False,,,False
SAMN23456707,1,53283675000,BGISEQ,WGS,PRJNA783885,23.2,,,False,,,False
SAMN23456708,1,56005651500,BGISEQ,WGS,PRJNA783885,24.4,,,False,,,False
SAMN23456709,1,29976305100,BGISEQ,WGS,PRJNA783885,13.0,,,False,,,False
SAMN23456710,1,56431029300,BGISEQ,WGS,PRJNA783885,24.5,,,False,,,False
SAMN23456711,1,53457237600,BGISEQ,WGS,PRJNA783885,23.2,,,False,,,False
SAMN23456712,1,53078456700,BGISEQ,WGS,PRJNA783885,23.1,,,False,,,False
SAMN23456713,1,54920702100,BGISEQ,WGS,PRJNA783885,23.9,,,False,,,False
SAMN23456714,1,52302815100,BGISEQ,WGS,PRJNA783885,22.7,,,False,,,False
SAMN23456715,1,51383610000,BGISEQ,WGS,PRJNA783885,22.3,,,False,,,False
SAMN23456716,1,60308870400,BGISEQ,WGS,PRJNA783885,26.2,,,False,,,False
SAMN23456717,1,48187011600,BGISEQ,WGS,PRJNA783885,21.0,,,False,,,False
SAMN23456718,1,47987362800,BGISEQ,WGS,PRJNA783885,20.9,,,False,,,False
SAMN23456719,1,54723035100,BGISEQ,WGS,PRJNA783885,23.8,,,False,,,False
SAMN23456720,1,52698946800,BGISEQ,WGS,PRJNA783885,22.9,,,False,,,False
SAMN23456721,1,55840529400,BGISEQ,WGS,PRJNA783885,24.3,,,False,,,False
SAMN23456722,1,52405314600,BGISEQ,WGS,PRJNA783885,22.8,,,False,,,False
SAMN23456723,1,55716686400,BGISEQ,WGS,PRJNA783885,24.2,,,False,,,False
SAMN23456724,1,51480437100,BGISEQ,WGS,PRJNA783885,22.4,,,False,,,False
SAMN23456725,1,50691703800,BGISEQ,WGS,PRJNA783885,22.0,,,False,,,False
SAMN23456726,1,50109576600,BGISEQ,WGS,PRJNA783885,21.8,,,False,,,False
SAMN23456727,1,53974512900,BGISEQ,WGS,PRJNA783885,23.5,,,False,,,False
SAMN23456728,1,54981182100,BGISEQ,WGS,PRJNA783885,23.9,,,False,,,False
SAMN23456729,1,57826398600,BGISEQ,WGS,PRJNA783885,25.1,,,False,,,False
SAMN23456730,1,58578136500,BGISEQ,WGS,PRJNA783885,25.5,,,False,,,False
SAMN23456731,1,54512210100,BGISEQ,WGS,PRJNA783885,23.7,,,False,,,False
SAMN23456732,1,53290143000,BGISEQ,WGS,PRJNA783885,23.2,,,False,,,False
SAMN23456733,1,51845169900,BGISEQ,WGS,PRJNA783885,22.5,,,False,,,False
SAMN23456734,1,53810129100,BGISEQ,WGS,PRJNA783885,23.4,,,False,,,False
SAMN23456735,1,56296446000,BGISEQ,WGS,PRJNA783885,24.5,,,False,,,False
SAMN23456736,1,56392268100,BGISEQ,WGS,PRJNA783885,24.5,,,False,,,False
SAMN23456737,1,50541946200,BGISEQ,WGS,PRJNA783885,22.0,,,False,,,False
SAMN23456738,1,49766444100,BGISEQ,WGS,PRJNA783885,21.6,,,False,,,False
SAMN23456739,1,42626406900,BGISEQ,WGS,PRJNA783885,18.5,,,False,,,False
SAMN23456740,1,55931695800,BGISEQ,WGS,PRJNA783885,24.3,,,False,,,False
SAMN23456741,1,47731382100,BGISEQ,WGS,PRJNA783885,20.8,,,False,,,False
SAMN23456742,1,53084499900,BGISEQ,WGS,PRJNA783885,23.1,,,False,,,False
SAMN23456743,1,49747427700,BGISEQ,WGS,PRJNA783885,21.6,,,False,,,False
SAMN23456744,1,64959785400,BGISEQ,WGS,PRJNA783885,28.2,,,False,,,False
SAMN23456745,1,51250523700,BGISEQ,WGS,PRJNA783885,22.3,,,False,,,False
SAMN23456746,1,52082068800,BGISEQ,WGS,PRJNA783885,22.6,,,False,,,False
SAMN23456747,1,50162333100,BGISEQ,WGS,PRJNA783885,21.8,,,False,,,False
SAMN23456748,1,55124020800,BGISEQ,WGS,PRJNA783885,24.0,,,False,,,False
SAMN23456749,1,47486241300,BGISEQ,WGS,PRJNA783885,20.6,,,False,,,False
SAMN23456750,1,46859503500,BGISEQ,WGS,PRJNA783885,20.4,,,False,,,False
SAMN23456751,1,44992381500,BGISEQ,WGS,PRJNA783885,19.6,,,False,,,False
SAMN23456752,1,47111908800,BGISEQ,WGS,PRJNA783885,20.5,,,False,,,False
SAMN23456753,1,42680685600,BGISEQ,WGS,PRJNA783885,18.6,,,False,,,False
SAMN23456754,1,45496403400,BGISEQ,WGS,PRJNA783885,19.8,,,False,,,False
SAMN23456755,1,47434609500,BGISEQ,WGS,PRJNA783885,20.6,,,False,,,False
SAMN23456756,1,49073871600,BGISEQ,WGS,PRJNA783885,21.3,,,False,,,False
SAMN23456757,1,45070736700,BGISEQ,WGS,PRJNA783885,19.6,,,False,,,False
SAMN23456758,1,47318394600,BGISEQ,WGS,PRJNA783885,20.6,,,False,,,False
SAMN23456759,1,46394942700,BGISEQ,WGS,PRJNA783885,20.2,,,False,,,False
SAMN23456760,1,54841950600,BGISEQ,WGS,PRJNA783885,23.8,,,False,,,False
SAMN23456761,1,56933910900,BGISEQ,WGS,PRJNA783885,24.8,,,False,,,False
SAMN23456762,1,55228900800,BGISEQ,WGS,PRJNA783885,24.0,,,False,,,False
SAMN23456763,1,55971420300,BGISEQ,WGS,PRJNA783885,24.3,,,False,,,False
SAMN23456764,1,55388024400,BGISEQ,WGS,PRJNA783885,24.1,,,False,,,False
SAMN23456765,1,54992021400,BGISEQ,WGS,PRJNA783885,23.9,,,False,,,False
SAMN23456766,1,58034174700,BGISEQ,WGS,PRJNA783885,25.2,,,False,,,False
SAMN23456767,1,55712201700,BGISEQ,WGS,PRJNA783885,24.2,,,False,,,False
SAMN23456768,1,56565488700,BGISEQ,WGS,PRJNA783885,24.6,,,False,,,False
SAMN23456769,1,63463002600,BGISEQ,WGS,PRJNA783885,27.6,,,False,,,False
SAMN23456770,1,59330265900,BGISEQ,WGS,PRJNA783885,25.8,,,False,,,False
SAMN23456771,1,60258512700,BGISEQ,WGS,PRJNA783885,26.2,,,False,,,False
SAMN23456772,1,55214471400,BGISEQ,WGS,PRJNA783885,24.0,,,False,,,False
SAMN23456773,1,59056212900,BGISEQ,WGS,PRJNA783885,25.7,,,False,,,False
SAMN23456774,1,56341696500,BGISEQ,WGS,PRJNA783885,24.5,,,False,,,False
SAMN23456775,1,59288365500,BGISEQ,WGS,PRJNA783885,25.8,,,False,,,False
SAMN23456776,1,53347796400,BGISEQ,WGS,PRJNA783885,23.2,,,False,,,False
SAMN23456777,1,63427091700,BGISEQ,WGS,PRJNA783885,27.6,,,False,,,False
SAMN23456778,1,60275810100,BGISEQ,WGS,PRJNA783885,26.2,,,False,,,False
SAMN23456779,1,56573343300,BGISEQ,WGS,PRJNA783885,24.6,,,False,,,False
SAMN23456780,1,57315497700,BGISEQ,WGS,PRJNA783885,24.9,,,False,,,False
SAMN23456781,1,59059530300,BGISEQ,WGS,PRJNA783885,25.7,,,False,,,False
SAMN23456782,1,56037504900,BGISEQ,WGS,PRJNA783885,24.4,,,False,,,False
SAMN23456783,1,55796625000,BGISEQ,WGS,PRJNA783885,24.3,,,False,,,False
SAMN23456784,1,53831784000,BGISEQ,WGS,PRJNA783885,23.4,,,False,,,False
SAMN23456785,1,54583738200,BGISEQ,WGS,PRJNA783885,23.7,,,False,,,False
SAMN23456786,1,59608019700,BGISEQ,WGS,PRJNA783885,25.9,,,False,,,False
SAMN23456787,1,51696937200,BGISEQ,WGS,PRJNA783885,22.5,,,False,,,False
SAMN23456788,1,58355151900,BGISEQ,WGS,PRJNA783885,25.4,,,False,,,False
SAMN23456789,1,55112932500,BGISEQ,WGS,PRJNA783885,24.0,,,False,,,False
SAMN23456790,1,54610227600,BGISEQ,WGS,PRJNA783885,23.7,,,False,,,False
SAMN23456791,1,53530107300,BGISEQ,WGS,PRJNA783885,23.3,,,False,,,False
SAMN23456792,1,51377166600,BGISEQ,WGS,PRJNA783885,22.3,,,False,,,False
SAMN23456793,1,58792557600,BGISEQ,WGS,PRJNA783885,25.6,,,False,,,False
SAMN23456794,1,52419237600,BGISEQ,WGS,PRJNA783885,22.8,,,False,,,False
SAMN23456795,1,48741376500,BGISEQ,WGS,PRJNA783885,21.2,,,False,,,False
SAMN23456796,1,67360145700,BGISEQ,WGS,PRJNA783885,29.3,,,False,,,False
SAMN23456797,1,56179952100,BGISEQ,WGS,PRJNA783885,24.4,,,False,,,False
SAMN23456798,1,53674321200,BGISEQ,WGS,PRJNA783885,23.3,,,False,,,False
SAMN23456799,1,53638038900,BGISEQ,WGS,PRJNA783885,23.3,,,False,,,False
SAMN23456800,1,62064608700,BGISEQ,WGS,PRJNA783885,27.0,,,False,,,False
SAMN23456801,1,54744321900,BGISEQ,WGS,PRJNA783885,23.8,,,False,,,False
SAMN23456802,1,55090992900,BGISEQ,WGS,PRJNA783885,24.0,,,False,,,False
SAMN23456803,1,47960742300,BGISEQ,WGS,PRJNA783885,20.9,,,False,,,False
SAMN23456804,1,50060016000,BGISEQ,WGS,PRJNA783885,21.8,,,False,,,False
SAMN23456805,1,54456603300,BGISEQ,WGS,PRJNA783885,23.7,,,False,,,False
SAMN23456806,1,53959099200,BGISEQ,WGS,PRJNA783885,23.5,,,False,,,False
SAMN23456807,1,55106728200,BGISEQ,WGS,PRJNA783885,24.0,,,False,,,False
SAMN23456808,1,69469386300,BGISEQ,WGS,PRJNA783885,30.2,,,False,,,False
SAMN23456809,1,39350459400,BGISEQ,WGS,PRJNA783885,17.1,,,False,,,False
SAMN23456810,1,56225131500,BGISEQ,WGS,PRJNA783885,24.4,,,False,,,False
SAMN23456811,1,46944399600,BGISEQ,WGS,PRJNA783885,20.4,,,False,,,False
SAMN23456812,1,59193711600,BGISEQ,WGS,PRJNA783885,25.7,,,False,,,False
SAMN23456813,1,59278566900,BGISEQ,WGS,PRJNA783885,25.8,,,False,,,False
SAMN23456814,1,62135358000,BGISEQ,WGS,PRJNA783885,27.0,,,False,,,False
SAMN23456815,1,57108540900,BGISEQ,WGS,PRJNA783885,24.8,,,False,,,False
SAMN23456816,1,61000382700,BGISEQ,WGS,PRJNA783885,26.5,,,False,,,False
SAMN23456817,1,58760569800,BGISEQ,WGS,PRJNA783885,25.5,,,False,,,False
SAMN23456818,1,67521783300,BGISEQ,WGS,PRJNA783885,29.4,,,False,,,False
SAMN23456819,1,56774384400,BGISEQ,WGS,PRJNA783885,24.7,,,False,,,False
SAMN23456820,1,54968238900,BGISEQ,WGS,PRJNA783885,23.9,,,False,,,False
SAMN23456821,1,52904756100,BGISEQ,WGS,PRJNA783885,23.0,,,False,,,False
SAMN23456822,1,55724890200,BGISEQ,WGS,PRJNA783885,24.2,,,False,,,False
SAMN23456823,1,47671936800,BGISEQ,WGS,PRJNA783885,20.7,,,False,,,False
SAMN23456824,1,54286495500,BGISEQ,WGS,PRJNA783885,23.6,,,False,,,False
SAMN23456825,1,48767421300,BGISEQ,WGS,PRJNA783885,21.2,,,False,,,False
SAMN23456826,1,54982642800,BGISEQ,WGS,PRJNA783885,23.9,,,False,,,False
SAMN23456827,1,51331746300,BGISEQ,WGS,PRJNA783885,22.3,,,False,,,False
SAMN23456828,1,62954219100,BGISEQ,WGS,PRJNA783885,27.4,,,False,,,False
SAMN23456829,1,51354504900,BGISEQ,WGS,PRJNA783885,22.3,,,False,,,False
SAMN23456830,1,51949818000,BGISEQ,WGS,PRJNA783885,22.6,,,False,,,False
SAMN23456831,1,52994492700,BGISEQ,WGS,PRJNA783885,23.0,,,False,,,False
SAMN23456832,1,51304632300,BGISEQ,WGS,PRJNA783885,22.3,,,False,,,False
SAMN23456833,1,50505435300,BGISEQ,WGS,PRJNA783885,22.0,,,False,,,False
SAMN23456834,1,48931937100,BGISEQ,WGS,PRJNA783885,21.3,,,False,,,False
SAMN23456835,1,49727614500,BGISEQ,WGS,PRJNA783885,21.6,,,False,,,False
SAMN23456836,1,49456549200,BGISEQ,WGS,PRJNA783885,21.5,,,False,,,False
SAMN23456837,1,44882867700,BGISEQ,WGS,PRJNA783885,19.5,,,False,,,False
SAMN23456838,1,44849659500,BGISEQ,WGS,PRJNA783885,19.5,,,False,,,False
SAMN23456839,1,48262574100,BGISEQ,WGS,PRJNA783885,21.0,,,False,,,False
SAMN23456840,1,46368372900,BGISEQ,WGS,PRJNA783885,20.2,,,False,,,False
SAMN23456841,1,53206390200,BGISEQ,WGS,PRJNA783885,23.1,,,False,,,False
SAMN23456842,1,45933013200,BGISEQ,WGS,PRJNA783885,20.0,,,False,,,False
SAMN23456843,1,48331403400,BGISEQ,WGS,PRJNA783885,21.0,,,False,,,False
SAMN23456844,1,51728063100,BGISEQ,WGS,PRJNA783885,22.5,,,False,,,False
SAMN23456845,1,56126488800,BGISEQ,WGS,PRJNA783885,24.4,,,False,,,False
SAMN23456846,1,40117781700,BGISEQ,WGS,PRJNA783885,17.4,,,False,,,False
SAMN24498226,1,131265091844,ILLUMINA,WGS,PRJNA793028,57.1,,,False,,,False
SAMN24498227,1,122518577961,ILLUMINA,WGS,PRJNA793028,53.3,,,False,,,False
SAMN24498228,1,145512905828,ILLUMINA,WGS,PRJNA793028,63.3,,,False,,,False
SAMN24619880,1,56304328200,ILLUMINA,WGS,PRJNA794290,24.5,,,False,,,False
SAMN24619882,1,56740842000,ILLUMINA,WGS,PRJNA794290,24.7,,,False,,,False
SAMN24782630,3,394267730043,ILLUMINA;PACBIO_SMRT,WGS,PRJNA795201,171.4,,,False,,,False
SAMN24906525,1,104320054200,ILLUMINA,WGS,PRJNA794303,45.4,,,False,,,False
SAMN24906526,1,74348845500,ILLUMINA,WGS,PRJNA794303,32.3,,,False,,,False
SAMN25162207,1,44146229100,ILLUMINA,WGS,PRJNA799396,19.2,,,False,,,False
SAMN25162208,1,46405834800,ILLUMINA,WGS,PRJNA799396,20.2,,,False,,,False
SAMN26096858,1,28522628278,ILLUMINA,WGA,PRJNA808651,12.4,PI 550473,48.0,True,Maize.Set.Inbred.Diversity.282.Plus.NAM.Parents,B73,True
SAMN26096859,1,35911708484,ILLUMINA,WGA,PRJNA808651,15.6,PI 550473,48.0,True,Maize.Set.Inbred.Diversity.282.Plus.NAM.Parents,B73,True
SAMN26096860,1,25167729908,ILLUMINA,WGA,PRJNA808651,10.9,PI 550473,48.0,True,Maize.Set.Inbred.Diversity.282.Plus.NAM.Parents,B73,True
SAMN26096861,1,49631236284,ILLUMINA,WGA,PRJNA808651,21.6,PI 550473,48.0,True,Maize.Set.Inbred.Diversity.282.Plus.NAM.Parents,B73,True
SAMN26561113,9,89229915000,ILLUMINA,OTHER,PRJNA759188,38.8,NSL 30053,33.0,True,Maize.Group.Ames.Panel.2010,W22,True
SAMN26561114,9,89384090700,ILLUMINA,OTHER,PRJNA759188,38.9,NSL 30053,33.0,True,Maize.Group.Ames.Panel.2010,W22,True
SAMN26561115,3,39311403300,ILLUMINA,OTHER,PRJNA759188,17.1,NSL 30053,33.0,True,Maize.Group.Ames.Panel.2010,W22,True
SAMN26561116,3,49143836400,ILLUMINA,OTHER,PRJNA759188,21.4,NSL 30053,33.0,True,Maize.Group.Ames.Panel.2010,W22,True
SAMN26561117,5,55702503600,ILLUMINA,OTHER,PRJNA759188,24.2,NSL 30053,33.0,True,Maize.Group.Ames.Panel.2010,W22,True
SAMN26561118,3,27643543500,ILLUMINA,OTHER,PRJNA759188,12.0,NSL 30053,33.0,True,Maize.Group.Ames.Panel.2010,W22,True
SAMN27189589,1,59623220700,ILLUMINA,WGS,PRJNA822510,25.9,Ames 34543,,False,,,True
SAMN27189590,1,65168649000,ILLUMINA,WGS,PRJNA822510,28.3,PI 587152,39.0,False,Maize.Set.Inbred.Diversity.282.Plus.NAM.Parents,W64A,True
SAMN27189591,1,102899656800,ILLUMINA,WGS,PRJNA822510,44.7,,,False,,,False
SAMN27189592,1,84711966900,ILLUMINA,WGS,PRJNA822510,36.8,,,False,,,False
SAMN27362675,1,41507016600,ILLUMINA,WGS,PRJNA823837,18.0,,,False,,,False
SAMN27646643,1,112333983300,ILLUMINA,WGS,PRJNA828275,48.8,,,False,,,False
SAMN27646644,1,112576045800,ILLUMINA,WGS,PRJNA828275,48.9,,,False,,,False
SAMN27646645,1,112369454100,ILLUMINA,WGS,PRJNA828275,48.9,,,False,,,False
SAMN27646646,1,112921040100,ILLUMINA,WGS,PRJNA828275,49.1,,,False,,,False
SAMN27646647,1,111167001300,ILLUMINA,WGS,PRJNA828275,48.3,,,False,,,False
SAMN27646648,1,113087216400,ILLUMINA,WGS,PRJNA828275,49.2,,,False,,,False
SAMN27646649,1,112059480300,ILLUMINA,WGS,PRJNA828275,48.7,,,False,,,False
SAMN27646650,1,112337029800,ILLUMINA,WGS,PRJNA828275,48.8,,,False,,,False
SAMN27646651,1,113293135500,ILLUMINA,WGS,PRJNA828275,49.3,,,False,,,False
SAMN27646652,1,112515710400,ILLUMINA,WGS,PRJNA828275,48.9,,,False,,,False
SAMN27917258,1,48698004600,ILLUMINA,OTHER,PRJNA832702,21.2,PI 550473,48.0,True,Maize.Set.Inbred.Diversity.282.Plus.NAM.Parents,B73,True
SAMN27917290,1,12161931600,ILLUMINA,OTHER,PRJNA832702,5.3,PI 550473,48.0,True,Maize.Set.Inbred.Diversity.282.Plus.NAM.Parents,B73,True
SAMN27917292,1,25670275500,ILLUMINA,OTHER,PRJNA832702,11.2,PI 550473,48.0,True,Maize.Set.Inbred.Diversity.282.Plus.NAM.Parents,B73,True
SAMN27917332,1,11697241200,ILLUMINA,OTHER,PRJNA832702,5.1,PI 550473,48.0,True,Maize.Set.Inbred.Diversity.282.Plus.NAM.Parents,B73,True
SAMN28041290,2,180877365000,ILLUMINA,WGS,PRJNA834127,78.6,,,False,,,False
SAMN28041291,1,46981494000,ILLUMINA,WGS,PRJNA834127,20.4,,,False,,,False
SAMN28041292,1,46209317400,ILLUMINA,WGS,PRJNA834127,20.1,,,False,,,False
SAMN29018392,1,73270804516,ILLUMINA,WGS,PRJNA848842,31.9,,,False,,,False
SAMN29815574,1,77135639490,ILLUMINA,WGS,PRJNA860024,33.5,,,False,,,False
SAMN29815575,1,79528251381,ILLUMINA,WGS,PRJNA860024,34.6,,,False,,,False
SAMN29815576,1,159513758156,ILLUMINA,WGS,PRJNA860024,69.4,,,False,,,False
SAMN29977421,1,104001651998,PACBIO_SMRT,WGS,PRJNA862467,45.2,,,False,,,False
SAMN29977422,1,82818606541,ILLUMINA,WGS,PRJNA862467,36.0,,,False,,,False
SAMN30465353,2,15342064800,ILLUMINA,OTHER,PRJNA872368,6.7,PI 550473,48.0,True,Maize.Set.Inbred.Diversity.282.Plus.NAM.Parents,B73,True
SAMN30465354,2,14934365400,ILLUMINA,OTHER,PRJNA872368,6.5,PI 550473,48.0,True,Maize.Set.Inbred.Diversity.282.Plus.NAM.Parents,B73,True
SAMN30465355,2,13325452200,ILLUMINA,OTHER,PRJNA872368,5.8,PI 550473,48.0,True,Maize.Set.Inbred.Diversity.282.Plus.NAM.Parents,B73,True
SAMN30465356,2,12098234700,ILLUMINA,OTHER,PRJNA872368,5.3,PI 550473,48.0,True,Maize.Set.Inbred.Diversity.282.Plus.NAM.Parents,B73,True
SAMN30465360,2,22811124000,ILLUMINA,OTHER,PRJNA872368,9.9,PI 550473,48.0,True,Maize.Set.Inbred.Diversity.282.Plus.NAM.Parents,B73,True
SAMN30465362,2,13949334600,ILLUMINA,OTHER,PRJNA872368,6.1,PI 550473,48.0,True,Maize.Set.Inbred.Diversity.282.Plus.NAM.Parents,B73,True
SAMN30465363,2,11795127000,ILLUMINA,OTHER,PRJNA872368,5.1,PI 550473,48.0,True,Maize.Set.Inbred.Diversity.282.Plus.NAM.Parents,B73,True
SAMN30465364,2,13405696500,ILLUMINA,OTHER,PRJNA872368,5.8,PI 550473,48.0,True,Maize.Set.Inbred.Diversity.282.Plus.NAM.Parents,B73,True
SAMN30490961,2,15893054700,ILLUMINA,OTHER,PRJNA873142,6.9,PI 550473,48.0,True,Maize.Set.Inbred.Diversity.282.Plus.NAM.Parents,B73,True
SAMN30490962,2,15342064800,ILLUMINA,OTHER,PRJNA873142,6.7,PI 550473,48.0,True,Maize.Set.Inbred.Diversity.282.Plus.NAM.Parents,B73,True
SAMN30490963,2,14934365400,ILLUMINA,OTHER,PRJNA873142,6.5,PI 550473,48.0,True,Maize.Set.Inbred.Diversity.282.Plus.NAM.Parents,B73,True
SAMN30490964,2,13325452200,ILLUMINA,OTHER,PRJNA873142,5.8,PI 550473,48.0,True,Maize.Set.Inbred.Diversity.282.Plus.NAM.Parents,B73,True
SAMN30490965,2,12098234700,ILLUMINA,OTHER,PRJNA873142,5.3,PI 550473,48.0,True,Maize.Set.Inbred.Diversity.282.Plus.NAM.Parents,B73,True
SAMN30490966,2,13983249600,ILLUMINA,OTHER,PRJNA873142,6.1,PI 550473,48.0,True,Maize.Set.Inbred.Diversity.282.Plus.NAM.Parents,B73,True
SAMN30490967,2,38229366300,ILLUMINA,OTHER,PRJNA873142,16.6,PI 550473,48.0,True,Maize.Set.Inbred.Diversity.282.Plus.NAM.Parents,B73,True
SAMN30490968,2,17184775500,ILLUMINA,OTHER,PRJNA873142,7.5,PI 550473,48.0,True,Maize.Set.Inbred.Diversity.282.Plus.NAM.Parents,B73,True
SAMN30490969,2,22811124000,ILLUMINA,OTHER,PRJNA873142,9.9,PI 550473,48.0,True,Maize.Set.Inbred.Diversity.282.Plus.NAM.Parents,B73,True
SAMN30490971,2,13949334600,ILLUMINA,OTHER,PRJNA873142,6.1,PI 550473,48.0,True,Maize.Set.Inbred.Diversity.282.Plus.NAM.Parents,B73,True
SAMN30490972,2,11795127000,ILLUMINA,OTHER,PRJNA873142,5.1,PI 550473,48.0,True,Maize.Set.Inbred.Diversity.282.Plus.NAM.Parents,B73,True
SAMN30490973,2,13405696500,ILLUMINA,OTHER,PRJNA873142,5.8,PI 550473,48.0,True,Maize.Set.Inbred.Diversity.282.Plus.NAM.Parents,B73,True
SAMN30542556,4,19922533828,ILLUMINA,OTHER,PRJNA874319,8.7,,,False,,,False
SAMN30542557,2,13842118500,ILLUMINA,OTHER,PRJNA874319,6.0,,,False,,,False
SAMN30542558,2,14115344400,ILLUMINA,OTHER,PRJNA874319,6.1,,,False,,,False
SAMN30542559,3,14103705164,ILLUMINA,OTHER;WGS,PRJNA874319,6.1,,,False,,,False
SAMN30542560,3,15978058414,ILLUMINA,OTHER;WGS,PRJNA874319,6.9,,,False,,,False
SAMN30542561,3,35267807100,ILLUMINA,OTHER;WGS,PRJNA874319,15.3,,,False,,,False
SAMN30542562,1,18334600891,ILLUMINA,OTHER,PRJNA874319,8.0,,,False,,,False
SAMN30542563,1,39069692864,ILLUMINA,OTHER,PRJNA874319,17.0,,,False,,,False
SAMN30816288,1,104001651998,PACBIO_SMRT,WGS,PRJNA822523,45.2,,,False,,,False
SAMN30816290,2,241047194108,ILLUMINA,WGS,PRJNA822523,104.8,,,False,,,False
SAMN30816291,2,165637213082,ILLUMINA,WGS,PRJNA822523,72.0,,,False,,,False
SAMN31184464,1,27276498000,ILLUMINA,OTHER,PRJNA887753,11.9,,,False,,,False
SAMN31184465,1,28620316500,ILLUMINA,OTHER,PRJNA887753,12.4,,,False,,,False
SAMN31532287,1,13334022900,ILLUMINA,WGS,PRJNA530187,5.8,,,False,,,False
SAMN31532292,1,11986708500,ILLUMINA,WGS,PRJNA530187,5.2,,,False,,,False
SAMN31532316,1,11617897200,ILLUMINA,WGS,PRJNA530187,5.1,,,False,,,False
SAMN31532370,1,11744871600,ILLUMINA,WGS,PRJNA530187,5.1,,,False,,,False
SAMN31532377,1,14267172900,ILLUMINA,WGS,PRJNA530187,6.2,,,False,,,False
SAMN31532380,1,13603084500,ILLUMINA,WGS,PRJNA530187,5.9,,,False,,,False
SAMN31532386,1,11836102200,ILLUMINA,WGS,PRJNA530187,5.1,,,False,,,False
SAMN31532387,1,16219911000,ILLUMINA,WGS,PRJNA530187,7.1,,,False,,,False
SAMN31532394,1,18048054900,ILLUMINA,WGS,PRJNA530187,7.8,,,False,,,False
SAMN31532395,1,18638243700,ILLUMINA,WGS,PRJNA530187,8.1,,,False,,,False
SAMN31532396,1,12036392100,ILLUMINA,WGS,PRJNA530187,5.2,,,False,,,False
SAMN31532402,1,16085826300,ILLUMINA,WGS,PRJNA530187,7.0,,,False,,,False
SAMN31532403,1,13628685900,ILLUMINA,WGS,PRJNA530187,5.9,,,False,,,False
SAMN31532405,1,16959181800,ILLUMINA,WGS,PRJNA530187,7.4,,,False,,,False
SAMN31532407,1,14882279100,ILLUMINA,WGS,PRJNA530187,6.5,,,False,,,False
SAMN31532410,1,19104093600,ILLUMINA,WGS,PRJNA530187,8.3,,,False,,,False
SAMN31532420,1,16185000600,ILLUMINA,WGS,PRJNA530187,7.0,,,False,,,False
SAMN31532429,1,16680560700,ILLUMINA,WGS,PRJNA530187,7.3,,,False,,,False
SAMN31532431,1,17591574300,ILLUMINA,WGS,PRJNA530187,7.6,,,False,,,False
SAMN31532442,1,18333090900,ILLUMINA,WGS,PRJNA530187,8.0,,,False,,,False
SAMN31532445,1,15865635000,ILLUMINA,WGS,PRJNA530187,6.9,,,False,,,False
SAMN31532446,1,12694192800,ILLUMINA,WGS,PRJNA530187,5.5,,,False,,,False
SAMN31532451,1,16514351700,ILLUMINA,WGS,PRJNA530187,7.2,,,False,,,False
SAMN31532461,1,16344213300,ILLUMINA,WGS,PRJNA530187,7.1,,,False,,,False
SAMN31532462,1,12505175400,ILLUMINA,WGS,PRJNA530187,5.4,,,False,,,False
SAMN31532470,1,18713749200,ILLUMINA,WGS,PRJNA530187,8.1,,,False,,,False
SAMN31532477,1,12529399500,ILLUMINA,WGS,PRJNA530187,5.4,,,False,,,False
SAMN31532505,1,12161172000,ILLUMINA,WGS,PRJNA530187,5.3,,,False,,,False
SAMN31532509,1,12848110200,ILLUMINA,WGS,PRJNA530187,5.6,,,False,,,False
SAMN31532513,1,12768269100,ILLUMINA,WGS,PRJNA530187,5.6,,,False,,,False
SAMN31532524,1,11833958100,ILLUMINA,WGS,PRJNA530187,5.1,,,False,,,False
SAMN31532525,1,11658033300,ILLUMINA,WGS,PRJNA530187,5.1,,,False,,,False
SAMN31532539,1,11895548700,ILLUMINA,WGS,PRJNA530187,5.2,,,False,,,False
SAMN31532549,1,17963708400,ILLUMINA,WGS,PRJNA530187,7.8,,,False,,,False
SAMN31536875,1,20551227300,ILLUMINA,WGS,PRJNA886637,8.9,,,False,,,False
SAMN31536876,1,24489244800,ILLUMINA,WGS,PRJNA886637,10.6,,,False,,,False
SAMN31536877,1,18886020600,ILLUMINA,WGS,PRJNA886637,8.2,,,False,,,False
SAMN31536880,1,36633465000,ILLUMINA,WGS,PRJNA886637,15.9,,,False,,,False
SAMN31676916,7,215767615798,ILLUMINA;PACBIO_SMRT,WGS,PRJNA896498,93.8,,,False,,,False
SAMN31884430,1,35959051200,ILLUMINA,WGS,PRJNA883391,15.6,,,False,,,False
SAMN31884431,1,29639458200,ILLUMINA,WGS,PRJNA883391,12.9,,,False,,,False
SAMN31884432,1,31497646800,ILLUMINA,WGS,PRJNA883391,13.7,,,False,,,False
SAMN31884433,1,36690689100,ILLUMINA,WGS,PRJNA883391,16.0,,,False,,,False
SAMN31884434,1,27665051100,ILLUMINA,WGS,PRJNA883391,12.0,,,False,,,False
SAMN31884435,1,30126771000,ILLUMINA,WGS,PRJNA883391,13.1,,,False,,,False
SAMN31884436,1,33146722200,ILLUMINA,WGS,PRJNA883391,14.4,,,False,,,False
SAMN31884437,1,34765035900,ILLUMINA,WGS,PRJNA883391,15.1,,,False,,,False
SAMN31884438,1,43074896400,ILLUMINA,WGS,PRJNA883391,18.7,,,False,,,False
SAMN31884439,1,33092554800,ILLUMINA,WGS,PRJNA883391,14.4,,,False,,,False
SAMN31884440,1,39097015500,ILLUMINA,WGS,PRJNA883391,17.0,,,False,,,False
SAMN31884441,1,26486723400,ILLUMINA,WGS,PRJNA883391,11.5,,,False,,,False
SAMN31884442,1,32574867000,ILLUMINA,WGS,PRJNA883391,14.2,,,False,,,False
SAMN31884443,1,35637776700,ILLUMINA,WGS,PRJNA883391,15.5,,,False,,,False
SAMN31884444,1,23910880500,ILLUMINA,WGS,PRJNA883391,10.4,,,False,,,False
SAMN32174937,1,22403305400,ILLUMINA,OTHER,PRJNA911304,9.7,,,False,,,False
SAMN32174938,1,41876569400,ILLUMINA,OTHER,PRJNA911304,18.2,,,False,,,False
SAMN32510780,5,76534358400,ILLUMINA,OTHER,PRJNA759188,33.3,PI 550473,48.0,True,Maize.Set.Inbred.Diversity.282.Plus.NAM.Parents,B73,True
SAMN32510782,5,83723550000,ILLUMINA,OTHER,PRJNA759188,36.4,,,False,,,False
SAMN32510783,5,63665496900,ILLUMINA,OTHER,PRJNA759188,27.7,,,False,,,False
SAMN32510785,3,36879820500,ILLUMINA,OTHER,PRJNA759188,16.0,NSL 30053,33.0,True,Maize.Group.Ames.Panel.2010,W22,True
SAMN32510786,5,59961276000,ILLUMINA,OTHER,PRJNA759188,26.1,,,False,,,False
SAMN32510787,3,24984228300,ILLUMINA,OTHER,PRJNA759188,10.9,,,False,,,False
SAMN32531546,1,25784856024,ILLUMINA,WGS,PRJNA917247,11.2,,,False,,,False
SAMN32531547,1,23858505900,ILLUMINA,WGS,PRJNA917247,10.4,,,False,,,False
SAMN32534457,2,32536010700,ILLUMINA,OTHER,PRJNA874319,14.1,,,False,,,False
SAMN32534458,2,31542596100,ILLUMINA,OTHER,PRJNA874319,13.7,,,False,,,False
SAMN32534459,2,34491587100,ILLUMINA,OTHER,PRJNA874319,15.0,,,False,,,False
SAMN32981866,5,15216335200,ILLUMINA,OTHER,PRJNA930042,6.6,,,False,,,False
SAMN32981867,7,44428122350,ILLUMINA,OTHER,PRJNA930042,19.3,,,False,,,False
SAMN32981868,7,31779990300,ILLUMINA,OTHER,PRJNA930042,13.8,,,False,,,False
SAMN32981869,7,43307231100,ILLUMINA,OTHER,PRJNA930042,18.8,,,False,,,False
SAMN32981874,5,14596755350,ILLUMINA,OTHER,PRJNA930042,6.3,,,False,,,False
SAMN33237130,1,79357860030,BGISEQ,WGS,PRJNA933521,34.5,PI 550473,48.0,True,Maize.Set.Inbred.Diversity.282.Plus.NAM.Parents,B73,True
SAMN33237132,1,72952897246,BGISEQ,WGS,PRJNA933521,31.7,PI 550473,48.0,True,Maize.Set.Inbred.Diversity.282.Plus.NAM.Parents,B73,True
SAMN34232845,1,12519277500,ILLUMINA,OTHER,PRJNA956867,5.4,,,False,,,False
SAMN34353189,1,29867313900,ILLUMINA,OTHER,PRJNA961163,13.0,PI 550473,48.0,True,Maize.Set.Inbred.Diversity.282.Plus.NAM.Parents,B73,True
SAMN34353190,1,29117690100,ILLUMINA,OTHER,PRJNA961163,12.7,PI 550473,48.0,True,Maize.Set.Inbred.Diversity.282.Plus.NAM.Parents,B73,True
SAMN34353191,1,30279482400,ILLUMINA,OTHER,PRJNA961163,13.2,PI 550473,48.0,True,Maize.Set.Inbred.Diversity.282.Plus.NAM.Parents,B73,True
SAMN35169187,2,22392249750,ILLUMINA,WGS,PRJNA974168,9.7,,,False,,,False
SAMN35169188,2,26448869150,ILLUMINA,WGS,PRJNA974168,11.5,,,False,,,False
SAMN35169189,3,57614979700,ILLUMINA,WGS,PRJNA974168,25.0,,,False,,,False
SAMN35169190,3,51083215550,ILLUMINA,WGS,PRJNA974168,22.2,,,False,,,False
SAMN35169191,3,67075615250,ILLUMINA,WGS,PRJNA974168,29.2,,,False,,,False
SAMN35169192,3,54321220700,ILLUMINA,WGS,PRJNA974168,23.6,,,False,,,False
SAMN35169193,3,54963962600,ILLUMINA,WGS,PRJNA974168,23.9,,,False,,,False
SAMN35169194,3,51854098600,ILLUMINA,WGS,PRJNA974168,22.5,PI 631363,27.0,False,Maize.Group.PVP,PH4CV,True
SAMN35169195,3,69822157550,ILLUMINA,WGS,PRJNA974168,30.4,PI 641017,1.0,False,,PH6WC,True
SAMN35169196,1,12241313840,ILLUMINA,WGS,PRJNA974168,5.3,,,False,,,False
SAMN35169197,1,23265872700,ILLUMINA,WGS,PRJNA974168,10.1,,,False,,,False
SAMN35169198,2,21247168800,ILLUMINA,WGS,PRJNA974168,9.2,,,False,,,False
SAMN35169199,2,22687015200,ILLUMINA,WGS,PRJNA974168,9.9,,,False,,,False
SAMN35169200,1,21989260200,ILLUMINA,WGS,PRJNA974168,9.6,,,False,,,False
SAMN35169201,1,22094043900,ILLUMINA,WGS,PRJNA974168,9.6,,,False,,,False
SAMN35169202,1,30750513900,ILLUMINA,WGS,PRJNA974168,13.4,,,False,,,False
SAMN35169203,1,22677537000,ILLUMINA,WGS,PRJNA974168,9.9,,,False,,,False
SAMN35441023,1,13336233000,ILLUMINA,WGS,PRJNA976755,5.8,,,False,,,False
SAMN35441024,1,12955809250,ILLUMINA,WGS,PRJNA976755,5.6,,,False,,,False
SAMN35441025,1,14499504250,ILLUMINA,WGS,PRJNA976755,6.3,,,False,,,False
SAMN35441026,1,12772354500,ILLUMINA,WGS,PRJNA976755,5.6,,,False,,,False
SAMN35441027,1,13256577000,ILLUMINA,WGS,PRJNA976755,5.8,,,False,,,False
SAMN35441030,1,13217243000,ILLUMINA,WGS,PRJNA976755,5.7,,,False,,,False
SAMN35441031,1,13043747750,ILLUMINA,WGS,PRJNA976755,5.7,,,False,,,False
SAMN35441032,1,11889745500,ILLUMINA,WGS,PRJNA976755,5.2,,,False,,,False
SAMN35441033,1,12391931000,ILLUMINA,WGS,PRJNA976755,5.4,,,False,,,False
SAMN35441036,1,12277784000,ILLUMINA,WGS,PRJNA976755,5.3,,,False,,,False
SAMN35441037,1,13258943000,ILLUMINA,WGS,PRJNA976755,5.8,,,False,,,False
SAMN35441038,1,12011163000,ILLUMINA,WGS,PRJNA976755,5.2,,,False,,,False
SAMN35441039,1,12967000250,ILLUMINA,WGS,PRJNA976755,5.6,,,False,,,False
SAMN35441040,1,12843652750,ILLUMINA,WGS,PRJNA976755,5.6,,,False,,,False
SAMN35441042,1,12053817250,ILLUMINA,WGS,PRJNA976755,5.2,,,False,,,False
SAMN35441043,1,13447601000,ILLUMINA,WGS,PRJNA976755,5.8,,,False,,,False
SAMN35441045,1,13360298500,ILLUMINA,WGS,PRJNA976755,5.8,,,False,,,False
SAMN35441046,1,12949155000,ILLUMINA,WGS,PRJNA976755,5.6,,,False,,,False
SAMN35441047,1,14845841500,ILLUMINA,WGS,PRJNA976755,6.5,,,False,,,False
SAMN35441048,1,12106254250,ILLUMINA,WGS,PRJNA976755,5.3,,,False,,,False
SAMN35441050,1,11937551500,ILLUMINA,WGS,PRJNA976755,5.2,,,False,,,False
SAMN35441051,1,18172644500,ILLUMINA,WGS,PRJNA976755,7.9,,,False,,,False
SAMN35441052,1,12076620250,ILLUMINA,WGS,PRJNA976755,5.3,,,False,,,False
SAMN35441053,1,11644027500,ILLUMINA,WGS,PRJNA976755,5.1,,,False,,,False
SAMN35441054,1,12597451750,ILLUMINA,WGS,PRJNA976755,5.5,,,False,,,False
SAMN35441055,1,11623577500,ILLUMINA,WGS,PRJNA976755,5.1,,,False,,,False
SAMN35441057,1,13682601250,ILLUMINA,WGS,PRJNA976755,5.9,,,False,,,False
SAMN35441058,1,13669817000,ILLUMINA,WGS,PRJNA976755,5.9,,,False,,,False
SAMN35441059,1,12870212500,ILLUMINA,WGS,PRJNA976755,5.6,,,False,,,False
SAMN35441060,1,12810808250,ILLUMINA,WGS,PRJNA976755,5.6,,,False,,,False
SAMN35441061,1,13707399250,ILLUMINA,WGS,PRJNA976755,6.0,,,False,,,False
SAMN35441062,1,14394422000,ILLUMINA,WGS,PRJNA976755,6.3,,,False,,,False
SAMN35441063,1,13401789750,ILLUMINA,WGS,PRJNA976755,5.8,,,False,,,False
SAMN35441064,1,13043561250,ILLUMINA,WGS,PRJNA976755,5.7,,,False,,,False
SAMN35441065,1,11876942250,ILLUMINA,WGS,PRJNA976755,5.2,,,False,,,False
SAMN35441066,1,11972729500,ILLUMINA,WGS,PRJNA976755,5.2,,,False,,,False
SAMN35441067,1,12508594250,ILLUMINA,WGS,PRJNA976755,5.4,,,False,,,False
SAMN35441068,1,12074092250,ILLUMINA,WGS,PRJNA976755,5.2,,,False,,,False
SAMN35441069,1,12854378000,ILLUMINA,WGS,PRJNA976755,5.6,,,False,,,False
SAMN35441070,1,11923309250,ILLUMINA,WGS,PRJNA976755,5.2,,,False,,,False
SAMN35441072,1,12953650750,ILLUMINA,WGS,PRJNA976755,5.6,,,False,,,False
SAMN35441073,1,12060916250,ILLUMINA,WGS,PRJNA976755,5.2,,,False,,,False
SAMN35441074,1,14093660250,ILLUMINA,WGS,PRJNA976755,6.1,,,False,,,False
SAMN35441075,1,12306811750,ILLUMINA,WGS,PRJNA976755,5.4,,,False,,,False
SAMN35441077,1,11696842500,ILLUMINA,WGS,PRJNA976755,5.1,,,False,,,False
SAMN35441078,1,13221075000,ILLUMINA,WGS,PRJNA976755,5.7,,,False,,,False
SAMN35441080,1,12423801500,ILLUMINA,WGS,PRJNA976755,5.4,,,False,,,False
SAMN35441081,1,14537337500,ILLUMINA,WGS,PRJNA976755,6.3,,,False,,,False
SAMN35441082,1,13402844500,ILLUMINA,WGS,PRJNA976755,5.8,,,False,,,False
SAMN35441083,1,13665719750,ILLUMINA,WGS,PRJNA976755,5.9,,,False,,,False
SAMN35441084,1,15540508500,ILLUMINA,WGS,PRJNA976755,6.8,,,False,,,False
SAMN35441085,1,13638845750,ILLUMINA,WGS,PRJNA976755,5.9,,,False,,,False
SAMN35441086,1,15491235000,ILLUMINA,WGS,PRJNA976755,6.7,,,False,,,False
SAMN35441094,1,12450082750,ILLUMINA,WGS,PRJNA976755,5.4,,,False,,,False
SAMN35441095,1,12965481500,ILLUMINA,WGS,PRJNA976755,5.6,,,False,,,False
SAMN35441096,1,13708942000,ILLUMINA,WGS,PRJNA976755,6.0,,,False,,,False
SAMN35441098,1,13104898750,ILLUMINA,WGS,PRJNA976755,5.7,,,False,,,False
SAMN35441099,1,12185224250,ILLUMINA,WGS,PRJNA976755,5.3,,,False,,,False
SAMN35441105,1,11932574750,ILLUMINA,WGS,PRJNA976755,5.2,,,False,,,False
SAMN35441113,1,12328511250,ILLUMINA,WGS,PRJNA976755,5.4,,,False,,,False
SAMN35441116,1,12457261500,ILLUMINA,WGS,PRJNA976755,5.4,,,False,,,False
SAMN35441117,1,12013972750,ILLUMINA,WGS,PRJNA976755,5.2,,,False,,,False
SAMN35441119,1,14671282500,ILLUMINA,WGS,PRJNA976755,6.4,,,False,,,False
SAMN35441120,1,13003990000,ILLUMINA,WGS,PRJNA976755,5.7,,,False,,,False
SAMN35441123,1,12231061500,ILLUMINA,WGS,PRJNA976755,5.3,,,False,,,False
SAMN35441124,1,11887930750,ILLUMINA,WGS,PRJNA976755,5.2,,,False,,,False
SAMN35441126,1,17307995400,ILLUMINA,WGS,PRJNA976755,7.5,,,False,,,False
SAMN35441127,1,14044044000,ILLUMINA,WGS,PRJNA976755,6.1,,,False,,,False
SAMN35441128,1,14632932600,ILLUMINA,WGS,PRJNA976755,6.4,,,False,,,False
SAMN35441129,1,14840304600,ILLUMINA,WGS,PRJNA976755,6.5,,,False,,,False
SAMN35441130,1,14734589700,ILLUMINA,WGS,PRJNA976755,6.4,,,False,,,False
SAMN35441131,1,14488445700,ILLUMINA,WGS,PRJNA976755,6.3,,,False,,,False
SAMN35441132,1,14910259500,ILLUMINA,WGS,PRJNA976755,6.5,,,False,,,False
SAMN35441133,1,14678556600,ILLUMINA,WGS,PRJNA976755,6.4,,,False,,,False
SAMN35441134,1,15938246400,ILLUMINA,WGS,PRJNA976755,6.9,,,False,,,False
SAMN35441135,1,13435665600,ILLUMINA,WGS,PRJNA976755,5.8,,,False,,,False
SAMN35441136,1,16041391800,ILLUMINA,WGS,PRJNA976755,7.0,,,False,,,False
SAMN35441137,1,17331477000,ILLUMINA,WGS,PRJNA976755,7.5,,,False,,,False
SAMN35441138,1,13867396800,ILLUMINA,WGS,PRJNA976755,6.0,,,False,,,False
SAMN35441139,1,14469223800,ILLUMINA,WGS,PRJNA976755,6.3,,,False,,,False
SAMN35441140,1,15344362800,ILLUMINA,WGS,PRJNA976755,6.7,,,False,,,False
SAMN35441141,1,16252081800,ILLUMINA,WGS,PRJNA976755,7.1,,,False,,,False
SAMN35441142,1,15303491400,ILLUMINA,WGS,PRJNA976755,6.7,,,False,,,False
SAMN35441143,1,15547345200,ILLUMINA,WGS,PRJNA976755,6.8,,,False,,,False
SAMN35441144,1,15028824300,ILLUMINA,WGS,PRJNA976755,6.5,,,False,,,False
SAMN35441145,1,14173827600,ILLUMINA,WGS,PRJNA976755,6.2,,,False,,,False
SAMN35441146,1,17281492500,ILLUMINA,WGS,PRJNA976755,7.5,,,False,,,False
SAMN35441147,1,15096977700,ILLUMINA,WGS,PRJNA976755,6.6,,,False,,,False
SAMN35441148,1,13533290700,ILLUMINA,WGS,PRJNA976755,5.9,,,False,,,False
SAMN35441149,1,14328600300,ILLUMINA,WGS,PRJNA976755,6.2,,,False,,,False
SAMN35441150,1,15259167000,ILLUMINA,WGS,PRJNA976755,6.6,,,False,,,False
SAMN35441151,1,17360057400,ILLUMINA,WGS,PRJNA976755,7.5,,,False,,,False
SAMN35441152,1,15323275200,ILLUMINA,WGS,PRJNA976755,6.7,,,False,,,False
SAMN35441153,1,15273533100,ILLUMINA,WGS,PRJNA976755,6.6,,,False,,,False
SAMN35441154,1,14994679200,ILLUMINA,WGS,PRJNA976755,6.5,,,False,,,False
SAMN35441155,1,15248925900,ILLUMINA,WGS,PRJNA976755,6.6,,,False,,,False
SAMN35441156,1,17247440400,ILLUMINA,WGS,PRJNA976755,7.5,,,False,,,False
SAMN35441157,1,14554072200,ILLUMINA,WGS,PRJNA976755,6.3,,,False,,,False
SAMN35441158,1,16018783500,ILLUMINA,WGS,PRJNA976755,7.0,,,False,,,False
SAMN35441159,1,13430623200,ILLUMINA,WGS,PRJNA976755,5.8,,,False,,,False
SAMN35441160,1,16213179900,ILLUMINA,WGS,PRJNA976755,7.0,,,False,,,False
SAMN35441161,1,14757574200,ILLUMINA,WGS,PRJNA976755,6.4,,,False,,,False
SAMN35441163,1,13230165300,ILLUMINA,WGS,PRJNA976755,5.8,,,False,,,False
SAMN35441168,1,12947538900,ILLUMINA,WGS,PRJNA976755,5.6,,,False,,,False
SAMN35441172,1,11625841200,ILLUMINA,WGS,PRJNA976755,5.1,,,False,,,False
SAMN35441173,1,12959584800,ILLUMINA,WGS,PRJNA976755,5.6,,,False,,,False
SAMN35441174,1,12141068400,ILLUMINA,WGS,PRJNA976755,5.3,,,False,,,False
SAMN35441176,1,11633382900,ILLUMINA,WGS,PRJNA976755,5.1,,,False,,,False
SAMN35441179,1,12546402000,ILLUMINA,WGS,PRJNA976755,5.5,,,False,,,False
SAMN35441180,1,11628303000,ILLUMINA,WGS,PRJNA976755,5.1,,,False,,,False
SAMN35441183,1,11615668800,ILLUMINA,WGS,PRJNA976755,5.1,,,False,,,False
SAMN35441184,1,13006146300,ILLUMINA,WGS,PRJNA976755,5.7,,,False,,,False
SAMN35441185,1,12734474100,ILLUMINA,WGS,PRJNA976755,5.5,,,False,,,False
SAMN35441194,1,12574668600,ILLUMINA,WGS,PRJNA976755,5.5,,,False,,,False
SAMN35441198,1,13061726400,ILLUMINA,WGS,PRJNA976755,5.7,,,False,,,False
SAMN35441202,1,12074865600,ILLUMINA,WGS,PRJNA976755,5.2,,,False,,,False
SAMN35441205,1,11741104200,ILLUMINA,WGS,PRJNA976755,5.1,,,False,,,False
SAMN35441206,1,11724858600,ILLUMINA,WGS,PRJNA976755,5.1,,,False,,,False
SAMN35441207,1,11782368600,ILLUMINA,WGS,PRJNA976755,5.1,,,False,,,False
SAMN35441213,1,12603903300,ILLUMINA,WGS,PRJNA976755,5.5,,,False,,,False
SAMN35441215,1,13595026800,ILLUMINA,WGS,PRJNA976755,5.9,,,False,,,False
SAMN35441216,1,12296108700,ILLUMINA,WGS,PRJNA976755,5.3,,,False,,,False
SAMN35441217,1,11681326800,ILLUMINA,WGS,PRJNA976755,5.1,,,False,,,False
SAMN35441218,1,12362214900,ILLUMINA,WGS,PRJNA976755,5.4,,,False,,,False
SAMN35441219,1,12285954300,ILLUMINA,WGS,PRJNA976755,5.3,,,False,,,False
SAMN35441226,1,12741909300,ILLUMINA,WGS,PRJNA976755,5.5,,,False,,,False
SAMN35441228,1,12523487100,ILLUMINA,WGS,PRJNA976755,5.4,,,False,,,False
SAMN35441229,1,12601402500,ILLUMINA,WGS,PRJNA976755,5.5,,,False,,,False
SAMN35441230,1,12057792300,ILLUMINA,WGS,PRJNA976755,5.2,,,False,,,False
SAMN35441235,1,14313663900,ILLUMINA,WGS,PRJNA976755,6.2,,,False,,,False
SAMN35441236,1,14330514600,ILLUMINA,WGS,PRJNA976755,6.2,,,False,,,False
SAMN35441237,1,13437581400,ILLUMINA,WGS,PRJNA976755,5.8,,,False,,,False
SAMN35441241,1,13240072200,ILLUMINA,WGS,PRJNA976755,5.8,,,False,,,False
SAMN35441242,1,12065253000,ILLUMINA,WGS,PRJNA976755,5.2,,,False,,,False
SAMN35441243,1,13294557600,ILLUMINA,WGS,PRJNA976755,5.8,,,False,,,False
SAMN35441245,1,13672565700,ILLUMINA,WGS,PRJNA976755,5.9,,,False,,,False
SAMN35441246,1,13249917000,ILLUMINA,WGS,PRJNA976755,5.8,,,False,,,False
SAMN35441247,1,12401296192,ILLUMINA,WGS,PRJNA976755,5.4,,,False,,,False
SAMN35441248,1,15076746300,ILLUMINA,WGS,PRJNA976755,6.6,,,False,,,False
SAMN35441249,1,13601823600,ILLUMINA,WGS,PRJNA976755,5.9,,,False,,,False
SAMN35441250,1,13726697400,ILLUMINA,WGS,PRJNA976755,6.0,,,False,,,False
SAMN35441254,1,11655673800,ILLUMINA,WGS,PRJNA976755,5.1,,,False,,,False
SAMN35441258,1,11836129500,ILLUMINA,WGS,PRJNA976755,5.1,,,False,,,False
SAMN35441262,1,13142809800,ILLUMINA,WGS,PRJNA976755,5.7,,,False,,,False
SAMN35441268,1,14087644530,ILLUMINA,WGS,PRJNA976755,6.1,,,False,,,False
SAMN35441269,1,11785999200,ILLUMINA,WGS,PRJNA976755,5.1,,,False,,,False
SAMN35441270,1,12246264900,ILLUMINA,WGS,PRJNA976755,5.3,,,False,,,False
SAMN35441271,1,13056699300,ILLUMINA,WGS,PRJNA976755,5.7,,,False,,,False
SAMN35441272,1,13838237400,ILLUMINA,WGS,PRJNA976755,6.0,,,False,,,False
SAMN35441273,1,12352996800,ILLUMINA,WGS,PRJNA976755,5.4,,,False,,,False
SAMN35441274,1,11880679200,ILLUMINA,WGS,PRJNA976755,5.2,,,False,,,False
SAMN35441275,1,11784964500,ILLUMINA,WGS,PRJNA976755,5.1,,,False,,,False
SAMN35441276,1,12190972200,ILLUMINA,WGS,PRJNA976755,5.3,,,False,,,False
SAMN35441277,1,14206866000,ILLUMINA,WGS,PRJNA976755,6.2,,,False,,,False
SAMN35441279,1,12065479800,ILLUMINA,WGS,PRJNA976755,5.2,,,False,,,False
SAMN35441280,1,11954797200,ILLUMINA,WGS,PRJNA976755,5.2,,,False,,,False
SAMN35441283,1,14767250100,ILLUMINA,WGS,PRJNA976755,6.4,,,False,,,False
SAMN35441284,1,13042344300,ILLUMINA,WGS,PRJNA976755,5.7,,,False,,,False
SAMN35441285,1,12439302000,ILLUMINA,WGS,PRJNA976755,5.4,,,False,,,False
SAMN35441286,1,13606987200,ILLUMINA,WGS,PRJNA976755,5.9,,,False,,,False
SAMN35441291,1,12304902300,ILLUMINA,WGS,PRJNA976755,5.3,,,False,,,False
SAMN35441292,1,12651965100,ILLUMINA,WGS,PRJNA976755,5.5,,,False,,,False
SAMN35441293,1,12498940800,ILLUMINA,WGS,PRJNA976755,5.4,,,False,,,False
SAMN35441297,1,13059871002,ILLUMINA,WGS,PRJNA976755,5.7,,,False,,,False
SAMN35441298,1,12150063900,ILLUMINA,WGS,PRJNA976755,5.3,,,False,,,False
SAMN35441299,1,14014195500,ILLUMINA,WGS,PRJNA976755,6.1,,,False,,,False
SAMN35441300,1,11806046100,ILLUMINA,WGS,PRJNA976755,5.1,,,False,,,False
SAMN35441301,1,12825430500,ILLUMINA,WGS,PRJNA976755,5.6,,,False,,,False
SAMN35441303,1,11928352800,ILLUMINA,WGS,PRJNA976755,5.2,,,False,,,False
SAMN35441305,1,11670534900,ILLUMINA,WGS,PRJNA976755,5.1,,,False,,,False
SAMN35441306,1,12446616508,ILLUMINA,WGS,PRJNA976755,5.4,,,False,,,False
SAMN35441307,1,15630284700,ILLUMINA,WGS,PRJNA976755,6.8,,,False,,,False
SAMN35441308,1,13753586400,ILLUMINA,WGS,PRJNA976755,6.0,,,False,,,False
SAMN35441317,1,14391051000,ILLUMINA,WGS,PRJNA976755,6.3,,,False,,,False
SAMN35441324,1,12328339224,ILLUMINA,WGS,PRJNA976755,5.4,,,False,,,False
SAMN35441325,1,14345638992,ILLUMINA,WGS,PRJNA976755,6.2,,,False,,,False
SAMN35441326,1,12266108700,ILLUMINA,WGS,PRJNA976755,5.3,,,False,,,False
SAMN35441327,1,12418824300,ILLUMINA,WGS,PRJNA976755,5.4,,,False,,,False
SAMN35441330,1,12105982500,ILLUMINA,WGS,PRJNA976755,5.3,,,False,,,False
SAMN35441331,1,11879038898,ILLUMINA,WGS,PRJNA976755,5.2,,,False,,,False
SAMN35441334,1,13759532700,ILLUMINA,WGS,PRJNA976755,6.0,,,False,,,False
SAMN35441337,1,13025818800,ILLUMINA,WGS,PRJNA976755,5.7,,,False,,,False
SAMN35441338,1,14066504700,ILLUMINA,WGS,PRJNA976755,6.1,,,False,,,False
SAMN35441339,1,11894456100,ILLUMINA,WGS,PRJNA976755,5.2,,,False,,,False
SAMN35441340,1,11639749060,ILLUMINA,WGS,PRJNA976755,5.1,,,False,,,False
SAMN35441344,1,12387436500,ILLUMINA,WGS,PRJNA976755,5.4,,,False,,,False
SAMN35441345,1,12883744500,ILLUMINA,WGS,PRJNA976755,5.6,,,False,,,False
SAMN35441347,1,11884678800,ILLUMINA,WGS,PRJNA976755,5.2,,,False,,,False
SAMN35441349,1,12683792486,ILLUMINA,WGS,PRJNA976755,5.5,,,False,,,False
SAMN35441350,1,12474627600,ILLUMINA,WGS,PRJNA976755,5.4,,,False,,,False
SAMN35441351,1,13308632400,ILLUMINA,WGS,PRJNA976755,5.8,,,False,,,False
SAMN35441356,1,14605834200,ILLUMINA,WGS,PRJNA976755,6.4,,,False,,,False
SAMN35441357,1,12839689200,ILLUMINA,WGS,PRJNA976755,5.6,,,False,,,False
SAMN35441358,1,11763884100,ILLUMINA,WGS,PRJNA976755,5.1,,,False,,,False
SAMN35441359,1,12931962300,ILLUMINA,WGS,PRJNA976755,5.6,,,False,,,False
SAMN35441360,1,11845515000,ILLUMINA,WGS,PRJNA976755,5.2,,,False,,,False
SAMN35441362,1,11907441300,ILLUMINA,WGS,PRJNA976755,5.2,,,False,,,False
SAMN35441366,1,12655311900,ILLUMINA,WGS,PRJNA976755,5.5,,,False,,,False
SAMN35441367,1,12130270500,ILLUMINA,WGS,PRJNA976755,5.3,,,False,,,False
SAMN35441374,1,12760158900,ILLUMINA,WGS,PRJNA976755,5.5,,,False,,,False
SAMN35441384,1,13677147000,ILLUMINA,WGS,PRJNA976755,5.9,,,False,,,False
SAMN35441385,1,13703897700,ILLUMINA,WGS,PRJNA976755,6.0,,,False,,,False
SAMN35441386,1,16891554900,ILLUMINA,WGS,PRJNA976755,7.3,,,False,,,False
SAMN35441387,1,14092758300,ILLUMINA,WGS,PRJNA976755,6.1,,,False,,,False
SAMN35441388,1,14219164800,ILLUMINA,WGS,PRJNA976755,6.2,,,False,,,False
SAMN35441389,1,12833780700,ILLUMINA,WGS,PRJNA976755,5.6,,,False,,,False
SAMN35441390,1,13353818100,ILLUMINA,WGS,PRJNA976755,5.8,,,False,,,False
SAMN35441391,1,11989658700,ILLUMINA,WGS,PRJNA976755,5.2,,,False,,,False
SAMN35441392,1,14047522500,ILLUMINA,WGS,PRJNA976755,6.1,,,False,,,False
SAMN35441393,1,12988761900,ILLUMINA,WGS,PRJNA976755,5.6,,,False,,,False
SAMN35441394,1,14674465800,ILLUMINA,WGS,PRJNA976755,6.4,,,False,,,False
SAMN35441396,1,13100372700,ILLUMINA,WGS,PRJNA976755,5.7,,,False,,,False
SAMN35441397,1,16255717800,ILLUMINA,WGS,PRJNA976755,7.1,,,False,,,False
SAMN35441398,1,14571527100,ILLUMINA,WGS,PRJNA976755,6.3,,,False,,,False
SAMN35441399,1,14119330500,ILLUMINA,WGS,PRJNA976755,6.1,,,False,,,False
SAMN35441402,1,11983410900,ILLUMINA,WGS,PRJNA976755,5.2,,,False,,,False
SAMN35441403,1,11939834100,ILLUMINA,WGS,PRJNA976755,5.2,,,False,,,False
SAMN35441407,1,13246581900,ILLUMINA,WGS,PRJNA976755,5.8,,,False,,,False
SAMN35441409,1,13517584500,ILLUMINA,WGS,PRJNA976755,5.9,,,False,,,False
SAMN35441410,1,12843952500,ILLUMINA,WGS,PRJNA976755,5.6,,,False,,,False
SAMN35441411,1,12117560700,ILLUMINA,WGS,PRJNA976755,5.3,,,False,,,False
SAMN35441412,1,14311706700,ILLUMINA,WGS,PRJNA976755,6.2,,,False,,,False
SAMN35441413,1,11852512500,ILLUMINA,WGS,PRJNA976755,5.2,,,False,,,False
SAMN35441414,1,12367039200,ILLUMINA,WGS,PRJNA976755,5.4,,,False,,,False
SAMN35441417,1,11947365900,ILLUMINA,WGS,PRJNA976755,5.2,,,False,,,False
SAMN35441418,1,12229698000,ILLUMINA,WGS,PRJNA976755,5.3,,,False,,,False
SAMN35441420,1,13773514500,ILLUMINA,WGS,PRJNA976755,6.0,,,False,,,False
SAMN35441421,1,12739947000,ILLUMINA,WGS,PRJNA976755,5.5,,,False,,,False
SAMN35441422,1,12128642400,ILLUMINA,WGS,PRJNA976755,5.3,,,False,,,False
SAMN35441423,1,11709103500,ILLUMINA,WGS,PRJNA976755,5.1,,,False,,,False
SAMN35441432,1,11753250300,ILLUMINA,WGS,PRJNA976755,5.1,,,False,,,False
SAMN35441435,1,13339127700,ILLUMINA,WGS,PRJNA976755,5.8,,,False,,,False
SAMN35441436,1,12287991600,ILLUMINA,WGS,PRJNA976755,5.3,,,False,,,False
SAMN35441437,1,13280358600,ILLUMINA,WGS,PRJNA976755,5.8,,,False,,,False
SAMN36012875,1,19739287200,ILLUMINA,OTHER,PRJNA987991,8.6,PI 550473,48.0,True,Maize.Set.Inbred.Diversity.282.Plus.NAM.Parents,B73,True
SAMN36012876,1,17867897700,ILLUMINA,OTHER,PRJNA987991,7.8,PI 550473,48.0,True,Maize.Set.Inbred.Diversity.282.Plus.NAM.Parents,B73,True
SAMN36012877,1,18257069400,ILLUMINA,OTHER,PRJNA987991,7.9,PI 550473,48.0,True,Maize.Set.Inbred.Diversity.282.Plus.NAM.Parents,B73,True
SAMN36012878,1,15953047200,ILLUMINA,OTHER,PRJNA987991,6.9,PI 550473,48.0,True,Maize.Set.Inbred.Diversity.282.Plus.NAM.Parents,B73,True
SAMN36012879,1,18171126900,ILLUMINA,OTHER,PRJNA987991,7.9,PI 550473,48.0,True,Maize.Set.Inbred.Diversity.282.Plus.NAM.Parents,B73,True
SAMN36012880,1,17340745200,ILLUMINA,OTHER,PRJNA987991,7.5,PI 550473,48.0,True,Maize.Set.Inbred.Diversity.282.Plus.NAM.Parents,B73,True
SAMN36012881,1,12286386300,ILLUMINA,OTHER,PRJNA987991,5.3,PI 550473,48.0,True,Maize.Set.Inbred.Diversity.282.Plus.NAM.Parents,B73,True
SAMN36012882,1,16006110900,ILLUMINA,OTHER,PRJNA987991,7.0,PI 550473,48.0,True,Maize.Set.Inbred.Diversity.282.Plus.NAM.Parents,B73,True
SAMN36028833,2,97676927726,ILLUMINA;PACBIO_SMRT,OTHER;WGS,PRJNA987991,42.5,MGS 96309,,False,,,True
SAMN36466323,1,56244360000,DNBSEQ,WGS,PRJNA995217,24.5,,,False,,,False
SAMN36466324,1,54718551300,DNBSEQ,WGS,PRJNA995217,23.8,,,False,,,False
SAMN36466325,1,53706555300,DNBSEQ,WGS,PRJNA995217,23.4,,,False,,,False
SAMN36466326,1,52427208300,DNBSEQ,WGS,PRJNA995217,22.8,,,False,,,False
SAMN37056136,1,12852708600,ILLUMINA,WGS,PRJNA1007293,5.6,,,False,,,False
SAMN37056137,1,12887534400,ILLUMINA,WGS,PRJNA1007293,5.6,,,False,,,False
SAMN37056138,1,13530527100,ILLUMINA,WGS,PRJNA1007293,5.9,,,False,,,False
SAMN37056139,1,12593157900,ILLUMINA,WGS,PRJNA1007293,5.5,,,False,,,False
SAMN37056140,1,13063057800,ILLUMINA,WGS,PRJNA1007293,5.7,,,False,,,False
SAMN37056141,1,12403269000,ILLUMINA,WGS,PRJNA1007293,5.4,,,False,,,False
SAMN37056142,1,14694878700,ILLUMINA,WGS,PRJNA1007293,6.4,,,False,,,False
SAMN37056143,1,14664258300,ILLUMINA,WGS,PRJNA1007293,6.4,,,False,,,False
SAMN37056144,1,22003952700,ILLUMINA,WGS,PRJNA1007293,9.6,,,False,,,False
SAMN37056145,1,15998006700,ILLUMINA,WGS,PRJNA1007293,7.0,,,False,,,False
SAMN37056146,1,13464345600,ILLUMINA,WGS,PRJNA1007293,5.9,,,False,,,False
SAMN37056147,1,20933021400,ILLUMINA,WGS,PRJNA1007293,9.1,,,False,,,False
SAMN37056148,1,15231774300,ILLUMINA,WGS,PRJNA1007293,6.6,,,False,,,False
SAMN37056149,1,17195935200,ILLUMINA,WGS,PRJNA1007293,7.5,,,False,,,False
SAMN37056150,1,13002401100,ILLUMINA,WGS,PRJNA1007293,5.7,,,False,,,False
SAMN37056151,1,24741777900,ILLUMINA,WGS,PRJNA1007293,10.8,,,False,,,False
SAMN37056152,1,15498029400,ILLUMINA,WGS,PRJNA1007293,6.7,,,False,,,False
SAMN37056153,1,14496489600,ILLUMINA,WGS,PRJNA1007293,6.3,,,False,,,False
SAMN37056154,1,19495780500,ILLUMINA,WGS,PRJNA1007293,8.5,,,False,,,False
SAMN37056155,1,17441933100,ILLUMINA,WGS,PRJNA1007293,7.6,,,False,,,False
SAMN37056156,1,17487420600,ILLUMINA,WGS,PRJNA1007293,7.6,,,False,,,False
SAMN37056157,1,18487016100,ILLUMINA,WGS,PRJNA1007293,8.0,,,False,,,False
SAMN37056158,1,13021388100,ILLUMINA,WGS,PRJNA1007293,5.7,,,False,,,False
SAMN37056159,1,16113405300,ILLUMINA,WGS,PRJNA1007293,7.0,,,False,,,False
SAMN37056160,1,14269303800,ILLUMINA,WGS,PRJNA1007293,6.2,,,False,,,False
SAMN37056161,1,13980475200,ILLUMINA,WGS,PRJNA1007293,6.1,,,False,,,False
SAMN37056162,1,17625709500,ILLUMINA,WGS,PRJNA1007293,7.7,,,False,,,False
SAMN37056163,1,12856930800,ILLUMINA,WGS,PRJNA1007293,5.6,,,False,,,False
SAMN37056164,1,13079672700,ILLUMINA,WGS,PRJNA1007293,5.7,,,False,,,False
SAMN37056165,1,14320229700,ILLUMINA,WGS,PRJNA1007293,6.2,,,False,,,False
SAMN37056166,1,17217796200,ILLUMINA,WGS,PRJNA1007293,7.5,,,False,,,False
SAMN37056167,1,13049829600,ILLUMINA,WGS,PRJNA1007293,5.7,,,False,,,False
SAMN37056168,1,14668460100,ILLUMINA,WGS,PRJNA1007293,6.4,,,False,,,False
SAMN37056169,1,16063842000,ILLUMINA,WGS,PRJNA1007293,7.0,,,False,,,False
SAMN37056170,1,14802282600,ILLUMINA,WGS,PRJNA1007293,6.4,,,False,,,False
SAMN37056171,1,14512689000,ILLUMINA,WGS,PRJNA1007293,6.3,,,False,,,False
SAMN37056172,1,12209451900,ILLUMINA,WGS,PRJNA1007293,5.3,,,False,,,False
SAMN37056173,1,15475814400,ILLUMINA,WGS,PRJNA1007293,6.7,,,False,,,False
SAMN37056174,1,15968928900,ILLUMINA,WGS,PRJNA1007293,6.9,,,False,,,False
SAMN37056175,1,16087347000,ILLUMINA,WGS,PRJNA1007293,7.0,,,False,,,False
SAMN37056176,1,15795531600,ILLUMINA,WGS,PRJNA1007293,6.9,,,False,,,False
SAMN37056177,1,15527792700,ILLUMINA,WGS,PRJNA1007293,6.8,,,False,,,False
SAMN37056178,1,16821624300,ILLUMINA,WGS,PRJNA1007293,7.3,,,False,,,False
SAMN37056179,1,15853135800,ILLUMINA,WGS,PRJNA1007293,6.9,,,False,,,False
SAMN37056180,1,16368707700,ILLUMINA,WGS,PRJNA1007293,7.1,,,False,,,False
SAMN37056181,1,14450087700,ILLUMINA,WGS,PRJNA1007293,6.3,,,False,,,False
SAMN37056182,1,19585389900,ILLUMINA,WGS,PRJNA1007293,8.5,,,False,,,False
SAMN37056183,1,15522307800,ILLUMINA,WGS,PRJNA1007293,6.7,,,False,,,False
SAMN37056184,1,15223051200,ILLUMINA,WGS,PRJNA1007293,6.6,,,False,,,False
SAMN37056185,1,13393523100,ILLUMINA,WGS,PRJNA1007293,5.8,,,False,,,False
SAMN37056186,1,18698397600,ILLUMINA,WGS,PRJNA1007293,8.1,,,False,,,False
SAMN37056187,1,16816945800,ILLUMINA,WGS,PRJNA1007293,7.3,,,False,,,False
SAMN37056188,1,13463709600,ILLUMINA,WGS,PRJNA1007293,5.9,,,False,,,False
SAMN37056189,1,14509062900,ILLUMINA,WGS,PRJNA1007293,6.3,,,False,,,False
SAMN37056190,1,15529154400,ILLUMINA,WGS,PRJNA1007293,6.8,,,False,,,False
SAMN37056191,1,14039340000,ILLUMINA,WGS,PRJNA1007293,6.1,,,False,,,False
SAMN37056192,1,15270791100,ILLUMINA,WGS,PRJNA1007293,6.6,,,False,,,False
SAMN37056193,1,15198261900,ILLUMINA,WGS,PRJNA1007293,6.6,,,False,,,False
SAMN37056194,1,14606071200,ILLUMINA,WGS,PRJNA1007293,6.4,,,False,,,False
SAMN37056195,1,13554130800,ILLUMINA,WGS,PRJNA1007293,5.9,,,False,,,False
SAMN37056196,1,16501470000,ILLUMINA,WGS,PRJNA1007293,7.2,,,False,,,False
SAMN37056197,1,12748053000,ILLUMINA,WGS,PRJNA1007293,5.5,,,False,,,False
SAMN37056198,1,12362791500,ILLUMINA,WGS,PRJNA1007293,5.4,,,False,,,False
SAMN37056199,1,13760434800,ILLUMINA,WGS,PRJNA1007293,6.0,,,False,,,False
SAMN37056200,1,12581472900,ILLUMINA,WGS,PRJNA1007293,5.5,,,False,,,False
SAMN37056201,1,12608154600,ILLUMINA,WGS,PRJNA1007293,5.5,,,False,,,False
SAMN37056202,1,13366992900,ILLUMINA,WGS,PRJNA1007293,5.8,,,False,,,False
SAMN37056203,1,13773568800,ILLUMINA,WGS,PRJNA1007293,6.0,,,False,,,False
SAMN37056204,1,13530045300,ILLUMINA,WGS,PRJNA1007293,5.9,,,False,,,False
SAMN37056205,1,12581946900,ILLUMINA,WGS,PRJNA1007293,5.5,,,False,,,False
SAMN37056206,1,12349399500,ILLUMINA,WGS,PRJNA1007293,5.4,,,False,,,False
SAMN37056207,1,13503182400,ILLUMINA,WGS,PRJNA1007293,5.9,,,False,,,False
SAMN37056208,1,18516802500,ILLUMINA,WGS,PRJNA1007293,8.1,,,False,,,False
SAMN37056209,1,13454064300,ILLUMINA,WGS,PRJNA1007293,5.8,,,False,,,False
SAMN37056210,1,13447776600,ILLUMINA,WGS,PRJNA1007293,5.8,,,False,,,False
SAMN37056211,1,13880135400,ILLUMINA,WGS,PRJNA1007293,6.0,,,False,,,False
SAMN37056212,1,13867981200,ILLUMINA,WGS,PRJNA1007293,6.0,,,False,,,False
SAMN37056213,1,14725979700,ILLUMINA,WGS,PRJNA1007293,6.4,,,False,,,False
SAMN37056214,1,13346701200,ILLUMINA,WGS,PRJNA1007293,5.8,,,False,,,False
SAMN37056215,1,16153518600,ILLUMINA,WGS,PRJNA1007293,7.0,,,False,,,False
SAMN37056216,1,12203229300,ILLUMINA,WGS,PRJNA1007293,5.3,,,False,,,False
SAMN37056217,1,12910692600,ILLUMINA,WGS,PRJNA1007293,5.6,,,False,,,False
SAMN37056218,1,12659381100,ILLUMINA,WGS,PRJNA1007293,5.5,,,False,,,False
SAMN37056219,1,18164546100,ILLUMINA,WGS,PRJNA1007293,7.9,,,False,,,False
SAMN37056220,1,15445904100,ILLUMINA,WGS,PRJNA1007293,6.7,,,False,,,False
SAMN37056221,1,18792229800,ILLUMINA,WGS,PRJNA1007293,8.2,,,False,,,False
SAMN37056222,1,14494863900,ILLUMINA,WGS,PRJNA1007293,6.3,,,False,,,False
SAMN37056223,1,16009831500,ILLUMINA,WGS,PRJNA1007293,7.0,,,False,,,False
SAMN37056224,1,12662343900,ILLUMINA,WGS,PRJNA1007293,5.5,,,False,,,False
SAMN37056225,1,19149961800,ILLUMINA,WGS,PRJNA1007293,8.3,,,False,,,False
SAMN37056226,1,13592764800,ILLUMINA,WGS,PRJNA1007293,5.9,,,False,,,False
SAMN37056227,1,12236331900,ILLUMINA,WGS,PRJNA1007293,5.3,,,False,,,False
SAMN37056228,1,13462036200,ILLUMINA,WGS,PRJNA1007293,5.9,,,False,,,False
SAMN37056229,1,13960831800,ILLUMINA,WGS,PRJNA1007293,6.1,,,False,,,False
SAMN37056230,1,13151846400,ILLUMINA,WGS,PRJNA1007293,5.7,,,False,,,False
SAMN37056231,1,13395163800,ILLUMINA,WGS,PRJNA1007293,5.8,,,False,,,False
SAMN37056232,1,15349096800,ILLUMINA,WGS,PRJNA1007293,6.7,,,False,,,False
SAMN37056233,1,12881571300,ILLUMINA,WGS,PRJNA1007293,5.6,,,False,,,False
SAMN37056234,1,13575922200,ILLUMINA,WGS,PRJNA1007293,5.9,,,False,,,False
SAMN37056235,1,14119748100,ILLUMINA,WGS,PRJNA1007293,6.1,,,False,,,False
SAMN37056236,1,12997097400,ILLUMINA,WGS,PRJNA1007293,5.7,,,False,,,False
SAMN37056237,1,12929331300,ILLUMINA,WGS,PRJNA1007293,5.6,,,False,,,False
SAMN37056238,1,13997625900,ILLUMINA,WGS,PRJNA1007293,6.1,,,False,,,False
SAMN37056239,1,13597446600,ILLUMINA,WGS,PRJNA1007293,5.9,,,False,,,False
SAMN37056240,1,16484582100,ILLUMINA,WGS,PRJNA1007293,7.2,,,False,,,False
SAMN37056241,1,17975636700,ILLUMINA,WGS,PRJNA1007293,7.8,,,False,,,False
SAMN37056242,1,13467319200,ILLUMINA,WGS,PRJNA1007293,5.9,,,False,,,False
SAMN37056243,1,12339503700,ILLUMINA,WGS,PRJNA1007293,5.4,,,False,,,False
SAMN37056244,1,13822839000,ILLUMINA,WGS,PRJNA1007293,6.0,,,False,,,False
SAMN37056245,1,13300748700,ILLUMINA,WGS,PRJNA1007293,5.8,,,False,,,False
SAMN37056246,1,13797336900,ILLUMINA,WGS,PRJNA1007293,6.0,,,False,,,False
SAMN37056247,1,12265636500,ILLUMINA,WGS,PRJNA1007293,5.3,,,False,,,False
SAMN37056248,1,13390288200,ILLUMINA,WGS,PRJNA1007293,5.8,,,False,,,False
SAMN37056249,1,12555252300,ILLUMINA,WGS,PRJNA1007293,5.5,,,False,,,False
SAMN37056250,1,14244963900,ILLUMINA,WGS,PRJNA1007293,6.2,,,False,,,False
SAMN37056251,1,12802970400,ILLUMINA,WGS,PRJNA1007293,5.6,,,False,,,False
SAMN37056252,1,15816373500,ILLUMINA,WGS,PRJNA1007293,6.9,,,False,,,False
SAMN37056253,1,17733984000,ILLUMINA,WGS,PRJNA1007293,7.7,,,False,,,False
SAMN37056254,1,15069749700,ILLUMINA,WGS,PRJNA1007293,6.6,,,False,,,False
SAMN37056255,1,13200954000,ILLUMINA,WGS,PRJNA1007293,5.7,,,False,,,False
SAMN37056256,1,17561157600,ILLUMINA,WGS,PRJNA1007293,7.6,,,False,,,False
SAMN37056257,1,13692368700,ILLUMINA,WGS,PRJNA1007293,6.0,,,False,,,False
SAMN37056258,1,13979868000,ILLUMINA,WGS,PRJNA1007293,6.1,,,False,,,False
SAMN37056259,1,12967306200,ILLUMINA,WGS,PRJNA1007293,5.6,,,False,,,False
SAMN37056260,1,15558430800,ILLUMINA,WGS,PRJNA1007293,6.8,,,False,,,False
SAMN37056261,1,12937889400,ILLUMINA,WGS,PRJNA1007293,5.6,,,False,,,False
SAMN37056262,1,13071723900,ILLUMINA,WGS,PRJNA1007293,5.7,,,False,,,False
SAMN37056263,1,12866317500,ILLUMINA,WGS,PRJNA1007293,5.6,,,False,,,False
SAMN37056264,1,13673444700,ILLUMINA,WGS,PRJNA1007293,5.9,,,False,,,False
SAMN37056265,1,13206062400,ILLUMINA,WGS,PRJNA1007293,5.7,,,False,,,False
SAMN37056266,1,12608948100,ILLUMINA,WGS,PRJNA1007293,5.5,,,False,,,False
SAMN37056267,1,18991953000,ILLUMINA,WGS,PRJNA1007293,8.3,,,False,,,False
SAMN37056268,1,13478112000,ILLUMINA,WGS,PRJNA1007293,5.9,,,False,,,False
SAMN37056269,1,12734898600,ILLUMINA,WGS,PRJNA1007293,5.5,,,False,,,False
SAMN37056270,1,12560237400,ILLUMINA,WGS,PRJNA1007293,5.5,,,False,,,False
SAMN37056271,1,16615543200,ILLUMINA,WGS,PRJNA1007293,7.2,,,False,,,False
SAMN37056272,1,12342202500,ILLUMINA,WGS,PRJNA1007293,5.4,,,False,,,False
SAMN37056273,1,12341079600,ILLUMINA,WGS,PRJNA1007293,5.4,,,False,,,False
SAMN37056274,1,15425833800,ILLUMINA,WGS,PRJNA1007293,6.7,,,False,,,False
SAMN37056275,1,13076546100,ILLUMINA,WGS,PRJNA1007293,5.7,,,False,,,False
SAMN37056276,1,13365760200,ILLUMINA,WGS,PRJNA1007293,5.8,,,False,,,False
SAMN37056277,1,14308898700,ILLUMINA,WGS,PRJNA1007293,6.2,,,False,,,False
SAMN37056278,1,14875316700,ILLUMINA,WGS,PRJNA1007293,6.5,,,False,,,False
SAMN37056279,1,15088065300,ILLUMINA,WGS,PRJNA1007293,6.6,,,False,,,False
SAMN37056280,1,14377818900,ILLUMINA,WGS,PRJNA1007293,6.3,,,False,,,False
SAMN37056281,1,14211401700,ILLUMINA,WGS,PRJNA1007293,6.2,,,False,,,False
SAMN37056282,1,13429806300,ILLUMINA,WGS,PRJNA1007293,5.8,,,False,,,False
SAMN37056283,1,12428349000,ILLUMINA,WGS,PRJNA1007293,5.4,,,False,,,False
SAMN37056284,1,12363685500,ILLUMINA,WGS,PRJNA1007293,5.4,,,False,,,False
SAMN37056285,1,14609366100,ILLUMINA,WGS,PRJNA1007293,6.4,,,False,,,False
SAMN37056286,1,13282776600,ILLUMINA,WGS,PRJNA1007293,5.8,,,False,,,False
SAMN37056287,1,14064275400,ILLUMINA,WGS,PRJNA1007293,6.1,,,False,,,False
SAMN37056288,1,14162479800,ILLUMINA,WGS,PRJNA1007293,6.2,,,False,,,False
SAMN37056289,1,13096120500,ILLUMINA,WGS,PRJNA1007293,5.7,,,False,,,False
SAMN37056290,1,12284323800,ILLUMINA,WGS,PRJNA1007293,5.3,,,False,,,False
SAMN37056291,1,12136158900,ILLUMINA,WGS,PRJNA1007293,5.3,,,False,,,False
SAMN37056292,1,14437863000,ILLUMINA,WGS,PRJNA1007293,6.3,,,False,,,False
SAMN37056293,1,14056744800,ILLUMINA,WGS,PRJNA1007293,6.1,,,False,,,False
SAMN37056294,1,12205832100,ILLUMINA,WGS,PRJNA1007293,5.3,,,False,,,False
SAMN37056295,1,12978168600,ILLUMINA,WGS,PRJNA1007293,5.6,,,False,,,False
SAMN37056296,1,13319851500,ILLUMINA,WGS,PRJNA1007293,5.8,,,False,,,False
SAMN37056297,1,12907695600,ILLUMINA,WGS,PRJNA1007293,5.6,,,False,,,False
SAMN37056298,1,16256982300,ILLUMINA,WGS,PRJNA1007293,7.1,,,False,,,False
SAMN37056299,1,12830272500,ILLUMINA,WGS,PRJNA1007293,5.6,,,False,,,False
SAMN37056300,1,14109144900,ILLUMINA,WGS,PRJNA1007293,6.1,,,False,,,False
SAMN37056301,1,12913233300,ILLUMINA,WGS,PRJNA1007293,5.6,,,False,,,False
SAMN37056302,1,17175185700,ILLUMINA,WGS,PRJNA1007293,7.5,,,False,,,False
SAMN37056303,1,15014869500,ILLUMINA,WGS,PRJNA1007293,6.5,,,False,,,False
SAMN37056304,1,12981291600,ILLUMINA,WGS,PRJNA1007293,5.6,,,False,,,False
SAMN37056305,1,12952356000,ILLUMINA,WGS,PRJNA1007293,5.6,,,False,,,False
SAMN37056306,1,12420453600,ILLUMINA,WGS,PRJNA1007293,5.4,,,False,,,False
SAMN37056307,1,12583860000,ILLUMINA,WGS,PRJNA1007293,5.5,,,False,,,False
SAMN37056308,1,13506782400,ILLUMINA,WGS,PRJNA1007293,5.9,,,False,,,False
SAMN37056309,1,12696829200,ILLUMINA,WGS,PRJNA1007293,5.5,,,False,,,False
SAMN37056310,1,12992095800,ILLUMINA,WGS,PRJNA1007293,5.6,,,False,,,False
SAMN37056311,1,12999357600,ILLUMINA,WGS,PRJNA1007293,5.7,,,False,,,False
SAMN37056312,1,12767658900,ILLUMINA,WGS,PRJNA1007293,5.6,,,False,,,False
SAMN37056313,1,12799377000,ILLUMINA,WGS,PRJNA1007293,5.6,,,False,,,False
SAMN37056314,1,12783013800,ILLUMINA,WGS,PRJNA1007293,5.6,,,False,,,False
SAMN37056315,1,13157681100,ILLUMINA,WGS,PRJNA1007293,5.7,,,False,,,False
SAMN37056316,1,12900126600,ILLUMINA,WGS,PRJNA1007293,5.6,,,False,,,False
SAMN37056317,1,17140196700,ILLUMINA,WGS,PRJNA1007293,7.5,,,False,,,False
SAMN37056318,1,14685892500,ILLUMINA,WGS,PRJNA1007293,6.4,,,False,,,False
SAMN37056319,1,13496903400,ILLUMINA,WGS,PRJNA1007293,5.9,,,False,,,False
SAMN37056320,1,12726881700,ILLUMINA,WGS,PRJNA1007293,5.5,,,False,,,False
SAMN37056321,1,13152931500,ILLUMINA,WGS,PRJNA1007293,5.7,,,False,,,False
SAMN37056322,1,13147919400,ILLUMINA,WGS,PRJNA1007293,5.7,,,False,,,False
SAMN37056323,1,14211295200,ILLUMINA,WGS,PRJNA1007293,6.2,,,False,,,False
SAMN37056324,1,12728621400,ILLUMINA,WGS,PRJNA1007293,5.5,,,False,,,False
SAMN37056325,1,14675959800,ILLUMINA,WGS,PRJNA1007293,6.4,,,False,,,False
SAMN37056326,1,12493424700,ILLUMINA,WGS,PRJNA1007293,5.4,,,False,,,False
SAMN37056327,1,13401781800,ILLUMINA,WGS,PRJNA1007293,5.8,,,False,,,False
SAMN37056328,1,15838011600,ILLUMINA,WGS,PRJNA1007293,6.9,,,False,,,False
SAMN37056329,1,12912981000,ILLUMINA,WGS,PRJNA1007293,5.6,,,False,,,False
SAMN37056330,1,13853849100,ILLUMINA,WGS,PRJNA1007293,6.0,,,False,,,False
SAMN37056331,1,15169246200,ILLUMINA,WGS,PRJNA1007293,6.6,,,False,,,False
SAMN37056332,1,20794920000,ILLUMINA,WGS,PRJNA1007293,9.0,,,False,,,False
SAMN37056333,1,17423147100,ILLUMINA,WGS,PRJNA1007293,7.6,,,False,,,False
SAMN37056334,1,19320637800,ILLUMINA,WGS,PRJNA1007293,8.4,,,False,,,False
SAMN37056335,1,13735557900,ILLUMINA,WGS,PRJNA1007293,6.0,,,False,,,False
SAMN37056336,1,20618145900,ILLUMINA,WGS,PRJNA1007293,9.0,,,False,,,False
SAMN37056337,1,20064573900,ILLUMINA,WGS,PRJNA1007293,8.7,,,False,,,False
SAMN37056338,1,12679614900,ILLUMINA,WGS,PRJNA1007293,5.5,,,False,,,False
SAMN37056339,1,13520958000,ILLUMINA,WGS,PRJNA1007293,5.9,,,False,,,False
SAMN37056340,1,13703694900,ILLUMINA,WGS,PRJNA1007293,6.0,,,False,,,False
SAMN37056341,1,16212811200,ILLUMINA,WGS,PRJNA1007293,7.0,,,False,,,False
SAMN37056342,1,15385068600,ILLUMINA,WGS,PRJNA1007293,6.7,,,False,,,False
SAMN37056343,1,12954742800,ILLUMINA,WGS,PRJNA1007293,5.6,,,False,,,False
SAMN37056344,1,13536841500,ILLUMINA,WGS,PRJNA1007293,5.9,,,False,,,False
SAMN37056345,1,13203266100,ILLUMINA,WGS,PRJNA1007293,5.7,,,False,,,False
SAMN37056346,1,14343170400,ILLUMINA,WGS,PRJNA1007293,6.2,,,False,,,False
SAMN37056347,1,12783747000,ILLUMINA,WGS,PRJNA1007293,5.6,,,False,,,False
SAMN37056348,1,14862018300,ILLUMINA,WGS,PRJNA1007293,6.5,,,False,,,False
SAMN37056349,1,13646541600,ILLUMINA,WGS,PRJNA1007293,5.9,,,False,,,False
SAMN37056350,1,14080890600,ILLUMINA,WGS,PRJNA1007293,6.1,,,False,,,False
SAMN37056351,1,12572064600,ILLUMINA,WGS,PRJNA1007293,5.5,,,False,,,False
SAMN37056352,1,15020820900,ILLUMINA,WGS,PRJNA1007293,6.5,,,False,,,False
SAMN37056353,1,15235713000,ILLUMINA,WGS,PRJNA1007293,6.6,,,False,,,False
SAMN37056354,1,14951398200,ILLUMINA,WGS,PRJNA1007293,6.5,,,False,,,False
SAMN37056355,1,15318405600,ILLUMINA,WGS,PRJNA1007293,6.7,,,False,,,False
SAMN37056356,1,16261144500,ILLUMINA,WGS,PRJNA1007293,7.1,,,False,,,False
SAMN37056357,1,14290603800,ILLUMINA,WGS,PRJNA1007293,6.2,,,False,,,False
SAMN37056358,1,12178214700,ILLUMINA,WGS,PRJNA1007293,5.3,,,False,,,False
SAMN37056359,1,13487247900,ILLUMINA,WGS,PRJNA1007293,5.9,,,False,,,False
SAMN37056360,1,13859029200,ILLUMINA,WGS,PRJNA1007293,6.0,,,False,,,False
SAMN37056361,1,14397686100,ILLUMINA,WGS,PRJNA1007293,6.3,,,False,,,False
SAMN37056362,1,12882053100,ILLUMINA,WGS,PRJNA1007293,5.6,,,False,,,False
SAMN37056363,1,13010319600,ILLUMINA,WGS,PRJNA1007293,5.7,,,False,,,False
SAMN37056364,1,13992687900,ILLUMINA,WGS,PRJNA1007293,6.1,,,False,,,False
SAMN37056365,1,14223990600,ILLUMINA,WGS,PRJNA1007293,6.2,,,False,,,False
SAMN37056366,1,13442779500,ILLUMINA,WGS,PRJNA1007293,5.8,,,False,,,False
SAMN37056367,1,13710325800,ILLUMINA,WGS,PRJNA1007293,6.0,,,False,,,False
SAMN37056368,1,16775189400,ILLUMINA,WGS,PRJNA1007293,7.3,,,False,,,False
SAMN37056369,1,12816618000,ILLUMINA,WGS,PRJNA1007293,5.6,,,False,,,False
SAMN37056370,1,13777069800,ILLUMINA,WGS,PRJNA1007293,6.0,,,False,,,False
SAMN37056371,1,13001573700,ILLUMINA,WGS,PRJNA1007293,5.7,,,False,,,False
SAMN37056372,1,14404139700,ILLUMINA,WGS,PRJNA1007293,6.3,,,False,,,False
SAMN37056373,1,14535033000,ILLUMINA,WGS,PRJNA1007293,6.3,,,False,,,False
SAMN37056374,1,12790860900,ILLUMINA,WGS,PRJNA1007293,5.6,,,False,,,False
SAMN37056375,1,16384510800,ILLUMINA,WGS,PRJNA1007293,7.1,,,False,,,False
SAMN37056376,1,16185249000,ILLUMINA,WGS,PRJNA1007293,7.0,,,False,,,False
SAMN37056377,1,12789443100,ILLUMINA,WGS,PRJNA1007293,5.6,,,False,,,False
SAMN37056378,1,12792078300,ILLUMINA,WGS,PRJNA1007293,5.6,,,False,,,False
SAMN37056379,1,13029378600,ILLUMINA,WGS,PRJNA1007293,5.7,,,False,,,False
SAMN37056380,1,12488142000,ILLUMINA,WGS,PRJNA1007293,5.4,,,False,,,False
SAMN37056381,1,13190093100,ILLUMINA,WGS,PRJNA1007293,5.7,,,False,,,False
SAMN37056382,1,13094012700,ILLUMINA,WGS,PRJNA1007293,5.7,,,False,,,False
SAMN37056383,1,13924472400,ILLUMINA,WGS,PRJNA1007293,6.1,,,False,,,False
SAMN37056384,1,14758887600,ILLUMINA,WGS,PRJNA1007293,6.4,,,False,,,False
SAMN37056385,1,12829672200,ILLUMINA,WGS,PRJNA1007293,5.6,,,False,,,False
SAMN37056386,1,14570667000,ILLUMINA,WGS,PRJNA1007293,6.3,,,False,,,False
SAMN37056387,1,12278808600,ILLUMINA,WGS,PRJNA1007293,5.3,,,False,,,False
SAMN37056388,1,13997788800,ILLUMINA,WGS,PRJNA1007293,6.1,,,False,,,False
SAMN37056389,1,12976274100,ILLUMINA,WGS,PRJNA1007293,5.6,,,False,,,False
SAMN37056390,1,14948827800,ILLUMINA,WGS,PRJNA1007293,6.5,,,False,,,False
SAMN37056391,1,16666254900,ILLUMINA,WGS,PRJNA1007293,7.2,,,False,,,False
SAMN37056392,1,12273649500,ILLUMINA,WGS,PRJNA1007293,5.3,,,False,,,False
SAMN37056393,1,12577144800,ILLUMINA,WGS,PRJNA1007293,5.5,,,False,,,False
SAMN37056394,1,12627093000,ILLUMINA,WGS,PRJNA1007293,5.5,,,False,,,False
SAMN37056395,1,12395469300,ILLUMINA,WGS,PRJNA1007293,5.4,,,False,,,False
SAMN37056396,1,15466368300,ILLUMINA,WGS,PRJNA1007293,6.7,,,False,,,False
SAMN37056397,1,12851018100,ILLUMINA,WGS,PRJNA1007293,5.6,,,False,,,False
SAMN37056398,1,14338234200,ILLUMINA,WGS,PRJNA1007293,6.2,,,False,,,False
SAMN37056399,1,12757155300,ILLUMINA,WGS,PRJNA1007293,5.5,,,False,,,False
SAMN37056400,1,13820421900,ILLUMINA,WGS,PRJNA1007293,6.0,,,False,,,False
SAMN37056401,1,14073457200,ILLUMINA,WGS,PRJNA1007293,6.1,,,False,,,False
SAMN37056402,1,16910793000,ILLUMINA,WGS,PRJNA1007293,7.4,,,False,,,False
SAMN37056403,1,15295871100,ILLUMINA,WGS,PRJNA1007293,6.7,,,False,,,False
SAMN37056404,1,17346444300,ILLUMINA,WGS,PRJNA1007293,7.5,,,False,,,False
SAMN37056405,1,15892645200,ILLUMINA,WGS,PRJNA1007293,6.9,,,False,,,False
SAMN37056406,1,13433818200,ILLUMINA,WGS,PRJNA1007293,5.8,,,False,,,False
SAMN37056407,1,17448015600,ILLUMINA,WGS,PRJNA1007293,7.6,,,False,,,False
SAMN37056408,1,16460026500,ILLUMINA,WGS,PRJNA1007293,7.2,,,False,,,False
SAMN37056409,1,17505047400,ILLUMINA,WGS,PRJNA1007293,7.6,,,False,,,False
SAMN37056410,1,16971412800,ILLUMINA,WGS,PRJNA1007293,7.4,,,False,,,False
SAMN37056411,1,16868668500,ILLUMINA,WGS,PRJNA1007293,7.3,,,False,,,False
SAMN37056412,1,21581199600,ILLUMINA,WGS,PRJNA1007293,9.4,,,False,,,False
SAMN37056413,1,18779382900,ILLUMINA,WGS,PRJNA1007293,8.2,,,False,,,False
SAMN37056414,1,19494272100,ILLUMINA,WGS,PRJNA1007293,8.5,,,False,,,False
SAMN37056415,1,16623371400,ILLUMINA,WGS,PRJNA1007293,7.2,,,False,,,False
SAMN37056416,1,18343919100,ILLUMINA,WGS,PRJNA1007293,8.0,,,False,,,False
SAMN37056417,1,18476531100,ILLUMINA,WGS,PRJNA1007293,8.0,,,False,,,False
SAMN37056418,1,18850688100,ILLUMINA,WGS,PRJNA1007293,8.2,,,False,,,False
SAMN37056419,1,15994239300,ILLUMINA,WGS,PRJNA1007293,7.0,,,False,,,False
SAMN37056420,1,16286426100,ILLUMINA,WGS,PRJNA1007293,7.1,,,False,,,False
SAMN37056421,1,15245345700,ILLUMINA,WGS,PRJNA1007293,6.6,,,False,,,False
SAMN37056422,1,13962329700,ILLUMINA,WGS,PRJNA1007293,6.1,,,False,,,False
SAMN37056423,1,18737924400,ILLUMINA,WGS,PRJNA1007293,8.1,,,False,,,False
SAMN37056424,1,17902902900,ILLUMINA,WGS,PRJNA1007293,7.8,,,False,,,False
SAMN37056425,1,14914898700,ILLUMINA,WGS,PRJNA1007293,6.5,,,False,,,False
SAMN37056426,1,12693817500,ILLUMINA,WGS,PRJNA1007293,5.5,,,False,,,False
SAMN37056427,1,17452757400,ILLUMINA,WGS,PRJNA1007293,7.6,,,False,,,False
SAMN37056428,1,16013431500,ILLUMINA,WGS,PRJNA1007293,7.0,,,False,,,False
SAMN37056429,1,13532545500,ILLUMINA,WGS,PRJNA1007293,5.9,,,False,,,False
SAMN37056430,1,15084618000,ILLUMINA,WGS,PRJNA1007293,6.6,,,False,,,False
SAMN37056431,1,17614228500,ILLUMINA,WGS,PRJNA1007293,7.7,,,False,,,False
SAMN37056432,1,15679715400,ILLUMINA,WGS,PRJNA1007293,6.8,,,False,,,False
SAMN37056433,1,13342227600,ILLUMINA,WGS,PRJNA1007293,5.8,,,False,,,False
SAMN37056434,1,15697369500,ILLUMINA,WGS,PRJNA1007293,6.8,,,False,,,False
SAMN37056435,1,15223325400,ILLUMINA,WGS,PRJNA1007293,6.6,,,False,,,False
SAMN37056436,1,17447403600,ILLUMINA,WGS,PRJNA1007293,7.6,,,False,,,False
SAMN37056437,1,16059051600,ILLUMINA,WGS,PRJNA1007293,7.0,,,False,,,False
SAMN37056438,1,17276594100,ILLUMINA,WGS,PRJNA1007293,7.5,,,False,,,False
SAMN37056439,1,14059685400,ILLUMINA,WGS,PRJNA1007293,6.1,,,False,,,False
SAMN37056440,1,18160160100,ILLUMINA,WGS,PRJNA1007293,7.9,,,False,,,False
SAMN37056441,1,14198485800,ILLUMINA,WGS,PRJNA1007293,6.2,,,False,,,False
SAMN37056442,1,13089099300,ILLUMINA,WGS,PRJNA1007293,5.7,,,False,,,False
SAMN37056443,1,12631477200,ILLUMINA,WGS,PRJNA1007293,5.5,,,False,,,False
SAMN37056444,1,15393171000,ILLUMINA,WGS,PRJNA1007293,6.7,,,False,,,False
SAMN37056445,1,16002330900,ILLUMINA,WGS,PRJNA1007293,7.0,,,False,,,False
SAMN37056446,1,14125265700,ILLUMINA,WGS,PRJNA1007293,6.1,,,False,,,False
SAMN37056447,1,16441611900,ILLUMINA,WGS,PRJNA1007293,7.1,,,False,,,False
SAMN37056448,1,12982018200,ILLUMINA,WGS,PRJNA1007293,5.6,,,False,,,False
SAMN37056449,1,13151454600,ILLUMINA,WGS,PRJNA1007293,5.7,,,False,,,False
SAMN37056450,1,14117926500,ILLUMINA,WGS,PRJNA1007293,6.1,,,False,,,False
SAMN37056451,1,13306053900,ILLUMINA,WGS,PRJNA1007293,5.8,,,False,,,False
SAMN37056452,1,13113342900,ILLUMINA,WGS,PRJNA1007293,5.7,,,False,,,False
SAMN37056453,1,16853746500,ILLUMINA,WGS,PRJNA1007293,7.3,,,False,,,False
SAMN37056454,1,16257574800,ILLUMINA,WGS,PRJNA1007293,7.1,,,False,,,False
SAMN37056455,1,15367730400,ILLUMINA,WGS,PRJNA1007293,6.7,,,False,,,False
SAMN37056456,1,18256344600,ILLUMINA,WGS,PRJNA1007293,7.9,,,False,,,False
SAMN37056457,1,13863611100,ILLUMINA,WGS,PRJNA1007293,6.0,,,False,,,False
SAMN37056458,1,13318571100,ILLUMINA,WGS,PRJNA1007293,5.8,,,False,,,False
SAMN37056459,1,15161382000,ILLUMINA,WGS,PRJNA1007293,6.6,,,False,,,False
SAMN37056460,1,15704924400,ILLUMINA,WGS,PRJNA1007293,6.8,,,False,,,False
SAMN37056461,1,15623805600,ILLUMINA,WGS,PRJNA1007293,6.8,,,False,,,False
SAMN37056462,1,14923860300,ILLUMINA,WGS,PRJNA1007293,6.5,,,False,,,False
SAMN37056463,1,15165447300,ILLUMINA,WGS,PRJNA1007293,6.6,,,False,,,False
SAMN37056464,1,12488525100,ILLUMINA,WGS,PRJNA1007293,5.4,,,False,,,False
SAMN37056465,1,12421768800,ILLUMINA,WGS,PRJNA1007293,5.4,,,False,,,False
SAMN37056466,1,13752062100,ILLUMINA,WGS,PRJNA1007293,6.0,,,False,,,False
SAMN37056467,1,12440718600,ILLUMINA,WGS,PRJNA1007293,5.4,,,False,,,False
SAMN37056468,1,12746086800,ILLUMINA,WGS,PRJNA1007293,5.5,,,False,,,False
SAMN37056469,1,12867083700,ILLUMINA,WGS,PRJNA1007293,5.6,,,False,,,False
SAMN37056470,1,13708438500,ILLUMINA,WGS,PRJNA1007293,6.0,,,False,,,False
SAMN37056471,1,15871614300,ILLUMINA,WGS,PRJNA1007293,6.9,,,False,,,False
SAMN37056472,1,15468307800,ILLUMINA,WGS,PRJNA1007293,6.7,,,False,,,False
SAMN37056473,1,12890211300,ILLUMINA,WGS,PRJNA1007293,5.6,,,False,,,False
SAMN37056474,1,13968022800,ILLUMINA,WGS,PRJNA1007293,6.1,,,False,,,False
SAMN37056475,1,12905315100,ILLUMINA,WGS,PRJNA1007293,5.6,,,False,,,False
SAMN37056476,1,13129334700,ILLUMINA,WGS,PRJNA1007293,5.7,,,False,,,False
SAMN37056477,1,13505645400,ILLUMINA,WGS,PRJNA1007293,5.9,,,False,,,False
SAMN37056478,1,13961610900,ILLUMINA,WGS,PRJNA1007293,6.1,,,False,,,False
SAMN37056479,1,13752409500,ILLUMINA,WGS,PRJNA1007293,6.0,,,False,,,False
SAMN37056480,1,13739369700,ILLUMINA,WGS,PRJNA1007293,6.0,,,False,,,False
SAMN37056481,1,13208578200,ILLUMINA,WGS,PRJNA1007293,5.7,,,False,,,False
SAMN37056482,1,12964060800,ILLUMINA,WGS,PRJNA1007293,5.6,,,False,,,False
SAMN37056483,1,14758532700,ILLUMINA,WGS,PRJNA1007293,6.4,,,False,,,False
SAMN37056484,1,16437962700,ILLUMINA,WGS,PRJNA1007293,7.1,,,False,,,False
SAMN37056485,1,12390237300,ILLUMINA,WGS,PRJNA1007293,5.4,,,False,,,False
SAMN37056486,1,14891134200,ILLUMINA,WGS,PRJNA1007293,6.5,,,False,,,False
SAMN37056487,1,13555609500,ILLUMINA,WGS,PRJNA1007293,5.9,,,False,,,False
SAMN37056488,1,13716363000,ILLUMINA,WGS,PRJNA1007293,6.0,,,False,,,False
SAMN37056489,1,12412295700,ILLUMINA,WGS,PRJNA1007293,5.4,,,False,,,False
SAMN37056490,1,13243873800,ILLUMINA,WGS,PRJNA1007293,5.8,,,False,,,False
SAMN37056491,1,13371330900,ILLUMINA,WGS,PRJNA1007293,5.8,,,False,,,False
SAMN37056492,1,13291565100,ILLUMINA,WGS,PRJNA1007293,5.8,,,False,,,False
SAMN37056493,1,13905088200,ILLUMINA,WGS,PRJNA1007293,6.0,,,False,,,False
SAMN37056494,1,13296765000,ILLUMINA,WGS,PRJNA1007293,5.8,,,False,,,False
SAMN37056495,1,16091133900,ILLUMINA,WGS,PRJNA1007293,7.0,,,False,,,False
SAMN37056496,1,13249154400,ILLUMINA,WGS,PRJNA1007293,5.8,,,False,,,False
SAMN37056497,1,13055366400,ILLUMINA,WGS,PRJNA1007293,5.7,,,False,,,False
SAMN37056498,1,12758065500,ILLUMINA,WGS,PRJNA1007293,5.5,,,False,,,False
SAMN37056499,1,13320467700,ILLUMINA,WGS,PRJNA1007293,5.8,,,False,,,False
SAMN37056500,1,21972027600,ILLUMINA,WGS,PRJNA1007293,9.6,,,False,,,False
SAMN37056501,1,13946908200,ILLUMINA,WGS,PRJNA1007293,6.1,,,False,,,False
SAMN37056502,1,17895378900,ILLUMINA,WGS,PRJNA1007293,7.8,,,False,,,False
SAMN37056503,1,17078240400,ILLUMINA,WGS,PRJNA1007293,7.4,,,False,,,False
SAMN37056504,1,16849612200,ILLUMINA,WGS,PRJNA1007293,7.3,,,False,,,False
SAMN37056505,1,15153209400,ILLUMINA,WGS,PRJNA1007293,6.6,,,False,,,False
SAMN37056506,1,13809444900,ILLUMINA,WGS,PRJNA1007293,6.0,,,False,,,False
SAMN37056507,1,15505938600,ILLUMINA,WGS,PRJNA1007293,6.7,,,False,,,False
SAMN37056508,1,14993922300,ILLUMINA,WGS,PRJNA1007293,6.5,,,False,,,False
SAMN37056509,1,13453146000,ILLUMINA,WGS,PRJNA1007293,5.8,,,False,,,False
SAMN37056510,1,15518631000,ILLUMINA,WGS,PRJNA1007293,6.7,,,False,,,False
SAMN37056511,1,16286736000,ILLUMINA,WGS,PRJNA1007293,7.1,,,False,,,False
SAMN37056512,1,15860487000,ILLUMINA,WGS,PRJNA1007293,6.9,,,False,,,False
SAMN37056513,1,15309957300,ILLUMINA,WGS,PRJNA1007293,6.7,,,False,,,False
SAMN37056514,1,12967621800,ILLUMINA,WGS,PRJNA1007293,5.6,,,False,,,False
SAMN37056515,1,16013283600,ILLUMINA,WGS,PRJNA1007293,7.0,,,False,,,False
SAMN37056516,1,14585774100,ILLUMINA,WGS,PRJNA1007293,6.3,,,False,,,False
SAMN37056517,1,13174347600,ILLUMINA,WGS,PRJNA1007293,5.7,,,False,,,False
SAMN37056518,1,15436523400,ILLUMINA,WGS,PRJNA1007293,6.7,,,False,,,False
SAMN37056519,1,16370878800,ILLUMINA,WGS,PRJNA1007293,7.1,,,False,,,False
SAMN37056520,1,14013834600,ILLUMINA,WGS,PRJNA1007293,6.1,,,False,,,False
SAMN37056521,1,17596904400,ILLUMINA,WGS,PRJNA1007293,7.7,,,False,,,False
SAMN37056522,1,14838862800,ILLUMINA,WGS,PRJNA1007293,6.5,,,False,,,False
SAMN37056523,1,15383158200,ILLUMINA,WGS,PRJNA1007293,6.7,,,False,,,False
SAMN37056524,1,12128870700,ILLUMINA,WGS,PRJNA1007293,5.3,,,False,,,False
SAMN37056525,1,13208045700,ILLUMINA,WGS,PRJNA1007293,5.7,,,False,,,False
SAMN37056526,1,12910928400,ILLUMINA,WGS,PRJNA1007293,5.6,,,False,,,False
SAMN37056527,1,13602703800,ILLUMINA,WGS,PRJNA1007293,5.9,,,False,,,False
SAMN37056528,1,14721655200,ILLUMINA,WGS,PRJNA1007293,6.4,,,False,,,False
SAMN37056529,1,14484776100,ILLUMINA,WGS,PRJNA1007293,6.3,,,False,,,False
SAMN37056530,1,13237805700,ILLUMINA,WGS,PRJNA1007293,5.8,,,False,,,False
SAMN37056531,1,13625951400,ILLUMINA,WGS,PRJNA1007293,5.9,,,False,,,False
SAMN37056532,1,14027345100,ILLUMINA,WGS,PRJNA1007293,6.1,,,False,,,False
SAMN37056533,1,13495453200,ILLUMINA,WGS,PRJNA1007293,5.9,,,False,,,False
SAMN37056534,1,13318776300,ILLUMINA,WGS,PRJNA1007293,5.8,,,False,,,False
SAMN37056535,1,12333957000,ILLUMINA,WGS,PRJNA1007293,5.4,,,False,,,False
SAMN37056536,1,15072994500,ILLUMINA,WGS,PRJNA1007293,6.6,,,False,,,False
SAMN37056537,1,12543430800,ILLUMINA,WGS,PRJNA1007293,5.5,,,False,,,False
SAMN37056538,1,17869564500,ILLUMINA,WGS,PRJNA1007293,7.8,,,False,,,False
SAMN37056539,1,16770428400,ILLUMINA,WGS,PRJNA1007293,7.3,,,False,,,False
SAMN37056540,1,13602866700,ILLUMINA,WGS,PRJNA1007293,5.9,,,False,,,False
SAMN37056541,1,21896896500,ILLUMINA,WGS,PRJNA1007293,9.5,,,False,,,False
SAMN37056542,1,14705535300,ILLUMINA,WGS,PRJNA1007293,6.4,,,False,,,False
SAMN37056543,1,12482560800,ILLUMINA,WGS,PRJNA1007293,5.4,,,False,,,False
SAMN37056544,1,14521191000,ILLUMINA,WGS,PRJNA1007293,6.3,,,False,,,False
SAMN37056545,1,12578361000,ILLUMINA,WGS,PRJNA1007293,5.5,,,False,,,False
SAMN37056546,1,12753594000,ILLUMINA,WGS,PRJNA1007293,5.5,,,False,,,False
SAMN37056547,1,14324271000,ILLUMINA,WGS,PRJNA1007293,6.2,,,False,,,False
SAMN37056548,1,13394637900,ILLUMINA,WGS,PRJNA1007293,5.8,,,False,,,False
SAMN37056549,1,16433061300,ILLUMINA,WGS,PRJNA1007293,7.1,,,False,,,False
SAMN37056550,1,11949370800,ILLUMINA,WGS,PRJNA1007293,5.2,,,False,,,False
SAMN37056551,1,12937299900,ILLUMINA,WGS,PRJNA1007293,5.6,,,False,,,False
SAMN37056552,1,15013206900,ILLUMINA,WGS,PRJNA1007293,6.5,,,False,,,False
SAMN37056553,1,13441292700,ILLUMINA,WGS,PRJNA1007293,5.8,,,False,,,False
SAMN37056554,1,13230327600,ILLUMINA,WGS,PRJNA1007293,5.8,,,False,,,False
SAMN37056555,1,12228736200,ILLUMINA,WGS,PRJNA1007293,5.3,,,False,,,False
SAMN37056556,1,12683869500,ILLUMINA,WGS,PRJNA1007293,5.5,,,False,,,False
SAMN37056557,1,12441416400,ILLUMINA,WGS,PRJNA1007293,5.4,,,False,,,False
SAMN37056558,1,12846913200,ILLUMINA,WGS,PRJNA1007293,5.6,,,False,,,False
SAMN37056559,1,13309981500,ILLUMINA,WGS,PRJNA1007293,5.8,,,False,,,False
SAMN37056560,1,12153457500,ILLUMINA,WGS,PRJNA1007293,5.3,,,False,,,False
SAMN37056561,1,14004879300,ILLUMINA,WGS,PRJNA1007293,6.1,,,False,,,False
SAMN37056562,1,13948627800,ILLUMINA,WGS,PRJNA1007293,6.1,,,False,,,False
SAMN37056563,1,23947644600,ILLUMINA,WGS,PRJNA1007293,10.4,,,False,,,False
SAMN37056564,1,17730126600,ILLUMINA,WGS,PRJNA1007293,7.7,,,False,,,False
SAMN37056565,1,12528796200,ILLUMINA,WGS,PRJNA1007293,5.4,,,False,,,False
SAMN37056566,1,12393517800,ILLUMINA,WGS,PRJNA1007293,5.4,,,False,,,False
SAMN37056567,1,14237688600,ILLUMINA,WGS,PRJNA1007293,6.2,,,False,,,False
SAMN37056568,1,12098760000,ILLUMINA,WGS,PRJNA1007293,5.3,,,False,,,False
SAMN37056569,1,12362640600,ILLUMINA,WGS,PRJNA1007293,5.4,,,False,,,False
SAMN37056570,1,13233711600,ILLUMINA,WGS,PRJNA1007293,5.8,,,False,,,False
SAMN37056571,1,13283346600,ILLUMINA,WGS,PRJNA1007293,5.8,,,False,,,False
SAMN37056572,1,13529312400,ILLUMINA,WGS,PRJNA1007293,5.9,,,False,,,False
SAMN37056573,1,13494432000,ILLUMINA,WGS,PRJNA1007293,5.9,,,False,,,False
SAMN37056574,1,19295047800,ILLUMINA,WGS,PRJNA1007293,8.4,,,False,,,False
SAMN37056575,1,12950117400,ILLUMINA,WGS,PRJNA1007293,5.6,,,False,,,False
SAMN37056576,1,14565029100,ILLUMINA,WGS,PRJNA1007293,6.3,,,False,,,False
SAMN37056577,1,12715603500,ILLUMINA,WGS,PRJNA1007293,5.5,,,False,,,False
SAMN37056578,1,12447864900,ILLUMINA,WGS,PRJNA1007293,5.4,,,False,,,False
SAMN37056579,1,13436754000,ILLUMINA,WGS,PRJNA1007293,5.8,,,False,,,False
SAMN37056580,1,15532982400,ILLUMINA,WGS,PRJNA1007293,6.8,,,False,,,False
SAMN37056581,1,13896856200,ILLUMINA,WGS,PRJNA1007293,6.0,,,False,,,False
SAMN37056582,1,12594211200,ILLUMINA,WGS,PRJNA1007293,5.5,,,False,,,False
SAMN37056583,1,12501291300,ILLUMINA,WGS,PRJNA1007293,5.4,,,False,,,False
SAMN37056584,1,13633909500,ILLUMINA,WGS,PRJNA1007293,5.9,,,False,,,False
SAMN37056585,1,14896119300,ILLUMINA,WGS,PRJNA1007293,6.5,,,False,,,False
SAMN37056586,1,12776222400,ILLUMINA,WGS,PRJNA1007293,5.6,,,False,,,False
SAMN37056587,1,15369138600,ILLUMINA,WGS,PRJNA1007293,6.7,,,False,,,False
SAMN37056588,1,15336911700,ILLUMINA,WGS,PRJNA1007293,6.7,,,False,,,False
SAMN37056589,1,15743815200,ILLUMINA,WGS,PRJNA1007293,6.8,,,False,,,False
SAMN37056590,1,14775712800,ILLUMINA,WGS,PRJNA1007293,6.4,,,False,,,False
SAMN37056591,1,12763676400,ILLUMINA,WGS,PRJNA1007293,5.5,,,False,,,False
SAMN37056592,1,14399622000,ILLUMINA,WGS,PRJNA1007293,6.3,,,False,,,False
SAMN37056593,1,12267324900,ILLUMINA,WGS,PRJNA1007293,5.3,,,False,,,False
SAMN37056594,1,13209032400,ILLUMINA,WGS,PRJNA1007293,5.7,,,False,,,False
SAMN37056595,1,13998923100,ILLUMINA,WGS,PRJNA1007293,6.1,,,False,,,False
SAMN37056596,1,13347549900,ILLUMINA,WGS,PRJNA1007293,5.8,,,False,,,False
SAMN37056597,1,16115983500,ILLUMINA,WGS,PRJNA1007293,7.0,,,False,,,False
SAMN37056598,1,12665438400,ILLUMINA,WGS,PRJNA1007293,5.5,,,False,,,False
SAMN37056599,1,15082907400,ILLUMINA,WGS,PRJNA1007293,6.6,,,False,,,False
SAMN37056600,1,14812740900,ILLUMINA,WGS,PRJNA1007293,6.4,,,False,,,False
SAMN37056601,1,13578393000,ILLUMINA,WGS,PRJNA1007293,5.9,,,False,,,False
SAMN37056602,1,13308141600,ILLUMINA,WGS,PRJNA1007293,5.8,,,False,,,False
SAMN37056603,1,14008041300,ILLUMINA,WGS,PRJNA1007293,6.1,,,False,,,False
SAMN37056604,1,14257275900,ILLUMINA,WGS,PRJNA1007293,6.2,,,False,,,False
SAMN37056605,1,14531102400,ILLUMINA,WGS,PRJNA1007293,6.3,,,False,,,False
SAMN37056606,1,14056006200,ILLUMINA,WGS,PRJNA1007293,6.1,,,False,,,False
SAMN37056607,1,13252023600,ILLUMINA,WGS,PRJNA1007293,5.8,,,False,,,False
SAMN37056608,1,12801818700,ILLUMINA,WGS,PRJNA1007293,5.6,,,False,,,False
SAMN37056609,1,14977228200,ILLUMINA,WGS,PRJNA1007293,6.5,,,False,,,False
SAMN37056610,1,12224605200,ILLUMINA,WGS,PRJNA1007293,5.3,,,False,,,False
SAMN37056611,1,15269430600,ILLUMINA,WGS,PRJNA1007293,6.6,,,False,,,False
SAMN37056612,1,17440141500,ILLUMINA,WGS,PRJNA1007293,7.6,,,False,,,False
SAMN37056613,1,15992256300,ILLUMINA,WGS,PRJNA1007293,7.0,,,False,,,False
SAMN37056614,1,12786897000,ILLUMINA,WGS,PRJNA1007293,5.6,,,False,,,False
SAMN37056615,1,14152528200,ILLUMINA,WGS,PRJNA1007293,6.2,,,False,,,False
SAMN37056616,1,13553591100,ILLUMINA,WGS,PRJNA1007293,5.9,,,False,,,False
SAMN37056617,1,19874091000,ILLUMINA,WGS,PRJNA1007293,8.6,,,False,,,False
SAMN37056618,1,14172436800,ILLUMINA,WGS,PRJNA1007293,6.2,,,False,,,False
SAMN37056619,1,13788212700,ILLUMINA,WGS,PRJNA1007293,6.0,,,False,,,False
SAMN37056620,1,13370580600,ILLUMINA,WGS,PRJNA1007293,5.8,,,False,,,False
SAMN37056621,1,12591532800,ILLUMINA,WGS,PRJNA1007293,5.5,,,False,,,False
SAMN37056622,1,13509671100,ILLUMINA,WGS,PRJNA1007293,5.9,,,False,,,False
SAMN37056623,1,13362455100,ILLUMINA,WGS,PRJNA1007293,5.8,,,False,,,False
SAMN37056624,1,13528517400,ILLUMINA,WGS,PRJNA1007293,5.9,,,False,,,False
SAMN37056625,1,14759071800,ILLUMINA,WGS,PRJNA1007293,6.4,,,False,,,False
SAMN37056626,1,13707497100,ILLUMINA,WGS,PRJNA1007293,6.0,,,False,,,False
SAMN37056627,1,13837091700,ILLUMINA,WGS,PRJNA1007293,6.0,,,False,,,False
SAMN37056628,1,14188959000,ILLUMINA,WGS,PRJNA1007293,6.2,,,False,,,False
SAMN37056629,1,18626174700,ILLUMINA,WGS,PRJNA1007293,8.1,,,False,,,False
SAMN37056630,1,12328397700,ILLUMINA,WGS,PRJNA1007293,5.4,,,False,,,False
SAMN37056631,1,18180555600,ILLUMINA,WGS,PRJNA1007293,7.9,,,False,,,False
SAMN37056632,1,12471327600,ILLUMINA,WGS,PRJNA1007293,5.4,,,False,,,False
SAMN37056633,1,13329727200,ILLUMINA,WGS,PRJNA1007293,5.8,,,False,,,False
SAMN37056634,1,25227644700,ILLUMINA,WGS,PRJNA1007293,11.0,,,False,,,False
SAMN37056635,1,22271746200,ILLUMINA,WGS,PRJNA1007293,9.7,,,False,,,False
SAMN37056636,1,13075883100,ILLUMINA,WGS,PRJNA1007293,5.7,,,False,,,False
SAMN37056637,1,13004062800,ILLUMINA,WGS,PRJNA1007293,5.7,,,False,,,False
SAMN37056638,1,13686382500,ILLUMINA,WGS,PRJNA1007293,6.0,,,False,,,False
SAMN37056639,1,20374397700,ILLUMINA,WGS,PRJNA1007293,8.9,,,False,,,False
SAMN37056640,1,15114497400,ILLUMINA,WGS,PRJNA1007293,6.6,,,False,,,False
SAMN37056641,1,21591960600,ILLUMINA,WGS,PRJNA1007293,9.4,,,False,,,False
SAMN37056642,1,13239353400,ILLUMINA,WGS,PRJNA1007293,5.8,,,False,,,False
SAMN37056643,1,12961845600,ILLUMINA,WGS,PRJNA1007293,5.6,,,False,,,False
SAMN37056644,1,12525399300,ILLUMINA,WGS,PRJNA1007293,5.4,,,False,,,False
SAMN37056645,1,12144668100,ILLUMINA,WGS,PRJNA1007293,5.3,,,False,,,False
SAMN37056646,1,14477917800,ILLUMINA,WGS,PRJNA1007293,6.3,,,False,,,False
SAMN37056647,1,13450393200,ILLUMINA,WGS,PRJNA1007293,5.8,,,False,,,False
SAMN37056648,1,12970041300,ILLUMINA,WGS,PRJNA1007293,5.6,,,False,,,False
SAMN37056649,1,15169455000,ILLUMINA,WGS,PRJNA1007293,6.6,,,False,,,False
SAMN37056650,1,13872130200,ILLUMINA,WGS,PRJNA1007293,6.0,,,False,,,False
SAMN37056651,1,12907136400,ILLUMINA,WGS,PRJNA1007293,5.6,,,False,,,False
SAMN37056652,1,12612313500,ILLUMINA,WGS,PRJNA1007293,5.5,,,False,,,False
SAMN37056653,1,16694483400,ILLUMINA,WGS,PRJNA1007293,7.3,,,False,,,False
SAMN37056654,1,17234007900,ILLUMINA,WGS,PRJNA1007293,7.5,,,False,,,False
SAMN37056655,1,15825203400,ILLUMINA,WGS,PRJNA1007293,6.9,,,False,,,False
SAMN37056656,1,19030729200,ILLUMINA,WGS,PRJNA1007293,8.3,,,False,,,False
SAMN37056657,1,17450078700,ILLUMINA,WGS,PRJNA1007293,7.6,,,False,,,False
SAMN37056658,1,14677932900,ILLUMINA,WGS,PRJNA1007293,6.4,,,False,,,False
SAMN37056659,1,14618106300,ILLUMINA,WGS,PRJNA1007293,6.4,,,False,,,False
SAMN37056660,1,14517770700,ILLUMINA,WGS,PRJNA1007293,6.3,,,False,,,False
SAMN37056661,1,16183549500,ILLUMINA,WGS,PRJNA1007293,7.0,,,False,,,False
SAMN37056662,1,12505755000,ILLUMINA,WGS,PRJNA1007293,5.4,,,False,,,False
SAMN37056663,1,15676925700,ILLUMINA,WGS,PRJNA1007293,6.8,,,False,,,False
SAMN37056664,1,16921041600,ILLUMINA,WGS,PRJNA1007293,7.4,,,False,,,False
SAMN37056665,1,13411969500,ILLUMINA,WGS,PRJNA1007293,5.8,,,False,,,False
SAMN37056666,1,14659103100,ILLUMINA,WGS,PRJNA1007293,6.4,,,False,,,False
SAMN37056667,1,19814523300,ILLUMINA,WGS,PRJNA1007293,8.6,,,False,,,False
SAMN37056668,1,12206992500,ILLUMINA,WGS,PRJNA1007293,5.3,,,False,,,False
SAMN37056669,1,13106448900,ILLUMINA,WGS,PRJNA1007293,5.7,,,False,,,False
SAMN37056670,1,15373590000,ILLUMINA,WGS,PRJNA1007293,6.7,,,False,,,False
SAMN37056671,1,13756534800,ILLUMINA,WGS,PRJNA1007293,6.0,,,False,,,False
SAMN37056672,1,12263356500,ILLUMINA,WGS,PRJNA1007293,5.3,,,False,,,False
SAMN37056673,1,12674227500,ILLUMINA,WGS,PRJNA1007293,5.5,,,False,,,False
SAMN37056674,1,13135231200,ILLUMINA,WGS,PRJNA1007293,5.7,,,False,,,False
SAMN37056675,1,13594015200,ILLUMINA,WGS,PRJNA1007293,5.9,,,False,,,False
SAMN37056676,1,14614079100,ILLUMINA,WGS,PRJNA1007293,6.4,,,False,,,False
SAMN37056677,1,14954544000,ILLUMINA,WGS,PRJNA1007293,6.5,,,False,,,False
SAMN37056678,1,14066114100,ILLUMINA,WGS,PRJNA1007293,6.1,,,False,,,False
SAMN37056679,1,12724253100,ILLUMINA,WGS,PRJNA1007293,5.5,,,False,,,False
SAMN37056680,1,13101246300,ILLUMINA,WGS,PRJNA1007293,5.7,,,False,,,False
SAMN37056681,1,16583585700,ILLUMINA,WGS,PRJNA1007293,7.2,,,False,,,False
SAMN37056682,1,11896111200,ILLUMINA,WGS,PRJNA1007293,5.2,,,False,,,False
SAMN37056683,1,14409613200,ILLUMINA,WGS,PRJNA1007293,6.3,,,False,,,False
SAMN37056684,1,12491187000,ILLUMINA,WGS,PRJNA1007293,5.4,,,False,,,False
SAMN37056685,1,12733782600,ILLUMINA,WGS,PRJNA1007293,5.5,,,False,,,False
SAMN37056686,1,12055011300,ILLUMINA,WGS,PRJNA1007293,5.2,,,False,,,False
SAMN37056687,1,16357919100,ILLUMINA,WGS,PRJNA1007293,7.1,,,False,,,False
SAMN37056688,1,12138821100,ILLUMINA,WGS,PRJNA1007293,5.3,,,False,,,False
SAMN37056689,1,13654240500,ILLUMINA,WGS,PRJNA1007293,5.9,,,False,,,False
SAMN37056690,1,15276278700,ILLUMINA,WGS,PRJNA1007293,6.6,,,False,,,False
SAMN37056691,1,19718004300,ILLUMINA,WGS,PRJNA1007293,8.6,,,False,,,False
SAMN37056692,1,13288065300,ILLUMINA,WGS,PRJNA1007293,5.8,,,False,,,False
SAMN37056693,1,17300624700,ILLUMINA,WGS,PRJNA1007293,7.5,,,False,,,False
SAMN37056694,1,15135067500,ILLUMINA,WGS,PRJNA1007293,6.6,,,False,,,False
SAMN37056695,1,13289880600,ILLUMINA,WGS,PRJNA1007293,5.8,,,False,,,False
SAMN37056696,1,13880484300,ILLUMINA,WGS,PRJNA1007293,6.0,,,False,,,False
SAMN37056697,1,15156668700,ILLUMINA,WGS,PRJNA1007293,6.6,,,False,,,False
SAMN37056698,1,12383974500,ILLUMINA,WGS,PRJNA1007293,5.4,,,False,,,False
SAMN37056699,1,13217537400,ILLUMINA,WGS,PRJNA1007293,5.7,,,False,,,False
SAMN37056700,1,21964977300,ILLUMINA,WGS,PRJNA1007293,9.5,,,False,,,False
SAMN37056701,1,12901799700,ILLUMINA,WGS,PRJNA1007293,5.6,,,False,,,False
SAMN37056702,1,12415239300,ILLUMINA,WGS,PRJNA1007293,5.4,,,False,,,False
SAMN37056703,1,13435009800,ILLUMINA,WGS,PRJNA1007293,5.8,,,False,,,False
SAMN37056704,1,14511129900,ILLUMINA,WGS,PRJNA1007293,6.3,,,False,,,False
SAMN37056705,1,16465949400,ILLUMINA,WGS,PRJNA1007293,7.2,,,False,,,False
SAMN37056706,1,16611072600,ILLUMINA,WGS,PRJNA1007293,7.2,,,False,,,False
SAMN37056707,1,23113459200,ILLUMINA,WGS,PRJNA1007293,10.0,,,False,,,False
SAMN37056708,1,15427008900,ILLUMINA,WGS,PRJNA1007293,6.7,,,False,,,False
SAMN37056709,1,13517598000,ILLUMINA,WGS,PRJNA1007293,5.9,,,False,,,False
SAMN37056710,1,14884041600,ILLUMINA,WGS,PRJNA1007293,6.5,,,False,,,False
SAMN37056711,1,16752256800,ILLUMINA,WGS,PRJNA1007293,7.3,,,False,,,False
SAMN37056712,1,18024730200,ILLUMINA,WGS,PRJNA1007293,7.8,,,False,,,False
SAMN37056713,1,15613170600,ILLUMINA,WGS,PRJNA1007293,6.8,,,False,,,False
SAMN37056714,1,15747833400,ILLUMINA,WGS,PRJNA1007293,6.8,,,False,,,False
SAMN37056715,1,12826093500,ILLUMINA,WGS,PRJNA1007293,5.6,,,False,,,False
SAMN37056716,1,17989523700,ILLUMINA,WGS,PRJNA1007293,7.8,,,False,,,False
SAMN37056717,1,13544281800,ILLUMINA,WGS,PRJNA1007293,5.9,,,False,,,False
SAMN37056718,1,13258217700,ILLUMINA,WGS,PRJNA1007293,5.8,,,False,,,False
SAMN37056719,1,15016126800,ILLUMINA,WGS,PRJNA1007293,6.5,,,False,,,False
SAMN37056720,1,13604850600,ILLUMINA,WGS,PRJNA1007293,5.9,,,False,,,False
SAMN37056721,1,26502009600,ILLUMINA,WGS,PRJNA1007293,11.5,,,False,,,False
SAMN37056722,1,18324607200,ILLUMINA,WGS,PRJNA1007293,8.0,,,False,,,False
SAMN37056723,1,14546778600,ILLUMINA,WGS,PRJNA1007293,6.3,,,False,,,False
SAMN37056724,1,15577619400,ILLUMINA,WGS,PRJNA1007293,6.8,,,False,,,False
SAMN37056725,1,14536245600,ILLUMINA,WGS,PRJNA1007293,6.3,,,False,,,False
SAMN37056726,1,12903617400,ILLUMINA,WGS,PRJNA1007293,5.6,,,False,,,False
SAMN37056727,1,14428482900,ILLUMINA,WGS,PRJNA1007293,6.3,,,False,,,False
SAMN37056728,1,15568443600,ILLUMINA,WGS,PRJNA1007293,6.8,,,False,,,False
SAMN37056729,1,15591793800,ILLUMINA,WGS,PRJNA1007293,6.8,,,False,,,False
SAMN37056730,1,15599490000,ILLUMINA,WGS,PRJNA1007293,6.8,,,False,,,False
SAMN37056731,1,14799452400,ILLUMINA,WGS,PRJNA1007293,6.4,,,False,,,False
SAMN37056732,1,13550900100,ILLUMINA,WGS,PRJNA1007293,5.9,,,False,,,False
SAMN37056733,1,15479304600,ILLUMINA,WGS,PRJNA1007293,6.7,,,False,,,False
SAMN37056734,1,12607649100,ILLUMINA,WGS,PRJNA1007293,5.5,,,False,,,False
SAMN37056735,1,14998092900,ILLUMINA,WGS,PRJNA1007293,6.5,,,False,,,False
SAMN37056736,1,13128657600,ILLUMINA,WGS,PRJNA1007293,5.7,,,False,,,False
SAMN37056737,1,11995821000,ILLUMINA,WGS,PRJNA1007293,5.2,,,False,,,False
SAMN37056738,1,14315749800,ILLUMINA,WGS,PRJNA1007293,6.2,,,False,,,False
SAMN37056739,1,12803579100,ILLUMINA,WGS,PRJNA1007293,5.6,,,False,,,False
SAMN37056740,1,14193201300,ILLUMINA,WGS,PRJNA1007293,6.2,,,False,,,False
SAMN37056741,1,14416453500,ILLUMINA,WGS,PRJNA1007293,6.3,,,False,,,False
SAMN37056742,1,13443109800,ILLUMINA,WGS,PRJNA1007293,5.8,,,False,,,False
SAMN37056743,1,12425272200,ILLUMINA,WGS,PRJNA1007293,5.4,,,False,,,False
SAMN37056744,1,15426532500,ILLUMINA,WGS,PRJNA1007293,6.7,,,False,,,False
SAMN37056745,1,14584367400,ILLUMINA,WGS,PRJNA1007293,6.3,,,False,,,False
SAMN37056746,1,12629193300,ILLUMINA,WGS,PRJNA1007293,5.5,,,False,,,False
SAMN37056747,1,14316794100,ILLUMINA,WGS,PRJNA1007293,6.2,,,False,,,False
SAMN37056748,1,13722588900,ILLUMINA,WGS,PRJNA1007293,6.0,,,False,,,False
SAMN37056749,1,15828010200,ILLUMINA,WGS,PRJNA1007293,6.9,,,False,,,False
SAMN37056750,1,14190921900,ILLUMINA,WGS,PRJNA1007293,6.2,,,False,,,False
SAMN37056751,1,14325162900,ILLUMINA,WGS,PRJNA1007293,6.2,,,False,,,False
SAMN37056752,1,13738007100,ILLUMINA,WGS,PRJNA1007293,6.0,,,False,,,False
SAMN37056753,1,13711574700,ILLUMINA,WGS,PRJNA1007293,6.0,,,False,,,False
SAMN37056754,1,15447439800,ILLUMINA,WGS,PRJNA1007293,6.7,,,False,,,False
SAMN37056755,1,14751072000,ILLUMINA,WGS,PRJNA1007293,6.4,,,False,,,False
SAMN37056756,1,12084712500,ILLUMINA,WGS,PRJNA1007293,5.3,,,False,,,False
SAMN37056757,1,13081815600,ILLUMINA,WGS,PRJNA1007293,5.7,,,False,,,False
SAMN37056758,1,12015986700,ILLUMINA,WGS,PRJNA1007293,5.2,,,False,,,False
SAMN37056759,1,13862525700,ILLUMINA,WGS,PRJNA1007293,6.0,,,False,,,False
SAMN37056760,1,13818307800,ILLUMINA,WGS,PRJNA1007293,6.0,,,False,,,False
SAMN37056761,1,15296822100,ILLUMINA,WGS,PRJNA1007293,6.7,,,False,,,False
SAMN37056762,1,12494989200,ILLUMINA,WGS,PRJNA1007293,5.4,,,False,,,False
SAMN37056763,1,11899201200,ILLUMINA,WGS,PRJNA1007293,5.2,,,False,,,False
SAMN37056764,1,13752532800,ILLUMINA,WGS,PRJNA1007293,6.0,,,False,,,False
SAMN37056765,1,13671170700,ILLUMINA,WGS,PRJNA1007293,5.9,,,False,,,False
SAMN37056766,1,14586928800,ILLUMINA,WGS,PRJNA1007293,6.3,,,False,,,False
SAMN37056767,1,15645710100,ILLUMINA,WGS,PRJNA1007293,6.8,,,False,,,False
SAMN37056768,1,18315850200,ILLUMINA,WGS,PRJNA1007293,8.0,,,False,,,False
SAMN37056769,1,21831803100,ILLUMINA,WGS,PRJNA1007293,9.5,,,False,,,False
SAMN37056770,1,13487570400,ILLUMINA,WGS,PRJNA1007293,5.9,,,False,,,False
SAMN37056771,1,13212282300,ILLUMINA,WGS,PRJNA1007293,5.7,,,False,,,False
SAMN37056772,1,15737047200,ILLUMINA,WGS,PRJNA1007293,6.8,,,False,,,False
SAMN37056773,1,15223415700,ILLUMINA,WGS,PRJNA1007293,6.6,,,False,,,False
SAMN37056774,1,14567964300,ILLUMINA,WGS,PRJNA1007293,6.3,,,False,,,False
SAMN37056775,1,22398312600,ILLUMINA,WGS,PRJNA1007293,9.7,,,False,,,False
SAMN37056776,1,13182711900,ILLUMINA,WGS,PRJNA1007293,5.7,,,False,,,False
SAMN37056777,1,16081207500,ILLUMINA,WGS,PRJNA1007293,7.0,,,False,,,False
SAMN37056778,1,13947565200,ILLUMINA,WGS,PRJNA1007293,6.1,,,False,,,False
SAMN37056779,1,12823231800,ILLUMINA,WGS,PRJNA1007293,5.6,,,False,,,False
SAMN37056780,1,12582984300,ILLUMINA,WGS,PRJNA1007293,5.5,,,False,,,False
SAMN37056781,1,13463707800,ILLUMINA,WGS,PRJNA1007293,5.9,,,False,,,False
SAMN37056782,1,12852530400,ILLUMINA,WGS,PRJNA1007293,5.6,,,False,,,False
SAMN37056783,1,13556402400,ILLUMINA,WGS,PRJNA1007293,5.9,,,False,,,False
SAMN37056784,1,13821285300,ILLUMINA,WGS,PRJNA1007293,6.0,,,False,,,False
SAMN37056785,1,14861451900,ILLUMINA,WGS,PRJNA1007293,6.5,,,False,,,False
SAMN37056786,1,21684193800,ILLUMINA,WGS,PRJNA1007293,9.4,,,False,,,False
SAMN37056787,1,12477404400,ILLUMINA,WGS,PRJNA1007293,5.4,,,False,,,False
SAMN37056788,1,12510004200,ILLUMINA,WGS,PRJNA1007293,5.4,,,False,,,False
SAMN37056789,1,13227501300,ILLUMINA,WGS,PRJNA1007293,5.8,,,False,,,False
SAMN37056790,1,13492835700,ILLUMINA,WGS,PRJNA1007293,5.9,,,False,,,False
SAMN37056791,1,12918561600,ILLUMINA,WGS,PRJNA1007293,5.6,,,False,,,False
SAMN37056792,1,13637806200,ILLUMINA,WGS,PRJNA1007293,5.9,,,False,,,False
SAMN37056793,1,13808729400,ILLUMINA,WGS,PRJNA1007293,6.0,,,False,,,False
SAMN37056794,1,13553800200,ILLUMINA,WGS,PRJNA1007293,5.9,,,False,,,False
SAMN37056795,1,13944301500,ILLUMINA,WGS,PRJNA1007293,6.1,,,False,,,False
SAMN37056796,1,14366677500,ILLUMINA,WGS,PRJNA1007293,6.2,,,False,,,False
SAMN37056797,1,12979005600,ILLUMINA,WGS,PRJNA1007293,5.6,,,False,,,False
SAMN37056798,1,16107469500,ILLUMINA,WGS,PRJNA1007293,7.0,,,False,,,False
SAMN37056799,1,13252653000,ILLUMINA,WGS,PRJNA1007293,5.8,,,False,,,False
SAMN37056800,1,12890313900,ILLUMINA,WGS,PRJNA1007293,5.6,,,False,,,False
SAMN37056801,1,14262293400,ILLUMINA,WGS,PRJNA1007293,6.2,,,False,,,False
SAMN37056802,1,15069645600,ILLUMINA,WGS,PRJNA1007293,6.6,,,False,,,False
SAMN37056803,1,12532025400,ILLUMINA,WGS,PRJNA1007293,5.4,,,False,,,False
SAMN37056804,1,14194645200,ILLUMINA,WGS,PRJNA1007293,6.2,,,False,,,False
SAMN37056805,1,12878849100,ILLUMINA,WGS,PRJNA1007293,5.6,,,False,,,False
SAMN37056806,1,14360249700,ILLUMINA,WGS,PRJNA1007293,6.2,,,False,,,False
SAMN37056807,1,13116756000,ILLUMINA,WGS,PRJNA1007293,5.7,,,False,,,False
SAMN37056808,1,13131004500,ILLUMINA,WGS,PRJNA1007293,5.7,,,False,,,False
SAMN37056809,1,15903082200,ILLUMINA,WGS,PRJNA1007293,6.9,,,False,,,False
SAMN37056810,1,15284420100,ILLUMINA,WGS,PRJNA1007293,6.6,,,False,,,False
SAMN37056811,1,15203962800,ILLUMINA,WGS,PRJNA1007293,6.6,,,False,,,False
SAMN37056812,1,14558628600,ILLUMINA,WGS,PRJNA1007293,6.3,,,False,,,False
SAMN37056813,1,14146118100,ILLUMINA,WGS,PRJNA1007293,6.2,,,False,,,False
SAMN37056814,1,15626935800,ILLUMINA,WGS,PRJNA1007293,6.8,,,False,,,False
SAMN37056815,1,18407787600,ILLUMINA,WGS,PRJNA1007293,8.0,,,False,,,False
SAMN37056816,1,12314321400,ILLUMINA,WGS,PRJNA1007293,5.4,,,False,,,False
SAMN37056817,1,15237690000,ILLUMINA,WGS,PRJNA1007293,6.6,,,False,,,False
SAMN37056818,1,16107773700,ILLUMINA,WGS,PRJNA1007293,7.0,,,False,,,False
SAMN37056819,1,15641606700,ILLUMINA,WGS,PRJNA1007293,6.8,,,False,,,False
SAMN37056820,1,14129223300,ILLUMINA,WGS,PRJNA1007293,6.1,,,False,,,False
SAMN37056821,1,15330555000,ILLUMINA,WGS,PRJNA1007293,6.7,,,False,,,False
SAMN37056822,1,16991537400,ILLUMINA,WGS,PRJNA1007293,7.4,,,False,,,False
SAMN37056823,1,13190764500,ILLUMINA,WGS,PRJNA1007293,5.7,,,False,,,False
SAMN37056824,1,12843220800,ILLUMINA,WGS,PRJNA1007293,5.6,,,False,,,False
SAMN37056825,1,14951867700,ILLUMINA,WGS,PRJNA1007293,6.5,,,False,,,False
SAMN37056826,1,12699361500,ILLUMINA,WGS,PRJNA1007293,5.5,,,False,,,False
SAMN37056827,1,13313341200,ILLUMINA,WGS,PRJNA1007293,5.8,,,False,,,False
SAMN37056828,1,14287539300,ILLUMINA,WGS,PRJNA1007293,6.2,,,False,,,False
SAMN37056829,1,14643792300,ILLUMINA,WGS,PRJNA1007293,6.4,,,False,,,False
SAMN37056830,1,15543023100,ILLUMINA,WGS,PRJNA1007293,6.8,,,False,,,False
SAMN37056831,1,13973571300,ILLUMINA,WGS,PRJNA1007293,6.1,,,False,,,False
SAMN37056832,1,16788856800,ILLUMINA,WGS,PRJNA1007293,7.3,,,False,,,False
SAMN37056833,1,12371845200,ILLUMINA,WGS,PRJNA1007293,5.4,,,False,,,False
SAMN37056834,1,15210600000,ILLUMINA,WGS,PRJNA1007293,6.6,,,False,,,False
SAMN37056835,1,18694184700,ILLUMINA,WGS,PRJNA1007293,8.1,,,False,,,False
SAMN37056836,1,14905721100,ILLUMINA,WGS,PRJNA1007293,6.5,,,False,,,False
SAMN37056837,1,12688312800,ILLUMINA,WGS,PRJNA1007293,5.5,,,False,,,False
SAMN37056838,1,12956996400,ILLUMINA,WGS,PRJNA1007293,5.6,,,False,,,False
SAMN37056839,1,12835847700,ILLUMINA,WGS,PRJNA1007293,5.6,,,False,,,False
SAMN37056840,1,18631402800,ILLUMINA,WGS,PRJNA1007293,8.1,,,False,,,False
SAMN37056841,1,15463738800,ILLUMINA,WGS,PRJNA1007293,6.7,,,False,,,False
SAMN37056842,1,12063530700,ILLUMINA,WGS,PRJNA1007293,5.2,,,False,,,False
SAMN37056843,1,14584132500,ILLUMINA,WGS,PRJNA1007293,6.3,,,False,,,False
SAMN37056844,1,16849979100,ILLUMINA,WGS,PRJNA1007293,7.3,,,False,,,False
SAMN37056845,1,15116996700,ILLUMINA,WGS,PRJNA1007293,6.6,,,False,,,False
SAMN37056846,1,12012193500,ILLUMINA,WGS,PRJNA1007293,5.2,,,False,,,False
SAMN37056847,1,14303136000,ILLUMINA,WGS,PRJNA1007293,6.2,,,False,,,False
SAMN37056848,1,16017739200,ILLUMINA,WGS,PRJNA1007293,7.0,,,False,,,False
SAMN37056849,1,13615779900,ILLUMINA,WGS,PRJNA1007293,5.9,,,False,,,False
SAMN37056850,1,14518972800,ILLUMINA,WGS,PRJNA1007293,6.3,,,False,,,False
SAMN37056851,1,15225881100,ILLUMINA,WGS,PRJNA1007293,6.6,,,False,,,False
SAMN37056852,1,13984456200,ILLUMINA,WGS,PRJNA1007293,6.1,,,False,,,False
SAMN37056853,1,16803387300,ILLUMINA,WGS,PRJNA1007293,7.3,,,False,,,False
SAMN37056854,1,13000819500,ILLUMINA,WGS,PRJNA1007293,5.7,,,False,,,False
SAMN37056855,1,14450863200,ILLUMINA,WGS,PRJNA1007293,6.3,,,False,,,False
SAMN37056856,1,13514054100,ILLUMINA,WGS,PRJNA1007293,5.9,,,False,,,False
SAMN37056857,1,12899942400,ILLUMINA,WGS,PRJNA1007293,5.6,,,False,,,False
SAMN37056858,1,18103398300,ILLUMINA,WGS,PRJNA1007293,7.9,,,False,,,False
SAMN37056859,1,12600078300,ILLUMINA,WGS,PRJNA1007293,5.5,,,False,,,False
SAMN37056860,1,16620666300,ILLUMINA,WGS,PRJNA1007293,7.2,,,False,,,False
SAMN37056861,1,16356773400,ILLUMINA,WGS,PRJNA1007293,7.1,,,False,,,False
SAMN37056862,1,17915679600,ILLUMINA,WGS,PRJNA1007293,7.8,,,False,,,False
SAMN37056863,1,16251328500,ILLUMINA,WGS,PRJNA1007293,7.1,,,False,,,False
SAMN37056864,1,13702059600,ILLUMINA,WGS,PRJNA1007293,6.0,,,False,,,False
SAMN37056865,1,15751477800,ILLUMINA,WGS,PRJNA1007293,6.8,,,False,,,False
SAMN37056866,1,18100317000,ILLUMINA,WGS,PRJNA1007293,7.9,,,False,,,False
SAMN37056867,1,17816393700,ILLUMINA,WGS,PRJNA1007293,7.7,,,False,,,False
SAMN37056868,1,12014142300,ILLUMINA,WGS,PRJNA1007293,5.2,,,False,,,False
SAMN37056869,1,16060504200,ILLUMINA,WGS,PRJNA1007293,7.0,,,False,,,False
SAMN37056870,1,12631488600,ILLUMINA,WGS,PRJNA1007293,5.5,,,False,,,False
SAMN37056871,1,15445037700,ILLUMINA,WGS,PRJNA1007293,6.7,,,False,,,False
SAMN37056872,1,15940902900,ILLUMINA,WGS,PRJNA1007293,6.9,,,False,,,False
SAMN37056873,1,14301308100,ILLUMINA,WGS,PRJNA1007293,6.2,,,False,,,False
SAMN37056874,1,14018303400,ILLUMINA,WGS,PRJNA1007293,6.1,,,False,,,False
SAMN37056875,1,13552267200,ILLUMINA,WGS,PRJNA1007293,5.9,,,False,,,False
SAMN37056876,1,17799180900,ILLUMINA,WGS,PRJNA1007293,7.7,,,False,,,False
SAMN37056877,1,12877674600,ILLUMINA,WGS,PRJNA1007293,5.6,,,False,,,False
SAMN37056878,1,14305532400,ILLUMINA,WGS,PRJNA1007293,6.2,,,False,,,False
SAMN37056879,1,20059403400,ILLUMINA,WGS,PRJNA1007293,8.7,,,False,,,False
SAMN37056880,1,17486670900,ILLUMINA,WGS,PRJNA1007293,7.6,,,False,,,False
SAMN37056881,1,12828260400,ILLUMINA,WGS,PRJNA1007293,5.6,,,False,,,False
SAMN37056882,1,14047446300,ILLUMINA,WGS,PRJNA1007293,6.1,,,False,,,False
SAMN37056883,1,16610378100,ILLUMINA,WGS,PRJNA1007293,7.2,,,False,,,False
SAMN37056884,1,12040667100,ILLUMINA,WGS,PRJNA1007293,5.2,,,False,,,False
SAMN37056885,1,13586995800,ILLUMINA,WGS,PRJNA1007293,5.9,,,False,,,False
SAMN37056886,1,13141146900,ILLUMINA,WGS,PRJNA1007293,5.7,,,False,,,False
SAMN37056887,1,15037664100,ILLUMINA,WGS,PRJNA1007293,6.5,,,False,,,False
SAMN37056888,1,12860048700,ILLUMINA,WGS,PRJNA1007293,5.6,,,False,,,False
SAMN37056889,1,13072758300,ILLUMINA,WGS,PRJNA1007293,5.7,,,False,,,False
SAMN37056890,1,18269526300,ILLUMINA,WGS,PRJNA1007293,7.9,,,False,,,False
SAMN37056891,1,16025199900,ILLUMINA,WGS,PRJNA1007293,7.0,,,False,,,False
SAMN37056892,1,13667314500,ILLUMINA,WGS,PRJNA1007293,5.9,,,False,,,False
SAMN37056893,1,12918172800,ILLUMINA,WGS,PRJNA1007293,5.6,,,False,,,False
SAMN37056894,1,15833794200,ILLUMINA,WGS,PRJNA1007293,6.9,,,False,,,False
SAMN37056895,1,12327953700,ILLUMINA,WGS,PRJNA1007293,5.4,,,False,,,False
SAMN37056896,1,12747431400,ILLUMINA,WGS,PRJNA1007293,5.5,,,False,,,False
SAMN37056897,1,13650938100,ILLUMINA,WGS,PRJNA1007293,5.9,,,False,,,False
SAMN37056898,1,12566603400,ILLUMINA,WGS,PRJNA1007293,5.5,,,False,,,False
SAMN37056899,1,13781559000,ILLUMINA,WGS,PRJNA1007293,6.0,,,False,,,False
SAMN37056900,1,15126455400,ILLUMINA,WGS,PRJNA1007293,6.6,,,False,,,False
SAMN37056901,1,16982195700,ILLUMINA,WGS,PRJNA1007293,7.4,,,False,,,False
SAMN37056902,1,14678623500,ILLUMINA,WGS,PRJNA1007293,6.4,,,False,,,False
SAMN37056903,1,13573128000,ILLUMINA,WGS,PRJNA1007293,5.9,,,False,,,False
SAMN37056904,1,13431478500,ILLUMINA,WGS,PRJNA1007293,5.8,,,False,,,False
SAMN37056905,1,17407479600,ILLUMINA,WGS,PRJNA1007293,7.6,,,False,,,False
SAMN37056906,1,13336255950,ILLUMINA,WGS,PRJNA1007293,5.8,,,False,,,False
SAMN37056907,1,13961773500,ILLUMINA,WGS,PRJNA1007293,6.1,,,False,,,False
SAMN37056908,1,13845155700,ILLUMINA,WGS,PRJNA1007293,6.0,,,False,,,False
SAMN37056909,1,20471261700,ILLUMINA,WGS,PRJNA1007293,8.9,,,False,,,False
SAMN37056910,1,13458306000,ILLUMINA,WGS,PRJNA1007293,5.9,,,False,,,False
SAMN37056911,1,19767216900,ILLUMINA,WGS,PRJNA1007293,8.6,,,False,,,False
SAMN37056912,1,15200514600,ILLUMINA,WGS,PRJNA1007293,6.6,,,False,,,False
SAMN37056913,1,13087172100,ILLUMINA,WGS,PRJNA1007293,5.7,,,False,,,False
SAMN37056914,1,13697425200,ILLUMINA,WGS,PRJNA1007293,6.0,,,False,,,False
SAMN37056915,1,14859989700,ILLUMINA,WGS,PRJNA1007293,6.5,,,False,,,False
SAMN37056916,1,14445801000,ILLUMINA,WGS,PRJNA1007293,6.3,,,False,,,False
SAMN37056917,1,13179870000,ILLUMINA,WGS,PRJNA1007293,5.7,,,False,,,False
SAMN37056918,1,15182240100,ILLUMINA,WGS,PRJNA1007293,6.6,,,False,,,False
SAMN37056919,1,12736797900,ILLUMINA,WGS,PRJNA1007293,5.5,,,False,,,False
SAMN37056920,1,14057704200,ILLUMINA,WGS,PRJNA1007293,6.1,,,False,,,False
SAMN37056921,1,13456655700,ILLUMINA,WGS,PRJNA1007293,5.9,,,False,,,False
SAMN37056922,1,14584554600,ILLUMINA,WGS,PRJNA1007293,6.3,,,False,,,False
SAMN37056923,1,15294196200,ILLUMINA,WGS,PRJNA1007293,6.6,,,False,,,False
SAMN37056924,1,15812084100,ILLUMINA,WGS,PRJNA1007293,6.9,,,False,,,False
SAMN37056925,1,15738462300,ILLUMINA,WGS,PRJNA1007293,6.8,,,False,,,False
SAMN37056926,1,15800994600,ILLUMINA,WGS,PRJNA1007293,6.9,,,False,,,False
SAMN37056927,1,14326769700,ILLUMINA,WGS,PRJNA1007293,6.2,,,False,,,False
SAMN37056928,1,12973955700,ILLUMINA,WGS,PRJNA1007293,5.6,,,False,,,False
SAMN37056929,1,12802997400,ILLUMINA,WGS,PRJNA1007293,5.6,,,False,,,False
SAMN37056930,1,14856092700,ILLUMINA,WGS,PRJNA1007293,6.5,,,False,,,False
SAMN37056931,1,14532056100,ILLUMINA,WGS,PRJNA1007293,6.3,,,False,,,False
SAMN37056932,1,14730363300,ILLUMINA,WGS,PRJNA1007293,6.4,,,False,,,False
SAMN37056933,1,15341645700,ILLUMINA,WGS,PRJNA1007293,6.7,,,False,,,False
SAMN37056934,1,13809834300,ILLUMINA,WGS,PRJNA1007293,6.0,,,False,,,False
SAMN37056935,1,12532697100,ILLUMINA,WGS,PRJNA1007293,5.4,,,False,,,False
SAMN37056936,1,15373075200,ILLUMINA,WGS,PRJNA1007293,6.7,,,False,,,False
SAMN37056937,1,14750329200,ILLUMINA,WGS,PRJNA1007293,6.4,,,False,,,False
SAMN37219237,1,13063057800,ILLUMINA,WGS,PRJNA1011459,5.7,,,False,,,False
SAMN37219238,1,12852708600,ILLUMINA,WGS,PRJNA1011459,5.6,,,False,,,False
SAMN37219240,1,13628406300,ILLUMINA,WGS,PRJNA1011459,5.9,,,False,,,False
SAMN37219241,1,12620963700,ILLUMINA,WGS,PRJNA1011459,5.5,Ames 34378,15.0,False,,CML 312,True
SAMN37219242,1,16495386900,ILLUMINA,WGS,PRJNA1011459,7.2,PI 690623,15.0,False,Maize.Group.Ames.Panel.2010,CML 373,True
SAMN37403545,1,74085052800,ILLUMINA,WGS,PRJNA1017638,32.2,,,False,,,False
SAMN37403546,1,73673284200,ILLUMINA,WGS,PRJNA1017638,32.0,,,False,,,False
SAMN37481481,1,13439370600,ILLUMINA,WGS,PRJNA1019348,5.8,,,False,,,False
SAMN37481482,1,13321957800,ILLUMINA,WGS,PRJNA1019348,5.8,,,False,,,False
SAMN37481483,1,15465855600,ILLUMINA,WGS,PRJNA1019348,6.7,,,False,,,False
SAMN37491037,1,17662969252,BGISEQ,WGS,PRJNA1007293,7.7,,,False,,,False
SAMN37491038,1,15867466408,BGISEQ,WGS,PRJNA1007293,6.9,,,False,,,False
SAMN37491040,1,15440554440,BGISEQ,WGS,PRJNA1007293,6.7,,,False,,,False
SAMN37776248,1,18328622168,BGISEQ,WGS,PRJNA1011459,8.0,,,False,,,False
SAMN37776249,1,13974776728,BGISEQ,WGS,PRJNA1011459,6.1,,,False,,,False
SAMN37999635,1,175000611044,ILLUMINA,WGS,PRJNA1032576,76.1,PI 550473,48.0,True,Maize.Set.Inbred.Diversity.282.Plus.NAM.Parents,B73,True
SAMN37999636,1,182726426686,ILLUMINA,WGS,PRJNA1032576,79.4,PI 550473,48.0,True,Maize.Set.Inbred.Diversity.282.Plus.NAM.Parents,B73,True
SAMN38084663,1,14277287700,ILLUMINA,OTHER,PRJNA759188,6.2,NSL 30053,33.0,True,Maize.Group.Ames.Panel.2010,W22,True
SAMN38301569,16,87861779600,BGISEQ,WGS,PRJNA1041861,38.2,PI 587140,39.0,True,Maize.Set.Inbred.Diversity.282.Plus.NAM.Parents,A632,True
SAMN38600997,1,83796157668,ILLUMINA,WGS,PRJNA1047951,36.4,PI 550473,48.0,True,Maize.Set.Inbred.Diversity.282.Plus.NAM.Parents,B73,True
SAMN38601005,1,67282970700,ILLUMINA,WGS,PRJNA1047951,29.3,PI 550473,48.0,True,Maize.Set.Inbred.Diversity.282.Plus.NAM.Parents,B73,True
SAMN39595762,1,11677023600,ILLUMINA,OTHER,PRJNA1068486,5.1,,,False,,,False
SAMN39955803,1,54767568272,ILLUMINA,WGS,PRJNA1076902,23.8,,,False,,,False
SAMN39955804,1,47714428328,ILLUMINA,WGS,PRJNA1076902,20.7,,,False,,,False
SAMN39955805,1,47601390657,ILLUMINA,WGS,PRJNA1076902,20.7,,,False,,,False
SAMN39955806,1,48167960465,ILLUMINA,WGS,PRJNA1076902,20.9,,,False,,,False
SAMN39955807,1,47710690045,ILLUMINA,WGS,PRJNA1076902,20.7,,,False,,,False
SAMN39955808,1,54270032489,ILLUMINA,WGS,PRJNA1076902,23.6,,,False,,,False
SAMN39955809,1,54775526021,ILLUMINA,WGS,PRJNA1076902,23.8,,,False,,,False
SAMN39955810,1,58709876400,ILLUMINA,WGS,PRJNA1076902,25.5,,,False,,,False
SAMN39955811,1,55523200473,ILLUMINA,WGS,PRJNA1076902,24.1,,,False,,,False
SAMN39955812,1,52120460482,ILLUMINA,WGS,PRJNA1076902,22.7,,,False,,,False
SAMN39955813,1,50995081528,ILLUMINA,WGS,PRJNA1076902,22.2,,,False,,,False
SAMN39955814,1,50595384126,ILLUMINA,WGS,PRJNA1076902,22.0,,,False,,,False
SAMN39955815,1,67488989550,ILLUMINA,WGS,PRJNA1076902,29.3,,,False,,,False
SAMN39955816,1,61137448500,ILLUMINA,WGS,PRJNA1076902,26.6,,,False,,,False
SAMN39955817,1,64307281800,ILLUMINA,WGS,PRJNA1076902,28.0,,,False,,,False
SAMN39955818,1,48866307300,ILLUMINA,WGS,PRJNA1076902,21.2,,,False,,,False
SAMN39955819,1,48272449800,ILLUMINA,WGS,PRJNA1076902,21.0,,,False,,,False
SAMN39955820,1,48449967000,ILLUMINA,WGS,PRJNA1076902,21.1,,,False,,,False
SAMN39955821,1,59541734400,ILLUMINA,WGS,PRJNA1076902,25.9,,,False,,,False
SAMN39955822,1,53041367700,ILLUMINA,WGS,PRJNA1076902,23.1,,,False,,,False
SAMN39955823,1,47310015300,ILLUMINA,WGS,PRJNA1076902,20.6,,,False,,,False
SAMN39955824,1,52424655150,ILLUMINA,WGS,PRJNA1076902,22.8,,,False,,,False
SAMN39955825,1,53114850150,ILLUMINA,WGS,PRJNA1076902,23.1,,,False,,,False
SAMN39955826,1,52702143600,ILLUMINA,WGS,PRJNA1076902,22.9,,,False,,,False
SAMN39955827,1,53418494850,ILLUMINA,WGS,PRJNA1076902,23.2,,,False,,,False
SAMN39955828,1,57478230600,ILLUMINA,WGS,PRJNA1076902,25.0,,,False,,,False
SAMN39955829,1,47448039600,ILLUMINA,WGS,PRJNA1076902,20.6,,,False,,,False
SAMN39955830,1,51955055100,ILLUMINA,WGS,PRJNA1076902,22.6,,,False,,,False
SAMN39955831,1,51939606450,ILLUMINA,WGS,PRJNA1076902,22.6,,,False,,,False
SAMN39955832,1,64405082700,ILLUMINA,WGS,PRJNA1076902,28.0,,,False,,,False
SAMN39955833,1,54571819800,ILLUMINA,WGS,PRJNA1076902,23.7,,,False,,,False
SAMN39955834,1,51292048800,ILLUMINA,WGS,PRJNA1076902,22.3,,,False,,,False
SAMN39955835,1,53934433950,ILLUMINA,WGS,PRJNA1076902,23.4,,,False,,,False
SAMN39955836,1,52459647750,ILLUMINA,WGS,PRJNA1076902,22.8,,,False,,,False
SAMN39955837,1,50502530700,ILLUMINA,WGS,PRJNA1076902,22.0,,,False,,,False
SAMN39955838,1,52565809650,ILLUMINA,WGS,PRJNA1076902,22.9,,,False,,,False
SAMN39955839,1,51003581100,ILLUMINA,WGS,PRJNA1076902,22.2,,,False,,,False
SAMN39955840,1,54508341000,ILLUMINA,WGS,PRJNA1076902,23.7,,,False,,,False
SAMN39955841,1,51256552500,ILLUMINA,WGS,PRJNA1076902,22.3,,,False,,,False
SAMN39955842,1,53865117750,ILLUMINA,WGS,PRJNA1076902,23.4,,,False,,,False
SAMN39955843,1,53553456600,ILLUMINA,WGS,PRJNA1076902,23.3,,,False,,,False
SAMN39955844,1,52274106000,ILLUMINA,WGS,PRJNA1076902,22.7,,,False,,,False
SAMN39955845,1,44709477150,ILLUMINA,WGS,PRJNA1076902,19.4,,,False,,,False
SAMN39955846,1,49376097000,ILLUMINA,WGS,PRJNA1076902,21.5,,,False,,,False
SAMN39955847,1,50394984900,ILLUMINA,WGS,PRJNA1076902,21.9,,,False,,,False
SAMN39955848,1,61353645150,ILLUMINA,WGS,PRJNA1076902,26.7,,,False,,,False
SAMN39955849,1,52607757600,ILLUMINA,WGS,PRJNA1076902,22.9,,,False,,,False
SAMN39955850,1,54171967500,ILLUMINA,WGS,PRJNA1076902,23.6,,,False,,,False
SAMN39955851,1,62930535150,ILLUMINA,WGS,PRJNA1076902,27.4,,,False,,,False
SAMN39955852,1,56100011100,ILLUMINA,WGS,PRJNA1076902,24.4,,,False,,,False
SAMN39955853,1,89861184900,ILLUMINA,WGS,PRJNA1076902,39.1,,,False,,,False
SAMN39955854,1,74055757500,ILLUMINA,WGS,PRJNA1076902,32.2,,,False,,,False
SAMN39955855,1,80175474400,ILLUMINA,WGS,PRJNA1076902,34.9,,,False,,,False
SAMN39955856,1,76085562800,ILLUMINA,WGS,PRJNA1076902,33.1,,,False,,,False
SAMN39955857,1,67588704300,ILLUMINA,WGS,PRJNA1076902,29.4,,,False,,,False
SAMN39955858,1,77357215700,ILLUMINA,WGS,PRJNA1076902,33.6,,,False,,,False
SAMN39955859,1,73248337400,ILLUMINA,WGS,PRJNA1076902,31.8,,,False,,,False
SAMN39955860,1,66116704200,ILLUMINA,WGS,PRJNA1076902,28.7,,,False,,,False
SAMN39955861,1,70406690500,ILLUMINA,WGS,PRJNA1076902,30.6,,,False,,,False
SAMN39955862,1,64735663400,ILLUMINA,WGS,PRJNA1076902,28.1,,,False,,,False
SAMN39955863,1,76291402600,ILLUMINA,WGS,PRJNA1076902,33.2,,,False,,,False
SAMN39955864,1,69767608300,ILLUMINA,WGS,PRJNA1076902,30.3,,,False,,,False
SAMN39955865,1,65885701700,ILLUMINA,WGS,PRJNA1076902,28.6,,,False,,,False
SAMN39955866,1,68635445600,ILLUMINA,WGS,PRJNA1076902,29.8,,,False,,,False
SAMN39955867,1,68344153700,ILLUMINA,WGS,PRJNA1076902,29.7,,,False,,,False
SAMN39955868,1,67732849300,ILLUMINA,WGS,PRJNA1076902,29.4,,,False,,,False
SAMN39955869,1,79140570200,ILLUMINA,WGS,PRJNA1076902,34.4,,,False,,,False
SAMN39955870,1,73307900800,ILLUMINA,WGS,PRJNA1076902,31.9,,,False,,,False
SAMN39955871,1,74671398500,ILLUMINA,WGS,PRJNA1076902,32.5,,,False,,,False
SAMN39955872,1,70992215500,ILLUMINA,WGS,PRJNA1076902,30.9,,,False,,,False
SAMN39955873,1,66202987000,ILLUMINA,WGS,PRJNA1076902,28.8,,,False,,,False
SAMN39955874,1,74290451900,ILLUMINA,WGS,PRJNA1076902,32.3,,,False,,,False
SAMN39955875,1,68779900800,ILLUMINA,WGS,PRJNA1076902,29.9,,,False,,,False
SAMN39955876,1,49791034400,ILLUMINA,WGS,PRJNA1076902,21.6,,,False,,,False
SAMN39955877,1,75109207713,ILLUMINA,WGS,PRJNA1076902,32.7,,,False,,,False
SAMN39955878,1,78585950552,ILLUMINA,WGS,PRJNA1076902,34.2,,,False,,,False
SAMN39955879,1,100479331475,ILLUMINA,WGS,PRJNA1076902,43.7,,,False,,,False
SAMN39955880,1,79488872094,ILLUMINA,WGS,PRJNA1076902,34.6,,,False,,,False
SAMN39955881,1,73326728502,ILLUMINA,WGS,PRJNA1076902,31.9,,,False,,,False
SAMN39955882,1,84948678218,ILLUMINA,WGS,PRJNA1076902,36.9,,,False,,,False
SAMN39955883,1,83312642431,ILLUMINA,WGS,PRJNA1076902,36.2,,,False,,,False
SAMN39955884,1,83865002451,ILLUMINA,WGS,PRJNA1076902,36.5,,,False,,,False
SAMN39955885,1,75199658107,ILLUMINA,WGS,PRJNA1076902,32.7,,,False,,,False
SAMN39955886,1,85049454812,ILLUMINA,WGS,PRJNA1076902,37.0,,,False,,,False
SAMN39955887,1,81106490512,ILLUMINA,WGS,PRJNA1076902,35.3,,,False,,,False
SAMN39955888,1,76505850284,ILLUMINA,WGS,PRJNA1076902,33.3,,,False,,,False
SAMN39955889,1,78901450984,ILLUMINA,WGS,PRJNA1076902,34.3,,,False,,,False
SAMN39955890,1,78587570890,ILLUMINA,WGS,PRJNA1076902,34.2,,,False,,,False
SAMN39955891,1,84325154396,ILLUMINA,WGS,PRJNA1076902,36.7,,,False,,,False
SAMN39955892,1,86340577396,ILLUMINA,WGS,PRJNA1076902,37.5,,,False,,,False
SAMN39955893,1,84138620912,ILLUMINA,WGS,PRJNA1076902,36.6,,,False,,,False
SAMN39955894,1,81025072339,ILLUMINA,WGS,PRJNA1076902,35.2,,,False,,,False
SAMN39955895,1,87368466918,ILLUMINA,WGS,PRJNA1076902,38.0,,,False,,,False
SAMN39955896,1,79353692494,ILLUMINA,WGS,PRJNA1076902,34.5,,,False,,,False
SAMN39955897,1,77254614072,ILLUMINA,WGS,PRJNA1076902,33.6,,,False,,,False
SAMN39955898,1,75901876421,ILLUMINA,WGS,PRJNA1076902,33.0,,,False,,,False
SAMN39955899,1,77532050552,ILLUMINA,WGS,PRJNA1076902,33.7,,,False,,,False
SAMN39955900,1,87335473411,ILLUMINA,WGS,PRJNA1076902,38.0,,,False,,,False
SAMN39955901,1,84880600331,ILLUMINA,WGS,PRJNA1076902,36.9,,,False,,,False
SAMN39955902,1,95559259629,ILLUMINA,WGS,PRJNA1076902,41.5,,,False,,,False
SAMN39955903,1,48276417000,ILLUMINA,WGS,PRJNA1076902,21.0,,,False,,,False
SAMN39955904,1,54777617250,ILLUMINA,WGS,PRJNA1076902,23.8,,,False,,,False
SAMN39955905,1,53629813950,ILLUMINA,WGS,PRJNA1076902,23.3,,,False,,,False
SAMN39955906,1,43649037300,ILLUMINA,WGS,PRJNA1076902,19.0,,,False,,,False
SAMN39955907,1,45174222450,ILLUMINA,WGS,PRJNA1076902,19.6,,,False,,,False
SAMN39955908,1,35688700650,ILLUMINA,WGS,PRJNA1076902,15.5,,,False,,,False
SAMN39955909,1,62674776600,ILLUMINA,WGS,PRJNA1076902,27.2,,,False,,,False
SAMN39955910,1,47044387800,ILLUMINA,WGS,PRJNA1076902,20.5,,,False,,,False
SAMN39955911,1,49822929300,ILLUMINA,WGS,PRJNA1076902,21.7,,,False,,,False
SAMN39955912,1,59178200550,ILLUMINA,WGS,PRJNA1076902,25.7,,,False,,,False
SAMN39955913,1,63916938450,ILLUMINA,WGS,PRJNA1076902,27.8,,,False,,,False
SAMN39955914,1,60731754750,ILLUMINA,WGS,PRJNA1076902,26.4,,,False,,,False
SAMN39955915,1,54927715200,ILLUMINA,WGS,PRJNA1076902,23.9,,,False,,,False
SAMN39955916,1,44696242200,ILLUMINA,WGS,PRJNA1076902,19.4,,,False,,,False
SAMN39955917,1,47942168400,ILLUMINA,WGS,PRJNA1076902,20.8,,,False,,,False
SAMN39955918,1,59682737550,ILLUMINA,WGS,PRJNA1076902,25.9,,,False,,,False
SAMN39955919,1,54460263900,ILLUMINA,WGS,PRJNA1076902,23.7,,,False,,,False
SAMN39955920,1,49150187400,ILLUMINA,WGS,PRJNA1076902,21.4,,,False,,,False
SAMN39955921,1,54087996750,ILLUMINA,WGS,PRJNA1076902,23.5,,,False,,,False
SAMN39955922,1,47948856900,ILLUMINA,WGS,PRJNA1076902,20.8,,,False,,,False
SAMN39955923,1,51027415050,ILLUMINA,WGS,PRJNA1076902,22.2,,,False,,,False
SAMN39955924,1,48893514300,ILLUMINA,WGS,PRJNA1076902,21.3,,,False,,,False
SAMN39955925,1,66038283150,ILLUMINA,WGS,PRJNA1076902,28.7,,,False,,,False
SAMN39955926,1,64695557550,ILLUMINA,WGS,PRJNA1076902,28.1,,,False,,,False
SAMN39955927,1,54653529600,ILLUMINA,WGS,PRJNA1076902,23.8,,,False,,,False
SAMN39955928,1,58089194700,ILLUMINA,WGS,PRJNA1076902,25.3,,,False,,,False
SAMN39955929,1,53584095900,ILLUMINA,WGS,PRJNA1076902,23.3,,,False,,,False
SAMN39955930,1,56123234850,ILLUMINA,WGS,PRJNA1076902,24.4,,,False,,,False
SAMN39955931,1,64297042350,ILLUMINA,WGS,PRJNA1076902,28.0,,,False,,,False
SAMN39955932,1,63046294650,ILLUMINA,WGS,PRJNA1076902,27.4,,,False,,,False
SAMN39955933,1,53465088450,ILLUMINA,WGS,PRJNA1076902,23.2,,,False,,,False
SAMN39955934,1,59654274450,ILLUMINA,WGS,PRJNA1076902,25.9,,,False,,,False
SAMN39955935,1,51057111300,ILLUMINA,WGS,PRJNA1076902,22.2,,,False,,,False
SAMN39955936,1,63343715550,ILLUMINA,WGS,PRJNA1076902,27.5,,,False,,,False
SAMN39955937,1,61941181050,ILLUMINA,WGS,PRJNA1076902,26.9,,,False,,,False
SAMN39955938,1,54578921400,ILLUMINA,WGS,PRJNA1076902,23.7,,,False,,,False
SAMN39955939,1,62654288700,ILLUMINA,WGS,PRJNA1076902,27.2,,,False,,,False
SAMN39955940,1,67886402400,ILLUMINA,WGS,PRJNA1076902,29.5,,,False,,,False
SAMN39955941,1,65331437400,ILLUMINA,WGS,PRJNA1076902,28.4,,,False,,,False
SAMN39955942,1,57593562300,ILLUMINA,WGS,PRJNA1076902,25.0,,,False,,,False
SAMN39955943,1,55066431150,ILLUMINA,WGS,PRJNA1076902,23.9,,,False,,,False
SAMN39955944,1,116914574850,ILLUMINA,WGS,PRJNA1076902,50.8,,,False,,,False
SAMN39955945,1,47446180050,ILLUMINA,WGS,PRJNA1076902,20.6,,,False,,,False
SAMN39955946,1,77462282850,ILLUMINA,WGS,PRJNA1076902,33.7,,,False,,,False
SAMN39955947,1,62138526300,ILLUMINA,WGS,PRJNA1076902,27.0,,,False,,,False
SAMN39955948,1,49771140000,ILLUMINA,WGS,PRJNA1076902,21.6,,,False,,,False
SAMN39955949,1,52873907850,ILLUMINA,WGS,PRJNA1076902,23.0,,,False,,,False
SAMN39955950,1,45439502550,ILLUMINA,WGS,PRJNA1076902,19.8,,,False,,,False
SAMN39955951,1,58869438300,ILLUMINA,WGS,PRJNA1076902,25.6,,,False,,,False
SAMN39955952,1,59956326750,ILLUMINA,WGS,PRJNA1076902,26.1,,,False,,,False
SAMN39955953,1,94949649000,ILLUMINA,WGS,PRJNA1076902,41.3,,,False,,,False
SAMN39955954,1,87993488400,ILLUMINA,WGS,PRJNA1076902,38.3,,,False,,,False
SAMN39955955,1,75814033950,ILLUMINA,WGS,PRJNA1076902,33.0,,,False,,,False
SAMN39955956,1,58435794900,ILLUMINA,WGS,PRJNA1076902,25.4,,,False,,,False
SAMN39955957,1,44420170950,ILLUMINA,WGS,PRJNA1076902,19.3,,,False,,,False
SAMN39955958,1,50145663750,ILLUMINA,WGS,PRJNA1076902,21.8,,,False,,,False
SAMN39955959,1,54427219350,ILLUMINA,WGS,PRJNA1076902,23.7,,,False,,,False
SAMN39955960,1,51764141700,ILLUMINA,WGS,PRJNA1076902,22.5,,,False,,,False
SAMN39955961,1,67768472700,ILLUMINA,WGS,PRJNA1076902,29.5,,,False,,,False
SAMN39955962,1,76112907900,ILLUMINA,WGS,PRJNA1076902,33.1,,,False,,,False
SAMN39955963,1,50161520850,ILLUMINA,WGS,PRJNA1076902,21.8,,,False,,,False
SAMN39955964,1,52061061150,ILLUMINA,WGS,PRJNA1076902,22.6,,,False,,,False
SAMN39955965,1,50950458900,ILLUMINA,WGS,PRJNA1076902,22.2,,,False,,,False
SAMN39955966,1,56276543250,ILLUMINA,WGS,PRJNA1076902,24.5,,,False,,,False
SAMN39955967,1,60114709350,ILLUMINA,WGS,PRJNA1076902,26.1,,,False,,,False
SAMN39955968,1,57352383600,ILLUMINA,WGS,PRJNA1076902,24.9,,,False,,,False
SAMN39955969,1,69368804850,ILLUMINA,WGS,PRJNA1076902,30.2,,,False,,,False
SAMN39955970,1,47133076950,ILLUMINA,WGS,PRJNA1076902,20.5,,,False,,,False
SAMN39955971,1,57618423750,ILLUMINA,WGS,PRJNA1076902,25.1,,,False,,,False
SAMN39955972,1,90745457100,ILLUMINA,WGS,PRJNA1076902,39.5,,,False,,,False
SAMN39955973,1,43972692900,ILLUMINA,WGS,PRJNA1076902,19.1,,,False,,,False
SAMN39955974,1,57870039600,ILLUMINA,WGS,PRJNA1076902,25.2,,,False,,,False
SAMN39955975,1,79087230900,ILLUMINA,WGS,PRJNA1076902,34.4,,,False,,,False
SAMN39955976,1,64624753650,ILLUMINA,WGS,PRJNA1076902,28.1,,,False,,,False
SAMN39955977,1,66736604700,ILLUMINA,WGS,PRJNA1076902,29.0,,,False,,,False
SAMN39955978,1,52508374350,ILLUMINA,WGS,PRJNA1076902,22.8,,,False,,,False
SAMN39955979,1,48729118200,ILLUMINA,WGS,PRJNA1076902,21.2,,,False,,,False
SAMN39955980,1,76266759150,ILLUMINA,WGS,PRJNA1076902,33.2,,,False,,,False
SAMN39955981,1,61677338250,ILLUMINA,WGS,PRJNA1076902,26.8,,,False,,,False
SAMN39955982,1,49270366350,ILLUMINA,WGS,PRJNA1076902,21.4,,,False,,,False
SAMN39955983,1,75502213350,ILLUMINA,WGS,PRJNA1076902,32.8,,,False,,,False
SAMN39955984,1,116775901350,ILLUMINA,WGS,PRJNA1076902,50.8,,,False,,,False
SAMN39955985,1,94218329400,ILLUMINA,WGS,PRJNA1076902,41.0,,,False,,,False
SAMN39955986,1,56590653750,ILLUMINA,WGS,PRJNA1076902,24.6,,,False,,,False
SAMN39955987,1,47729486850,ILLUMINA,WGS,PRJNA1076902,20.8,,,False,,,False
SAMN39955988,1,69837229950,ILLUMINA,WGS,PRJNA1076902,30.4,,,False,,,False
SAMN39955989,1,53633624700,ILLUMINA,WGS,PRJNA1076902,23.3,,,False,,,False
SAMN39955990,1,69426017250,ILLUMINA,WGS,PRJNA1076902,30.2,,,False,,,False
SAMN39955991,1,95561566950,ILLUMINA,WGS,PRJNA1076902,41.5,,,False,,,False
SAMN39955992,1,66819339900,ILLUMINA,WGS,PRJNA1076902,29.1,,,False,,,False
SAMN39955993,1,55782301200,ILLUMINA,WGS,PRJNA1076902,24.3,,,False,,,False
SAMN39955994,1,62339018850,ILLUMINA,WGS,PRJNA1076902,27.1,,,False,,,False
SAMN39955995,1,55307352900,ILLUMINA,WGS,PRJNA1076902,24.0,,,False,,,False
SAMN39955996,1,58475189250,ILLUMINA,WGS,PRJNA1076902,25.4,,,False,,,False
SAMN39955997,1,43840759050,ILLUMINA,WGS,PRJNA1076902,19.1,,,False,,,False
SAMN40017486,1,109642459604,ILLUMINA,WGS,PRJNA1078761,47.7,,,False,,,False
SAMN40017487,1,108549794008,ILLUMINA,WGS,PRJNA1078761,47.2,,,False,,,False
SAMN40017488,1,108220440056,ILLUMINA,WGS,PRJNA1078761,47.1,,,False,,,False
SAMN40017489,1,102625058348,ILLUMINA,WGS,PRJNA1078761,44.6,,,False,,,False
SAMN40017490,1,105862255842,ILLUMINA,WGS,PRJNA1078761,46.0,,,False,,,False
SAMN40017491,1,105424971318,ILLUMINA,WGS,PRJNA1078761,45.8,,,False,,,False
SAMN40017492,1,101246282784,ILLUMINA,WGS,PRJNA1078761,44.0,,,False,,,False
SAMN40723895,1,14326820358,BGISEQ,WGS,PRJNA1095206,6.2,,,False,,,False
SAMN40723896,1,14573522770,BGISEQ,WGS,PRJNA1095206,6.3,,,False,,,False
SAMN40723897,1,13355611802,BGISEQ,WGS,PRJNA1095206,5.8,,,False,,,False
SAMN40723898,1,15931899144,BGISEQ,WGS,PRJNA1095206,6.9,,,False,,,False
SAMN40723899,1,15020217766,BGISEQ,WGS,PRJNA1095206,6.5,,,False,,,False
SAMN40723900,1,13720432096,BGISEQ,WGS,PRJNA1095206,6.0,,,False,,,False
SAMN40723901,1,15470154538,BGISEQ,WGS,PRJNA1095206,6.7,,,False,,,False
SAMN40723902,1,16526521706,BGISEQ,WGS,PRJNA1095206,7.2,,,False,,,False
SAMN40723903,1,13713575814,BGISEQ,WGS,PRJNA1095206,6.0,,,False,,,False
SAMN40723904,1,16442701732,BGISEQ,WGS,PRJNA1095206,7.1,,,False,,,False
SAMN40723905,1,13032891288,BGISEQ,WGS,PRJNA1095206,5.7,,,False,,,False
SAMN40723906,1,15806157012,BGISEQ,WGS,PRJNA1095206,6.9,,,False,,,False
SAMN40723907,1,18135033808,BGISEQ,WGS,PRJNA1095206,7.9,,,False,,,False
SAMN40723908,1,18374138862,BGISEQ,WGS,PRJNA1095206,8.0,,,False,,,False
SAMN40723909,1,19607683416,BGISEQ,WGS,PRJNA1095206,8.5,,,False,,,False
SAMN40723910,1,13399626612,BGISEQ,WGS,PRJNA1095206,5.8,,,False,,,False
SAMN40723911,1,15335744972,BGISEQ,WGS,PRJNA1095206,6.7,,,False,,,False
SAMN40723912,1,14258042838,BGISEQ,WGS,PRJNA1095206,6.2,,,False,,,False
SAMN40723913,1,14581864396,BGISEQ,WGS,PRJNA1095206,6.3,,,False,,,False
SAMN40723914,1,13152335052,BGISEQ,WGS,PRJNA1095206,5.7,,,False,,,False
SAMN40723915,1,14127044342,BGISEQ,WGS,PRJNA1095206,6.1,,,False,,,False
SAMN40723916,1,15051492120,BGISEQ,WGS,PRJNA1095206,6.5,,,False,,,False
SAMN40723917,1,17710157274,BGISEQ,WGS,PRJNA1095206,7.7,,,False,,,False
SAMN40723918,1,13870450164,BGISEQ,WGS,PRJNA1095206,6.0,,,False,,,False
SAMN40723921,1,14866583040,BGISEQ,WGS,PRJNA1095206,6.5,,,False,,,False
SAMN40723922,1,13683915810,BGISEQ,WGS,PRJNA1095206,5.9,,,False,,,False
SAMN40723923,1,14132885078,BGISEQ,WGS,PRJNA1095206,6.1,,,False,,,False
SAMN40723924,1,13793966342,BGISEQ,WGS,PRJNA1095206,6.0,,,False,,,False
SAMN40723925,1,14524792116,BGISEQ,WGS,PRJNA1095206,6.3,,,False,,,False
SAMN40723926,1,13769079532,BGISEQ,WGS,PRJNA1095206,6.0,,,False,,,False
SAMN40723927,1,13353100710,BGISEQ,WGS,PRJNA1095206,5.8,,,False,,,False
SAMN40723928,1,14207978268,BGISEQ,WGS,PRJNA1095206,6.2,,,False,,,False
SAMN40723929,1,13258315430,BGISEQ,WGS,PRJNA1095206,5.8,,,False,,,False
SAMN40723930,1,14049435744,BGISEQ,WGS,PRJNA1095206,6.1,,,False,,,False
SAMN40723931,1,13934172058,BGISEQ,WGS,PRJNA1095206,6.1,,,False,,,False
SAMN40723932,1,14318388792,BGISEQ,WGS,PRJNA1095206,6.2,,,False,,,False
SAMN40723933,1,13167408988,BGISEQ,WGS,PRJNA1095206,5.7,,,False,,,False
SAMN40723934,1,16687748286,BGISEQ,WGS,PRJNA1095206,7.3,,,False,,,False
SAMN40723935,1,14573960460,BGISEQ,WGS,PRJNA1095206,6.3,,,False,,,False
SAMN40723936,1,14366240840,BGISEQ,WGS,PRJNA1095206,6.2,,,False,,,False
SAMN40723937,1,14601940408,BGISEQ,WGS,PRJNA1095206,6.3,,,False,,,False
SAMN40723938,1,16226924372,BGISEQ,WGS,PRJNA1095206,7.1,,,False,,,False
SAMN40723939,1,13336285562,BGISEQ,WGS,PRJNA1095206,5.8,,,False,,,False
SAMN40723940,1,13500256090,BGISEQ,WGS,PRJNA1095206,5.9,,,False,,,False
SAMN40723941,1,18250609544,BGISEQ,WGS,PRJNA1095206,7.9,,,False,,,False
SAMN40723942,1,15199447786,BGISEQ,WGS,PRJNA1095206,6.6,,,False,,,False
SAMN40723943,1,13791757582,BGISEQ,WGS,PRJNA1095206,6.0,,,False,,,False
SAMN40723944,1,14274220716,BGISEQ,WGS,PRJNA1095206,6.2,,,False,,,False
SAMN40723945,1,14566205362,BGISEQ,WGS,PRJNA1095206,6.3,,,False,,,False
SAMN40723946,1,15173383542,BGISEQ,WGS,PRJNA1095206,6.6,,,False,,,False
SAMN40723947,1,15290877266,BGISEQ,WGS,PRJNA1095206,6.6,,,False,,,False
SAMN40723948,1,19816212920,BGISEQ,WGS,PRJNA1095206,8.6,,,False,,,False
SAMN40723949,1,13785295358,BGISEQ,WGS,PRJNA1095206,6.0,,,False,,,False
SAMN40723950,1,14132017596,BGISEQ,WGS,PRJNA1095206,6.1,,,False,,,False
SAMN40723951,1,14583377686,BGISEQ,WGS,PRJNA1095206,6.3,,,False,,,False
SAMN40723952,1,16945997962,BGISEQ,WGS,PRJNA1095206,7.4,,,False,,,False
SAMN40723953,1,13837524696,BGISEQ,WGS,PRJNA1095206,6.0,,,False,,,False
SAMN40723954,1,14069786562,BGISEQ,WGS,PRJNA1095206,6.1,,,False,,,False
SAMN40723955,1,14947246212,BGISEQ,WGS,PRJNA1095206,6.5,,,False,,,False
SAMN40723956,1,16917438874,BGISEQ,WGS,PRJNA1095206,7.4,,,False,,,False
SAMN40723957,1,14035779804,BGISEQ,WGS,PRJNA1095206,6.1,,,False,,,False
SAMN40723958,1,13127936132,BGISEQ,WGS,PRJNA1095206,5.7,,,False,,,False
SAMN40723959,1,16781574284,BGISEQ,WGS,PRJNA1095206,7.3,,,False,,,False
SAMN40723960,1,17955874748,BGISEQ,WGS,PRJNA1095206,7.8,,,False,,,False
SAMN40723961,1,15681935124,BGISEQ,WGS,PRJNA1095206,6.8,,,False,,,False
SAMN40723962,1,18338811892,BGISEQ,WGS,PRJNA1095206,8.0,PI 550473,48.0,True,Maize.Set.Inbred.Diversity.282.Plus.NAM.Parents,B73,True
SAMN40723963,1,14843317688,BGISEQ,WGS,PRJNA1095206,6.5,,,False,,,False
SAMN40723964,1,13184615514,BGISEQ,WGS,PRJNA1095206,5.7,,,False,,,False
SAMN40723965,1,16587711882,BGISEQ,WGS,PRJNA1095206,7.2,,,False,,,False
SAMN40734143,24,1178044174124,ILLUMINA,WGS,PRJNA1095849,512.2,PI 550473,48.0,True,Maize.Set.Inbred.Diversity.282.Plus.NAM.Parents,B73,True
SAMN40994883,1,22334505518,ILLUMINA,OTHER,PRJNA1101486,9.7,,,False,,,False
SAMN40994898,1,33080724900,ILLUMINA,OTHER,PRJNA1101486,14.4,,,False,,,False
SAMN40994899,1,30047676600,ILLUMINA,OTHER,PRJNA1101486,13.1,,,False,,,False
SAMN40994911,1,20331953066,ILLUMINA,OTHER,PRJNA1101486,8.8,,,False,,,False
SAMN40994924,1,31842162000,ILLUMINA,OTHER,PRJNA1101486,13.8,,,False,,,False
SAMN40994937,1,34753792500,ILLUMINA,OTHER,PRJNA1101486,15.1,,,False,,,False
SAMN40994942,1,34227492600,ILLUMINA,OTHER,PRJNA1101486,14.9,,,False,,,False
SAMN40994944,1,36037275900,ILLUMINA,OTHER,PRJNA1101486,15.7,,,False,,,False
SAMN40994953,1,28206358200,ILLUMINA,OTHER,PRJNA1101486,12.3,,,False,,,False
SAMN40994962,1,26488749000,ILLUMINA,OTHER,PRJNA1101486,11.5,,,False,,,False
SAMN40994963,1,30294725100,ILLUMINA,OTHER,PRJNA1101486,13.2,,,False,,,False
SAMN40994985,1,32152999500,ILLUMINA,OTHER,PRJNA1101486,14.0,,,False,,,False
SAMN40994988,1,25038799800,ILLUMINA,OTHER,PRJNA1101486,10.9,,,False,,,False
SAMN40994993,1,43860536926,ILLUMINA,OTHER,PRJNA1101486,19.1,,,False,,,False
SAMN40995004,1,21614155540,ILLUMINA,OTHER,PRJNA1101486,9.4,,,False,,,False
SAMN40995005,1,21491444984,ILLUMINA,OTHER,PRJNA1101486,9.3,,,False,,,False
SAMN40995008,1,50163982200,ILLUMINA,OTHER,PRJNA1101486,21.8,,,False,,,False
SAMN40995009,1,58471916100,ILLUMINA,OTHER,PRJNA1101486,25.4,,,False,,,False
SAMN40995027,1,19569301258,ILLUMINA,OTHER,PRJNA1101486,8.5,,,False,,,False
SAMN41100356,1,154569332838,ILLUMINA,WGS,PRJNA1103102,67.2,,,False,,,False
SAMN41100357,1,170620099724,ILLUMINA,WGS,PRJNA1103102,74.2,,,False,,,False
SAMN41100360,1,123638290342,ILLUMINA,WGS,PRJNA1103102,53.8,,,False,,,False
SAMN41100361,1,150255079704,ILLUMINA,WGS,PRJNA1103102,65.3,,,False,,,False
SAMN41100362,1,131022293270,ILLUMINA,WGS,PRJNA1103102,57.0,,,False,,,False
SAMN41100364,1,115702662878,ILLUMINA,WGS,PRJNA1103102,50.3,,,False,,,False
SAMN41100365,1,122286541514,ILLUMINA,WGS,PRJNA1103102,53.2,,,False,,,False
SAMN41100366,1,124065871410,ILLUMINA,WGS,PRJNA1103102,53.9,,,False,,,False
SAMN41100367,1,125258640332,ILLUMINA,WGS,PRJNA1103102,54.5,,,False,,,False
SAMN41100368,1,119215073922,ILLUMINA,WGS,PRJNA1103102,51.8,,,False,,,False
SAMN41100369,1,110525547128,ILLUMINA,WGS,PRJNA1103102,48.1,,,False,,,False
SAMN41100370,1,110341246784,ILLUMINA,WGS,PRJNA1103102,48.0,,,False,,,False
SAMN41100371,1,111489020056,ILLUMINA,WGS,PRJNA1103102,48.5,,,False,,,False
SAMN41100372,1,120501487966,ILLUMINA,WGS,PRJNA1103102,52.4,,,False,,,False
SAMN41100374,1,121229180112,ILLUMINA,WGS,PRJNA1103102,52.7,,,False,,,False
SAMN41100375,1,122133571874,ILLUMINA,WGS,PRJNA1103102,53.1,,,False,,,False
SAMN41100376,1,122719296616,ILLUMINA,WGS,PRJNA1103102,53.4,,,False,,,False
SAMN41100377,1,125016347392,ILLUMINA,WGS,PRJNA1103102,54.4,,,False,,,False
SAMN41100378,1,180747575582,ILLUMINA,WGS,PRJNA1103102,78.6,,,False,,,False
SAMN41100379,1,143623274314,ILLUMINA,WGS,PRJNA1103102,62.4,,,False,,,False
SAMN41100380,1,123597862170,ILLUMINA,WGS,PRJNA1103102,53.7,,,False,,,False
SAMN41221298,1,13290865500,ILLUMINA,WGS,PRJNA1108025,5.8,,,False,,,False
SAMN41221299,1,12024438000,ILLUMINA,WGS,PRJNA1108025,5.2,,,False,,,False
SAMN41221300,1,23476098300,ILLUMINA,WGS,PRJNA1108025,10.2,,,False,,,False
SAMN41221301,1,15577691100,ILLUMINA,WGS,PRJNA1108025,6.8,,,False,,,False
SAMN41221302,1,13643039700,ILLUMINA,WGS,PRJNA1108025,5.9,,,False,,,False
SAMN41221303,1,15174988500,ILLUMINA,WGS,PRJNA1108025,6.6,,,False,,,False
SAMN41221304,1,12374961600,ILLUMINA,WGS,PRJNA1108025,5.4,,,False,,,False
SAMN41221305,1,14461524900,ILLUMINA,WGS,PRJNA1108025,6.3,,,False,,,False
SAMN41221306,1,16658442300,ILLUMINA,WGS,PRJNA1108025,7.2,,,False,,,False
SAMN41221307,1,13081594500,ILLUMINA,WGS,PRJNA1108025,5.7,,,False,,,False
SAMN41221308,1,11966224200,ILLUMINA,WGS,PRJNA1108025,5.2,,,False,,,False
SAMN41221309,1,14398706700,ILLUMINA,WGS,PRJNA1108025,6.3,,,False,,,False
SAMN41221310,1,14512792800,ILLUMINA,WGS,PRJNA1108025,6.3,,,False,,,False
SAMN41221311,1,12485237100,ILLUMINA,WGS,PRJNA1108025,5.4,PI 369439,34.0,False,Maize.Group.Ames.Panel.2010,S 14,True
SAMN41221312,1,13066404900,ILLUMINA,WGS,PRJNA1108025,5.7,,,False,,,False
SAMN41221313,1,18898392300,ILLUMINA,WGS,PRJNA1108025,8.2,,,False,,,False
SAMN41221314,1,16899689100,ILLUMINA,WGS,PRJNA1108025,7.3,PI 535913,7.0,False,Maize.Group.Ames.Panel.2010,S 17,True
SAMN41221315,1,17308726800,ILLUMINA,WGS,PRJNA1108025,7.5,,,False,,,False
SAMN41221316,1,12396688500,ILLUMINA,WGS,PRJNA1108025,5.4,,,False,,,False
SAMN41221317,1,21951312600,ILLUMINA,WGS,PRJNA1108025,9.5,,,False,,,False
SAMN41221318,1,17853194400,ILLUMINA,WGS,PRJNA1108025,7.8,,,False,,,False
SAMN41221319,1,12891941100,ILLUMINA,WGS,PRJNA1108025,5.6,PI 535914,29.0,False,Maize.Group.Ames.Panel.2010,S 22,True
SAMN41221320,1,15361326300,ILLUMINA,WGS,PRJNA1108025,6.7,PI 535915,,False,,,True
SAMN41221321,1,35628994800,ILLUMINA,WGS,PRJNA1108025,15.5,,,False,,,False
SAMN41221322,1,17968011000,ILLUMINA,WGS,PRJNA1108025,7.8,PI 535902,26.0,False,Maize.Group.Ames.Panel.2010,S 25,True
SAMN41221323,1,12375332700,ILLUMINA,WGS,PRJNA1108025,5.4,PI 535903,1.0,False,,S 26,True
SAMN41221324,1,15641043900,ILLUMINA,WGS,PRJNA1108025,6.8,PI 369440,,False,,,True
SAMN41221325,1,14285558400,ILLUMINA,WGS,PRJNA1108025,6.2,,,False,,,False
SAMN41221326,1,14467151100,ILLUMINA,WGS,PRJNA1108025,6.3,,,False,,,False
SAMN41221327,1,13965957000,ILLUMINA,WGS,PRJNA1108025,6.1,,,False,,,False
SAMN41221329,1,16469787300,ILLUMINA,WGS,PRJNA1108025,7.2,,,False,,,False
SAMN41221330,1,15552586200,ILLUMINA,WGS,PRJNA1108025,6.8,,,False,,,False
SAMN41221331,1,20310017400,ILLUMINA,WGS,PRJNA1108025,8.8,,,False,,,False
SAMN41221332,1,12655693200,ILLUMINA,WGS,PRJNA1108025,5.5,,,False,,,False
SAMN41221333,1,15682659300,ILLUMINA,WGS,PRJNA1108025,6.8,,,False,,,False
SAMN41221334,1,16100022600,ILLUMINA,WGS,PRJNA1108025,7.0,PI 535916,7.0,False,Maize.Group.Ames.Panel.2010,S 37,True
SAMN41221335,1,11705816100,ILLUMINA,WGS,PRJNA1108025,5.1,,,False,,,False
SAMN41221336,1,12185910300,ILLUMINA,WGS,PRJNA1108025,5.3,,,False,,,False
SAMN41221337,1,14316386400,ILLUMINA,WGS,PRJNA1108025,6.2,,,False,,,False
SAMN41221338,1,15247662900,ILLUMINA,WGS,PRJNA1108025,6.6,,,False,,,False
SAMN41221339,1,13536525900,ILLUMINA,WGS,PRJNA1108025,5.9,PI 535904,,False,,,True
SAMN41221340,1,12923949300,ILLUMINA,WGS,PRJNA1108025,5.6,Ames 23510,28.0,False,Maize.Group.Ames.Panel.2010,S43,True
SAMN41221341,1,12203171100,ILLUMINA,WGS,PRJNA1108025,5.3,,,False,,,False
SAMN41221342,1,13089873600,ILLUMINA,WGS,PRJNA1108025,5.7,PI 535905,26.0,False,Maize.Group.Ames.Panel.Post.2010,S 45,True
SAMN41221343,1,12872917500,ILLUMINA,WGS,PRJNA1108025,5.6,,,False,,,False
SAMN41221344,1,12066986100,ILLUMINA,WGS,PRJNA1108025,5.2,,,False,,,False
SAMN41221345,1,12929574900,ILLUMINA,WGS,PRJNA1108025,5.6,PI 369442,19.0,False,Maize.Group.Ames.Panel.2010,S 48,True
SAMN41221346,1,18583399500,ILLUMINA,WGS,PRJNA1108025,8.1,,,False,,,False
SAMN41221347,1,12862873500,ILLUMINA,WGS,PRJNA1108025,5.6,,,False,,,False
SAMN41221348,1,14808240300,ILLUMINA,WGS,PRJNA1108025,6.4,PI 535917,28.0,False,Maize.Group.Ames.Panel.2010,S 51,True
SAMN41221349,1,12314067900,ILLUMINA,WGS,PRJNA1108025,5.4,,,False,,,False
SAMN41221350,1,13607512800,ILLUMINA,WGS,PRJNA1108025,5.9,,,False,,,False
SAMN41221351,1,11895392100,ILLUMINA,WGS,PRJNA1108025,5.2,PI 535918,,False,,,True
SAMN41221352,1,12576528900,ILLUMINA,WGS,PRJNA1108025,5.5,,,False,,,False
SAMN41221354,1,12901118100,ILLUMINA,WGS,PRJNA1108025,5.6,,,False,,,False
SAMN41221355,1,12495061500,ILLUMINA,WGS,PRJNA1108025,5.4,,,False,,,False
SAMN41221356,1,13570729800,ILLUMINA,WGS,PRJNA1108025,5.9,,,False,,,False
SAMN41221358,1,12079622100,ILLUMINA,WGS,PRJNA1108025,5.3,PI 369443,34.0,False,Maize.Group.Ames.Panel.2010,S 61,True
SAMN41221359,1,13164610800,ILLUMINA,WGS,PRJNA1108025,5.7,,,False,,,False
SAMN41221360,1,12602659800,ILLUMINA,WGS,PRJNA1108025,5.5,PI 535920,6.0,False,Maize.Group.Ames.Panel.2010,S 63,True
SAMN41221361,1,13845894000,ILLUMINA,WGS,PRJNA1108025,6.0,,,False,,,False
SAMN41221362,1,12629091600,ILLUMINA,WGS,PRJNA1108025,5.5,PI 535921,7.0,False,Maize.Group.Ames.Panel.2010,S 65,True
SAMN41221363,1,15636564600,ILLUMINA,WGS,PRJNA1108025,6.8,,,False,,,False
SAMN41221364,1,18540630000,ILLUMINA,WGS,PRJNA1108025,8.1,,,False,,,False
SAMN41221365,1,13246613400,ILLUMINA,WGS,PRJNA1108025,5.8,,,False,,,False
SAMN41221366,1,12804627600,ILLUMINA,WGS,PRJNA1108025,5.6,,,False,,,False
SAMN41221367,1,12278161800,ILLUMINA,WGS,PRJNA1108025,5.3,,,False,,,False
SAMN41221368,1,14415422400,ILLUMINA,WGS,PRJNA1108025,6.3,,,False,,,False
SAMN41221369,1,13244638800,ILLUMINA,WGS,PRJNA1108025,5.8,,,False,,,False
SAMN41221370,1,12002869800,ILLUMINA,WGS,PRJNA1108025,5.2,,,False,,,False
SAMN41221371,1,11850402000,ILLUMINA,WGS,PRJNA1108025,5.2,,,False,,,False
SAMN41221372,1,15385553700,ILLUMINA,WGS,PRJNA1108025,6.7,,,False,,,False
SAMN41221373,1,11904186900,ILLUMINA,WGS,PRJNA1108025,5.2,,,False,,,False
SAMN41221374,1,12904722300,ILLUMINA,WGS,PRJNA1108025,5.6,,,False,,,False
SAMN41221375,1,13255640400,ILLUMINA,WGS,PRJNA1108025,5.8,,,False,,,False
SAMN41221376,1,12204065400,ILLUMINA,WGS,PRJNA1108025,5.3,,,False,,,False
SAMN41221378,1,12568989000,ILLUMINA,WGS,PRJNA1108025,5.5,,,False,,,False
SAMN41221379,1,11973114000,ILLUMINA,WGS,PRJNA1108025,5.2,,,False,,,False
SAMN41221380,1,14433967800,ILLUMINA,WGS,PRJNA1108025,6.3,PI 369444,,False,,,True
SAMN41221381,1,11926700700,ILLUMINA,WGS,PRJNA1108025,5.2,,,False,,,False
SAMN41221382,1,15596115600,ILLUMINA,WGS,PRJNA1108025,6.8,,,False,,,False
SAMN41221383,1,15927663600,ILLUMINA,WGS,PRJNA1108025,6.9,PI 535922,,False,,,True
SAMN41221384,1,12249576000,ILLUMINA,WGS,PRJNA1108025,5.3,,,False,,,False
SAMN41221385,1,12922644300,ILLUMINA,WGS,PRJNA1108025,5.6,,,False,,,False
SAMN41221386,1,13270285800,ILLUMINA,WGS,PRJNA1108025,5.8,,,False,,,False
SAMN41221387,1,14082670500,ILLUMINA,WGS,PRJNA1108025,6.1,PI 535923,7.0,False,Maize.Group.Ames.Panel.2010,S 90,True
SAMN41221388,1,12421221600,ILLUMINA,WGS,PRJNA1108025,5.4,,,False,,,False
SAMN41221389,1,13561214400,ILLUMINA,WGS,PRJNA1108025,5.9,,,False,,,False
SAMN41221390,1,17765487900,ILLUMINA,WGS,PRJNA1108025,7.7,,,False,,,False
SAMN41221391,1,12611955900,ILLUMINA,WGS,PRJNA1108025,5.5,,,False,,,False
SAMN41221392,1,14231381400,ILLUMINA,WGS,PRJNA1108025,6.2,,,False,,,False
SAMN41221393,1,13613754900,ILLUMINA,WGS,PRJNA1108025,5.9,,,False,,,False
SAMN41221394,1,11800183800,ILLUMINA,WGS,PRJNA1108025,5.1,PI 535924,28.0,False,Maize.Group.Ames.Panel.2010,S 97,True
SAMN41221395,1,17311426500,ILLUMINA,WGS,PRJNA1108025,7.5,,,False,,,False
SAMN41221396,1,14425677300,ILLUMINA,WGS,PRJNA1108025,6.3,PI 535925,6.0,False,Maize.Group.Ames.Panel.2010,S 99,True
SAMN41221397,1,13617974100,ILLUMINA,WGS,PRJNA1108025,5.9,,,False,,,False
SAMN41221398,1,11914685100,ILLUMINA,WGS,PRJNA1108025,5.2,,,False,,,False
SAMN41221399,1,14714472600,ILLUMINA,WGS,PRJNA1108025,6.4,,,False,,,False
SAMN41221400,1,12536043900,ILLUMINA,WGS,PRJNA1108025,5.5,,,False,,,False
SAMN41221401,1,14791865700,ILLUMINA,WGS,PRJNA1108025,6.4,,,False,,,False
SAMN41221402,1,15565722000,ILLUMINA,WGS,PRJNA1108025,6.8,,,False,,,False
SAMN41221403,1,12471990900,ILLUMINA,WGS,PRJNA1108025,5.4,,,False,,,False
SAMN41221404,1,13654624800,ILLUMINA,WGS,PRJNA1108025,5.9,,,False,,,False
SAMN41221405,1,12250367400,ILLUMINA,WGS,PRJNA1108025,5.3,,,False,,,False
SAMN41221406,1,14572898100,ILLUMINA,WGS,PRJNA1108025,6.3,,,False,,,False
SAMN41221407,1,21098502300,ILLUMINA,WGS,PRJNA1108025,9.2,,,False,,,False
SAMN41221408,1,17611086900,ILLUMINA,WGS,PRJNA1108025,7.7,,,False,,,False
SAMN41221409,1,12541445100,ILLUMINA,WGS,PRJNA1108025,5.5,,,False,,,False
SAMN41221410,1,13861293600,ILLUMINA,WGS,PRJNA1108025,6.0,,,False,,,False
SAMN41221411,1,13615708500,ILLUMINA,WGS,PRJNA1108025,5.9,,,False,,,False
SAMN41221412,1,12466008900,ILLUMINA,WGS,PRJNA1108025,5.4,,,False,,,False
SAMN41221413,1,12354565200,ILLUMINA,WGS,PRJNA1108025,5.4,,,False,,,False
SAMN41221414,1,12054485100,ILLUMINA,WGS,PRJNA1108025,5.2,PI 535926,7.0,False,Maize.Group.Ames.Panel.2010,S 117,True
SAMN41221415,1,11904775200,ILLUMINA,WGS,PRJNA1108025,5.2,,,False,,,False
SAMN41221416,1,13613624100,ILLUMINA,WGS,PRJNA1108025,5.9,,,False,,,False
SAMN41221417,1,13593986700,ILLUMINA,WGS,PRJNA1108025,5.9,,,False,,,False
SAMN41221418,1,15581880000,ILLUMINA,WGS,PRJNA1108025,6.8,,,False,,,False
SAMN41221419,1,12324352800,ILLUMINA,WGS,PRJNA1108025,5.4,,,False,,,False
SAMN41221420,1,12248638200,ILLUMINA,WGS,PRJNA1108025,5.3,,,False,,,False
SAMN41221421,1,12405149100,ILLUMINA,WGS,PRJNA1108025,5.4,,,False,,,False
SAMN41221422,1,12835467600,ILLUMINA,WGS,PRJNA1108025,5.6,PI 535927,29.0,False,Maize.Group.Ames.Panel.2010,S 125,True
SAMN41221423,1,12771963000,ILLUMINA,WGS,PRJNA1108025,5.6,,,False,,,False
SAMN41221424,1,12262254000,ILLUMINA,WGS,PRJNA1108025,5.3,,,False,,,False
SAMN41221425,1,13475612100,ILLUMINA,WGS,PRJNA1108025,5.9,,,False,,,False
SAMN41221426,1,12297505500,ILLUMINA,WGS,PRJNA1108025,5.3,,,False,,,False
SAMN41221427,1,13721678100,ILLUMINA,WGS,PRJNA1108025,6.0,,,False,,,False
SAMN41221428,1,12216332100,ILLUMINA,WGS,PRJNA1108025,5.3,,,False,,,False
SAMN41221429,1,12218698800,ILLUMINA,WGS,PRJNA1108025,5.3,,,False,,,False
SAMN41221430,1,13905241800,ILLUMINA,WGS,PRJNA1108025,6.0,,,False,,,False
SAMN41221431,1,12995184900,ILLUMINA,WGS,PRJNA1108025,5.7,,,False,,,False
SAMN41221432,1,11988264900,ILLUMINA,WGS,PRJNA1108025,5.2,,,False,,,False
SAMN41221433,1,12062461500,ILLUMINA,WGS,PRJNA1108025,5.2,,,False,,,False
SAMN41221434,1,16076358300,ILLUMINA,WGS,PRJNA1108025,7.0,,,False,,,False
SAMN41221435,1,12086840700,ILLUMINA,WGS,PRJNA1108025,5.3,,,False,,,False
SAMN41221436,1,12235257300,ILLUMINA,WGS,PRJNA1108025,5.3,,,False,,,False
SAMN41221437,1,18959976900,ILLUMINA,WGS,PRJNA1108025,8.2,,,False,,,False
SAMN41221438,1,12391940700,ILLUMINA,WGS,PRJNA1108025,5.4,,,False,,,False
SAMN41221439,1,14555924100,ILLUMINA,WGS,PRJNA1108025,6.3,,,False,,,False
SAMN41221440,1,12203178300,ILLUMINA,WGS,PRJNA1108025,5.3,,,False,,,False
SAMN41221441,1,11870236200,ILLUMINA,WGS,PRJNA1108025,5.2,,,False,,,False
SAMN41221442,1,13265854200,ILLUMINA,WGS,PRJNA1108025,5.8,,,False,,,False
SAMN41221443,1,13735846500,ILLUMINA,WGS,PRJNA1108025,6.0,,,False,,,False
SAMN41221444,1,12737886900,ILLUMINA,WGS,PRJNA1108025,5.5,,,False,,,False
SAMN41221445,1,12967931100,ILLUMINA,WGS,PRJNA1108025,5.6,,,False,,,False
SAMN41221446,1,12560805600,ILLUMINA,WGS,PRJNA1108025,5.5,,,False,,,False
SAMN41221447,1,12706922700,ILLUMINA,WGS,PRJNA1108025,5.5,,,False,,,False
SAMN41221448,1,12310888200,ILLUMINA,WGS,PRJNA1108025,5.4,,,False,,,False
SAMN41221449,1,12176304000,ILLUMINA,WGS,PRJNA1108025,5.3,,,False,,,False
SAMN41221450,1,13833409800,ILLUMINA,WGS,PRJNA1108025,6.0,,,False,,,False
SAMN41221451,1,11804547600,ILLUMINA,WGS,PRJNA1108025,5.1,,,False,,,False
SAMN41221452,1,12257068800,ILLUMINA,WGS,PRJNA1108025,5.3,,,False,,,False
SAMN41221453,1,13247985000,ILLUMINA,WGS,PRJNA1108025,5.8,,,False,,,False
SAMN41221454,1,12332961000,ILLUMINA,WGS,PRJNA1108025,5.4,,,False,,,False
SAMN41221455,1,13200698700,ILLUMINA,WGS,PRJNA1108025,5.7,,,False,,,False
SAMN41221456,1,11859801900,ILLUMINA,WGS,PRJNA1108025,5.2,,,False,,,False
SAMN41221457,1,12844272900,ILLUMINA,WGS,PRJNA1108025,5.6,,,False,,,False
SAMN41221458,1,12595118400,ILLUMINA,WGS,PRJNA1108025,5.5,,,False,,,False
SAMN41221459,1,12883626900,ILLUMINA,WGS,PRJNA1108025,5.6,,,False,,,False
SAMN41221460,1,12717071400,ILLUMINA,WGS,PRJNA1108025,5.5,,,False,,,False
SAMN41221461,1,13078754400,ILLUMINA,WGS,PRJNA1108025,5.7,,,False,,,False
SAMN41221462,1,14395978200,ILLUMINA,WGS,PRJNA1108025,6.3,,,False,,,False
SAMN41221463,1,12767611200,ILLUMINA,WGS,PRJNA1108025,5.6,,,False,,,False
SAMN41221464,1,11785038000,ILLUMINA,WGS,PRJNA1108025,5.1,,,False,,,False
SAMN41221465,1,12536139600,ILLUMINA,WGS,PRJNA1108025,5.5,,,False,,,False
SAMN41221466,1,13872046800,ILLUMINA,WGS,PRJNA1108025,6.0,,,False,,,False
SAMN41221467,1,13263740400,ILLUMINA,WGS,PRJNA1108025,5.8,,,False,,,False
SAMN41221468,1,12013755900,ILLUMINA,WGS,PRJNA1108025,5.2,,,False,,,False
SAMN41221469,1,14448208200,ILLUMINA,WGS,PRJNA1108025,6.3,,,False,,,False
SAMN41221470,1,12611191800,ILLUMINA,WGS,PRJNA1108025,5.5,,,False,,,False
SAMN41221471,1,16076117700,ILLUMINA,WGS,PRJNA1108025,7.0,,,False,,,False
SAMN41221472,1,15210801300,ILLUMINA,WGS,PRJNA1108025,6.6,,,False,,,False
SAMN41221473,1,12186999000,ILLUMINA,WGS,PRJNA1108025,5.3,,,False,,,False
SAMN41221474,1,12804193800,ILLUMINA,WGS,PRJNA1108025,5.6,,,False,,,False
SAMN41221475,1,12680958300,ILLUMINA,WGS,PRJNA1108025,5.5,,,False,,,False
SAMN41221476,1,12234536700,ILLUMINA,WGS,PRJNA1108025,5.3,,,False,,,False
SAMN41221477,1,12422252700,ILLUMINA,WGS,PRJNA1108025,5.4,,,False,,,False
SAMN41398977,5,199617039356,OXFORD_NANOPORE,WGS,PRJNA1103102,86.8,,,False,,,False
SAMN41398978,5,226077311598,OXFORD_NANOPORE,WGS,PRJNA1103102,98.3,,,False,,,False
SAMN41398979,5,226116069546,OXFORD_NANOPORE,WGS,PRJNA1103102,98.3,,,False,,,False
SAMN41398980,5,197887983228,OXFORD_NANOPORE,WGS,PRJNA1103102,86.0,,,False,,,False
SAMN41398981,5,205586884556,OXFORD_NANOPORE,WGS,PRJNA1103102,89.4,,,False,,,False
SAMN41398982,5,206060958078,OXFORD_NANOPORE,WGS,PRJNA1103102,89.6,,,False,,,False
SAMN41398983,5,208456009886,OXFORD_NANOPORE,WGS,PRJNA1103102,90.6,,,False,,,False
SAMN41398984,5,216556276205,OXFORD_NANOPORE,WGS,PRJNA1103102,94.2,,,False,,,False
SAMN41398985,5,204873096340,OXFORD_NANOPORE,WGS,PRJNA1103102,89.1,,,False,,,False
SAMN41398986,5,216530725257,OXFORD_NANOPORE,WGS,PRJNA1103102,94.1,,,False,,,False
SAMN41398987,5,212423281197,OXFORD_NANOPORE,WGS,PRJNA1103102,92.4,,,False,,,False
SAMN41398988,5,215328395877,OXFORD_NANOPORE,WGS,PRJNA1103102,93.6,,,False,,,False
SAMN41398989,5,178451381341,OXFORD_NANOPORE,WGS,PRJNA1103102,77.6,,,False,,,False
SAMN41398990,5,213646345562,OXFORD_NANOPORE,WGS,PRJNA1103102,92.9,,,False,,,False
SAMN41398991,5,216470091905,OXFORD_NANOPORE,WGS,PRJNA1103102,94.1,,,False,,,False
SAMN41398992,5,250676897776,OXFORD_NANOPORE,WGS,PRJNA1103102,109.0,,,False,,,False
SAMN41398993,5,210437746279,OXFORD_NANOPORE,WGS,PRJNA1103102,91.5,,,False,,,False
SAMN41398994,5,206084511141,OXFORD_NANOPORE,WGS,PRJNA1103102,89.6,,,False,,,False
SAMN41398995,5,202036368213,OXFORD_NANOPORE,WGS,PRJNA1103102,87.8,,,False,,,False
SAMN41398996,5,204754374118,OXFORD_NANOPORE,WGS,PRJNA1103102,89.0,,,False,,,False
SAMN41398997,5,209511964906,OXFORD_NANOPORE,WGS,PRJNA1103102,91.1,,,False,,,False
SAMN41398998,5,211801411809,OXFORD_NANOPORE,WGS,PRJNA1103102,92.1,,,False,,,False
SAMN41398999,5,211945175988,OXFORD_NANOPORE,WGS,PRJNA1103102,92.2,,,False,,,False
SAMN41399000,5,210893480772,OXFORD_NANOPORE,WGS,PRJNA1103102,91.7,,,False,,,False
SAMN41399001,5,194557895146,OXFORD_NANOPORE,WGS,PRJNA1103102,84.6,,,False,,,False
SAMN41563854,1,20964406200,ILLUMINA,WGS,PRJNA1116581,9.1,PI 690626,15.0,False,Maize.Group.Ames.Panel.2010,CML 384,True
SAMN41563855,1,21981180900,ILLUMINA,WGS,PRJNA1116581,9.6,PI 690627,15.0,False,Maize.Group.Ames.Panel.2010,CML 395,True
SAMN41563856,1,12714705900,ILLUMINA,WGS,PRJNA1116581,5.5,,,False,,,False
SAMN41563857,1,13624584000,ILLUMINA,WGS,PRJNA1116581,5.9,,,False,,,False
SAMN41563858,1,13063057800,ILLUMINA,WGS,PRJNA1116581,5.7,,,False,,,False
SAMN41574833,1,75050460300,ILLUMINA,WGS,PRJNA1117575,32.6,,,False,,,False
SAMN41574834,1,250018542300,ILLUMINA,WGS,PRJNA1117575,108.7,,,False,,,False
SAMN41659384,1,30444851035,PACBIO_SMRT,OTHER,PRJNA1119563,13.2,PI 550473,48.0,True,Maize.Set.Inbred.Diversity.282.Plus.NAM.Parents,B73,True
SAMN41659385,1,25685024078,PACBIO_SMRT,OTHER,PRJNA1119563,11.2,PI 550473,48.0,True,Maize.Set.Inbred.Diversity.282.Plus.NAM.Parents,B73,True
SAMN41826402,1,12620963700,ILLUMINA,WGS,PRJNA1123779,5.5,Ames 34378,15.0,False,,CML 312,True
SAMN41826403,1,16495386900,ILLUMINA,WGS,PRJNA1123779,7.2,PI 690623,15.0,False,Maize.Group.Ames.Panel.2010,CML 373,True
SAMN41826404,1,20964406200,ILLUMINA,WGS,PRJNA1123779,9.1,PI 690626,15.0,False,Maize.Group.Ames.Panel.2010,CML 384,True
SAMN41826405,1,21981180900,ILLUMINA,WGS,PRJNA1123779,9.6,PI 690627,15.0,False,Maize.Group.Ames.Panel.2010,CML 395,True
SAMN41826406,1,14934726600,ILLUMINA,WGS,PRJNA1123779,6.5,,,False,,,False
SAMN41826409,1,12498494700,ILLUMINA,WGS,PRJNA1123779,5.4,,,False,,,False
SAMN41826410,1,13063057800,ILLUMINA,WGS,PRJNA1123779,5.7,,,False,,,False
SAMN41846245,4,342266190900,ILLUMINA,WGS,PRJNA1124243,148.8,,,False,,,False
SAMN41864756,3,89439669600,ILLUMINA,OTHER,PRJNA1035166,38.9,,,False,,,False
SAMN41864757,3,61079369100,ILLUMINA,OTHER,PRJNA1035166,26.6,,,False,,,False
SAMN41864758,1,16987791300,ILLUMINA,OTHER,PRJNA1035166,7.4,,,False,,,False
SAMN41939082,4,154847791068,PACBIO_SMRT,WGS,PRJNA1126340,67.3,,,False,,,False
SAMN42558964,3,241736531482,ILLUMINA,WGS,PRJNA1136904,105.1,PI 550473,48.0,True,Maize.Set.Inbred.Diversity.282.Plus.NAM.Parents,B73,True
SAMN42558965,3,250622092960,ILLUMINA,WGS,PRJNA1136904,109.0,PI 550473,48.0,True,Maize.Set.Inbred.Diversity.282.Plus.NAM.Parents,B73,True
SAMN42564763,1,75817141800,ILLUMINA,WGS,PRJNA1137052,33.0,,,False,,,False
SAMN42564764,1,80525610300,ILLUMINA,WGS,PRJNA1137052,35.0,,,False,,,False
SAMN42585810,3,24237678930,ILLUMINA,WGS,PRJNA1137362,10.5,PI 550473,48.0,True,Maize.Set.Inbred.Diversity.282.Plus.NAM.Parents,B73,True
SAMN42585811,3,23659100686,ILLUMINA,WGS,PRJNA1137362,10.3,PI 550473,48.0,True,Maize.Set.Inbred.Diversity.282.Plus.NAM.Parents,B73,True
SAMN42585812,3,25131560878,ILLUMINA,WGS,PRJNA1137362,10.9,PI 550473,48.0,True,Maize.Set.Inbred.Diversity.282.Plus.NAM.Parents,B73,True
SAMN42585813,3,30252830068,ILLUMINA,WGS,PRJNA1137362,13.2,PI 550473,48.0,True,Maize.Set.Inbred.Diversity.282.Plus.NAM.Parents,B73,True
SAMN42844286,1,14934726600,ILLUMINA,WGS,PRJNA1116581,6.5,,,False,,,False
SAMN42844287,1,13247161500,ILLUMINA,WGS,PRJNA1116581,5.8,,,False,,,False
SAMN42956954,1,23395845126,BGISEQ,WGS,PRJNA1142681,10.2,,,False,,,False
SAMN42956955,1,23653256248,BGISEQ,WGS,PRJNA1142681,10.3,,,False,,,False
SAMN42956965,1,24037739100,BGISEQ,WGS,PRJNA1142681,10.5,,,False,,,False
SAMN42956967,1,23080911300,BGISEQ,WGS,PRJNA1142681,10.0,,,False,,,False
SAMN42956971,1,24009841200,BGISEQ,WGS,PRJNA1142681,10.4,,,False,,,False
SAMN42956973,1,24018488100,BGISEQ,WGS,PRJNA1142681,10.4,,,False,,,False
SAMN42956975,1,22306767600,BGISEQ,WGS,PRJNA1142681,9.7,,,False,,,False
SAMN42956978,1,24004199100,BGISEQ,WGS,PRJNA1142681,10.4,,,False,,,False
SAMN42956992,1,35772111600,BGISEQ,WGS,PRJNA1142681,15.6,,,False,,,False
SAMN42956994,1,26890033800,BGISEQ,WGS,PRJNA1142681,11.7,,,False,,,False
SAMN42957000,1,19864478700,BGISEQ,WGS,PRJNA1142681,8.6,,,False,,,False
SAMN42957008,1,34707142200,BGISEQ,WGS,PRJNA1142681,15.1,,,False,,,False
SAMN42957013,1,29267270400,BGISEQ,WGS,PRJNA1142681,12.7,,,False,,,False
SAMN42957032,1,21177789300,BGISEQ,WGS,PRJNA1142681,9.2,,,False,,,False
SAMN42957034,1,24895973400,BGISEQ,WGS,PRJNA1142681,10.8,,,False,,,False
SAMN42957043,1,23603403300,BGISEQ,WGS,PRJNA1142681,10.3,,,False,,,False
SAMN42957048,1,20150325000,BGISEQ,WGS,PRJNA1142681,8.8,,,False,,,False
SAMN42957052,1,21108019500,BGISEQ,WGS,PRJNA1142681,9.2,,,False,,,False
SAMN42957056,1,22310779200,BGISEQ,WGS,PRJNA1142681,9.7,,,False,,,False
SAMN42957057,1,24127785600,BGISEQ,WGS,PRJNA1142681,10.5,,,False,,,False
SAMN42957058,1,26226420000,BGISEQ,WGS,PRJNA1142681,11.4,,,False,,,False
SAMN42957068,1,25149292800,BGISEQ,WGS,PRJNA1142681,10.9,,,False,,,False
SAMN42957081,1,28390333200,BGISEQ,WGS,PRJNA1142681,12.3,,,False,,,False
SAMN42957088,1,25584309000,BGISEQ,WGS,PRJNA1142681,11.1,,,False,,,False
SAMN43818895,1,19107538800,ILLUMINA,WGS,PRJNA1162684,8.3,PI 550473,48.0,True,Maize.Set.Inbred.Diversity.282.Plus.NAM.Parents,B73,True
SAMN44075385,1,11976589800,ILLUMINA,WGS,PRJNA1170466,5.2,,,False,,,False
SAMN44075386,1,17464950300,ILLUMINA,WGS,PRJNA1170466,7.6,,,False,,,False
SAMN44075387,1,12828960000,ILLUMINA,WGS,PRJNA1170466,5.6,,,False,,,False
SAMN44075388,1,14535951600,ILLUMINA,WGS,PRJNA1170466,6.3,,,False,,,False
SAMN44075391,1,13409541000,ILLUMINA,WGS,PRJNA1170466,5.8,,,False,,,False
SAMN44075392,1,12112973700,ILLUMINA,WGS,PRJNA1170466,5.3,,,False,,,False
SAMN44075393,1,12131941500,ILLUMINA,WGS,PRJNA1170466,5.3,,,False,,,False
SAMN44075394,1,14250458700,ILLUMINA,WGS,PRJNA1170466,6.2,,,False,,,False
SAMN44075395,1,25700167500,ILLUMINA,WGS,PRJNA1170466,11.2,,,False,,,False
SAMN44075396,1,13515755400,ILLUMINA,WGS,PRJNA1170466,5.9,,,False,,,False
SAMN44075397,1,15247115700,ILLUMINA,WGS,PRJNA1170466,6.6,,,False,,,False
SAMN44075398,1,13422918900,ILLUMINA,WGS,PRJNA1170466,5.8,,,False,,,False
SAMN44075399,1,13783329600,ILLUMINA,WGS,PRJNA1170466,6.0,,,False,,,False
SAMN44075400,1,13823523900,ILLUMINA,WGS,PRJNA1170466,6.0,,,False,,,False
SAMN44075401,1,13024318200,ILLUMINA,WGS,PRJNA1170466,5.7,,,False,,,False
SAMN44075402,1,13837375500,ILLUMINA,WGS,PRJNA1170466,6.0,,,False,,,False
SAMN44075403,1,11905221300,ILLUMINA,WGS,PRJNA1170466,5.2,,,False,,,False
SAMN44075404,1,11892651900,ILLUMINA,WGS,PRJNA1170466,5.2,,,False,,,False
SAMN44075405,1,15793661400,ILLUMINA,WGS,PRJNA1170466,6.9,,,False,,,False
SAMN44075406,1,11687148000,ILLUMINA,WGS,PRJNA1170466,5.1,,,False,,,False
SAMN44075407,1,13026549600,ILLUMINA,WGS,PRJNA1170466,5.7,,,False,,,False
SAMN44075408,1,14156235900,ILLUMINA,WGS,PRJNA1170466,6.2,,,False,,,False
SAMN44075409,1,15007114800,ILLUMINA,WGS,PRJNA1170466,6.5,,,False,,,False
SAMN44075410,1,18376927500,ILLUMINA,WGS,PRJNA1170466,8.0,,,False,,,False
SAMN44075411,1,25733058900,ILLUMINA,WGS,PRJNA1170466,11.2,,,False,,,False
SAMN44075412,1,14040126600,ILLUMINA,WGS,PRJNA1170466,6.1,,,False,,,False
SAMN44075413,1,13993092900,ILLUMINA,WGS,PRJNA1170466,6.1,,,False,,,False
SAMN44075414,1,12320079000,ILLUMINA,WGS,PRJNA1170466,5.4,,,False,,,False
SAMN44075415,1,17013380100,ILLUMINA,WGS,PRJNA1170466,7.4,,,False,,,False
SAMN44075416,1,14816251200,ILLUMINA,WGS,PRJNA1170466,6.4,,,False,,,False
SAMN44075417,1,16218842700,ILLUMINA,WGS,PRJNA1170466,7.1,,,False,,,False
SAMN44075418,1,19376267100,ILLUMINA,WGS,PRJNA1170466,8.4,,,False,,,False
SAMN44075419,1,15033111300,ILLUMINA,WGS,PRJNA1170466,6.5,,,False,,,False
SAMN44075420,1,18128114700,ILLUMINA,WGS,PRJNA1170466,7.9,,,False,,,False
SAMN44075421,1,16938418200,ILLUMINA,WGS,PRJNA1170466,7.4,PI 587140,39.0,True,Maize.Set.Inbred.Diversity.282.Plus.NAM.Parents,A632,True
SAMN44075422,1,17645595600,ILLUMINA,WGS,PRJNA1170466,7.7,,,False,,,False
SAMN44075423,1,13531339800,ILLUMINA,WGS,PRJNA1170466,5.9,,,False,,,False
SAMN44075424,1,12585997800,ILLUMINA,WGS,PRJNA1170466,5.5,,,False,,,False
SAMN44075425,1,13774510200,ILLUMINA,WGS,PRJNA1170466,6.0,,,False,,,False
SAMN44075427,1,12581521800,ILLUMINA,WGS,PRJNA1170466,5.5,PI 601572,31.0,False,Maize.Group.PVP,PHR47,True
SAMN44075429,1,15676304700,ILLUMINA,WGS,PRJNA1170466,6.8,PI 601563,30.0,True,Maize.Group.PVP,87916W,True
SAMN44075430,1,23024148600,ILLUMINA,WGS,PRJNA1170466,10.0,PI 539922,20.0,True,Maize.Group.PVP,LH190,True
SAMN44075431,1,17650313400,ILLUMINA,WGS,PRJNA1170466,7.7,PI 539924,19.0,True,Maize.Group.PVP,LH202,True
SAMN44075432,1,14998782300,ILLUMINA,WGS,PRJNA1170466,6.5,PI 601441,30.0,True,Maize.Group.PVP,PB80,True
SAMN44075433,1,19774903200,ILLUMINA,WGS,PRJNA1170466,8.6,,,False,,,False
SAMN44075434,1,33194805900,ILLUMINA,WGS,PRJNA1170466,14.4,PI 601575,31.0,True,Maize.Group.PVP,PHW52,True
SAMN44075435,1,15705233100,ILLUMINA,WGS,PRJNA1170466,6.8,PI 548802,29.0,True,Maize.Group.PVP,PHN66,True
SAMN44075436,1,12936402000,ILLUMINA,WGS,PRJNA1170466,5.6,PI 559382,29.0,False,Maize.Group.PVP,ICI 740,True
SAMN44075437,1,14218308900,ILLUMINA,WGS,PRJNA1170466,6.2,PI 543847,29.0,True,Maize.Group.PVP,PHV07,True
SAMN44075438,1,16451192700,ILLUMINA,WGS,PRJNA1170466,7.2,PI 543849,19.0,True,Maize.Group.PVP,PHW51,True
SAMN44075439,1,12698386500,ILLUMINA,WGS,PRJNA1170466,5.5,PI 601776,31.0,True,Maize.Group.PVP,PHJ75,True
SAMN44075440,1,13896873600,ILLUMINA,WGS,PRJNA1170466,6.0,PI 601573,31.0,False,Maize.Group.PVP,PHT10,True
SAMN44075441,1,11685310800,ILLUMINA,WGS,PRJNA1170466,5.1,PI 538010,29.0,True,Maize.Group.PVP,LH206,True
SAMN44075442,1,14074937100,ILLUMINA,WGS,PRJNA1170466,6.1,PI 538009,19.0,True,Maize.Group.PVP,LH196,True
SAMN44075443,1,15282110100,ILLUMINA,WGS,PRJNA1170466,6.6,,,False,,,False
SAMN44075444,1,20253810300,ILLUMINA,WGS,PRJNA1170466,8.8,PI 555462,29.0,True,Maize.Group.PVP,F118,True
SAMN44075445,1,21230050800,ILLUMINA,WGS,PRJNA1170466,9.2,PI 537097,29.0,True,Maize.Group.PVP,LH195,True
SAMN44075446,1,19557880500,ILLUMINA,WGS,PRJNA1170466,8.5,,,False,,,False
SAMN44075447,1,13649258100,ILLUMINA,WGS,PRJNA1170466,5.9,,,False,,,False
SAMN44075448,1,17660207100,ILLUMINA,WGS,PRJNA1170466,7.7,PI 559944,29.0,True,Maize.Group.PVP,PHP85,True
SAMN44075449,1,21160358400,ILLUMINA,WGS,PRJNA1170466,9.2,,,False,,,False
SAMN44075450,1,17849834400,ILLUMINA,WGS,PRJNA1170466,7.8,PI 601610,30.0,True,Maize.Group.PVP,H8431,True
SAMN44075451,1,15032044500,ILLUMINA,WGS,PRJNA1170466,6.5,PI 546483,29.0,True,Maize.Group.PVP,6F629,True
SAMN44075452,1,15797570100,ILLUMINA,WGS,PRJNA1170466,6.9,PI 546485,29.0,True,Maize.Group.PVP,NL001,True
SAMN44075453,1,20668218000,ILLUMINA,WGS,PRJNA1170466,9.0,,,False,,,False
SAMN44075454,1,14304363300,ILLUMINA,WGS,PRJNA1170466,6.2,PI 601729,20.0,False,Maize.Group.PVP,W8555,True
SAMN44075455,1,18533457600,ILLUMINA,WGS,PRJNA1170466,8.1,PI 601775,31.0,True,Maize.Group.PVP,PHJ70,True
SAMN44075456,1,15248575200,ILLUMINA,WGS,PRJNA1170466,6.6,PI 550473,48.0,True,Maize.Set.Inbred.Diversity.282.Plus.NAM.Parents,B73,True
SAMN44075457,1,12331982700,ILLUMINA,WGS,PRJNA1170466,5.4,PI 641017,1.0,False,,PH6WC,True
SAMN44075458,1,12906279000,ILLUMINA,WGS,PRJNA1170466,5.6,,,False,,,False
SAMN44075459,1,26534955000,ILLUMINA,WGS,PRJNA1170466,11.5,,,False,,,False
SAMN44075460,1,13253229000,ILLUMINA,WGS,PRJNA1170466,5.8,,,False,,,False
SAMN44075461,1,12947439000,ILLUMINA,WGS,PRJNA1170466,5.6,,,False,,,False
SAMN44075462,1,16339436100,ILLUMINA,WGS,PRJNA1170466,7.1,,,False,,,False
SAMN44075463,1,13020249000,ILLUMINA,WGS,PRJNA1170466,5.7,,,False,,,False
SAMN44075464,1,16243462800,ILLUMINA,WGS,PRJNA1170466,7.1,,,False,,,False
SAMN44075465,1,16151253300,ILLUMINA,WGS,PRJNA1170466,7.0,,,False,,,False
SAMN44075466,1,15876171600,ILLUMINA,WGS,PRJNA1170466,6.9,,,False,,,False
SAMN44075467,1,21518174100,ILLUMINA,WGS,PRJNA1170466,9.4,PI 601005,35.0,True,Maize.Group.PVP,PH207,True
SAMN44075468,1,22644100800,ILLUMINA,WGS,PRJNA1170466,9.8,PI 690332,37.0,True,Maize.Set.Inbred.Diversity.282.Plus.NAM.Parents,Oh43,True
SAMN44075469,1,14235420600,ILLUMINA,WGS,PRJNA1170466,6.2,,,False,,,False
SAMN44075470,1,13192532400,ILLUMINA,WGS,PRJNA1170466,5.7,,,False,,,False
SAMN44075471,1,12288356400,ILLUMINA,WGS,PRJNA1170466,5.3,,,False,,,False
SAMN44075472,1,12236338200,ILLUMINA,WGS,PRJNA1170466,5.3,PI 631363,27.0,False,Maize.Group.PVP,PH4CV,True
SAMN44075473,1,15244427100,ILLUMINA,WGS,PRJNA1170466,6.6,,,False,,,False
SAMN44075474,1,13097388300,ILLUMINA,WGS,PRJNA1170466,5.7,,,False,,,False
SAMN44075475,1,12103555500,ILLUMINA,WGS,PRJNA1170466,5.3,,,False,,,False
SAMN44075476,1,12662760300,ILLUMINA,WGS,PRJNA1170466,5.5,,,False,,,False
SAMN44075477,1,12806378700,ILLUMINA,WGS,PRJNA1170466,5.6,,,False,,,False
SAMN44075478,1,12392665200,ILLUMINA,WGS,PRJNA1170466,5.4,,,False,,,False
SAMN44075479,1,13494685200,ILLUMINA,WGS,PRJNA1170466,5.9,PI 558532,46.0,True,Maize.Set.Inbred.Diversity.282.Plus.NAM.Parents,Mo17,True
SAMN44075480,1,18447033900,ILLUMINA,WGS,PRJNA1170466,8.0,,,False,,,False
SAMN44075481,1,13523029500,ILLUMINA,WGS,PRJNA1170466,5.9,,,False,,,False
SAMN44075483,1,14342105100,ILLUMINA,WGS,PRJNA1170466,6.2,,,False,,,False
SAMN44075485,1,11766774300,ILLUMINA,WGS,PRJNA1170466,5.1,,,False,,,False
SAMN44075486,1,11763798000,ILLUMINA,WGS,PRJNA1170466,5.1,PI 543846,19.0,True,Maize.Group.PVP,PHP76,True
SAMN44075487,1,12141731400,ILLUMINA,WGS,PRJNA1170466,5.3,PI 601499,31.0,False,Maize.Group.PVP,PHT77,True
SAMN44075489,1,14041299600,ILLUMINA,WGS,PRJNA1170466,6.1,,,False,,,False
SAMN44075490,1,17534303700,ILLUMINA,WGS,PRJNA1170466,7.6,PI 555660,29.0,True,Maize.Group.PVP,LH214,True
SAMN44075491,1,13550213400,ILLUMINA,WGS,PRJNA1170466,5.9,PI 601583,29.0,True,Maize.Group.PVP,NS501,True
SAMN44075492,1,20610762000,ILLUMINA,WGS,PRJNA1170466,9.0,PI 601786,31.0,False,Maize.Group.PVP,PHR62,True
SAMN44075493,1,15250855200,ILLUMINA,WGS,PRJNA1170466,6.6,PI 548839,29.0,True,Maize.Group.PVP,MBUB,True
SAMN44075494,1,14287761900,ILLUMINA,WGS,PRJNA1170466,6.2,PI 601270,33.0,False,Maize.Group.PVP,PHG29,True
SAMN44075495,1,15300608100,ILLUMINA,WGS,PRJNA1170466,6.7,,,False,,,False
SAMN44075496,1,13527969300,ILLUMINA,WGS,PRJNA1170466,5.9,PI 548798,29.0,True,Maize.Group.PVP,PHJ89,True
SAMN44075497,1,12755407500,ILLUMINA,WGS,PRJNA1170466,5.5,PI 601788,31.0,True,Maize.Group.PVP,PHT22,True
SAMN44075498,1,14661748800,ILLUMINA,WGS,PRJNA1170466,6.4,PI 600955,36.0,False,Maize.Group.PVP,LH51,True
SAMN44075499,1,13795679100,ILLUMINA,WGS,PRJNA1170466,6.0,PI 559918,31.0,False,Maize.Group.PVP,NQ508,True
SAMN44075500,1,16264832400,ILLUMINA,WGS,PRJNA1170466,7.1,,,False,,,False
SAMN44075501,1,17726349600,ILLUMINA,WGS,PRJNA1170466,7.7,PI 559954,29.0,True,Maize.Group.PVP,PHWG5,True
SAMN44075502,1,18473809500,ILLUMINA,WGS,PRJNA1170466,8.0,,,False,,,False
SAMN44075503,1,21936716400,ILLUMINA,WGS,PRJNA1170466,9.5,,,False,,,False
SAMN44075504,1,30425233800,ILLUMINA,WGS,PRJNA1170466,13.2,PI 601783,32.0,True,Maize.Group.PVP,PHN82,True
SAMN44075505,1,29576982600,ILLUMINA,WGS,PRJNA1170466,12.9,PI 601778,31.0,False,Maize.Group.PVP,PHM10,True
SAMN44075506,1,17394343500,ILLUMINA,WGS,PRJNA1170466,7.6,PI 548805,19.0,True,Maize.Group.PVP,PHR58,True
SAMN44075507,1,18576629100,ILLUMINA,WGS,PRJNA1170466,8.1,,,False,,,False
SAMN44075508,1,22061840700,ILLUMINA,WGS,PRJNA1170466,9.6,PI 601725,20.0,False,Maize.Group.PVP,J8606,True
SAMN44075509,1,17615368800,ILLUMINA,WGS,PRJNA1170466,7.7,PI 547090,29.0,True,Maize.Group.PVP,LH213,True
SAMN44075510,1,14061809400,ILLUMINA,WGS,PRJNA1170466,6.1,,,False,,,False
SAMN44075511,1,12737422200,ILLUMINA,WGS,PRJNA1170466,5.5,,,False,,,False
SAMN44075512,1,22919875800,ILLUMINA,WGS,PRJNA1170466,10.0,,,False,,,False
SAMN44075513,1,30283944600,ILLUMINA,WGS,PRJNA1170466,13.2,,,False,,,False
SAMN44075514,1,13318377600,ILLUMINA,WGS,PRJNA1170466,5.8,,,False,,,False
SAMN44075515,1,16733625300,ILLUMINA,WGS,PRJNA1170466,7.3,,,False,,,False
SAMN44075516,1,14316702000,ILLUMINA,WGS,PRJNA1170466,6.2,,,False,,,False
SAMN44075517,1,14680095300,ILLUMINA,WGS,PRJNA1170466,6.4,,,False,,,False
SAMN44075518,1,13988674800,ILLUMINA,WGS,PRJNA1170466,6.1,,,False,,,False
SAMN44075519,1,14623835400,ILLUMINA,WGS,PRJNA1170466,6.4,,,False,,,False
SAMN44075520,1,14388158400,ILLUMINA,WGS,PRJNA1170466,6.3,,,False,,,False
SAMN44075521,1,14868158400,ILLUMINA,WGS,PRJNA1170466,6.5,,,False,,,False
SAMN44075522,1,13505173200,ILLUMINA,WGS,PRJNA1170466,5.9,,,False,,,False
SAMN44075523,1,13517262600,ILLUMINA,WGS,PRJNA1170466,5.9,,,False,,,False
SAMN44075524,1,16032033000,ILLUMINA,WGS,PRJNA1170466,7.0,,,False,,,False
SAMN44075525,1,19374447000,ILLUMINA,WGS,PRJNA1170466,8.4,,,False,,,False
SAMN44075526,1,14972166900,ILLUMINA,WGS,PRJNA1170466,6.5,,,False,,,False
SAMN44075527,1,16157696400,ILLUMINA,WGS,PRJNA1170466,7.0,,,False,,,False
SAMN44075528,1,11986038600,ILLUMINA,WGS,PRJNA1170466,5.2,,,False,,,False
SAMN44075529,1,11834476800,ILLUMINA,WGS,PRJNA1170466,5.1,,,False,,,False
SAMN44075531,1,12061289400,ILLUMINA,WGS,PRJNA1170466,5.2,,,False,,,False
SAMN44075532,1,13623326400,ILLUMINA,WGS,PRJNA1170466,5.9,,,False,,,False
SAMN44075533,1,15773901900,ILLUMINA,WGS,PRJNA1170466,6.9,,,False,,,False
SAMN44075534,1,13822486500,ILLUMINA,WGS,PRJNA1170466,6.0,,,False,,,False
SAMN44075535,1,22444238700,ILLUMINA,WGS,PRJNA1170466,9.8,,,False,,,False
SAMN44075536,1,13086825300,ILLUMINA,WGS,PRJNA1170466,5.7,,,False,,,False
SAMN44075537,1,16361187900,ILLUMINA,WGS,PRJNA1170466,7.1,,,False,,,False
SAMN44075538,1,19361669700,ILLUMINA,WGS,PRJNA1170466,8.4,,,False,,,False
SAMN44075539,1,19324065000,ILLUMINA,WGS,PRJNA1170466,8.4,,,False,,,False
SAMN44075540,1,13057463400,ILLUMINA,WGS,PRJNA1170466,5.7,,,False,,,False
SAMN44075541,1,14408739600,ILLUMINA,WGS,PRJNA1170466,6.3,,,False,,,False
SAMN44075542,1,13627866900,ILLUMINA,WGS,PRJNA1170466,5.9,,,False,,,False
SAMN44075543,1,13384210800,ILLUMINA,WGS,PRJNA1170466,5.8,,,False,,,False
SAMN44075544,1,12361566900,ILLUMINA,WGS,PRJNA1170466,5.4,,,False,,,False
SAMN44075545,1,13937428200,ILLUMINA,WGS,PRJNA1170466,6.1,,,False,,,False
SAMN44075546,1,18435426000,ILLUMINA,WGS,PRJNA1170466,8.0,,,False,,,False
SAMN44075547,1,18205846500,ILLUMINA,WGS,PRJNA1170466,7.9,,,False,,,False
SAMN44075548,1,14107225200,ILLUMINA,WGS,PRJNA1170466,6.1,,,False,,,False
SAMN44075551,1,20873803800,ILLUMINA,WGS,PRJNA1170466,9.1,,,False,,,False
SAMN44075552,1,13529606100,ILLUMINA,WGS,PRJNA1170466,5.9,,,False,,,False
SAMN44075553,1,13809748800,ILLUMINA,WGS,PRJNA1170466,6.0,,,False,,,False
SAMN44075555,1,11670817800,ILLUMINA,WGS,PRJNA1170466,5.1,,,False,,,False
SAMN44075557,1,17401658400,ILLUMINA,WGS,PRJNA1170466,7.6,,,False,,,False
SAMN44075558,1,23499559200,ILLUMINA,WGS,PRJNA1170466,10.2,,,False,,,False
SAMN44075559,1,14212916100,ILLUMINA,WGS,PRJNA1170466,6.2,,,False,,,False
SAMN44075560,1,26958631800,ILLUMINA,WGS,PRJNA1170466,11.7,,,False,,,False
SAMN44075561,1,17519376900,ILLUMINA,WGS,PRJNA1170466,7.6,,,False,,,False
SAMN44075562,1,19732476600,ILLUMINA,WGS,PRJNA1170466,8.6,,,False,,,False
SAMN44075563,1,15680372700,ILLUMINA,WGS,PRJNA1170466,6.8,,,False,,,False
SAMN44075564,1,14584638000,ILLUMINA,WGS,PRJNA1170466,6.3,,,False,,,False
SAMN44075565,1,11942346600,ILLUMINA,WGS,PRJNA1170466,5.2,,,False,,,False
SAMN44075566,1,12883054800,ILLUMINA,WGS,PRJNA1170466,5.6,,,False,,,False
SAMN44075567,1,16812456600,ILLUMINA,WGS,PRJNA1170466,7.3,,,False,,,False
SAMN44075568,1,18095740800,ILLUMINA,WGS,PRJNA1170466,7.9,,,False,,,False
SAMN44075569,1,13476910800,ILLUMINA,WGS,PRJNA1170466,5.9,,,False,,,False
SAMN44075570,1,15035342700,ILLUMINA,WGS,PRJNA1170466,6.5,,,False,,,False
SAMN44075571,1,12049958700,ILLUMINA,WGS,PRJNA1170466,5.2,,,False,,,False
SAMN44075572,1,13111437600,ILLUMINA,WGS,PRJNA1170466,5.7,,,False,,,False
SAMN44075574,1,13614965100,ILLUMINA,WGS,PRJNA1170466,5.9,,,False,,,False
SAMN44075575,1,14473961400,ILLUMINA,WGS,PRJNA1170466,6.3,,,False,,,False
SAMN44075576,1,12562758900,ILLUMINA,WGS,PRJNA1170466,5.5,,,False,,,False
SAMN44075578,1,12472695000,ILLUMINA,WGS,PRJNA1170466,5.4,Ames 17681,,False,,,True
SAMN44075579,1,12641298300,ILLUMINA,WGS,PRJNA1170466,5.5,,,False,,,False
SAMN44075580,1,16997709000,ILLUMINA,WGS,PRJNA1170466,7.4,,,False,,,False
SAMN44075581,1,16312472700,ILLUMINA,WGS,PRJNA1170466,7.1,,,False,,,False
SAMN44075582,1,15018684600,ILLUMINA,WGS,PRJNA1170466,6.5,PI 601576,31.0,False,Maize.Group.PVP,PHW79,True
SAMN44075583,1,11748309300,ILLUMINA,WGS,PRJNA1170466,5.1,,,False,,,False
SAMN44075584,1,14469895200,ILLUMINA,WGS,PRJNA1170466,6.3,,,False,,,False
SAMN44075585,1,15376226400,ILLUMINA,WGS,PRJNA1170466,6.7,,,False,,,False
SAMN44075586,1,16062798600,ILLUMINA,WGS,PRJNA1170466,7.0,,,False,,,False
SAMN44075587,1,13390602900,ILLUMINA,WGS,PRJNA1170466,5.8,,,False,,,False
SAMN44075588,1,23003474100,ILLUMINA,WGS,PRJNA1170466,10.0,,,False,,,False
SAMN44075589,1,14308876800,ILLUMINA,WGS,PRJNA1170466,6.2,,,False,,,False
SAMN44075590,1,12273328200,ILLUMINA,WGS,PRJNA1170466,5.3,PI 535916,7.0,False,Maize.Group.Ames.Panel.2010,S 37,True
SAMN44075591,1,12536994300,ILLUMINA,WGS,PRJNA1170466,5.5,,,False,,,False
SAMN44075592,1,13153651200,ILLUMINA,WGS,PRJNA1170466,5.7,PI 690320,29.0,False,Maize.Set.Inbred.Diversity.282.Plus.NAM.Parents,CML 228,True
SAMN44075593,1,12780644400,ILLUMINA,WGS,PRJNA1170466,5.6,PI 690624,15.0,False,Maize.Group.Ames.Panel.2010,CML 375,True
SAMN44075594,1,15591110100,ILLUMINA,WGS,PRJNA1170466,6.8,,,False,,,False
SAMN44075596,1,14798595300,ILLUMINA,WGS,PRJNA1170466,6.4,PI 595556,19.0,False,Maize.Group.Ames.Panel.2010,CML 29,True
SAMN44075597,1,14239644900,ILLUMINA,WGS,PRJNA1170466,6.2,,,False,,,False
SAMN44075599,1,12690624900,ILLUMINA,WGS,PRJNA1170466,5.5,,,False,,,False
SAMN44075600,1,12404968200,ILLUMINA,WGS,PRJNA1170466,5.4,,,False,,,False
SAMN44075601,1,14925335700,ILLUMINA,WGS,PRJNA1170466,6.5,,,False,,,False
SAMN44075602,1,13635188400,ILLUMINA,WGS,PRJNA1170466,5.9,PI 690596,27.0,False,Maize.Set.Inbred.Diversity.282.Plus.NAM.Parents,CML 238,True
SAMN44075603,1,14205305700,ILLUMINA,WGS,PRJNA1170466,6.2,,,False,,,False
SAMN44075604,1,12449671200,ILLUMINA,WGS,PRJNA1170466,5.4,,,False,,,False
SAMN44075605,1,13599331200,ILLUMINA,WGS,PRJNA1170466,5.9,,,False,,,False
SAMN44075606,1,13635767100,ILLUMINA,WGS,PRJNA1170466,5.9,,,False,,,False
SAMN44075607,1,14340123600,ILLUMINA,WGS,PRJNA1170466,6.2,Ames 34520,,False,,,True
SAMN44075608,1,14613126900,ILLUMINA,WGS,PRJNA1170466,6.4,,,False,,,False
SAMN44075609,1,12346050000,ILLUMINA,WGS,PRJNA1170466,5.4,Ames 34378,15.0,False,,CML 312,True
SAMN44075610,1,21268973100,ILLUMINA,WGS,PRJNA1170466,9.2,PI 595552,20.0,False,Maize.Group.Ames.Panel.2010,CML 20,True
SAMN44075611,1,14103334800,ILLUMINA,WGS,PRJNA1170466,6.1,PI 690592,15.0,False,Maize.Group.Ames.Panel.Post.2010,CML 182,True
SAMN44075612,1,13085812800,ILLUMINA,WGS,PRJNA1170466,5.7,Ames 34384,15.0,False,,CML 438,True
SAMN44075613,1,13284876600,ILLUMINA,WGS,PRJNA1170466,5.8,,,False,,,False
SAMN44075614,1,13498972800,ILLUMINA,WGS,PRJNA1170466,5.9,PI 595549,20.0,False,Maize.Group.Ames.Panel.2010,CML 274,True
SAMN44075615,1,18038195700,ILLUMINA,WGS,PRJNA1170466,7.8,,,False,,,False
SAMN44075616,1,11661976500,ILLUMINA,WGS,PRJNA1170466,5.1,,,False,,,False
SAMN44075617,1,13984212600,ILLUMINA,WGS,PRJNA1170466,6.1,,,False,,,False
SAMN44075618,1,12887322900,ILLUMINA,WGS,PRJNA1170466,5.6,PI 690599,14.0,False,Maize.Group.Ames.Panel.2010,CML 269,True
SAMN44075619,1,18524328900,ILLUMINA,WGS,PRJNA1170466,8.1,,,False,,,False
SAMN44075620,1,12270466800,ILLUMINA,WGS,PRJNA1170466,5.3,,,False,,,False
SAMN44075621,1,18229368300,ILLUMINA,WGS,PRJNA1170466,7.9,,,False,,,False
SAMN44075622,1,14746356300,ILLUMINA,WGS,PRJNA1170466,6.4,,,False,,,False
SAMN44075623,1,15835394100,ILLUMINA,WGS,PRJNA1170466,6.9,,,False,,,False
SAMN44075624,1,14190980700,ILLUMINA,WGS,PRJNA1170466,6.2,,,False,,,False
SAMN44075625,1,15902116200,ILLUMINA,WGS,PRJNA1170466,6.9,,,False,,,False
SAMN44075626,1,14175029100,ILLUMINA,WGS,PRJNA1170466,6.2,,,False,,,False
SAMN44075627,1,18554338800,ILLUMINA,WGS,PRJNA1170466,8.1,PI 595558,19.0,False,Maize.Group.Ames.Panel.2010,CML 32,True
SAMN44075628,1,15300713100,ILLUMINA,WGS,PRJNA1170466,6.7,,,False,,,False
SAMN44075629,1,16355526600,ILLUMINA,WGS,PRJNA1170466,7.1,,,False,,,False
SAMN44075630,1,12156658200,ILLUMINA,WGS,PRJNA1170466,5.3,,,False,,,False
SAMN44075631,1,17974428000,ILLUMINA,WGS,PRJNA1170466,7.8,,,False,,,False
SAMN44075632,1,17801102700,ILLUMINA,WGS,PRJNA1170466,7.7,,,False,,,False
SAMN44075633,1,16032363300,ILLUMINA,WGS,PRJNA1170466,7.0,,,False,,,False
SAMN44075634,1,15380408400,ILLUMINA,WGS,PRJNA1170466,6.7,Ames 34383,15.0,False,,CML 422,True
SAMN44075635,1,14854598400,ILLUMINA,WGS,PRJNA1170466,6.5,PI 690639,16.0,False,Maize.Group.Ames.Panel.Post.2010,CML 533,True
SAMN44075636,1,13951410300,ILLUMINA,WGS,PRJNA1170466,6.1,PI 595557,18.0,False,Maize.Group.Ames.Panel.2010,CML 31,True
SAMN44075637,1,15544044600,ILLUMINA,WGS,PRJNA1170466,6.8,,,False,,,False
SAMN44075638,1,19087595400,ILLUMINA,WGS,PRJNA1170466,8.3,,,False,,,False
SAMN44075639,1,13404855000,ILLUMINA,WGS,PRJNA1170466,5.8,PI 595560,19.0,False,Maize.Group.Ames.Panel.2010,CML 40,True
SAMN44075640,1,14025040200,ILLUMINA,WGS,PRJNA1170466,6.1,PI 690605,16.0,False,Maize.Group.Ames.Panel.2010,CML 304,True
SAMN44075641,1,13899999300,ILLUMINA,WGS,PRJNA1170466,6.0,,,False,,,False
SAMN44075642,1,15155620200,ILLUMINA,WGS,PRJNA1170466,6.6,,,False,,,False
SAMN44075643,1,14626226700,ILLUMINA,WGS,PRJNA1170466,6.4,,,False,,,False
SAMN44075644,1,15382406700,ILLUMINA,WGS,PRJNA1170466,6.7,,,False,,,False
SAMN44075645,1,14203074600,ILLUMINA,WGS,PRJNA1170466,6.2,PI 690594,27.0,False,Maize.Set.Inbred.Diversity.282.Plus.NAM.Parents,CML 218,True
SAMN44075646,1,13874630400,ILLUMINA,WGS,PRJNA1170466,6.0,PI 690584,27.0,False,Maize.Set.Inbred.Diversity.282.Plus.NAM.Parents,CML 91,True
SAMN44075647,1,12719115300,ILLUMINA,WGS,PRJNA1170466,5.5,PI 690587,15.0,False,Maize.Group.Ames.Panel.2010,CML 144,True
SAMN44075648,1,14121532200,ILLUMINA,WGS,PRJNA1170466,6.1,,,False,,,False
SAMN44075649,1,20330280000,ILLUMINA,WGS,PRJNA1170466,8.8,,,False,,,False
SAMN44075651,1,13747622100,ILLUMINA,WGS,PRJNA1170466,6.0,PI 595562,17.0,False,Maize.Group.Ames.Panel.2010,CML 282,True
SAMN44075652,1,21255324600,ILLUMINA,WGS,PRJNA1170466,9.2,,,False,,,False
SAMN44075653,1,18540866100,ILLUMINA,WGS,PRJNA1170466,8.1,,,False,,,False
SAMN44075654,1,15805408200,ILLUMINA,WGS,PRJNA1170466,6.9,,,False,,,False
SAMN44075655,1,15898152000,ILLUMINA,WGS,PRJNA1170466,6.9,,,False,,,False
SAMN44075656,1,17293152000,ILLUMINA,WGS,PRJNA1170466,7.5,PI 595554,20.0,False,Maize.Group.Ames.Panel.2010,CML 27,True
SAMN44075657,1,16248940800,ILLUMINA,WGS,PRJNA1170466,7.1,PI 690613,27.0,False,Maize.Set.Inbred.Diversity.282.Plus.NAM.Parents,CML 328,True
SAMN44075658,1,15054503400,ILLUMINA,WGS,PRJNA1170466,6.5,,,False,,,False
SAMN44075659,1,12555224100,ILLUMINA,WGS,PRJNA1170466,5.5,,,False,,,False
SAMN44075661,1,14623407000,ILLUMINA,WGS,PRJNA1170466,6.4,,,False,,,False
SAMN44075662,1,13230008700,ILLUMINA,WGS,PRJNA1170466,5.8,PI 690589,28.0,False,Maize.Set.Inbred.Diversity.282.Plus.NAM.Parents,CML 157,True
SAMN44075663,1,14076411900,ILLUMINA,WGS,PRJNA1170466,6.1,PI 690593,15.0,False,Maize.Group.Ames.Panel.2010,CML 184,True
SAMN44075664,1,14092794600,ILLUMINA,WGS,PRJNA1170466,6.1,PI 595561,21.0,False,Maize.Set.Inbred.Diversity.282.Plus.NAM.Parents,CML 52,True
SAMN44075667,1,13979060100,ILLUMINA,WGS,PRJNA1170466,6.1,,,False,,,False
SAMN44075668,1,11636517600,ILLUMINA,WGS,PRJNA1170466,5.1,PI 690590,17.0,False,Maize.Set.Inbred.Diversity.282.Plus.NAM.Parents,CML 158,True
SAMN44075669,1,17715151800,ILLUMINA,WGS,PRJNA1170466,7.7,PI 595533,21.0,False,Maize.Group.Ames.Panel.2010,CML 36,True
SAMN44075670,1,20170937400,ILLUMINA,WGS,PRJNA1170466,8.8,Ames 34388,15.0,False,,CML 486,True
SAMN44075671,1,21393831900,ILLUMINA,WGS,PRJNA1170466,9.3,PI 690611,15.0,False,Maize.Group.Ames.Panel.2010,CML 325,True
SAMN44075672,1,15877548000,ILLUMINA,WGS,PRJNA1170466,6.9,,,False,,,False
SAMN44075673,1,13071512400,ILLUMINA,WGS,PRJNA1170466,5.7,,,False,,,False
SAMN44075674,1,25905239100,ILLUMINA,WGS,PRJNA1170466,11.3,,,False,,,False
SAMN44075675,1,18599161800,ILLUMINA,WGS,PRJNA1170466,8.1,PI 690322,29.0,False,Maize.Set.Inbred.Diversity.282.Plus.NAM.Parents,CML 333,True
SAMN44075676,1,15206716500,ILLUMINA,WGS,PRJNA1170466,6.6,PI 690597,28.0,False,Maize.Set.Inbred.Diversity.282.Plus.NAM.Parents,CML 258,True
SAMN44075677,1,17348908200,ILLUMINA,WGS,PRJNA1170466,7.5,,,False,,,False
SAMN44075678,1,22157454600,ILLUMINA,WGS,PRJNA1170466,9.6,,,False,,,False
SAMN44075679,1,13958229900,ILLUMINA,WGS,PRJNA1170466,6.1,,,False,,,False
SAMN44075680,1,14782427700,ILLUMINA,WGS,PRJNA1170466,6.4,PI 690601,15.0,False,Maize.Group.Ames.Panel.2010,CML 288,True
SAMN44075681,1,12986619900,ILLUMINA,WGS,PRJNA1170466,5.6,,,False,,,False
SAMN44075682,1,15419272800,ILLUMINA,WGS,PRJNA1170466,6.7,,,False,,,False
SAMN44075683,1,15253165500,ILLUMINA,WGS,PRJNA1170466,6.6,PI 690615,17.0,False,Maize.Set.Inbred.Diversity.282.Plus.NAM.Parents,CML 332,True
SAMN44075684,1,13330336200,ILLUMINA,WGS,PRJNA1170466,5.8,PI 690612,15.0,False,Maize.Group.Ames.Panel.2010,CML 327,True
SAMN44075685,1,22269375000,ILLUMINA,WGS,PRJNA1170466,9.7,,,False,,,False
SAMN44075686,1,11818495500,ILLUMINA,WGS,PRJNA1170466,5.1,,,False,,,False
SAMN44075687,1,21512201400,ILLUMINA,WGS,PRJNA1170466,9.4,,,False,,,False
SAMN44075688,1,12679761000,ILLUMINA,WGS,PRJNA1170466,5.5,,,False,,,False
SAMN44075689,1,39024509700,ILLUMINA,WGS,PRJNA1170466,17.0,,,False,,,False
SAMN44075690,1,20924970600,ILLUMINA,WGS,PRJNA1170466,9.1,,,False,,,False
SAMN44075691,1,25022374800,ILLUMINA,WGS,PRJNA1170466,10.9,,,False,,,False
SAMN44075692,1,18088341600,ILLUMINA,WGS,PRJNA1170466,7.9,,,False,,,False
SAMN44075693,1,25332289200,ILLUMINA,WGS,PRJNA1170466,11.0,,,False,,,False
SAMN44075694,1,12233808300,ILLUMINA,WGS,PRJNA1170466,5.3,,,False,,,False
SAMN44075695,1,15029259900,ILLUMINA,WGS,PRJNA1170466,6.5,,,False,,,False
SAMN44075696,1,14007275100,ILLUMINA,WGS,PRJNA1170466,6.1,,,False,,,False
SAMN44075697,1,13824003900,ILLUMINA,WGS,PRJNA1170466,6.0,PI 690595,31.0,False,Maize.Set.Inbred.Diversity.282.Plus.NAM.Parents,CML 220,True
SAMN44075698,1,14872376400,ILLUMINA,WGS,PRJNA1170466,6.5,,,False,,,False
SAMN44075699,1,14384014800,ILLUMINA,WGS,PRJNA1170466,6.3,,,False,,,False
SAMN44075700,1,13639504200,ILLUMINA,WGS,PRJNA1170466,5.9,,,False,,,False
SAMN44075701,1,14413014300,ILLUMINA,WGS,PRJNA1170466,6.3,,,False,,,False
SAMN44075702,1,11778104400,ILLUMINA,WGS,PRJNA1170466,5.1,,,False,,,False
SAMN44075703,1,14276183100,ILLUMINA,WGS,PRJNA1170466,6.2,,,False,,,False
SAMN44075704,1,13746214800,ILLUMINA,WGS,PRJNA1170466,6.0,,,False,,,False
SAMN44075706,1,12306010800,ILLUMINA,WGS,PRJNA1170466,5.4,,,False,,,False
SAMN44075707,1,11992112100,ILLUMINA,WGS,PRJNA1170466,5.2,,,False,,,False
SAMN44075708,1,15949620600,ILLUMINA,WGS,PRJNA1170466,6.9,,,False,,,False
SAMN44075709,1,13696525500,ILLUMINA,WGS,PRJNA1170466,6.0,,,False,,,False
SAMN44075710,1,16939192500,ILLUMINA,WGS,PRJNA1170466,7.4,,,False,,,False
SAMN44075712,1,14204359500,ILLUMINA,WGS,PRJNA1170466,6.2,,,False,,,False
SAMN44075713,1,16518995400,ILLUMINA,WGS,PRJNA1170466,7.2,,,False,,,False
SAMN44075714,1,14432026800,ILLUMINA,WGS,PRJNA1170466,6.3,,,False,,,False
SAMN44075715,1,16355208600,ILLUMINA,WGS,PRJNA1170466,7.1,,,False,,,False
SAMN44075716,1,13144609800,ILLUMINA,WGS,PRJNA1170466,5.7,PI 690321,31.0,False,Maize.Set.Inbred.Diversity.282.Plus.NAM.Parents,CML 322,True
SAMN44075717,1,15620829000,ILLUMINA,WGS,PRJNA1170466,6.8,,,False,,,False
SAMN44075718,1,13645314000,ILLUMINA,WGS,PRJNA1170466,5.9,,,False,,,False
SAMN44075719,1,15180615600,ILLUMINA,WGS,PRJNA1170466,6.6,,,False,,,False
SAMN44075720,1,14774236800,ILLUMINA,WGS,PRJNA1170466,6.4,,,False,,,False
SAMN44075721,1,25329578400,ILLUMINA,WGS,PRJNA1170466,11.0,,,False,,,False
SAMN44075722,1,18086466900,ILLUMINA,WGS,PRJNA1170466,7.9,,,False,,,False
SAMN44075724,1,21174327300,ILLUMINA,WGS,PRJNA1170466,9.2,,,False,,,False
SAMN44075725,1,15539708400,ILLUMINA,WGS,PRJNA1170466,6.8,,,False,,,False
SAMN44075726,1,15518967900,ILLUMINA,WGS,PRJNA1170466,6.7,,,False,,,False
SAMN44075727,1,19776069000,ILLUMINA,WGS,PRJNA1170466,8.6,,,False,,,False
SAMN44075728,1,18403829100,ILLUMINA,WGS,PRJNA1170466,8.0,,,False,,,False
SAMN44075729,1,23157258000,ILLUMINA,WGS,PRJNA1170466,10.1,,,False,,,False
SAMN44075730,1,23833292100,ILLUMINA,WGS,PRJNA1170466,10.4,,,False,,,False
SAMN44075731,1,13217275800,ILLUMINA,WGS,PRJNA1170466,5.7,,,False,,,False
SAMN44075732,1,20076706500,ILLUMINA,WGS,PRJNA1170466,8.7,,,False,,,False
SAMN44075733,1,16276128600,ILLUMINA,WGS,PRJNA1170466,7.1,,,False,,,False
SAMN44075734,1,22550105100,ILLUMINA,WGS,PRJNA1170466,9.8,,,False,,,False
SAMN44075735,1,17960018700,ILLUMINA,WGS,PRJNA1170466,7.8,,,False,,,False
SAMN44075736,1,20872044600,ILLUMINA,WGS,PRJNA1170466,9.1,,,False,,,False
SAMN44075737,1,12901465500,ILLUMINA,WGS,PRJNA1170466,5.6,,,False,,,False
SAMN44075738,1,23015540700,ILLUMINA,WGS,PRJNA1170466,10.0,,,False,,,False
SAMN44075739,1,18192482400,ILLUMINA,WGS,PRJNA1170466,7.9,PI 690614,18.0,False,Maize.Set.Inbred.Diversity.282.Plus.NAM.Parents,CML 331,True
SAMN44075740,1,13010994900,ILLUMINA,WGS,PRJNA1170466,5.7,,,False,,,False
SAMN44075741,1,11816338500,ILLUMINA,WGS,PRJNA1170466,5.1,PI 690575,27.0,False,Maize.Set.Inbred.Diversity.282.Plus.NAM.Parents,CML 10,True
SAMN44075742,1,17771718300,ILLUMINA,WGS,PRJNA1170466,7.7,Ames 34543,,False,,,True
SAMN44075743,1,14394828300,ILLUMINA,WGS,PRJNA1170466,6.3,,,False,,,False
SAMN44075744,1,16069839300,ILLUMINA,WGS,PRJNA1170466,7.0,,,False,,,False
SAMN44075745,1,16494411600,ILLUMINA,WGS,PRJNA1170466,7.2,PI 452256,3.0,False,,Zi 330,True
SAMN44075747,1,11777196600,ILLUMINA,WGS,PRJNA1170466,5.1,,,False,,,False
SAMN44075748,1,13368938400,ILLUMINA,WGS,PRJNA1170466,5.8,,,False,,,False
SAMN44075749,1,13046340000,ILLUMINA,WGS,PRJNA1170466,5.7,,,False,,,False
SAMN44075750,1,11623829400,ILLUMINA,WGS,PRJNA1170466,5.1,,,False,,,False
SAMN44075751,1,13137066300,ILLUMINA,WGS,PRJNA1170466,5.7,,,False,,,False
SAMN44075752,1,14882127300,ILLUMINA,WGS,PRJNA1170466,6.5,,,False,,,False
SAMN44075753,1,14388520800,ILLUMINA,WGS,PRJNA1170466,6.3,,,False,,,False
SAMN44075755,1,12279556500,ILLUMINA,WGS,PRJNA1170466,5.3,,,False,,,False
SAMN44075756,1,13912941300,ILLUMINA,WGS,PRJNA1170466,6.0,,,False,,,False
SAMN44075757,1,11894751300,ILLUMINA,WGS,PRJNA1170466,5.2,,,False,,,False
SAMN44075758,1,12532501200,ILLUMINA,WGS,PRJNA1170466,5.4,,,False,,,False
SAMN44075759,1,15283947600,ILLUMINA,WGS,PRJNA1170466,6.6,,,False,,,False
SAMN44075760,1,12448074600,ILLUMINA,WGS,PRJNA1170466,5.4,,,False,,,False
SAMN44075761,1,13781723700,ILLUMINA,WGS,PRJNA1170466,6.0,,,False,,,False
SAMN44075762,1,15741751200,ILLUMINA,WGS,PRJNA1170466,6.8,,,False,,,False
SAMN44075763,1,15007524900,ILLUMINA,WGS,PRJNA1170466,6.5,,,False,,,False
SAMN44075764,1,15194320500,ILLUMINA,WGS,PRJNA1170466,6.6,,,False,,,False
SAMN44075765,1,11698560300,ILLUMINA,WGS,PRJNA1170466,5.1,,,False,,,False
SAMN44075766,1,32045744100,ILLUMINA,WGS,PRJNA1170466,13.9,,,False,,,False
SAMN44075767,1,13493894100,ILLUMINA,WGS,PRJNA1170466,5.9,,,False,,,False
SAMN44075768,1,13611996900,ILLUMINA,WGS,PRJNA1170466,5.9,,,False,,,False
SAMN44075769,1,17048188200,ILLUMINA,WGS,PRJNA1170466,7.4,,,False,,,False
SAMN44075770,1,18334274700,ILLUMINA,WGS,PRJNA1170466,8.0,,,False,,,False
SAMN44075771,1,12986410500,ILLUMINA,WGS,PRJNA1170466,5.6,,,False,,,False
SAMN44075773,1,13325040000,ILLUMINA,WGS,PRJNA1170466,5.8,,,False,,,False
SAMN44075774,1,16993250100,ILLUMINA,WGS,PRJNA1170466,7.4,,,False,,,False
SAMN44075775,1,13649129400,ILLUMINA,WGS,PRJNA1170466,5.9,,,False,,,False
SAMN44075776,1,13866119100,ILLUMINA,WGS,PRJNA1170466,6.0,,,False,,,False
SAMN44075777,1,14172732000,ILLUMINA,WGS,PRJNA1170466,6.2,,,False,,,False
SAMN44075778,1,13485853200,ILLUMINA,WGS,PRJNA1170466,5.9,PI 601683,21.0,False,Maize.Group.PVP,CR14,True
SAMN44075779,1,13335264600,ILLUMINA,WGS,PRJNA1170466,5.8,,,False,,,False
SAMN44075780,1,13576494900,ILLUMINA,WGS,PRJNA1170466,5.9,,,False,,,False
SAMN44075781,1,13267395000,ILLUMINA,WGS,PRJNA1170466,5.8,,,False,,,False
SAMN44075782,1,13169564700,ILLUMINA,WGS,PRJNA1170466,5.7,,,False,,,False
SAMN44075783,1,14884570500,ILLUMINA,WGS,PRJNA1170466,6.5,,,False,,,False
SAMN44075784,1,14139457500,ILLUMINA,WGS,PRJNA1170466,6.1,,,False,,,False
SAMN44075785,1,16574761200,ILLUMINA,WGS,PRJNA1170466,7.2,,,False,,,False
SAMN44075786,1,13427006400,ILLUMINA,WGS,PRJNA1170466,5.8,PI 559946,29.0,True,Maize.Group.PVP,PHR30,True
SAMN44075787,1,11839055400,ILLUMINA,WGS,PRJNA1170466,5.1,,,False,,,False
SAMN44075788,1,14948529600,ILLUMINA,WGS,PRJNA1170466,6.5,,,False,,,False
SAMN44075789,1,17425973100,ILLUMINA,WGS,PRJNA1170466,7.6,,,False,,,False
SAMN44075790,1,13652199000,ILLUMINA,WGS,PRJNA1170466,5.9,,,False,,,False
SAMN44075791,1,15240299400,ILLUMINA,WGS,PRJNA1170466,6.6,,,False,,,False
SAMN44075792,1,14383158900,ILLUMINA,WGS,PRJNA1170466,6.3,,,False,,,False
SAMN44075793,1,14072912100,ILLUMINA,WGS,PRJNA1170466,6.1,,,False,,,False
SAMN44075794,1,16448013600,ILLUMINA,WGS,PRJNA1170466,7.2,,,False,,,False
SAMN44075795,1,18909426600,ILLUMINA,WGS,PRJNA1170466,8.2,,,False,,,False
SAMN44075796,1,12522442200,ILLUMINA,WGS,PRJNA1170466,5.4,PI 538007,30.0,True,Maize.Group.PVP,LH127,True
SAMN44075797,1,12224642400,ILLUMINA,WGS,PRJNA1170466,5.3,,,False,,,False
SAMN44075798,1,16424162700,ILLUMINA,WGS,PRJNA1170466,7.1,,,False,,,False
SAMN44075799,1,13470447300,ILLUMINA,WGS,PRJNA1170466,5.9,,,False,,,False
SAMN44075800,1,12583395600,ILLUMINA,WGS,PRJNA1170466,5.5,,,False,,,False
SAMN44075801,1,13338292800,ILLUMINA,WGS,PRJNA1170466,5.8,,,False,,,False
SAMN44075803,1,23862616500,ILLUMINA,WGS,PRJNA1170466,10.4,,,False,,,False
SAMN44075804,1,17341667700,ILLUMINA,WGS,PRJNA1170466,7.5,,,False,,,False
SAMN44075805,1,19116165000,ILLUMINA,WGS,PRJNA1170466,8.3,,,False,,,False
SAMN44075806,1,23933456400,ILLUMINA,WGS,PRJNA1170466,10.4,,,False,,,False
SAMN44075807,1,19000537800,ILLUMINA,WGS,PRJNA1170466,8.3,,,False,,,False
SAMN44075808,1,15215910000,ILLUMINA,WGS,PRJNA1170466,6.6,,,False,,,False
SAMN44075809,1,20315317500,ILLUMINA,WGS,PRJNA1170466,8.8,,,False,,,False
SAMN44075810,1,16830708600,ILLUMINA,WGS,PRJNA1170466,7.3,,,False,,,False
SAMN44075811,1,28016157300,ILLUMINA,WGS,PRJNA1170466,12.2,,,False,,,False
SAMN44075812,1,14886223800,ILLUMINA,WGS,PRJNA1170466,6.5,,,False,,,False
SAMN44075813,1,17710668000,ILLUMINA,WGS,PRJNA1170466,7.7,,,False,,,False
SAMN44075814,1,22919421600,ILLUMINA,WGS,PRJNA1170466,10.0,,,False,,,False
SAMN44075815,1,24481307100,ILLUMINA,WGS,PRJNA1170466,10.6,PI 600791,36.0,True,Maize.Group.PVP,LH38,True
SAMN44075816,1,12703477200,ILLUMINA,WGS,PRJNA1170466,5.5,PI 601779,30.0,False,Maize.Group.PVP,PHM57,True
SAMN44075817,1,17159975400,ILLUMINA,WGS,PRJNA1170466,7.5,,,False,,,False
SAMN44075818,1,12394451400,ILLUMINA,WGS,PRJNA1170466,5.4,,,False,,,False
SAMN44075819,1,24026978700,ILLUMINA,WGS,PRJNA1170466,10.4,,,False,,,False
SAMN44075820,1,18284205900,ILLUMINA,WGS,PRJNA1170466,7.9,,,False,,,False
SAMN44075821,1,19529992200,ILLUMINA,WGS,PRJNA1170466,8.5,,,False,,,False
SAMN44075822,1,17018191500,ILLUMINA,WGS,PRJNA1170466,7.4,PI 546484,29.0,True,Maize.Group.PVP,6M502A,True
SAMN44075823,1,13408327800,ILLUMINA,WGS,PRJNA1170466,5.8,,,False,,,False
SAMN44075824,1,15216765000,ILLUMINA,WGS,PRJNA1170466,6.6,,,False,,,False
SAMN44075825,1,25694197800,ILLUMINA,WGS,PRJNA1170466,11.2,,,False,,,False
SAMN44075826,1,18304419000,ILLUMINA,WGS,PRJNA1170466,8.0,,,False,,,False
SAMN44075827,1,14188412100,ILLUMINA,WGS,PRJNA1170466,6.2,,,False,,,False
SAMN44075828,1,26858784600,ILLUMINA,WGS,PRJNA1170466,11.7,,,False,,,False
SAMN44075829,1,17836070100,ILLUMINA,WGS,PRJNA1170466,7.8,,,False,,,False
SAMN44075830,1,18153738300,ILLUMINA,WGS,PRJNA1170466,7.9,,,False,,,False
SAMN44075831,1,17822804100,ILLUMINA,WGS,PRJNA1170466,7.7,,,False,,,False
SAMN44243595,1,21999739039,ILLUMINA,WGS,PRJNA1171432,9.6,PI 587129,38.0,False,Maize.Set.Inbred.Diversity.282.Plus.NAM.Parents,H99,True
SAMN44268035,1,17038564751,ILLUMINA,OTHER,PRJNA1172298,7.4,PI 550473,48.0,True,Maize.Set.Inbred.Diversity.282.Plus.NAM.Parents,B73,True
SAMN44268037,1,17144064867,ILLUMINA,OTHER,PRJNA1172298,7.5,PI 550473,48.0,True,Maize.Set.Inbred.Diversity.282.Plus.NAM.Parents,B73,True
SAMN44268038,1,16974248841,ILLUMINA,OTHER,PRJNA1172298,7.4,PI 550473,48.0,True,Maize.Set.Inbred.Diversity.282.Plus.NAM.Parents,B73,True
SAMN44268043,1,17054664396,ILLUMINA,OTHER,PRJNA1172298,7.4,PI 550473,48.0,True,Maize.Set.Inbred.Diversity.282.Plus.NAM.Parents,B73,True
SAMN44346271,1,27959133300,ILLUMINA,OTHER,PRJNA1174741,12.2,PI 550473,48.0,True,Maize.Set.Inbred.Diversity.282.Plus.NAM.Parents,B73,True
SAMN44346272,1,22966917000,ILLUMINA,OTHER,PRJNA1174741,10.0,PI 550473,48.0,True,Maize.Set.Inbred.Diversity.282.Plus.NAM.Parents,B73,True
SAMN44346273,1,22404346500,ILLUMINA,OTHER,PRJNA1174741,9.7,PI 550473,48.0,True,Maize.Set.Inbred.Diversity.282.Plus.NAM.Parents,B73,True
SAMN44346275,1,22143476700,ILLUMINA,OTHER,PRJNA1174741,9.6,PI 550473,48.0,True,Maize.Set.Inbred.Diversity.282.Plus.NAM.Parents,B73,True
SAMN44346276,1,27063501600,ILLUMINA,OTHER,PRJNA1174741,11.8,PI 550473,48.0,True,Maize.Set.Inbred.Diversity.282.Plus.NAM.Parents,B73,True
SAMN44346277,1,26837942400,ILLUMINA,OTHER,PRJNA1174741,11.7,PI 550473,48.0,True,Maize.Set.Inbred.Diversity.282.Plus.NAM.Parents,B73,True
SAMN44346279,1,27654684000,ILLUMINA,OTHER,PRJNA1174741,12.0,PI 550473,48.0,True,Maize.Set.Inbred.Diversity.282.Plus.NAM.Parents,B73,True
SAMN44369923,1,29547983208,ILLUMINA,OTHER,PRJNA1175710,12.8,,,False,,,False
SAMN44369924,1,17224009790,ILLUMINA,OTHER,PRJNA1175710,7.5,,,False,,,False
SAMN44369925,1,21449904548,ILLUMINA,OTHER,PRJNA1175710,9.3,,,False,,,False
SAMN44369926,1,35646091330,ILLUMINA,OTHER,PRJNA1175710,15.5,,,False,,,False
SAMN44369942,1,17539951469,ILLUMINA,OTHER,PRJNA1175710,7.6,,,False,,,False
SAMN44369943,1,30988411166,ILLUMINA,OTHER,PRJNA1175710,13.5,,,False,,,False
SAMN44369944,1,41455287528,ILLUMINA,OTHER,PRJNA1175710,18.0,,,False,,,False
SAMN44369974,1,12637785544,ILLUMINA,OTHER,PRJNA1175710,5.5,,,False,,,False
SAMN44369981,1,18224241340,ILLUMINA,OTHER,PRJNA1175710,7.9,,,False,,,False
SAMN44369982,1,17766415380,ILLUMINA,OTHER,PRJNA1175710,7.7,,,False,,,False
SAMN44369985,1,13636781008,ILLUMINA,OTHER,PRJNA1175710,5.9,,,False,,,False
SAMN44369997,1,14054224434,ILLUMINA,OTHER,PRJNA1175710,6.1,,,False,,,False
SAMN44415780,1,69308754280,ILLUMINA,WGS,PRJNA1177240,30.1,PI 550473,48.0,True,Maize.Set.Inbred.Diversity.282.Plus.NAM.Parents,B73,True
SAMN44415781,1,63927652549,ILLUMINA,WGS,PRJNA1177240,27.8,PI 550473,48.0,True,Maize.Set.Inbred.Diversity.282.Plus.NAM.Parents,B73,True
SAMN44603354,1,12692858400,COMPLETE_GENOMICS,WGS,PRJNA1142968,5.5,,,False,,,False
SAMN44603366,1,11742519300,COMPLETE_GENOMICS,WGS,PRJNA1142968,5.1,,,False,,,False
SAMN44603374,1,12098964000,COMPLETE_GENOMICS,WGS,PRJNA1142968,5.3,,,False,,,False
SAMN44603392,1,13442412900,COMPLETE_GENOMICS,WGS,PRJNA1142968,5.8,,,False,,,False
SAMN44603398,1,17550997500,COMPLETE_GENOMICS,WGS,PRJNA1142968,7.6,,,False,,,False
SAMN44603406,1,12108295500,COMPLETE_GENOMICS,WGS,PRJNA1142968,5.3,,,False,,,False
SAMN44603408,1,12013434000,COMPLETE_GENOMICS,WGS,PRJNA1142968,5.2,,,False,,,False
SAMN44603412,1,12984507900,COMPLETE_GENOMICS,WGS,PRJNA1142968,5.6,,,False,,,False
SAMN44603413,1,15871389000,COMPLETE_GENOMICS,WGS,PRJNA1142968,6.9,,,False,,,False
SAMN44603415,1,13918632300,COMPLETE_GENOMICS,WGS,PRJNA1142968,6.1,,,False,,,False
SAMN44603421,1,12839337900,COMPLETE_GENOMICS,WGS,PRJNA1142968,5.6,,,False,,,False
SAMN44603426,1,12614469900,COMPLETE_GENOMICS,WGS,PRJNA1142968,5.5,,,False,,,False
SAMN44603433,1,12814440900,COMPLETE_GENOMICS,WGS,PRJNA1142968,5.6,,,False,,,False
SAMN44603436,1,13265377500,COMPLETE_GENOMICS,WGS,PRJNA1142968,5.8,,,False,,,False
SAMN44603437,1,12726696600,COMPLETE_GENOMICS,WGS,PRJNA1142968,5.5,,,False,,,False
SAMN44603453,1,66907642800,COMPLETE_GENOMICS,WGS,PRJNA1142968,29.1,,,False,,,False
SAMN44603461,1,12002301000,COMPLETE_GENOMICS,WGS,PRJNA1142968,5.2,,,False,,,False
SAMN44603464,1,12180897300,COMPLETE_GENOMICS,WGS,PRJNA1142968,5.3,,,False,,,False
SAMN44603466,1,13712865600,COMPLETE_GENOMICS,WGS,PRJNA1142968,6.0,,,False,,,False
SAMN44603483,1,15069913500,COMPLETE_GENOMICS,WGS,PRJNA1142968,6.6,,,False,,,False
SAMN44603486,1,12540999000,COMPLETE_GENOMICS,WGS,PRJNA1142968,5.5,,,False,,,False
SAMN44603501,1,12083913300,COMPLETE_GENOMICS,WGS,PRJNA1142968,5.3,,,False,,,False
SAMN44603520,1,12390655500,COMPLETE_GENOMICS,WGS,PRJNA1142968,5.4,,,False,,,False
SAMN44603525,1,12325974600,COMPLETE_GENOMICS,WGS,PRJNA1142968,5.4,,,False,,,False
SAMN44603531,1,13569486000,COMPLETE_GENOMICS,WGS,PRJNA1142968,5.9,,,False,,,False
SAMN44603533,1,15194907300,COMPLETE_GENOMICS,WGS,PRJNA1142968,6.6,,,False,,,False
SAMN44603537,1,13488279000,COMPLETE_GENOMICS,WGS,PRJNA1142968,5.9,,,False,,,False
SAMN44603544,1,11730074700,COMPLETE_GENOMICS,WGS,PRJNA1142968,5.1,,,False,,,False
SAMN44603546,1,16574073600,COMPLETE_GENOMICS,WGS,PRJNA1142968,7.2,,,False,,,False
SAMN44603554,1,11962573500,COMPLETE_GENOMICS,WGS,PRJNA1142968,5.2,,,False,,,False
SAMN44603555,1,12592565400,COMPLETE_GENOMICS,WGS,PRJNA1142968,5.5,,,False,,,False
SAMN44603569,1,12240316800,COMPLETE_GENOMICS,WGS,PRJNA1142968,5.3,,,False,,,False
SAMN44603571,1,12125088600,COMPLETE_GENOMICS,WGS,PRJNA1142968,5.3,,,False,,,False
SAMN44603594,1,12769462500,COMPLETE_GENOMICS,WGS,PRJNA1142968,5.6,,,False,,,False
SAMN44603595,1,12726763500,COMPLETE_GENOMICS,WGS,PRJNA1142968,5.5,,,False,,,False
SAMN44603601,1,11928547800,COMPLETE_GENOMICS,WGS,PRJNA1142968,5.2,,,False,,,False
SAMN44603602,1,15794186400,COMPLETE_GENOMICS,WGS,PRJNA1142968,6.9,,,False,,,False
SAMN44603603,1,18237700800,COMPLETE_GENOMICS,WGS,PRJNA1142968,7.9,,,False,,,False
SAMN44603610,1,12027108600,COMPLETE_GENOMICS,WGS,PRJNA1142968,5.2,,,False,,,False
SAMN44603617,1,13058109900,COMPLETE_GENOMICS,WGS,PRJNA1142968,5.7,,,False,,,False
SAMN44603618,1,11887411500,COMPLETE_GENOMICS,WGS,PRJNA1142968,5.2,,,False,,,False
SAMN44603625,1,12947134500,COMPLETE_GENOMICS,WGS,PRJNA1142968,5.6,,,False,,,False
SAMN44603626,1,12668931900,COMPLETE_GENOMICS,WGS,PRJNA1142968,5.5,,,False,,,False
SAMN44603637,1,35934797400,COMPLETE_GENOMICS,WGS,PRJNA1142968,15.6,,,False,,,False
SAMN44603639,1,11710084200,COMPLETE_GENOMICS,WGS,PRJNA1142968,5.1,,,False,,,False
SAMN44603640,1,11879772000,COMPLETE_GENOMICS,WGS,PRJNA1142968,5.2,,,False,,,False
SAMN44603655,1,12390762000,COMPLETE_GENOMICS,WGS,PRJNA1142968,5.4,PI 597326,17.0,False,Maize.Group.PVP,PH06N,True
SAMN44603663,1,14921740200,COMPLETE_GENOMICS,WGS,PRJNA1142968,6.5,PI 606334,17.0,False,Maize.Group.PVP,PH1GC,True
SAMN44603664,1,15173205600,COMPLETE_GENOMICS,WGS,PRJNA1142968,6.6,PI 537098,30.0,False,Maize.Group.PVP,LH204,True
SAMN44603665,1,16723910700,COMPLETE_GENOMICS,WGS,PRJNA1142968,7.3,PI 606336,17.0,False,Maize.Group.PVP,PH0GP,True
SAMN44603671,1,12502007700,COMPLETE_GENOMICS,WGS,PRJNA1142968,5.4,PI 597309,17.0,False,Maize.Group.PVP,PHDG1,True
SAMN44603672,1,17060872500,COMPLETE_GENOMICS,WGS,PRJNA1142968,7.4,PI 583870,25.0,False,Maize.Group.PVP,ZS0510,True
SAMN44603679,1,14152993200,COMPLETE_GENOMICS,WGS,PRJNA1142968,6.2,PI 585226,28.0,True,Maize.Group.PVP,LH231,True
SAMN44603692,1,12338728800,COMPLETE_GENOMICS,WGS,PRJNA1142968,5.4,PI 590560,26.0,False,Maize.Group.PVP,PHTV7,True
SAMN44603695,1,12770562900,COMPLETE_GENOMICS,WGS,PRJNA1142968,5.6,PI 539926,29.0,True,Maize.Group.PVP,LH192,True
SAMN44603696,1,14885072400,COMPLETE_GENOMICS,WGS,PRJNA1142968,6.5,PI 593040,26.0,False,Maize.Group.PVP,LH234,True
SAMN44603697,1,15002469300,COMPLETE_GENOMICS,WGS,PRJNA1142968,6.5,PI 593041,26.0,False,Maize.Group.PVP,LH235,True
SAMN44603703,1,12750123000,COMPLETE_GENOMICS,WGS,PRJNA1142968,5.5,PI 597327,17.0,False,Maize.Group.PVP,PH07D,True
SAMN44603704,1,18853432500,COMPLETE_GENOMICS,WGS,PRJNA1142968,8.2,PI 539923,30.0,True,Maize.Group.PVP,LH194,True
SAMN44603705,1,12651884400,COMPLETE_GENOMICS,WGS,PRJNA1142968,5.5,PI 546481,29.0,False,Maize.Group.PVP,FBLL,True
SAMN44603708,1,11976253200,COMPLETE_GENOMICS,WGS,PRJNA1142968,5.2,PI 595338,26.0,False,Maize.Group.PVP,01DIB2,True
SAMN44603709,1,13859365200,COMPLETE_GENOMICS,WGS,PRJNA1142968,6.0,PI 597331,26.0,False,Maize.Group.PVP,PH09B,True
SAMN44603711,1,17412114000,COMPLETE_GENOMICS,WGS,PRJNA1142968,7.6,PI 605733,17.0,False,Maize.Group.PVP,PH1W2,True
SAMN44603712,1,17546921700,COMPLETE_GENOMICS,WGS,PRJNA1142968,7.6,PI 595346,26.0,False,Maize.Group.PVP,WQCD10,True
SAMN44768371,1,28595328134,ILLUMINA,WGS,PRJNA1186655,12.4,,,False,,,False
SAMN44768372,1,29023111134,ILLUMINA,WGS,PRJNA1186655,12.6,,,False,,,False
SAMN44768373,1,25796266502,ILLUMINA,WGS,PRJNA1186655,11.2,,,False,,,False
SAMN44768374,1,25613094744,ILLUMINA,WGS,PRJNA1186655,11.1,,,False,,,False
SAMN44768375,1,21649470074,ILLUMINA,WGS,PRJNA1186655,9.4,,,False,,,False
SAMN44768376,1,25088092508,ILLUMINA,WGS,PRJNA1186655,10.9,,,False,,,False
SAMN44768377,1,25070947062,ILLUMINA,WGS,PRJNA1186655,10.9,,,False,,,False
SAMN44768378,1,20483574612,ILLUMINA,WGS,PRJNA1186655,8.9,,,False,,,False
SAMN44768379,1,29782305914,ILLUMINA,WGS,PRJNA1186655,12.9,,,False,,,False
SAMN44768380,1,53996151306,ILLUMINA,WGS,PRJNA1186655,23.5,,,False,,,False
SAMN44768381,2,110399752497,ILLUMINA;PACBIO_SMRT,WGS,PRJNA1186655,48.0,,,False,,,False
SAMN44768382,1,32019061968,ILLUMINA,WGS,PRJNA1186655,13.9,,,False,,,False
SAMN44768383,1,28612677732,ILLUMINA,WGS,PRJNA1186655,12.4,,,False,,,False
SAMN44788496,1,48453600000,ILLUMINA,WGS,PRJNA1187259,21.1,PI 550473,48.0,True,Maize.Set.Inbred.Diversity.282.Plus.NAM.Parents,B73,True
SAMN44788497,1,43359466800,ILLUMINA,WGS,PRJNA1187259,18.9,PI 550473,48.0,True,Maize.Set.Inbred.Diversity.282.Plus.NAM.Parents,B73,True
SAMN44788498,1,38868030000,ILLUMINA,WGS,PRJNA1187259,16.9,PI 550473,48.0,True,Maize.Set.Inbred.Diversity.282.Plus.NAM.Parents,B73,True
SAMN44788499,1,45733401900,ILLUMINA,WGS,PRJNA1187259,19.9,PI 550473,48.0,True,Maize.Set.Inbred.Diversity.282.Plus.NAM.Parents,B73,True
SAMN44788500,1,53214299400,ILLUMINA,WGS,PRJNA1187259,23.1,PI 550473,48.0,True,Maize.Set.Inbred.Diversity.282.Plus.NAM.Parents,B73,True
SAMN44788501,1,46701137100,ILLUMINA,WGS,PRJNA1187259,20.3,PI 550473,48.0,True,Maize.Set.Inbred.Diversity.282.Plus.NAM.Parents,B73,True
SAMN44788502,1,45962621400,ILLUMINA,WGS,PRJNA1187259,20.0,PI 550473,48.0,True,Maize.Set.Inbred.Diversity.282.Plus.NAM.Parents,B73,True
SAMN44788503,1,46036573200,ILLUMINA,WGS,PRJNA1187259,20.0,PI 550473,48.0,True,Maize.Set.Inbred.Diversity.282.Plus.NAM.Parents,B73,True
SAMN44788504,1,38247079800,ILLUMINA,WGS,PRJNA1187259,16.6,PI 550473,48.0,True,Maize.Set.Inbred.Diversity.282.Plus.NAM.Parents,B73,True
SAMN44788505,1,49048212000,ILLUMINA,WGS,PRJNA1187259,21.3,PI 550473,48.0,True,Maize.Set.Inbred.Diversity.282.Plus.NAM.Parents,B73,True
SAMN45176291,1,14971025400,ILLUMINA,WGS,PRJNA1194294,6.5,,,False,,,False
SAMN45176293,1,13024152000,ILLUMINA,WGS,PRJNA1194294,5.7,,,False,,,False
SAMN45410771,1,12620963700,ILLUMINA,WGS,PRJNA1196311,5.5,Ames 34378,15.0,False,,CML 312,True
SAMN45410772,1,13624584000,ILLUMINA,WGS,PRJNA1196311,5.9,,,False,,,False
SAMN45410773,1,16495386900,ILLUMINA,WGS,PRJNA1196311,7.2,PI 690623,15.0,False,Maize.Group.Ames.Panel.2010,CML 373,True
SAMN45410774,1,21981180900,ILLUMINA,WGS,PRJNA1196311,9.6,PI 690627,15.0,False,Maize.Group.Ames.Panel.2010,CML 395,True
SAMN45410775,1,12887534400,ILLUMINA,WGS,PRJNA1196311,5.6,,,False,,,False
SAMN45410776,1,13063057800,ILLUMINA,WGS,PRJNA1196311,5.7,,,False,,,False
SAMN45826277,1,14354985900,ILLUMINA,WGS,PRJNA874319,6.2,,,False,,,False
SAMN45826278,1,15094740900,ILLUMINA,WGS,PRJNA874319,6.6,,,False,,,False
SAMN45826280,1,14995712100,ILLUMINA,WGS,PRJNA874319,6.5,,,False,,,False
SAMN45826282,1,20786968200,ILLUMINA,WGS,PRJNA874319,9.0,,,False,,,False
SAMN45826283,1,31241722200,ILLUMINA,WGS,PRJNA874319,13.6,,,False,,,False
SAMN45826284,1,29812720200,ILLUMINA,WGS,PRJNA874319,13.0,,,False,,,False
SAMN45826290,1,13841484300,ILLUMINA,WGS,PRJNA874319,6.0,,,False,,,False
SAMN45826296,2,22190696700,ILLUMINA,OTHER,PRJNA874319,9.6,,,False,,,False
SAMN45826298,2,12521577600,ILLUMINA,OTHER,PRJNA874319,5.4,,,False,,,False
SAMN45826300,1,12389009700,ILLUMINA,OTHER,PRJNA874319,5.4,,,False,,,False
SAMN45826301,1,22250016000,ILLUMINA,OTHER,PRJNA874319,9.7,,,False,,,False
SAMN45826302,1,12688665900,ILLUMINA,OTHER,PRJNA874319,5.5,,,False,,,False
SAMN45826303,1,15147760200,ILLUMINA,OTHER,PRJNA874319,6.6,,,False,,,False
SAMN45826304,1,16039544100,ILLUMINA,OTHER,PRJNA874319,7.0,,,False,,,False
SAMN45826305,1,12975888000,ILLUMINA,OTHER,PRJNA874319,5.6,,,False,,,False
SAMN45826306,1,15113670300,ILLUMINA,OTHER,PRJNA874319,6.6,,,False,,,False
SAMN45826307,1,23820714300,ILLUMINA,OTHER,PRJNA874319,10.4,,,False,,,False
SAMN45826308,1,19678786800,ILLUMINA,OTHER,PRJNA874319,8.6,,,False,,,False
SAMN45826310,1,14391914700,ILLUMINA,OTHER,PRJNA874319,6.3,,,False,,,False
SAMN45826311,2,15697957200,ILLUMINA,OTHER,PRJNA874319,6.8,,,False,,,False
SAMN45826312,2,25893568800,ILLUMINA,OTHER,PRJNA874319,11.3,,,False,,,False
SAMN45826313,2,28273513800,ILLUMINA,OTHER,PRJNA874319,12.3,,,False,,,False
SAMN45826314,4,36500579700,ILLUMINA,OTHER,PRJNA874319,15.9,,,False,,,False
SAMN45826345,1,17736901200,ILLUMINA,WGS,PRJNA874319,7.7,,,False,,,False
SAMN45826346,1,12300011400,ILLUMINA,WGS,PRJNA874319,5.3,,,False,,,False
SAMN45826347,1,12140117700,ILLUMINA,WGS,PRJNA874319,5.3,,,False,,,False
SAMN45826348,1,13801219200,ILLUMINA,WGS,PRJNA874319,6.0,,,False,,,False
SAMN45826349,1,39887573100,ILLUMINA,WGS,PRJNA874319,17.3,,,False,,,False
SAMN45826350,1,25953084000,ILLUMINA,WGS,PRJNA874319,11.3,,,False,,,False
SAMN45826351,1,20218393200,ILLUMINA,WGS,PRJNA874319,8.8,,,False,,,False
SAMN45859410,1,11669994300,ILLUMINA,WGS,PRJNA1198964,5.1,,,False,,,False
SAMN45859475,1,28194150000,ILLUMINA,WGS,PRJNA1198964,12.3,,,False,,,False
SAMN45859478,1,26987716200,ILLUMINA,WGS,PRJNA1198964,11.7,,,False,,,False
SAMN45859547,1,12086393100,ILLUMINA,WGS,PRJNA1198964,5.3,,,False,,,False
SAMN45859551,1,12479801400,ILLUMINA,WGS,PRJNA1198964,5.4,,,False,,,False
SAMN45966795,1,24070853100,DNBSEQ,WGS,PRJNA1202942,10.5,,,False,,,False
SAMN45966796,1,24086777100,DNBSEQ,WGS,PRJNA1202942,10.5,,,False,,,False
SAMN45966797,1,21185231100,DNBSEQ,WGS,PRJNA1202942,9.2,,,False,,,False
SAMN45966798,1,24098406600,DNBSEQ,WGS,PRJNA1202942,10.5,,,False,,,False
SAMN45966799,1,24090807000,DNBSEQ,WGS,PRJNA1202942,10.5,,,False,,,False
SAMN45966800,1,23061451500,DNBSEQ,WGS,PRJNA1202942,10.0,,,False,,,False
SAMN45966801,1,24052319400,DNBSEQ,WGS,PRJNA1202942,10.5,,,False,,,False
SAMN45966802,1,24031986600,DNBSEQ,WGS,PRJNA1202942,10.4,,,False,,,False
SAMN45966803,1,24062806500,DNBSEQ,WGS,PRJNA1202942,10.5,,,False,,,False
SAMN45966804,1,24093277800,DNBSEQ,WGS,PRJNA1202942,10.5,,,False,,,False
SAMN45966805,1,24061162800,DNBSEQ,WGS,PRJNA1202942,10.5,,,False,,,False
SAMN45966806,1,24121745100,DNBSEQ,WGS,PRJNA1202942,10.5,,,False,,,False
SAMN45966807,1,24065397000,DNBSEQ,WGS,PRJNA1202942,10.5,,,False,,,False
SAMN45966808,1,24082957800,DNBSEQ,WGS,PRJNA1202942,10.5,,,False,,,False
SAMN45966809,1,24082359000,DNBSEQ,WGS,PRJNA1202942,10.5,,,False,,,False
SAMN45966810,1,24070914000,DNBSEQ,WGS,PRJNA1202942,10.5,,,False,,,False
SAMN45966811,1,23721285900,DNBSEQ,WGS,PRJNA1202942,10.3,,,False,,,False
SAMN45966812,1,24035403600,DNBSEQ,WGS,PRJNA1202942,10.5,,,False,,,False
SAMN45966813,1,24110408400,DNBSEQ,WGS,PRJNA1202942,10.5,,,False,,,False
SAMN45966814,1,24038264100,DNBSEQ,WGS,PRJNA1202942,10.5,,,False,,,False
SAMN45966815,1,24109599000,DNBSEQ,WGS,PRJNA1202942,10.5,,,False,,,False
SAMN45966816,1,24056831700,DNBSEQ,WGS,PRJNA1202942,10.5,,,False,,,False
SAMN45966817,1,24077601000,DNBSEQ,WGS,PRJNA1202942,10.5,,,False,,,False
SAMN45966818,1,24118383000,DNBSEQ,WGS,PRJNA1202942,10.5,,,False,,,False
SAMN45966819,1,24060321300,DNBSEQ,WGS,PRJNA1202942,10.5,,,False,,,False
SAMN45966820,1,24110377800,DNBSEQ,WGS,PRJNA1202942,10.5,,,False,,,False
SAMN45966821,1,24054098100,DNBSEQ,WGS,PRJNA1202942,10.5,,,False,,,False
SAMN45966822,1,20714653200,DNBSEQ,WGS,PRJNA1202942,9.0,,,False,,,False
SAMN45966823,1,24078993000,DNBSEQ,WGS,PRJNA1202942,10.5,,,False,,,False
SAMN45966824,1,24071822100,DNBSEQ,WGS,PRJNA1202942,10.5,,,False,,,False
SAMN45966825,1,24046043700,DNBSEQ,WGS,PRJNA1202942,10.5,,,False,,,False
SAMN45966826,1,24070094100,DNBSEQ,WGS,PRJNA1202942,10.5,,,False,,,False
SAMN45966827,1,24096822300,DNBSEQ,WGS,PRJNA1202942,10.5,,,False,,,False
SAMN45966828,1,24078215100,DNBSEQ,WGS,PRJNA1202942,10.5,,,False,,,False
SAMN45966829,1,24080876400,DNBSEQ,WGS,PRJNA1202942,10.5,,,False,,,False
SAMN45966830,1,19517406000,DNBSEQ,WGS,PRJNA1202942,8.5,,,False,,,False
SAMN45966831,1,19374906600,DNBSEQ,WGS,PRJNA1202942,8.4,,,False,,,False
SAMN45966832,1,24093447000,DNBSEQ,WGS,PRJNA1202942,10.5,,,False,,,False
SAMN45966833,1,24069936300,DNBSEQ,WGS,PRJNA1202942,10.5,,,False,,,False
SAMN45966834,1,24059069100,DNBSEQ,WGS,PRJNA1202942,10.5,,,False,,,False
SAMN45966835,1,24064776900,DNBSEQ,WGS,PRJNA1202942,10.5,,,False,,,False
SAMN45966836,1,24072951000,DNBSEQ,WGS,PRJNA1202942,10.5,,,False,,,False
SAMN45966837,1,24049002600,DNBSEQ,WGS,PRJNA1202942,10.5,,,False,,,False
SAMN45966838,1,24062453700,DNBSEQ,WGS,PRJNA1202942,10.5,,,False,,,False
SAMN45966839,1,24071607000,DNBSEQ,WGS,PRJNA1202942,10.5,,,False,,,False
SAMN45966840,1,22469993400,DNBSEQ,WGS,PRJNA1202942,9.8,,,False,,,False
SAMN45966841,1,24068212200,DNBSEQ,WGS,PRJNA1202942,10.5,,,False,,,False
SAMN45966842,1,24060617400,DNBSEQ,WGS,PRJNA1202942,10.5,,,False,,,False
SAMN45966843,1,24043714200,DNBSEQ,WGS,PRJNA1202942,10.5,,,False,,,False
SAMN45966844,1,24091787100,DNBSEQ,WGS,PRJNA1202942,10.5,,,False,,,False
SAMN45966845,1,24044144100,DNBSEQ,WGS,PRJNA1202942,10.5,,,False,,,False
SAMN45966846,1,24089465700,DNBSEQ,WGS,PRJNA1202942,10.5,,,False,,,False
SAMN45966847,1,24025962300,DNBSEQ,WGS,PRJNA1202942,10.4,,,False,,,False
SAMN45966848,1,24052325700,DNBSEQ,WGS,PRJNA1202942,10.5,,,False,,,False
SAMN45966849,1,24079022400,DNBSEQ,WGS,PRJNA1202942,10.5,,,False,,,False
SAMN45966850,1,24048481500,DNBSEQ,WGS,PRJNA1202942,10.5,,,False,,,False
SAMN45966851,1,24075128100,DNBSEQ,WGS,PRJNA1202942,10.5,,,False,,,False
SAMN45966852,1,20724442500,DNBSEQ,WGS,PRJNA1202942,9.0,,,False,,,False
SAMN45966853,1,24078114300,DNBSEQ,WGS,PRJNA1202942,10.5,,,False,,,False
SAMN45966854,1,24059749500,DNBSEQ,WGS,PRJNA1202942,10.5,,,False,,,False
SAMN45966855,1,24076477200,DNBSEQ,WGS,PRJNA1202942,10.5,,,False,,,False
SAMN45966856,1,24053681400,DNBSEQ,WGS,PRJNA1202942,10.5,,,False,,,False
SAMN45966857,1,24080440200,DNBSEQ,WGS,PRJNA1202942,10.5,,,False,,,False
SAMN45966858,1,24125027100,DNBSEQ,WGS,PRJNA1202942,10.5,,,False,,,False
SAMN45966859,1,24123102600,DNBSEQ,WGS,PRJNA1202942,10.5,,,False,,,False
SAMN45966860,1,24102860100,DNBSEQ,WGS,PRJNA1202942,10.5,,,False,,,False
SAMN45966861,1,24077406000,DNBSEQ,WGS,PRJNA1202942,10.5,,,False,,,False
SAMN45966862,1,24049495200,DNBSEQ,WGS,PRJNA1202942,10.5,,,False,,,False
SAMN45966863,1,24046783200,DNBSEQ,WGS,PRJNA1202942,10.5,,,False,,,False
SAMN45966864,1,24069444900,DNBSEQ,WGS,PRJNA1202942,10.5,,,False,,,False
SAMN45966865,1,24075937800,DNBSEQ,WGS,PRJNA1202942,10.5,,,False,,,False
SAMN45966866,1,24063737700,DNBSEQ,WGS,PRJNA1202942,10.5,,,False,,,False
SAMN45966867,1,24075276600,DNBSEQ,WGS,PRJNA1202942,10.5,,,False,,,False
SAMN45966868,1,24098387400,DNBSEQ,WGS,PRJNA1202942,10.5,,,False,,,False
SAMN45966869,1,23570020500,DNBSEQ,WGS,PRJNA1202942,10.2,,,False,,,False
SAMN45966870,1,24079002600,DNBSEQ,WGS,PRJNA1202942,10.5,,,False,,,False
SAMN45966871,1,24056573400,DNBSEQ,WGS,PRJNA1202942,10.5,,,False,,,False
SAMN45966872,1,24067085100,DNBSEQ,WGS,PRJNA1202942,10.5,,,False,,,False
SAMN45966873,1,24056454000,DNBSEQ,WGS,PRJNA1202942,10.5,,,False,,,False
SAMN45966874,1,24105062400,DNBSEQ,WGS,PRJNA1202942,10.5,,,False,,,False
SAMN45966875,1,24073823700,DNBSEQ,WGS,PRJNA1202942,10.5,,,False,,,False
SAMN45966876,1,24103090800,DNBSEQ,WGS,PRJNA1202942,10.5,,,False,,,False
SAMN45966877,1,24087619800,DNBSEQ,WGS,PRJNA1202942,10.5,,,False,,,False
SAMN45966878,1,24104191200,DNBSEQ,WGS,PRJNA1202942,10.5,,,False,,,False
SAMN45966879,1,24020850000,DNBSEQ,WGS,PRJNA1202942,10.4,,,False,,,False
SAMN45966880,1,24129951600,DNBSEQ,WGS,PRJNA1202942,10.5,,,False,,,False
SAMN45966881,1,24055612200,DNBSEQ,WGS,PRJNA1202942,10.5,,,False,,,False
SAMN45966882,1,24060549600,DNBSEQ,WGS,PRJNA1202942,10.5,,,False,,,False
SAMN45966883,1,24066970200,DNBSEQ,WGS,PRJNA1202942,10.5,,,False,,,False
SAMN45966884,1,20861374500,DNBSEQ,WGS,PRJNA1202942,9.1,,,False,,,False
SAMN45966885,1,24082399500,DNBSEQ,WGS,PRJNA1202942,10.5,,,False,,,False
SAMN45966886,1,24052921200,DNBSEQ,WGS,PRJNA1202942,10.5,,,False,,,False
SAMN45966887,1,24036687900,DNBSEQ,WGS,PRJNA1202942,10.5,,,False,,,False
SAMN45966888,1,24074372400,DNBSEQ,WGS,PRJNA1202942,10.5,,,False,,,False
SAMN45966889,1,24119158200,DNBSEQ,WGS,PRJNA1202942,10.5,,,False,,,False
SAMN45966890,1,24090812100,DNBSEQ,WGS,PRJNA1202942,10.5,,,False,,,False
SAMN45966891,1,24056237100,DNBSEQ,WGS,PRJNA1202942,10.5,,,False,,,False
SAMN45966892,1,24071147700,DNBSEQ,WGS,PRJNA1202942,10.5,,,False,,,False
SAMN45966893,1,24092190300,DNBSEQ,WGS,PRJNA1202942,10.5,,,False,,,False
SAMN45966894,1,24056978100,DNBSEQ,WGS,PRJNA1202942,10.5,,,False,,,False
SAMN45966895,1,24056377500,DNBSEQ,WGS,PRJNA1202942,10.5,,,False,,,False
SAMN45966896,1,22769280300,DNBSEQ,WGS,PRJNA1202942,9.9,,,False,,,False
SAMN45966897,1,24050955300,DNBSEQ,WGS,PRJNA1202942,10.5,,,False,,,False
SAMN45966898,1,24097266000,DNBSEQ,WGS,PRJNA1202942,10.5,,,False,,,False
SAMN45966899,1,24078502500,DNBSEQ,WGS,PRJNA1202942,10.5,,,False,,,False
SAMN45966900,1,24085521600,DNBSEQ,WGS,PRJNA1202942,10.5,,,False,,,False
SAMN45966901,1,24083749200,DNBSEQ,WGS,PRJNA1202942,10.5,,,False,,,False
SAMN45966902,1,24087114900,DNBSEQ,WGS,PRJNA1202942,10.5,,,False,,,False
SAMN45966903,1,24060201900,DNBSEQ,WGS,PRJNA1202942,10.5,,,False,,,False
SAMN45966904,1,24090574200,DNBSEQ,WGS,PRJNA1202942,10.5,,,False,,,False
SAMN45966905,1,24012454500,DNBSEQ,WGS,PRJNA1202942,10.4,,,False,,,False
SAMN45966906,1,24061447500,DNBSEQ,WGS,PRJNA1202942,10.5,,,False,,,False
SAMN45966907,1,22461182100,DNBSEQ,WGS,PRJNA1202942,9.8,,,False,,,False
SAMN45966908,1,24065755800,DNBSEQ,WGS,PRJNA1202942,10.5,,,False,,,False
SAMN45966909,1,24067256400,DNBSEQ,WGS,PRJNA1202942,10.5,,,False,,,False
SAMN45966910,1,24116555700,DNBSEQ,WGS,PRJNA1202942,10.5,,,False,,,False
SAMN45966911,1,19255722300,DNBSEQ,WGS,PRJNA1202942,8.4,,,False,,,False
SAMN45966912,1,24027845100,DNBSEQ,WGS,PRJNA1202942,10.4,,,False,,,False
SAMN45966913,1,24083628000,DNBSEQ,WGS,PRJNA1202942,10.5,,,False,,,False
SAMN45966914,1,24065750100,DNBSEQ,WGS,PRJNA1202942,10.5,,,False,,,False
SAMN45966915,1,24096344100,DNBSEQ,WGS,PRJNA1202942,10.5,,,False,,,False
SAMN45966916,1,24058663800,DNBSEQ,WGS,PRJNA1202942,10.5,,,False,,,False
SAMN45966917,1,24059111100,DNBSEQ,WGS,PRJNA1202942,10.5,,,False,,,False
SAMN45966918,1,24117385200,DNBSEQ,WGS,PRJNA1202942,10.5,,,False,,,False
SAMN45966919,1,24065268300,DNBSEQ,WGS,PRJNA1202942,10.5,,,False,,,False
SAMN45966920,1,24067374000,DNBSEQ,WGS,PRJNA1202942,10.5,,,False,,,False
SAMN45966921,1,24090112500,DNBSEQ,WGS,PRJNA1202942,10.5,,,False,,,False
SAMN45966922,1,21549319500,DNBSEQ,WGS,PRJNA1202942,9.4,,,False,,,False
SAMN45966923,1,20167011300,DNBSEQ,WGS,PRJNA1202942,8.8,,,False,,,False
SAMN45966924,1,24069451200,DNBSEQ,WGS,PRJNA1202942,10.5,,,False,,,False
SAMN45966925,1,24031496100,DNBSEQ,WGS,PRJNA1202942,10.4,,,False,,,False
SAMN45966926,1,24110472000,DNBSEQ,WGS,PRJNA1202942,10.5,,,False,,,False
SAMN45966927,1,24096622500,DNBSEQ,WGS,PRJNA1202942,10.5,,,False,,,False
SAMN45966928,1,23572881300,DNBSEQ,WGS,PRJNA1202942,10.2,,,False,,,False
SAMN45966929,1,24042784200,DNBSEQ,WGS,PRJNA1202942,10.5,,,False,,,False
SAMN45966930,1,24096341700,DNBSEQ,WGS,PRJNA1202942,10.5,,,False,,,False
SAMN45966931,1,24091298400,DNBSEQ,WGS,PRJNA1202942,10.5,,,False,,,False
SAMN45966932,1,24097212000,DNBSEQ,WGS,PRJNA1202942,10.5,,,False,,,False
SAMN45966933,1,24086682600,DNBSEQ,WGS,PRJNA1202942,10.5,,,False,,,False
SAMN45966934,1,24062609400,DNBSEQ,WGS,PRJNA1202942,10.5,,,False,,,False
SAMN45966935,1,23968370100,DNBSEQ,WGS,PRJNA1202942,10.4,,,False,,,False
SAMN45966936,1,24073791600,DNBSEQ,WGS,PRJNA1202942,10.5,,,False,,,False
SAMN45966937,1,24042926100,DNBSEQ,WGS,PRJNA1202942,10.5,,,False,,,False
SAMN45966938,1,24023007300,DNBSEQ,WGS,PRJNA1202942,10.4,,,False,,,False
SAMN45966939,1,24061498800,DNBSEQ,WGS,PRJNA1202942,10.5,,,False,,,False
SAMN45966940,1,24048831300,DNBSEQ,WGS,PRJNA1202942,10.5,,,False,,,False
SAMN45966941,1,24070446300,DNBSEQ,WGS,PRJNA1202942,10.5,,,False,,,False
SAMN45966942,1,24075915900,DNBSEQ,WGS,PRJNA1202942,10.5,,,False,,,False
SAMN45966943,1,24069057300,DNBSEQ,WGS,PRJNA1202942,10.5,,,False,,,False
SAMN45966944,1,24037155600,DNBSEQ,WGS,PRJNA1202942,10.5,,,False,,,False
SAMN45966945,1,24042750600,DNBSEQ,WGS,PRJNA1202942,10.5,,,False,,,False
SAMN45966946,1,21666528900,DNBSEQ,WGS,PRJNA1202942,9.4,,,False,,,False
SAMN45966947,1,24087496800,DNBSEQ,WGS,PRJNA1202942,10.5,,,False,,,False
SAMN45966948,1,24082363500,DNBSEQ,WGS,PRJNA1202942,10.5,,,False,,,False
SAMN45966949,1,24087378600,DNBSEQ,WGS,PRJNA1202942,10.5,,,False,,,False
SAMN45966950,1,24075295200,DNBSEQ,WGS,PRJNA1202942,10.5,,,False,,,False
SAMN45966951,1,21021934200,DNBSEQ,WGS,PRJNA1202942,9.1,,,False,,,False
SAMN45966952,1,24047954400,DNBSEQ,WGS,PRJNA1202942,10.5,,,False,,,False
SAMN45966953,1,22257042900,DNBSEQ,WGS,PRJNA1202942,9.7,,,False,,,False
SAMN45966954,1,24038478600,DNBSEQ,WGS,PRJNA1202942,10.5,,,False,,,False
SAMN45966955,1,24052015200,DNBSEQ,WGS,PRJNA1202942,10.5,,,False,,,False
SAMN45966956,1,24103735200,DNBSEQ,WGS,PRJNA1202942,10.5,,,False,,,False
SAMN45966957,1,23680831200,DNBSEQ,WGS,PRJNA1202942,10.3,,,False,,,False
SAMN45966958,1,24047810100,DNBSEQ,WGS,PRJNA1202942,10.5,,,False,,,False
SAMN45966959,1,24094154100,DNBSEQ,WGS,PRJNA1202942,10.5,,,False,,,False
SAMN45966960,1,24082011000,DNBSEQ,WGS,PRJNA1202942,10.5,,,False,,,False
SAMN45966961,1,24075697800,DNBSEQ,WGS,PRJNA1202942,10.5,,,False,,,False
SAMN45966962,1,24083913600,DNBSEQ,WGS,PRJNA1202942,10.5,,,False,,,False
SAMN45966963,1,20816939100,DNBSEQ,WGS,PRJNA1202942,9.1,,,False,,,False
SAMN45966964,1,24085745100,DNBSEQ,WGS,PRJNA1202942,10.5,,,False,,,False
SAMN45966965,1,24108508200,DNBSEQ,WGS,PRJNA1202942,10.5,,,False,,,False
SAMN45966966,1,24030646800,DNBSEQ,WGS,PRJNA1202942,10.4,,,False,,,False
SAMN45966967,1,24063257400,DNBSEQ,WGS,PRJNA1202942,10.5,,,False,,,False
SAMN45966968,1,24035383200,DNBSEQ,WGS,PRJNA1202942,10.5,,,False,,,False
SAMN45966969,1,24052838700,DNBSEQ,WGS,PRJNA1202942,10.5,,,False,,,False
SAMN45966970,1,19315758300,DNBSEQ,WGS,PRJNA1202942,8.4,,,False,,,False
SAMN45966971,1,24066760500,DNBSEQ,WGS,PRJNA1202942,10.5,,,False,,,False
SAMN45966972,1,24105722100,DNBSEQ,WGS,PRJNA1202942,10.5,,,False,,,False
SAMN45966973,1,24036503400,DNBSEQ,WGS,PRJNA1202942,10.5,,,False,,,False
SAMN45966974,1,24069444900,DNBSEQ,WGS,PRJNA1202942,10.5,,,False,,,False
SAMN45966975,1,24041191200,DNBSEQ,WGS,PRJNA1202942,10.5,,,False,,,False
SAMN45966976,1,24052432800,DNBSEQ,WGS,PRJNA1202942,10.5,,,False,,,False
SAMN45966977,1,24083196900,DNBSEQ,WGS,PRJNA1202942,10.5,,,False,,,False
SAMN45966978,1,24052252500,DNBSEQ,WGS,PRJNA1202942,10.5,,,False,,,False
SAMN45966979,1,23646411900,DNBSEQ,WGS,PRJNA1202942,10.3,,,False,,,False
SAMN45966980,1,24052872000,DNBSEQ,WGS,PRJNA1202942,10.5,,,False,,,False
SAMN45966981,1,24088104000,DNBSEQ,WGS,PRJNA1202942,10.5,,,False,,,False
SAMN45966982,1,24064056600,DNBSEQ,WGS,PRJNA1202942,10.5,,,False,,,False
SAMN45966983,1,24086727900,DNBSEQ,WGS,PRJNA1202942,10.5,,,False,,,False
SAMN45966984,1,24070437600,DNBSEQ,WGS,PRJNA1202942,10.5,,,False,,,False
SAMN45966985,1,24091390200,DNBSEQ,WGS,PRJNA1202942,10.5,,,False,,,False
SAMN45966986,1,24091943400,DNBSEQ,WGS,PRJNA1202942,10.5,,,False,,,False
SAMN45966987,1,24078181500,DNBSEQ,WGS,PRJNA1202942,10.5,,,False,,,False
SAMN45966988,1,24074302500,DNBSEQ,WGS,PRJNA1202942,10.5,,,False,,,False
SAMN45966989,1,24068673900,DNBSEQ,WGS,PRJNA1202942,10.5,,,False,,,False
SAMN45966990,1,24069295200,DNBSEQ,WGS,PRJNA1202942,10.5,,,False,,,False
SAMN45966991,1,24045705000,DNBSEQ,WGS,PRJNA1202942,10.5,,,False,,,False
SAMN45966992,1,24050848800,DNBSEQ,WGS,PRJNA1202942,10.5,,,False,,,False
SAMN45966993,1,24081084300,DNBSEQ,WGS,PRJNA1202942,10.5,,,False,,,False
SAMN45966994,1,24078632100,DNBSEQ,WGS,PRJNA1202942,10.5,,,False,,,False
SAMN46012716,1,22196806200,ILLUMINA,WGS,PRJNA1203952,9.7,,,False,,,False
SAMN46012717,1,13883583900,ILLUMINA,WGS,PRJNA1203952,6.0,,,False,,,False
SAMN46012718,1,14511377100,ILLUMINA,WGS,PRJNA1203952,6.3,,,False,,,False
SAMN46012719,1,23730834000,ILLUMINA,WGS,PRJNA1203952,10.3,,,False,,,False
SAMN46012720,1,18096559500,ILLUMINA,WGS,PRJNA1203952,7.9,,,False,,,False
SAMN46012721,1,19341681900,ILLUMINA,WGS,PRJNA1203952,8.4,,,False,,,False
SAMN46012722,1,16528138200,ILLUMINA,WGS,PRJNA1203952,7.2,,,False,,,False
SAMN46012723,1,16995582000,ILLUMINA,WGS,PRJNA1203952,7.4,,,False,,,False
SAMN46012724,1,14269989600,ILLUMINA,WGS,PRJNA1203952,6.2,,,False,,,False
SAMN46012725,1,13048135800,ILLUMINA,WGS,PRJNA1203952,5.7,,,False,,,False
SAMN46012726,1,17414271300,ILLUMINA,WGS,PRJNA1203952,7.6,,,False,,,False
SAMN46012727,1,16808254200,ILLUMINA,WGS,PRJNA1203952,7.3,,,False,,,False
SAMN46012728,1,15248496300,ILLUMINA,WGS,PRJNA1203952,6.6,,,False,,,False
SAMN46012729,1,20630863200,ILLUMINA,WGS,PRJNA1203952,9.0,,,False,,,False
SAMN46012730,1,19927254900,ILLUMINA,WGS,PRJNA1203952,8.7,,,False,,,False
SAMN46012731,1,18674700900,ILLUMINA,WGS,PRJNA1203952,8.1,,,False,,,False
SAMN46012732,1,18772133100,ILLUMINA,WGS,PRJNA1203952,8.2,,,False,,,False
SAMN46012733,1,15447255000,ILLUMINA,WGS,PRJNA1203952,6.7,,,False,,,False
SAMN46012734,1,16281249000,ILLUMINA,WGS,PRJNA1203952,7.1,,,False,,,False
SAMN46012735,1,12920579400,ILLUMINA,WGS,PRJNA1203952,5.6,,,False,,,False
SAMN46012736,1,13047014700,ILLUMINA,WGS,PRJNA1203952,5.7,,,False,,,False
SAMN46012737,1,17389595400,ILLUMINA,WGS,PRJNA1203952,7.6,,,False,,,False
SAMN46012738,1,12357861000,ILLUMINA,WGS,PRJNA1203952,5.4,,,False,,,False
SAMN46012739,1,23497170000,ILLUMINA,WGS,PRJNA1203952,10.2,,,False,,,False
SAMN46012740,1,15524117100,ILLUMINA,WGS,PRJNA1203952,6.7,,,False,,,False
SAMN46012741,1,16173646800,ILLUMINA,WGS,PRJNA1203952,7.0,,,False,,,False
SAMN46012742,1,17449618800,ILLUMINA,WGS,PRJNA1203952,7.6,,,False,,,False
SAMN46012743,1,15992362200,ILLUMINA,WGS,PRJNA1203952,7.0,,,False,,,False
SAMN46012744,1,14776950000,ILLUMINA,WGS,PRJNA1203952,6.4,,,False,,,False
SAMN46012745,1,24079613400,ILLUMINA,WGS,PRJNA1203952,10.5,,,False,,,False
SAMN46012746,1,18324057600,ILLUMINA,WGS,PRJNA1203952,8.0,,,False,,,False
SAMN46012747,1,16350787500,ILLUMINA,WGS,PRJNA1203952,7.1,,,False,,,False
SAMN46012748,1,19131076200,ILLUMINA,WGS,PRJNA1203952,8.3,,,False,,,False
SAMN46012749,1,17350888500,ILLUMINA,WGS,PRJNA1203952,7.5,,,False,,,False
SAMN46012750,1,17687629200,ILLUMINA,WGS,PRJNA1203952,7.7,,,False,,,False
SAMN46012751,1,19606078800,ILLUMINA,WGS,PRJNA1203952,8.5,,,False,,,False
SAMN46012752,1,18212009100,ILLUMINA,WGS,PRJNA1203952,7.9,,,False,,,False
SAMN46012753,1,19248240600,ILLUMINA,WGS,PRJNA1203952,8.4,,,False,,,False
SAMN46012754,1,17294385000,ILLUMINA,WGS,PRJNA1203952,7.5,,,False,,,False
SAMN46012755,1,20633067300,ILLUMINA,WGS,PRJNA1203952,9.0,,,False,,,False
SAMN46012756,1,23943963300,ILLUMINA,WGS,PRJNA1203952,10.4,,,False,,,False
SAMN46012757,1,28592884500,ILLUMINA,WGS,PRJNA1203952,12.4,,,False,,,False
SAMN46012758,1,12753715200,ILLUMINA,WGS,PRJNA1203952,5.5,,,False,,,False
SAMN46012759,1,29272564200,ILLUMINA,WGS,PRJNA1203952,12.7,,,False,,,False
SAMN46012760,1,18140084700,ILLUMINA,WGS,PRJNA1203952,7.9,,,False,,,False
SAMN46012761,1,24902316600,ILLUMINA,WGS,PRJNA1203952,10.8,,,False,,,False
SAMN46012762,1,21067518000,ILLUMINA,WGS,PRJNA1203952,9.2,,,False,,,False
SAMN46012763,1,23494512900,ILLUMINA,WGS,PRJNA1203952,10.2,,,False,,,False
SAMN46012764,1,20874425400,ILLUMINA,WGS,PRJNA1203952,9.1,,,False,,,False
SAMN46012765,1,16975382100,ILLUMINA,WGS,PRJNA1203952,7.4,,,False,,,False
SAMN46012766,1,14929091100,ILLUMINA,WGS,PRJNA1203952,6.5,,,False,,,False
SAMN46012767,1,16549593600,ILLUMINA,WGS,PRJNA1203952,7.2,,,False,,,False
SAMN46012768,1,13627929900,ILLUMINA,WGS,PRJNA1203952,5.9,,,False,,,False
SAMN46012769,1,14922171600,ILLUMINA,WGS,PRJNA1203952,6.5,,,False,,,False
SAMN46012770,1,23460708300,ILLUMINA,WGS,PRJNA1203952,10.2,,,False,,,False
SAMN46012771,1,18864771900,ILLUMINA,WGS,PRJNA1203952,8.2,,,False,,,False
SAMN46012772,1,14695901100,ILLUMINA,WGS,PRJNA1203952,6.4,,,False,,,False
SAMN46012773,1,12411606300,ILLUMINA,WGS,PRJNA1203952,5.4,,,False,,,False
SAMN46012774,1,15873031500,ILLUMINA,WGS,PRJNA1203952,6.9,,,False,,,False
SAMN46012775,1,13216229400,ILLUMINA,WGS,PRJNA1203952,5.7,,,False,,,False
SAMN46012776,1,13801059900,ILLUMINA,WGS,PRJNA1203952,6.0,,,False,,,False
SAMN46012777,1,13948872600,ILLUMINA,WGS,PRJNA1203952,6.1,,,False,,,False
SAMN46012778,1,20124838200,ILLUMINA,WGS,PRJNA1203952,8.7,,,False,,,False
SAMN46012779,1,13365780600,ILLUMINA,WGS,PRJNA1203952,5.8,,,False,,,False
SAMN46012780,1,15225609900,ILLUMINA,WGS,PRJNA1203952,6.6,,,False,,,False
SAMN46012781,1,16516116000,ILLUMINA,WGS,PRJNA1203952,7.2,,,False,,,False
SAMN46012782,1,13649117700,ILLUMINA,WGS,PRJNA1203952,5.9,,,False,,,False
SAMN46012783,1,19037670900,ILLUMINA,WGS,PRJNA1203952,8.3,,,False,,,False
SAMN46012784,1,18292484700,ILLUMINA,WGS,PRJNA1203952,8.0,,,False,,,False
SAMN46012785,1,15096642900,ILLUMINA,WGS,PRJNA1203952,6.6,,,False,,,False
SAMN46012786,1,16218475500,ILLUMINA,WGS,PRJNA1203952,7.1,,,False,,,False
SAMN46012787,1,17707178400,ILLUMINA,WGS,PRJNA1203952,7.7,,,False,,,False
SAMN46012788,1,15899277900,ILLUMINA,WGS,PRJNA1203952,6.9,,,False,,,False
SAMN46012789,1,14824483500,ILLUMINA,WGS,PRJNA1203952,6.4,,,False,,,False
SAMN46012790,1,16512508200,ILLUMINA,WGS,PRJNA1203952,7.2,,,False,,,False
SAMN46012791,1,14453538300,ILLUMINA,WGS,PRJNA1203952,6.3,,,False,,,False
SAMN46012792,1,17981976000,ILLUMINA,WGS,PRJNA1203952,7.8,,,False,,,False
SAMN46012793,1,17947170600,ILLUMINA,WGS,PRJNA1203952,7.8,,,False,,,False
SAMN46012794,1,15634019100,ILLUMINA,WGS,PRJNA1203952,6.8,,,False,,,False
SAMN46012795,1,12907694100,ILLUMINA,WGS,PRJNA1203952,5.6,,,False,,,False
SAMN46012796,1,14519681100,ILLUMINA,WGS,PRJNA1203952,6.3,,,False,,,False
SAMN46012797,1,13855048200,ILLUMINA,WGS,PRJNA1203952,6.0,,,False,,,False
SAMN46012798,1,14557922400,ILLUMINA,WGS,PRJNA1203952,6.3,,,False,,,False
SAMN46012799,1,16370180700,ILLUMINA,WGS,PRJNA1203952,7.1,,,False,,,False
SAMN46012800,1,16826936700,ILLUMINA,WGS,PRJNA1203952,7.3,,,False,,,False
SAMN46012801,1,17324870400,ILLUMINA,WGS,PRJNA1203952,7.5,,,False,,,False
SAMN46012802,1,19622942400,ILLUMINA,WGS,PRJNA1203952,8.5,,,False,,,False
SAMN46012803,1,13678418400,ILLUMINA,WGS,PRJNA1203952,5.9,,,False,,,False
SAMN46012804,1,16710843900,ILLUMINA,WGS,PRJNA1203952,7.3,,,False,,,False
SAMN46012805,1,16366153800,ILLUMINA,WGS,PRJNA1203952,7.1,,,False,,,False
SAMN46012806,1,14311802700,ILLUMINA,WGS,PRJNA1203952,6.2,,,False,,,False
SAMN46012807,1,18627153000,ILLUMINA,WGS,PRJNA1203952,8.1,,,False,,,False
SAMN46012808,1,14665353900,ILLUMINA,WGS,PRJNA1203952,6.4,,,False,,,False
SAMN46012809,1,17394466800,ILLUMINA,WGS,PRJNA1203952,7.6,,,False,,,False
SAMN46012810,1,20064991200,ILLUMINA,WGS,PRJNA1203952,8.7,,,False,,,False
SAMN46012811,1,16286892300,ILLUMINA,WGS,PRJNA1203952,7.1,,,False,,,False
SAMN46012812,1,21677215200,ILLUMINA,WGS,PRJNA1203952,9.4,,,False,,,False
SAMN46012813,1,16341483000,ILLUMINA,WGS,PRJNA1203952,7.1,,,False,,,False
SAMN46012814,1,16974666600,ILLUMINA,WGS,PRJNA1203952,7.4,,,False,,,False
SAMN46012815,1,20178469500,ILLUMINA,WGS,PRJNA1203952,8.8,,,False,,,False
SAMN46012816,1,19161518100,ILLUMINA,WGS,PRJNA1203952,8.3,,,False,,,False
SAMN46012817,1,22958162400,ILLUMINA,WGS,PRJNA1203952,10.0,,,False,,,False
SAMN46012818,1,22805114100,ILLUMINA,WGS,PRJNA1203952,9.9,,,False,,,False
SAMN46012819,1,14856891000,ILLUMINA,WGS,PRJNA1203952,6.5,,,False,,,False
SAMN46012820,1,12659144400,ILLUMINA,WGS,PRJNA1203952,5.5,,,False,,,False
SAMN46012821,1,20793776700,ILLUMINA,WGS,PRJNA1203952,9.0,,,False,,,False
SAMN46012822,1,15819873300,ILLUMINA,WGS,PRJNA1203952,6.9,,,False,,,False
SAMN46012823,1,16186669500,ILLUMINA,WGS,PRJNA1203952,7.0,,,False,,,False
SAMN46012824,1,20003064000,ILLUMINA,WGS,PRJNA1203952,8.7,,,False,,,False
SAMN46012825,1,17420375400,ILLUMINA,WGS,PRJNA1203952,7.6,,,False,,,False
SAMN46012826,1,15029421000,ILLUMINA,WGS,PRJNA1203952,6.5,,,False,,,False
SAMN46012827,1,13852868400,ILLUMINA,WGS,PRJNA1203952,6.0,,,False,,,False
SAMN46012828,1,17598183000,ILLUMINA,WGS,PRJNA1203952,7.7,,,False,,,False
SAMN46012829,1,16242740100,ILLUMINA,WGS,PRJNA1203952,7.1,,,False,,,False
SAMN46012830,1,13126947600,ILLUMINA,WGS,PRJNA1203952,5.7,,,False,,,False
SAMN46012831,1,18073029600,ILLUMINA,WGS,PRJNA1203952,7.9,,,False,,,False
SAMN46012832,1,13199819700,ILLUMINA,WGS,PRJNA1203952,5.7,,,False,,,False
SAMN46012833,1,12299951400,ILLUMINA,WGS,PRJNA1203952,5.3,,,False,,,False
SAMN46012834,1,12813705300,ILLUMINA,WGS,PRJNA1203952,5.6,,,False,,,False
SAMN46012835,1,18035067900,ILLUMINA,WGS,PRJNA1203952,7.8,,,False,,,False
SAMN46012836,1,20562822300,ILLUMINA,WGS,PRJNA1203952,8.9,,,False,,,False
SAMN46012837,1,15290775300,ILLUMINA,WGS,PRJNA1203952,6.6,,,False,,,False
SAMN46012838,1,20211106800,ILLUMINA,WGS,PRJNA1203952,8.8,,,False,,,False
SAMN46012839,1,16780620300,ILLUMINA,WGS,PRJNA1203952,7.3,,,False,,,False
SAMN46012840,1,13008661800,ILLUMINA,WGS,PRJNA1203952,5.7,,,False,,,False
SAMN46012841,1,18615384900,ILLUMINA,WGS,PRJNA1203952,8.1,,,False,,,False
SAMN46012842,1,13241288100,ILLUMINA,WGS,PRJNA1203952,5.8,,,False,,,False
SAMN46012843,1,14211926400,ILLUMINA,WGS,PRJNA1203952,6.2,,,False,,,False
SAMN46012844,1,20037093600,ILLUMINA,WGS,PRJNA1203952,8.7,,,False,,,False
SAMN46012845,1,12741943500,ILLUMINA,WGS,PRJNA1203952,5.5,,,False,,,False
SAMN46012846,1,12377080500,ILLUMINA,WGS,PRJNA1203952,5.4,,,False,,,False
SAMN46012847,1,12760488600,ILLUMINA,WGS,PRJNA1203952,5.5,,,False,,,False
SAMN46012848,1,14896134900,ILLUMINA,WGS,PRJNA1203952,6.5,,,False,,,False
SAMN46012849,1,13925370600,ILLUMINA,WGS,PRJNA1203952,6.1,,,False,,,False
SAMN46012850,1,15217243500,ILLUMINA,WGS,PRJNA1203952,6.6,,,False,,,False
SAMN46012851,1,16382745000,ILLUMINA,WGS,PRJNA1203952,7.1,,,False,,,False
SAMN46012852,1,16257365400,ILLUMINA,WGS,PRJNA1203952,7.1,,,False,,,False
SAMN46012853,1,12731880600,ILLUMINA,WGS,PRJNA1203952,5.5,,,False,,,False
SAMN46012854,1,14235284400,ILLUMINA,WGS,PRJNA1203952,6.2,,,False,,,False
SAMN46012855,1,14295675900,ILLUMINA,WGS,PRJNA1203952,6.2,,,False,,,False
SAMN46012856,1,12464102100,ILLUMINA,WGS,PRJNA1203952,5.4,,,False,,,False
SAMN46012857,1,14123287500,ILLUMINA,WGS,PRJNA1203952,6.1,,,False,,,False
SAMN46012858,1,15111696000,ILLUMINA,WGS,PRJNA1203952,6.6,,,False,,,False
SAMN46012859,1,15622092000,ILLUMINA,WGS,PRJNA1203952,6.8,,,False,,,False
SAMN46012860,1,15938062800,ILLUMINA,WGS,PRJNA1203952,6.9,,,False,,,False
SAMN46012861,1,12588738600,ILLUMINA,WGS,PRJNA1203952,5.5,,,False,,,False
SAMN46012862,1,12433743900,ILLUMINA,WGS,PRJNA1203952,5.4,,,False,,,False
SAMN46012863,1,15121902300,ILLUMINA,WGS,PRJNA1203952,6.6,,,False,,,False
SAMN46012864,1,14334354600,ILLUMINA,WGS,PRJNA1203952,6.2,,,False,,,False
SAMN46012865,1,13215357600,ILLUMINA,WGS,PRJNA1203952,5.7,,,False,,,False
SAMN46012866,1,14008553400,ILLUMINA,WGS,PRJNA1203952,6.1,,,False,,,False
SAMN46012867,1,12244527000,ILLUMINA,WGS,PRJNA1203952,5.3,,,False,,,False
SAMN46012868,1,13162760700,ILLUMINA,WGS,PRJNA1203952,5.7,,,False,,,False
SAMN46012869,1,13995568800,ILLUMINA,WGS,PRJNA1203952,6.1,,,False,,,False
SAMN46012870,1,14706186600,ILLUMINA,WGS,PRJNA1203952,6.4,,,False,,,False
SAMN46012871,1,14623193100,ILLUMINA,WGS,PRJNA1203952,6.4,,,False,,,False
SAMN46012872,1,13682172300,ILLUMINA,WGS,PRJNA1203952,5.9,,,False,,,False
SAMN46012873,1,14233438800,ILLUMINA,WGS,PRJNA1203952,6.2,,,False,,,False
SAMN46012874,1,15091849200,ILLUMINA,WGS,PRJNA1203952,6.6,,,False,,,False
SAMN46012875,1,14409611700,ILLUMINA,WGS,PRJNA1203952,6.3,,,False,,,False
SAMN46012876,1,13342082400,ILLUMINA,WGS,PRJNA1203952,5.8,,,False,,,False
SAMN46012877,1,14452165800,ILLUMINA,WGS,PRJNA1203952,6.3,,,False,,,False
SAMN46012878,1,14755675500,ILLUMINA,WGS,PRJNA1203952,6.4,,,False,,,False
SAMN46012879,1,16021926300,ILLUMINA,WGS,PRJNA1203952,7.0,,,False,,,False
SAMN46012880,1,15258003000,ILLUMINA,WGS,PRJNA1203952,6.6,,,False,,,False
SAMN46012881,1,12771129600,ILLUMINA,WGS,PRJNA1203952,5.6,,,False,,,False
SAMN46012882,1,14704527900,ILLUMINA,WGS,PRJNA1203952,6.4,,,False,,,False
SAMN46012883,1,13906278000,ILLUMINA,WGS,PRJNA1203952,6.0,,,False,,,False
SAMN46012884,1,16240260900,ILLUMINA,WGS,PRJNA1203952,7.1,,,False,,,False
SAMN46012885,1,13514602500,ILLUMINA,WGS,PRJNA1203952,5.9,,,False,,,False
SAMN46012886,1,14982604800,ILLUMINA,WGS,PRJNA1203952,6.5,,,False,,,False
SAMN46012887,1,19387066800,ILLUMINA,WGS,PRJNA1203952,8.4,,,False,,,False
SAMN46012888,1,13434425700,ILLUMINA,WGS,PRJNA1203952,5.8,,,False,,,False
SAMN46012889,1,15127101900,ILLUMINA,WGS,PRJNA1203952,6.6,,,False,,,False
SAMN46012890,1,12750871800,ILLUMINA,WGS,PRJNA1203952,5.5,,,False,,,False
SAMN46012891,1,13827363900,ILLUMINA,WGS,PRJNA1203952,6.0,,,False,,,False
SAMN46012892,1,26893756800,ILLUMINA,WGS,PRJNA1203952,11.7,,,False,,,False
SAMN46012893,1,16183706100,ILLUMINA,WGS,PRJNA1203952,7.0,,,False,,,False
SAMN46012894,1,17716532400,ILLUMINA,WGS,PRJNA1203952,7.7,,,False,,,False
SAMN46012895,1,16750997700,ILLUMINA,WGS,PRJNA1203952,7.3,,,False,,,False
SAMN46012896,1,16467102600,ILLUMINA,WGS,PRJNA1203952,7.2,,,False,,,False
SAMN46012897,1,18174901200,ILLUMINA,WGS,PRJNA1203952,7.9,,,False,,,False
SAMN46012898,1,14629831800,ILLUMINA,WGS,PRJNA1203952,6.4,,,False,,,False
SAMN46012899,1,18599382600,ILLUMINA,WGS,PRJNA1203952,8.1,,,False,,,False
SAMN46012900,1,16461115200,ILLUMINA,WGS,PRJNA1203952,7.2,,,False,,,False
SAMN46012901,1,14821087500,ILLUMINA,WGS,PRJNA1203952,6.4,,,False,,,False
SAMN46012902,1,15350024100,ILLUMINA,WGS,PRJNA1203952,6.7,,,False,,,False
SAMN46012903,1,14431764300,ILLUMINA,WGS,PRJNA1203952,6.3,,,False,,,False
SAMN46012904,1,13492317300,ILLUMINA,WGS,PRJNA1203952,5.9,,,False,,,False
SAMN46012905,1,14373131400,ILLUMINA,WGS,PRJNA1203952,6.2,,,False,,,False
SAMN46012906,1,14602170600,ILLUMINA,WGS,PRJNA1203952,6.3,,,False,,,False
SAMN46012907,1,14445200100,ILLUMINA,WGS,PRJNA1203952,6.3,,,False,,,False
SAMN46012908,1,13376269500,ILLUMINA,WGS,PRJNA1203952,5.8,,,False,,,False
SAMN46012909,1,15157310700,ILLUMINA,WGS,PRJNA1203952,6.6,,,False,,,False
SAMN46012910,1,15737344800,ILLUMINA,WGS,PRJNA1203952,6.8,,,False,,,False
SAMN46012911,1,15560871600,ILLUMINA,WGS,PRJNA1203952,6.8,,,False,,,False
SAMN46012912,1,12170996700,ILLUMINA,WGS,PRJNA1203952,5.3,,,False,,,False
SAMN46012913,1,12962364300,ILLUMINA,WGS,PRJNA1203952,5.6,,,False,,,False
SAMN46012914,1,12628934400,ILLUMINA,WGS,PRJNA1203952,5.5,,,False,,,False
SAMN46012915,1,12845332800,ILLUMINA,WGS,PRJNA1203952,5.6,,,False,,,False
SAMN46012916,1,19834773000,ILLUMINA,WGS,PRJNA1203952,8.6,,,False,,,False
SAMN46012917,1,15141945000,ILLUMINA,WGS,PRJNA1203952,6.6,,,False,,,False
SAMN46012918,1,12424033200,ILLUMINA,WGS,PRJNA1203952,5.4,,,False,,,False
SAMN46012919,1,13322405400,ILLUMINA,WGS,PRJNA1203952,5.8,,,False,,,False
SAMN46012920,1,12545502000,ILLUMINA,WGS,PRJNA1203952,5.5,,,False,,,False
SAMN46012921,1,12788807400,ILLUMINA,WGS,PRJNA1203952,5.6,,,False,,,False
SAMN46012922,1,15711436200,ILLUMINA,WGS,PRJNA1203952,6.8,,,False,,,False
SAMN46012923,1,12715571100,ILLUMINA,WGS,PRJNA1203952,5.5,,,False,,,False
SAMN46012924,1,13044672000,ILLUMINA,WGS,PRJNA1203952,5.7,,,False,,,False
SAMN46012925,1,13174601700,ILLUMINA,WGS,PRJNA1203952,5.7,,,False,,,False
SAMN46012926,1,13712836800,ILLUMINA,WGS,PRJNA1203952,6.0,,,False,,,False
SAMN46012927,1,13011409200,ILLUMINA,WGS,PRJNA1203952,5.7,,,False,,,False
SAMN46012928,1,12772810800,ILLUMINA,WGS,PRJNA1203952,5.6,,,False,,,False
SAMN46012929,1,14764491900,ILLUMINA,WGS,PRJNA1203952,6.4,,,False,,,False
SAMN46012930,1,13672579500,ILLUMINA,WGS,PRJNA1203952,5.9,,,False,,,False
SAMN46012931,1,12780845400,ILLUMINA,WGS,PRJNA1203952,5.6,,,False,,,False
SAMN46012932,1,12563085600,ILLUMINA,WGS,PRJNA1203952,5.5,,,False,,,False
SAMN46012933,1,15105208800,ILLUMINA,WGS,PRJNA1203952,6.6,,,False,,,False
SAMN46012934,1,13877637600,ILLUMINA,WGS,PRJNA1203952,6.0,,,False,,,False
SAMN46012935,1,12770964600,ILLUMINA,WGS,PRJNA1203952,5.6,,,False,,,False
SAMN46012936,1,12786065700,ILLUMINA,WGS,PRJNA1203952,5.6,,,False,,,False
SAMN46012937,1,16306515900,ILLUMINA,WGS,PRJNA1203952,7.1,,,False,,,False
SAMN46012938,1,12344405100,ILLUMINA,WGS,PRJNA1203952,5.4,,,False,,,False
SAMN46012939,1,13818302700,ILLUMINA,WGS,PRJNA1203952,6.0,,,False,,,False
SAMN46012940,1,12896538000,ILLUMINA,WGS,PRJNA1203952,5.6,,,False,,,False
SAMN46012941,1,12869131200,ILLUMINA,WGS,PRJNA1203952,5.6,,,False,,,False
SAMN46012942,1,12904861500,ILLUMINA,WGS,PRJNA1203952,5.6,,,False,,,False
SAMN46012943,1,12363784800,ILLUMINA,WGS,PRJNA1203952,5.4,,,False,,,False
SAMN46012944,1,13713206100,ILLUMINA,WGS,PRJNA1203952,6.0,,,False,,,False
SAMN46012945,1,14142883500,ILLUMINA,WGS,PRJNA1203952,6.1,,,False,,,False
SAMN46012946,1,14291747100,ILLUMINA,WGS,PRJNA1203952,6.2,,,False,,,False
SAMN46012947,1,13771391100,ILLUMINA,WGS,PRJNA1203952,6.0,,,False,,,False
SAMN46012948,1,12554170500,ILLUMINA,WGS,PRJNA1203952,5.5,,,False,,,False
SAMN46012949,1,17136970200,ILLUMINA,WGS,PRJNA1203952,7.5,,,False,,,False
SAMN46012950,1,13093647000,ILLUMINA,WGS,PRJNA1203952,5.7,,,False,,,False
SAMN46012951,1,12845420700,ILLUMINA,WGS,PRJNA1203952,5.6,,,False,,,False
SAMN46012952,1,12570449700,ILLUMINA,WGS,PRJNA1203952,5.5,,,False,,,False
SAMN46012953,1,13905694500,ILLUMINA,WGS,PRJNA1203952,6.0,,,False,,,False
SAMN46012954,1,14707497000,ILLUMINA,WGS,PRJNA1203952,6.4,,,False,,,False
SAMN46012955,1,13551453000,ILLUMINA,WGS,PRJNA1203952,5.9,,,False,,,False
SAMN46012956,1,13208914800,ILLUMINA,WGS,PRJNA1203952,5.7,,,False,,,False
SAMN46012957,1,13052907600,ILLUMINA,WGS,PRJNA1203952,5.7,,,False,,,False
SAMN46012958,1,13243241400,ILLUMINA,WGS,PRJNA1203952,5.8,,,False,,,False
SAMN46012959,1,12438074700,ILLUMINA,WGS,PRJNA1203952,5.4,,,False,,,False
SAMN46012960,1,13282512600,ILLUMINA,WGS,PRJNA1203952,5.8,,,False,,,False
SAMN46012961,1,15209538600,ILLUMINA,WGS,PRJNA1203952,6.6,,,False,,,False
SAMN46012962,1,12555577500,ILLUMINA,WGS,PRJNA1203952,5.5,,,False,,,False
SAMN46012963,1,13552365900,ILLUMINA,WGS,PRJNA1203952,5.9,,,False,,,False
SAMN46012964,1,13471853400,ILLUMINA,WGS,PRJNA1203952,5.9,,,False,,,False
SAMN46012965,1,14789813100,ILLUMINA,WGS,PRJNA1203952,6.4,,,False,,,False
SAMN46012966,1,13656022200,ILLUMINA,WGS,PRJNA1203952,5.9,,,False,,,False
SAMN46012967,1,12215181900,ILLUMINA,WGS,PRJNA1203952,5.3,,,False,,,False
SAMN46012968,1,16875892200,ILLUMINA,WGS,PRJNA1203952,7.3,,,False,,,False
SAMN46012969,1,14674950000,ILLUMINA,WGS,PRJNA1203952,6.4,,,False,,,False
SAMN46012970,1,13037460600,ILLUMINA,WGS,PRJNA1203952,5.7,,,False,,,False
SAMN46012971,1,15830949900,ILLUMINA,WGS,PRJNA1203952,6.9,,,False,,,False
SAMN46012972,1,14676976200,ILLUMINA,WGS,PRJNA1203952,6.4,,,False,,,False
SAMN46012973,1,14348727000,ILLUMINA,WGS,PRJNA1203952,6.2,,,False,,,False
SAMN46012974,1,13554002400,ILLUMINA,WGS,PRJNA1203952,5.9,,,False,,,False
SAMN46012975,1,12348767100,ILLUMINA,WGS,PRJNA1203952,5.4,,,False,,,False
SAMN46012976,1,14321494800,ILLUMINA,WGS,PRJNA1203952,6.2,,,False,,,False
SAMN46012977,1,12420557700,ILLUMINA,WGS,PRJNA1203952,5.4,,,False,,,False
SAMN46012978,1,12692816400,ILLUMINA,WGS,PRJNA1203952,5.5,,,False,,,False
SAMN46012979,1,13211611500,ILLUMINA,WGS,PRJNA1203952,5.7,,,False,,,False
SAMN46012980,1,12846646200,ILLUMINA,WGS,PRJNA1203952,5.6,,,False,,,False
SAMN46012981,1,17853572700,ILLUMINA,WGS,PRJNA1203952,7.8,,,False,,,False
SAMN46012982,1,13004800500,ILLUMINA,WGS,PRJNA1203952,5.7,,,False,,,False
SAMN46012983,1,17794167600,ILLUMINA,WGS,PRJNA1203952,7.7,,,False,,,False
SAMN46012984,1,13745286000,ILLUMINA,WGS,PRJNA1203952,6.0,,,False,,,False
SAMN46012985,1,13517501400,ILLUMINA,WGS,PRJNA1203952,5.9,,,False,,,False
SAMN46012986,1,17189924400,ILLUMINA,WGS,PRJNA1203952,7.5,,,False,,,False
SAMN46012987,1,13072148400,ILLUMINA,WGS,PRJNA1203952,5.7,,,False,,,False
SAMN46012988,1,15163373100,ILLUMINA,WGS,PRJNA1203952,6.6,,,False,,,False
SAMN46012989,1,14611369500,ILLUMINA,WGS,PRJNA1203952,6.4,,,False,,,False
SAMN46012990,1,13353961800,ILLUMINA,WGS,PRJNA1203952,5.8,,,False,,,False
SAMN46012991,1,14692161600,ILLUMINA,WGS,PRJNA1203952,6.4,,,False,,,False
SAMN46012992,1,13977877500,ILLUMINA,WGS,PRJNA1203952,6.1,,,False,,,False
SAMN46012993,1,13993638000,ILLUMINA,WGS,PRJNA1203952,6.1,,,False,,,False
SAMN46012994,1,20475942900,ILLUMINA,WGS,PRJNA1203952,8.9,,,False,,,False
SAMN46012995,1,13353378300,ILLUMINA,WGS,PRJNA1203952,5.8,,,False,,,False
SAMN46012996,1,12184094400,ILLUMINA,WGS,PRJNA1203952,5.3,,,False,,,False
SAMN46012997,1,22297645500,ILLUMINA,WGS,PRJNA1203952,9.7,,,False,,,False
SAMN46012998,1,13412763300,ILLUMINA,WGS,PRJNA1203952,5.8,,,False,,,False
SAMN46012999,1,18328114500,ILLUMINA,WGS,PRJNA1203952,8.0,,,False,,,False
SAMN46013000,1,13116590700,ILLUMINA,WGS,PRJNA1203952,5.7,,,False,,,False
SAMN46013001,1,12803588400,ILLUMINA,WGS,PRJNA1203952,5.6,,,False,,,False
SAMN46013002,1,20388241200,ILLUMINA,WGS,PRJNA1203952,8.9,,,False,,,False
SAMN46013003,1,14217848100,ILLUMINA,WGS,PRJNA1203952,6.2,,,False,,,False
SAMN46013004,1,12406013700,ILLUMINA,WGS,PRJNA1203952,5.4,,,False,,,False
SAMN46013005,1,15044632200,ILLUMINA,WGS,PRJNA1203952,6.5,,,False,,,False
SAMN46013006,1,14740576500,ILLUMINA,WGS,PRJNA1203952,6.4,,,False,,,False
SAMN46013007,1,13093806300,ILLUMINA,WGS,PRJNA1203952,5.7,,,False,,,False
SAMN46013008,1,12282905400,ILLUMINA,WGS,PRJNA1203952,5.3,,,False,,,False
SAMN46013009,1,15796758300,ILLUMINA,WGS,PRJNA1203952,6.9,,,False,,,False
SAMN46013010,1,15269191500,ILLUMINA,WGS,PRJNA1203952,6.6,,,False,,,False
SAMN46013011,1,14781025800,ILLUMINA,WGS,PRJNA1203952,6.4,,,False,,,False
SAMN46013012,1,14409358800,ILLUMINA,WGS,PRJNA1203952,6.3,,,False,,,False
SAMN46013013,1,14600951400,ILLUMINA,WGS,PRJNA1203952,6.3,,,False,,,False
SAMN46013014,1,16130260500,ILLUMINA,WGS,PRJNA1203952,7.0,,,False,,,False
SAMN46013015,1,16751282700,ILLUMINA,WGS,PRJNA1203952,7.3,,,False,,,False
SAMN46013016,1,15880447200,ILLUMINA,WGS,PRJNA1203952,6.9,,,False,,,False
SAMN46013017,1,15065972700,ILLUMINA,WGS,PRJNA1203952,6.6,,,False,,,False
SAMN46013018,1,12703114800,ILLUMINA,WGS,PRJNA1203952,5.5,,,False,,,False
SAMN46013019,1,13206344700,ILLUMINA,WGS,PRJNA1203952,5.7,,,False,,,False
SAMN46013020,1,17196466800,ILLUMINA,WGS,PRJNA1203952,7.5,,,False,,,False
SAMN46013021,1,26806446300,ILLUMINA,WGS,PRJNA1203952,11.7,,,False,,,False
SAMN46013022,1,22589624400,ILLUMINA,WGS,PRJNA1203952,9.8,,,False,,,False
SAMN46013023,1,18237963000,ILLUMINA,WGS,PRJNA1203952,7.9,,,False,,,False
SAMN46013024,1,23493709500,ILLUMINA,WGS,PRJNA1203952,10.2,,,False,,,False
SAMN46013025,1,14284987500,ILLUMINA,WGS,PRJNA1203952,6.2,,,False,,,False
SAMN46013026,1,14245161900,ILLUMINA,WGS,PRJNA1203952,6.2,,,False,,,False
SAMN46013027,1,13871075700,ILLUMINA,WGS,PRJNA1203952,6.0,,,False,,,False
SAMN46013028,1,13961860500,ILLUMINA,WGS,PRJNA1203952,6.1,,,False,,,False
SAMN46013029,1,14231066700,ILLUMINA,WGS,PRJNA1203952,6.2,,,False,,,False
SAMN46013030,1,18101307300,ILLUMINA,WGS,PRJNA1203952,7.9,,,False,,,False
SAMN46013031,1,13492500300,ILLUMINA,WGS,PRJNA1203952,5.9,,,False,,,False
SAMN46013032,1,19022265300,ILLUMINA,WGS,PRJNA1203952,8.3,,,False,,,False
SAMN46013033,1,15296718900,ILLUMINA,WGS,PRJNA1203952,6.7,,,False,,,False
SAMN46013034,1,15073664700,ILLUMINA,WGS,PRJNA1203952,6.6,,,False,,,False
SAMN46013035,1,12991150200,ILLUMINA,WGS,PRJNA1203952,5.6,,,False,,,False
SAMN46013036,1,14665827300,ILLUMINA,WGS,PRJNA1203952,6.4,,,False,,,False
SAMN46013037,1,13151266200,ILLUMINA,WGS,PRJNA1203952,5.7,,,False,,,False
SAMN46013038,1,12984194400,ILLUMINA,WGS,PRJNA1203952,5.6,,,False,,,False
SAMN46013039,1,13682866800,ILLUMINA,WGS,PRJNA1203952,5.9,,,False,,,False
SAMN46013040,1,12592535100,ILLUMINA,WGS,PRJNA1203952,5.5,,,False,,,False
SAMN46013041,1,13419641100,ILLUMINA,WGS,PRJNA1203952,5.8,,,False,,,False
SAMN46013042,1,13211569800,ILLUMINA,WGS,PRJNA1203952,5.7,,,False,,,False
SAMN46013043,1,13550478600,ILLUMINA,WGS,PRJNA1203952,5.9,,,False,,,False
SAMN46013044,1,13276369500,ILLUMINA,WGS,PRJNA1203952,5.8,,,False,,,False
SAMN46013045,1,12381450900,ILLUMINA,WGS,PRJNA1203952,5.4,,,False,,,False
SAMN46013046,1,13260661200,ILLUMINA,WGS,PRJNA1203952,5.8,,,False,,,False
SAMN46013047,1,13456728900,ILLUMINA,WGS,PRJNA1203952,5.9,,,False,,,False
SAMN46013048,1,14792703600,ILLUMINA,WGS,PRJNA1203952,6.4,,,False,,,False
SAMN46013049,1,13154662800,ILLUMINA,WGS,PRJNA1203952,5.7,,,False,,,False
SAMN46013050,1,13044561600,ILLUMINA,WGS,PRJNA1203952,5.7,,,False,,,False
SAMN46013051,1,13353516900,ILLUMINA,WGS,PRJNA1203952,5.8,,,False,,,False
SAMN46013052,1,12399011400,ILLUMINA,WGS,PRJNA1203952,5.4,,,False,,,False
SAMN46013053,1,13010359800,ILLUMINA,WGS,PRJNA1203952,5.7,,,False,,,False
SAMN46013054,1,13089622800,ILLUMINA,WGS,PRJNA1203952,5.7,,,False,,,False
SAMN46013055,1,13754996700,ILLUMINA,WGS,PRJNA1203952,6.0,,,False,,,False
SAMN46013056,1,13260212100,ILLUMINA,WGS,PRJNA1203952,5.8,,,False,,,False
SAMN46013057,1,14696421300,ILLUMINA,WGS,PRJNA1203952,6.4,,,False,,,False
SAMN46013058,1,12406400700,ILLUMINA,WGS,PRJNA1203952,5.4,,,False,,,False
SAMN46013059,1,15295800000,ILLUMINA,WGS,PRJNA1203952,6.7,,,False,,,False
SAMN46013060,1,13698925800,ILLUMINA,WGS,PRJNA1203952,6.0,,,False,,,False
SAMN46013061,1,13143700200,ILLUMINA,WGS,PRJNA1203952,5.7,,,False,,,False
SAMN46013062,1,13809847200,ILLUMINA,WGS,PRJNA1203952,6.0,,,False,,,False
SAMN46013063,1,12416498700,ILLUMINA,WGS,PRJNA1203952,5.4,,,False,,,False
SAMN46013064,1,13113270000,ILLUMINA,WGS,PRJNA1203952,5.7,,,False,,,False
SAMN46013065,1,18799289400,ILLUMINA,WGS,PRJNA1203952,8.2,,,False,,,False
SAMN46013066,1,12235287300,ILLUMINA,WGS,PRJNA1203952,5.3,,,False,,,False
SAMN46013067,1,13504374900,ILLUMINA,WGS,PRJNA1203952,5.9,,,False,,,False
SAMN46013068,1,14990990700,ILLUMINA,WGS,PRJNA1203952,6.5,,,False,,,False
SAMN46013069,1,14116658100,ILLUMINA,WGS,PRJNA1203952,6.1,,,False,,,False
SAMN46013070,1,13659167400,ILLUMINA,WGS,PRJNA1203952,5.9,,,False,,,False
SAMN46013071,1,12386068200,ILLUMINA,WGS,PRJNA1203952,5.4,,,False,,,False
SAMN46013072,1,13319347200,ILLUMINA,WGS,PRJNA1203952,5.8,,,False,,,False
SAMN46013073,1,16866008100,ILLUMINA,WGS,PRJNA1203952,7.3,,,False,,,False
SAMN46013074,1,13792819200,ILLUMINA,WGS,PRJNA1203952,6.0,,,False,,,False
SAMN46013075,1,12651078300,ILLUMINA,WGS,PRJNA1203952,5.5,,,False,,,False
SAMN46013076,1,13624584000,ILLUMINA,WGS,PRJNA1203952,5.9,,,False,,,False
SAMN46013077,1,12498494700,ILLUMINA,WGS,PRJNA1203952,5.4,,,False,,,False
SAMN46013078,1,13063057800,ILLUMINA,WGS,PRJNA1203952,5.7,,,False,,,False
SAMN46080020,1,13063057800,ILLUMINA,WGS,PRJNA1206563,5.7,,,False,,,False
SAMN46080021,1,12498494700,ILLUMINA,WGS,PRJNA1206563,5.4,,,False,,,False
SAMN46080022,1,12320654400,ILLUMINA,WGS,PRJNA1206563,5.4,,,False,,,False
SAMN46080023,1,13530527100,ILLUMINA,WGS,PRJNA1206563,5.9,,,False,,,False
SAMN46080024,1,13827363900,ILLUMINA,WGS,PRJNA1206563,6.0,,,False,,,False
SAMN46080025,1,26893756800,ILLUMINA,WGS,PRJNA1206563,11.7,,,False,,,False
SAMN46080026,1,16183706100,ILLUMINA,WGS,PRJNA1206563,7.0,,,False,,,False
SAMN46080027,1,17716532400,ILLUMINA,WGS,PRJNA1206563,7.7,,,False,,,False
SAMN46080028,1,16750997700,ILLUMINA,WGS,PRJNA1206563,7.3,,,False,,,False
SAMN46080029,1,16467102600,ILLUMINA,WGS,PRJNA1206563,7.2,,,False,,,False
SAMN46080030,1,18174901200,ILLUMINA,WGS,PRJNA1206563,7.9,,,False,,,False
SAMN46080031,1,14629831800,ILLUMINA,WGS,PRJNA1206563,6.4,,,False,,,False
SAMN46080032,1,18599382600,ILLUMINA,WGS,PRJNA1206563,8.1,,,False,,,False
SAMN46080033,1,16461115200,ILLUMINA,WGS,PRJNA1206563,7.2,,,False,,,False
SAMN46080034,1,14821087500,ILLUMINA,WGS,PRJNA1206563,6.4,,,False,,,False
SAMN46080035,1,15350024100,ILLUMINA,WGS,PRJNA1206563,6.7,,,False,,,False
SAMN46080036,1,14431764300,ILLUMINA,WGS,PRJNA1206563,6.3,,,False,,,False
SAMN46080037,1,13492317300,ILLUMINA,WGS,PRJNA1206563,5.9,,,False,,,False
SAMN46080038,1,14373131400,ILLUMINA,WGS,PRJNA1206563,6.2,,,False,,,False
SAMN46080039,1,14602170600,ILLUMINA,WGS,PRJNA1206563,6.3,,,False,,,False
SAMN46080040,1,14445200100,ILLUMINA,WGS,PRJNA1206563,6.3,,,False,,,False
SAMN46080041,1,13376269500,ILLUMINA,WGS,PRJNA1206563,5.8,,,False,,,False
SAMN46080042,1,15157310700,ILLUMINA,WGS,PRJNA1206563,6.6,,,False,,,False
SAMN46080043,1,15737344800,ILLUMINA,WGS,PRJNA1206563,6.8,,,False,,,False
SAMN46080044,1,15560871600,ILLUMINA,WGS,PRJNA1206563,6.8,,,False,,,False
SAMN46080045,1,12170996700,ILLUMINA,WGS,PRJNA1206563,5.3,,,False,,,False
SAMN46080046,1,12962364300,ILLUMINA,WGS,PRJNA1206563,5.6,,,False,,,False
SAMN46080047,1,12628934400,ILLUMINA,WGS,PRJNA1206563,5.5,,,False,,,False
SAMN46080048,1,12845332800,ILLUMINA,WGS,PRJNA1206563,5.6,,,False,,,False
SAMN46080049,1,19834773000,ILLUMINA,WGS,PRJNA1206563,8.6,,,False,,,False
SAMN46080050,1,15141945000,ILLUMINA,WGS,PRJNA1206563,6.6,,,False,,,False
SAMN46080051,1,12424033200,ILLUMINA,WGS,PRJNA1206563,5.4,,,False,,,False
SAMN46080052,1,13322405400,ILLUMINA,WGS,PRJNA1206563,5.8,,,False,,,False
SAMN46080053,1,12545502000,ILLUMINA,WGS,PRJNA1206563,5.5,,,False,,,False
SAMN46080054,1,12788807400,ILLUMINA,WGS,PRJNA1206563,5.6,,,False,,,False
SAMN46080055,1,15711436200,ILLUMINA,WGS,PRJNA1206563,6.8,,,False,,,False
SAMN46080056,1,12715571100,ILLUMINA,WGS,PRJNA1206563,5.5,,,False,,,False
SAMN46080057,1,13044672000,ILLUMINA,WGS,PRJNA1206563,5.7,,,False,,,False
SAMN46080058,1,13174601700,ILLUMINA,WGS,PRJNA1206563,5.7,,,False,,,False
SAMN46080059,1,13712836800,ILLUMINA,WGS,PRJNA1206563,6.0,,,False,,,False
SAMN46080060,1,13011409200,ILLUMINA,WGS,PRJNA1206563,5.7,,,False,,,False
SAMN46080061,1,12772810800,ILLUMINA,WGS,PRJNA1206563,5.6,,,False,,,False
SAMN46080062,1,14764491900,ILLUMINA,WGS,PRJNA1206563,6.4,,,False,,,False
SAMN46080063,1,13672579500,ILLUMINA,WGS,PRJNA1206563,5.9,,,False,,,False
SAMN46080064,1,12780845400,ILLUMINA,WGS,PRJNA1206563,5.6,,,False,,,False
SAMN46080065,1,12563085600,ILLUMINA,WGS,PRJNA1206563,5.5,,,False,,,False
SAMN46080066,1,15105208800,ILLUMINA,WGS,PRJNA1206563,6.6,,,False,,,False
SAMN46080067,1,13877637600,ILLUMINA,WGS,PRJNA1206563,6.0,,,False,,,False
SAMN46080068,1,12770964600,ILLUMINA,WGS,PRJNA1206563,5.6,,,False,,,False
SAMN46080069,1,12786065700,ILLUMINA,WGS,PRJNA1206563,5.6,,,False,,,False
SAMN46080070,1,16306515900,ILLUMINA,WGS,PRJNA1206563,7.1,,,False,,,False
SAMN46080071,1,12344405100,ILLUMINA,WGS,PRJNA1206563,5.4,,,False,,,False
SAMN46080072,1,13818302700,ILLUMINA,WGS,PRJNA1206563,6.0,,,False,,,False
SAMN46080073,1,12896538000,ILLUMINA,WGS,PRJNA1206563,5.6,,,False,,,False
SAMN46080074,1,12869131200,ILLUMINA,WGS,PRJNA1206563,5.6,,,False,,,False
SAMN46080075,1,12904861500,ILLUMINA,WGS,PRJNA1206563,5.6,,,False,,,False
SAMN46080076,1,12363784800,ILLUMINA,WGS,PRJNA1206563,5.4,,,False,,,False
SAMN46080077,1,13713206100,ILLUMINA,WGS,PRJNA1206563,6.0,,,False,,,False
SAMN46080078,1,14142883500,ILLUMINA,WGS,PRJNA1206563,6.1,,,False,,,False
SAMN46080079,1,14291747100,ILLUMINA,WGS,PRJNA1206563,6.2,,,False,,,False
SAMN46080080,1,13771391100,ILLUMINA,WGS,PRJNA1206563,6.0,,,False,,,False
SAMN46080081,1,12554170500,ILLUMINA,WGS,PRJNA1206563,5.5,,,False,,,False
SAMN46080082,1,17136970200,ILLUMINA,WGS,PRJNA1206563,7.5,,,False,,,False
SAMN46080083,1,13093647000,ILLUMINA,WGS,PRJNA1206563,5.7,,,False,,,False
SAMN46080084,1,12845420700,ILLUMINA,WGS,PRJNA1206563,5.6,,,False,,,False
SAMN46080085,1,12570449700,ILLUMINA,WGS,PRJNA1206563,5.5,,,False,,,False
SAMN46080086,1,13905694500,ILLUMINA,WGS,PRJNA1206563,6.0,,,False,,,False
SAMN46080087,1,14707497000,ILLUMINA,WGS,PRJNA1206563,6.4,,,False,,,False
SAMN46080088,1,13551453000,ILLUMINA,WGS,PRJNA1206563,5.9,,,False,,,False
SAMN46080089,1,13208914800,ILLUMINA,WGS,PRJNA1206563,5.7,,,False,,,False
SAMN46080090,1,13052907600,ILLUMINA,WGS,PRJNA1206563,5.7,,,False,,,False
SAMN46080091,1,13243241400,ILLUMINA,WGS,PRJNA1206563,5.8,,,False,,,False
SAMN46080092,1,12438074700,ILLUMINA,WGS,PRJNA1206563,5.4,,,False,,,False
SAMN46080093,1,13282512600,ILLUMINA,WGS,PRJNA1206563,5.8,,,False,,,False
SAMN46080094,1,15209538600,ILLUMINA,WGS,PRJNA1206563,6.6,,,False,,,False
SAMN46080095,1,12555577500,ILLUMINA,WGS,PRJNA1206563,5.5,,,False,,,False
SAMN46080096,1,13552365900,ILLUMINA,WGS,PRJNA1206563,5.9,,,False,,,False
SAMN46080097,1,13471853400,ILLUMINA,WGS,PRJNA1206563,5.9,,,False,,,False
SAMN46080098,1,14789813100,ILLUMINA,WGS,PRJNA1206563,6.4,,,False,,,False
SAMN46080099,1,13656022200,ILLUMINA,WGS,PRJNA1206563,5.9,,,False,,,False
SAMN46080100,1,12215181900,ILLUMINA,WGS,PRJNA1206563,5.3,,,False,,,False
SAMN46080101,1,16875892200,ILLUMINA,WGS,PRJNA1206563,7.3,,,False,,,False
SAMN46080102,1,14674950000,ILLUMINA,WGS,PRJNA1206563,6.4,,,False,,,False
SAMN46080103,1,13037460600,ILLUMINA,WGS,PRJNA1206563,5.7,,,False,,,False
SAMN46080104,1,15830949900,ILLUMINA,WGS,PRJNA1206563,6.9,,,False,,,False
SAMN46080105,1,14676976200,ILLUMINA,WGS,PRJNA1206563,6.4,,,False,,,False
SAMN46080106,1,14348727000,ILLUMINA,WGS,PRJNA1206563,6.2,,,False,,,False
SAMN46080107,1,13554002400,ILLUMINA,WGS,PRJNA1206563,5.9,,,False,,,False
SAMN46080108,1,12348767100,ILLUMINA,WGS,PRJNA1206563,5.4,,,False,,,False
SAMN46080109,1,14321494800,ILLUMINA,WGS,PRJNA1206563,6.2,,,False,,,False
SAMN46080110,1,12420557700,ILLUMINA,WGS,PRJNA1206563,5.4,,,False,,,False
SAMN46080111,1,12692816400,ILLUMINA,WGS,PRJNA1206563,5.5,,,False,,,False
SAMN46080112,1,13211611500,ILLUMINA,WGS,PRJNA1206563,5.7,,,False,,,False
SAMN46080113,1,12846646200,ILLUMINA,WGS,PRJNA1206563,5.6,,,False,,,False
SAMN46080114,1,17853572700,ILLUMINA,WGS,PRJNA1206563,7.8,,,False,,,False
SAMN46080115,1,13004800500,ILLUMINA,WGS,PRJNA1206563,5.7,,,False,,,False
SAMN46080116,1,17794167600,ILLUMINA,WGS,PRJNA1206563,7.7,,,False,,,False
SAMN46080117,1,13745286000,ILLUMINA,WGS,PRJNA1206563,6.0,,,False,,,False
SAMN46080118,1,13517501400,ILLUMINA,WGS,PRJNA1206563,5.9,,,False,,,False
SAMN46080119,1,17189924400,ILLUMINA,WGS,PRJNA1206563,7.5,,,False,,,False
SAMN46080120,1,13072148400,ILLUMINA,WGS,PRJNA1206563,5.7,,,False,,,False
SAMN46080121,1,15163373100,ILLUMINA,WGS,PRJNA1206563,6.6,,,False,,,False
SAMN46080122,1,14611369500,ILLUMINA,WGS,PRJNA1206563,6.4,,,False,,,False
SAMN46080123,1,13353961800,ILLUMINA,WGS,PRJNA1206563,5.8,,,False,,,False
SAMN46080124,1,14692161600,ILLUMINA,WGS,PRJNA1206563,6.4,,,False,,,False
SAMN46080125,1,13977877500,ILLUMINA,WGS,PRJNA1206563,6.1,,,False,,,False
SAMN46080126,1,13993638000,ILLUMINA,WGS,PRJNA1206563,6.1,,,False,,,False
SAMN46080127,1,20475942900,ILLUMINA,WGS,PRJNA1206563,8.9,,,False,,,False
SAMN46080128,1,13353378300,ILLUMINA,WGS,PRJNA1206563,5.8,,,False,,,False
SAMN46080129,1,12184094400,ILLUMINA,WGS,PRJNA1206563,5.3,,,False,,,False
SAMN46080130,1,22297645500,ILLUMINA,WGS,PRJNA1206563,9.7,,,False,,,False
SAMN46080131,1,13412763300,ILLUMINA,WGS,PRJNA1206563,5.8,,,False,,,False
SAMN46080132,1,18328114500,ILLUMINA,WGS,PRJNA1206563,8.0,,,False,,,False
SAMN46080133,1,13116590700,ILLUMINA,WGS,PRJNA1206563,5.7,,,False,,,False
SAMN46080134,1,12803588400,ILLUMINA,WGS,PRJNA1206563,5.6,,,False,,,False
SAMN46080135,1,20388241200,ILLUMINA,WGS,PRJNA1206563,8.9,,,False,,,False
SAMN46080136,1,14217848100,ILLUMINA,WGS,PRJNA1206563,6.2,,,False,,,False
SAMN46080137,1,12406013700,ILLUMINA,WGS,PRJNA1206563,5.4,,,False,,,False
SAMN46080138,1,15044632200,ILLUMINA,WGS,PRJNA1206563,6.5,,,False,,,False
SAMN46080139,1,13093806300,ILLUMINA,WGS,PRJNA1206563,5.7,,,False,,,False
SAMN46080140,1,12282905400,ILLUMINA,WGS,PRJNA1206563,5.3,,,False,,,False
SAMN46080141,1,15796758300,ILLUMINA,WGS,PRJNA1206563,6.9,,,False,,,False
SAMN46080142,1,15269191500,ILLUMINA,WGS,PRJNA1206563,6.6,,,False,,,False
SAMN46080143,1,14781025800,ILLUMINA,WGS,PRJNA1206563,6.4,,,False,,,False
SAMN46080144,1,14409358800,ILLUMINA,WGS,PRJNA1206563,6.3,,,False,,,False
SAMN46080145,1,14600951400,ILLUMINA,WGS,PRJNA1206563,6.3,,,False,,,False
SAMN46080146,1,16130260500,ILLUMINA,WGS,PRJNA1206563,7.0,,,False,,,False
SAMN46080147,1,16751282700,ILLUMINA,WGS,PRJNA1206563,7.3,,,False,,,False
SAMN46080148,1,15880447200,ILLUMINA,WGS,PRJNA1206563,6.9,,,False,,,False
SAMN46080149,1,15065972700,ILLUMINA,WGS,PRJNA1206563,6.6,,,False,,,False
SAMN46080150,1,12703114800,ILLUMINA,WGS,PRJNA1206563,5.5,,,False,,,False
SAMN46080151,1,13206344700,ILLUMINA,WGS,PRJNA1206563,5.7,,,False,,,False
SAMN46080152,1,17196466800,ILLUMINA,WGS,PRJNA1206563,7.5,,,False,,,False
SAMN46080153,1,26806446300,ILLUMINA,WGS,PRJNA1206563,11.7,,,False,,,False
SAMN46080154,1,22589624400,ILLUMINA,WGS,PRJNA1206563,9.8,,,False,,,False
SAMN46080155,1,18237963000,ILLUMINA,WGS,PRJNA1206563,7.9,,,False,,,False
SAMN46080156,1,23493709500,ILLUMINA,WGS,PRJNA1206563,10.2,,,False,,,False
SAMN46080157,1,14284987500,ILLUMINA,WGS,PRJNA1206563,6.2,,,False,,,False
SAMN46080158,1,14245161900,ILLUMINA,WGS,PRJNA1206563,6.2,,,False,,,False
SAMN46080159,1,13871075700,ILLUMINA,WGS,PRJNA1206563,6.0,,,False,,,False
SAMN46080160,1,13961860500,ILLUMINA,WGS,PRJNA1206563,6.1,,,False,,,False
SAMN46080161,1,14231066700,ILLUMINA,WGS,PRJNA1206563,6.2,,,False,,,False
SAMN46080162,1,18101307300,ILLUMINA,WGS,PRJNA1206563,7.9,,,False,,,False
SAMN46080163,1,13492500300,ILLUMINA,WGS,PRJNA1206563,5.9,,,False,,,False
SAMN46080164,1,19022265300,ILLUMINA,WGS,PRJNA1206563,8.3,,,False,,,False
SAMN46080165,1,15296718900,ILLUMINA,WGS,PRJNA1206563,6.7,,,False,,,False
SAMN46080166,1,15073664700,ILLUMINA,WGS,PRJNA1206563,6.6,,,False,,,False
SAMN46080167,1,12991150200,ILLUMINA,WGS,PRJNA1206563,5.6,,,False,,,False
SAMN46080168,1,14665827300,ILLUMINA,WGS,PRJNA1206563,6.4,,,False,,,False
SAMN46080169,1,13151266200,ILLUMINA,WGS,PRJNA1206563,5.7,,,False,,,False
SAMN46080170,1,12984194400,ILLUMINA,WGS,PRJNA1206563,5.6,,,False,,,False
SAMN46080171,1,13682866800,ILLUMINA,WGS,PRJNA1206563,5.9,,,False,,,False
SAMN46080172,1,12592535100,ILLUMINA,WGS,PRJNA1206563,5.5,,,False,,,False
SAMN46080173,1,13419641100,ILLUMINA,WGS,PRJNA1206563,5.8,,,False,,,False
SAMN46080174,1,13211569800,ILLUMINA,WGS,PRJNA1206563,5.7,,,False,,,False
SAMN46080175,1,13550478600,ILLUMINA,WGS,PRJNA1206563,5.9,,,False,,,False
SAMN46080176,1,13276369500,ILLUMINA,WGS,PRJNA1206563,5.8,,,False,,,False
SAMN46080177,1,12381450900,ILLUMINA,WGS,PRJNA1206563,5.4,,,False,,,False
SAMN46080178,1,13260661200,ILLUMINA,WGS,PRJNA1206563,5.8,,,False,,,False
SAMN46080179,1,13456728900,ILLUMINA,WGS,PRJNA1206563,5.9,,,False,,,False
SAMN46080180,1,14792703600,ILLUMINA,WGS,PRJNA1206563,6.4,,,False,,,False
SAMN46080181,1,13154662800,ILLUMINA,WGS,PRJNA1206563,5.7,,,False,,,False
SAMN46080182,1,13044561600,ILLUMINA,WGS,PRJNA1206563,5.7,,,False,,,False
SAMN46080183,1,13353516900,ILLUMINA,WGS,PRJNA1206563,5.8,,,False,,,False
SAMN46080184,1,12399011400,ILLUMINA,WGS,PRJNA1206563,5.4,,,False,,,False
SAMN46080185,1,13010359800,ILLUMINA,WGS,PRJNA1206563,5.7,,,False,,,False
SAMN46080186,1,13089622800,ILLUMINA,WGS,PRJNA1206563,5.7,,,False,,,False
SAMN46080187,1,13754996700,ILLUMINA,WGS,PRJNA1206563,6.0,,,False,,,False
SAMN46080188,1,13260212100,ILLUMINA,WGS,PRJNA1206563,5.8,,,False,,,False
SAMN46080189,1,14696421300,ILLUMINA,WGS,PRJNA1206563,6.4,,,False,,,False
SAMN46080190,1,12406400700,ILLUMINA,WGS,PRJNA1206563,5.4,,,False,,,False
SAMN46080191,1,15295800000,ILLUMINA,WGS,PRJNA1206563,6.7,,,False,,,False
SAMN46080192,1,13698925800,ILLUMINA,WGS,PRJNA1206563,6.0,,,False,,,False
SAMN46080193,1,13143700200,ILLUMINA,WGS,PRJNA1206563,5.7,,,False,,,False
SAMN46080194,1,13809847200,ILLUMINA,WGS,PRJNA1206563,6.0,,,False,,,False
SAMN46080195,1,12416498700,ILLUMINA,WGS,PRJNA1206563,5.4,,,False,,,False
SAMN46080196,1,18799289400,ILLUMINA,WGS,PRJNA1206563,8.2,,,False,,,False
SAMN46080197,1,12235287300,ILLUMINA,WGS,PRJNA1206563,5.3,,,False,,,False
SAMN46080198,1,13504374900,ILLUMINA,WGS,PRJNA1206563,5.9,,,False,,,False
SAMN46080199,1,14990990700,ILLUMINA,WGS,PRJNA1206563,6.5,,,False,,,False
SAMN46080200,1,14116658100,ILLUMINA,WGS,PRJNA1206563,6.1,,,False,,,False
SAMN46080201,1,13659167400,ILLUMINA,WGS,PRJNA1206563,5.9,,,False,,,False
SAMN46080202,1,12386068200,ILLUMINA,WGS,PRJNA1206563,5.4,,,False,,,False
SAMN46080203,1,13319347200,ILLUMINA,WGS,PRJNA1206563,5.8,,,False,,,False
SAMN46080204,1,16866008100,ILLUMINA,WGS,PRJNA1206563,7.3,,,False,,,False
SAMN46080205,1,13792819200,ILLUMINA,WGS,PRJNA1206563,6.0,,,False,,,False
SAMN46080206,1,12651078300,ILLUMINA,WGS,PRJNA1206563,5.5,,,False,,,False
SAMN46080207,1,16579373400,ILLUMINA,WGS,PRJNA1206563,7.2,,,False,,,False
SAMN46080208,1,16711038900,ILLUMINA,WGS,PRJNA1206563,7.3,,,False,,,False
SAMN46080209,1,18872933100,ILLUMINA,WGS,PRJNA1206563,8.2,,,False,,,False
SAMN46080210,1,13414286100,ILLUMINA,WGS,PRJNA1206563,5.8,,,False,,,False
SAMN46080211,1,16426952100,ILLUMINA,WGS,PRJNA1206563,7.1,,,False,,,False
SAMN46080212,1,13070431800,ILLUMINA,WGS,PRJNA1206563,5.7,,,False,,,False
SAMN46080213,1,12809504400,ILLUMINA,WGS,PRJNA1206563,5.6,,,False,,,False
SAMN46080214,1,14216055300,ILLUMINA,WGS,PRJNA1206563,6.2,,,False,,,False
SAMN46080215,1,12886327500,ILLUMINA,WGS,PRJNA1206563,5.6,,,False,,,False
SAMN46080216,1,14233788600,ILLUMINA,WGS,PRJNA1206563,6.2,,,False,,,False
SAMN46080217,1,16187877600,ILLUMINA,WGS,PRJNA1206563,7.0,,,False,,,False
SAMN46080218,1,14078501100,ILLUMINA,WGS,PRJNA1206563,6.1,,,False,,,False
SAMN46080219,1,12295167000,ILLUMINA,WGS,PRJNA1206563,5.3,,,False,,,False
SAMN46080220,1,12721755000,ILLUMINA,WGS,PRJNA1206563,5.5,,,False,,,False
SAMN46080221,1,13313022300,ILLUMINA,WGS,PRJNA1206563,5.8,,,False,,,False
SAMN46080222,1,16231158300,ILLUMINA,WGS,PRJNA1206563,7.1,,,False,,,False
SAMN46080223,1,14221799700,ILLUMINA,WGS,PRJNA1206563,6.2,,,False,,,False
SAMN46080224,1,12510955500,ILLUMINA,WGS,PRJNA1206563,5.4,,,False,,,False
SAMN46080225,1,13275612900,ILLUMINA,WGS,PRJNA1206563,5.8,,,False,,,False
SAMN46080226,1,14045017800,ILLUMINA,WGS,PRJNA1206563,6.1,,,False,,,False
SAMN46080227,1,13142479200,ILLUMINA,WGS,PRJNA1206563,5.7,,,False,,,False
SAMN46080228,1,14074451400,ILLUMINA,WGS,PRJNA1206563,6.1,,,False,,,False
SAMN46080229,1,14889564300,ILLUMINA,WGS,PRJNA1206563,6.5,,,False,,,False
SAMN46080230,1,13120343400,ILLUMINA,WGS,PRJNA1206563,5.7,,,False,,,False
SAMN46080231,1,14925668700,ILLUMINA,WGS,PRJNA1206563,6.5,,,False,,,False
SAMN46080232,1,13916511600,ILLUMINA,WGS,PRJNA1206563,6.1,,,False,,,False
SAMN46080233,1,12818122800,ILLUMINA,WGS,PRJNA1206563,5.6,,,False,,,False
SAMN46080234,1,13338513600,ILLUMINA,WGS,PRJNA1206563,5.8,,,False,,,False
SAMN46080235,1,12898398600,ILLUMINA,WGS,PRJNA1206563,5.6,,,False,,,False
SAMN46080236,1,12224009700,ILLUMINA,WGS,PRJNA1206563,5.3,,,False,,,False
SAMN46080237,1,13448256000,ILLUMINA,WGS,PRJNA1206563,5.8,,,False,,,False
SAMN46080238,1,13039300800,ILLUMINA,WGS,PRJNA1206563,5.7,,,False,,,False
SAMN46080239,1,13402510800,ILLUMINA,WGS,PRJNA1206563,5.8,,,False,,,False
SAMN46080240,1,19555155300,ILLUMINA,WGS,PRJNA1206563,8.5,,,False,,,False
SAMN46080241,1,14797375200,ILLUMINA,WGS,PRJNA1206563,6.4,,,False,,,False
SAMN46080242,1,13527808800,ILLUMINA,WGS,PRJNA1206563,5.9,,,False,,,False
SAMN46080243,1,14009614500,ILLUMINA,WGS,PRJNA1206563,6.1,,,False,,,False
SAMN46080244,1,13348600500,ILLUMINA,WGS,PRJNA1206563,5.8,,,False,,,False
SAMN46080245,1,13649313300,ILLUMINA,WGS,PRJNA1206563,5.9,,,False,,,False
SAMN46080246,1,13444200000,ILLUMINA,WGS,PRJNA1206563,5.8,,,False,,,False
SAMN46080247,1,15713333100,ILLUMINA,WGS,PRJNA1206563,6.8,,,False,,,False
SAMN46080248,1,15510181500,ILLUMINA,WGS,PRJNA1206563,6.7,,,False,,,False
SAMN46080249,1,14054630400,ILLUMINA,WGS,PRJNA1206563,6.1,,,False,,,False
SAMN46080250,1,13324087200,ILLUMINA,WGS,PRJNA1206563,5.8,,,False,,,False
SAMN46080251,1,14059729500,ILLUMINA,WGS,PRJNA1206563,6.1,,,False,,,False
SAMN46080252,1,12700923900,ILLUMINA,WGS,PRJNA1206563,5.5,,,False,,,False
SAMN46080253,1,12419167500,ILLUMINA,WGS,PRJNA1206563,5.4,,,False,,,False
SAMN46080254,1,14794759500,ILLUMINA,WGS,PRJNA1206563,6.4,,,False,,,False
SAMN46080255,1,12851951400,ILLUMINA,WGS,PRJNA1206563,5.6,,,False,,,False
SAMN46080256,1,18338793300,ILLUMINA,WGS,PRJNA1206563,8.0,,,False,,,False
SAMN46080257,1,13150234200,ILLUMINA,WGS,PRJNA1206563,5.7,,,False,,,False
SAMN46080258,1,13451712900,ILLUMINA,WGS,PRJNA1206563,5.8,,,False,,,False
SAMN46080259,1,14003556300,ILLUMINA,WGS,PRJNA1206563,6.1,,,False,,,False
SAMN46080260,1,13027688700,ILLUMINA,WGS,PRJNA1206563,5.7,,,False,,,False
SAMN46080261,1,13316974800,ILLUMINA,WGS,PRJNA1206563,5.8,,,False,,,False
SAMN46080262,1,14375011200,ILLUMINA,WGS,PRJNA1206563,6.3,,,False,,,False
SAMN46080263,1,16411440600,ILLUMINA,WGS,PRJNA1206563,7.1,,,False,,,False
SAMN46080264,1,13306028400,ILLUMINA,WGS,PRJNA1206563,5.8,,,False,,,False
SAMN46080265,1,14221808100,ILLUMINA,WGS,PRJNA1206563,6.2,,,False,,,False
SAMN46080266,1,14225320200,ILLUMINA,WGS,PRJNA1206563,6.2,,,False,,,False
SAMN46080267,1,14655333600,ILLUMINA,WGS,PRJNA1206563,6.4,,,False,,,False
SAMN46080268,1,13774898100,ILLUMINA,WGS,PRJNA1206563,6.0,,,False,,,False
SAMN46080269,1,18607259100,ILLUMINA,WGS,PRJNA1206563,8.1,,,False,,,False
SAMN46080270,1,18317568900,ILLUMINA,WGS,PRJNA1206563,8.0,,,False,,,False
SAMN46080271,1,15425043600,ILLUMINA,WGS,PRJNA1206563,6.7,,,False,,,False
SAMN46080272,1,16421235900,ILLUMINA,WGS,PRJNA1206563,7.1,,,False,,,False
SAMN46080273,1,13040190900,ILLUMINA,WGS,PRJNA1206563,5.7,,,False,,,False
SAMN46080274,1,17932310700,ILLUMINA,WGS,PRJNA1206563,7.8,,,False,,,False
SAMN46080275,1,14532446100,ILLUMINA,WGS,PRJNA1206563,6.3,,,False,,,False
SAMN46080276,1,15320034900,ILLUMINA,WGS,PRJNA1206563,6.7,,,False,,,False
SAMN46080277,1,15260285700,ILLUMINA,WGS,PRJNA1206563,6.6,,,False,,,False
SAMN46080278,1,14567252100,ILLUMINA,WGS,PRJNA1206563,6.3,,,False,,,False
SAMN46080279,1,17245976100,ILLUMINA,WGS,PRJNA1206563,7.5,,,False,,,False
SAMN46080280,1,15459883500,ILLUMINA,WGS,PRJNA1206563,6.7,,,False,,,False
SAMN46080281,1,12589510500,ILLUMINA,WGS,PRJNA1206563,5.5,,,False,,,False
SAMN46080282,1,14984315400,ILLUMINA,WGS,PRJNA1206563,6.5,,,False,,,False
SAMN46080283,1,13232449500,ILLUMINA,WGS,PRJNA1206563,5.8,,,False,,,False
SAMN46080284,1,12743079600,ILLUMINA,WGS,PRJNA1206563,5.5,,,False,,,False
SAMN46080285,1,12694878300,ILLUMINA,WGS,PRJNA1206563,5.5,,,False,,,False
SAMN46080286,1,13028394300,ILLUMINA,WGS,PRJNA1206563,5.7,,,False,,,False
SAMN46080287,1,14207151600,ILLUMINA,WGS,PRJNA1206563,6.2,,,False,,,False
SAMN46080288,1,14292443100,ILLUMINA,WGS,PRJNA1206563,6.2,,,False,,,False
SAMN46080289,1,12789077400,ILLUMINA,WGS,PRJNA1206563,5.6,,,False,,,False
SAMN46080290,1,12382961400,ILLUMINA,WGS,PRJNA1206563,5.4,,,False,,,False
SAMN46080291,1,13346204700,ILLUMINA,WGS,PRJNA1206563,5.8,,,False,,,False
SAMN46080292,1,14084885400,ILLUMINA,WGS,PRJNA1206563,6.1,,,False,,,False
SAMN46080293,1,13186719600,ILLUMINA,WGS,PRJNA1206563,5.7,,,False,,,False
SAMN46080294,1,13580441700,ILLUMINA,WGS,PRJNA1206563,5.9,,,False,,,False
SAMN46080295,1,12888866100,ILLUMINA,WGS,PRJNA1206563,5.6,,,False,,,False
SAMN46080296,1,14406413700,ILLUMINA,WGS,PRJNA1206563,6.3,,,False,,,False
SAMN46080297,1,12755201400,ILLUMINA,WGS,PRJNA1206563,5.5,,,False,,,False
SAMN46080298,1,37951031100,ILLUMINA,WGS,PRJNA1206563,16.5,,,False,,,False
SAMN46080299,1,31286730900,ILLUMINA,WGS,PRJNA1206563,13.6,,,False,,,False
SAMN46080300,1,13672028400,ILLUMINA,WGS,PRJNA1206563,5.9,,,False,,,False
SAMN46080301,1,13076114400,ILLUMINA,WGS,PRJNA1206563,5.7,,,False,,,False
SAMN46080302,1,16530959100,ILLUMINA,WGS,PRJNA1206563,7.2,,,False,,,False
SAMN46080303,1,12808566000,ILLUMINA,WGS,PRJNA1206563,5.6,,,False,,,False
SAMN46080304,1,13263430200,ILLUMINA,WGS,PRJNA1206563,5.8,,,False,,,False
SAMN46080305,1,15547046400,ILLUMINA,WGS,PRJNA1206563,6.8,,,False,,,False
SAMN46080306,1,13988376600,ILLUMINA,WGS,PRJNA1206563,6.1,,,False,,,False
SAMN46080307,1,15242226600,ILLUMINA,WGS,PRJNA1206563,6.6,,,False,,,False
SAMN46080308,1,12793294800,ILLUMINA,WGS,PRJNA1206563,5.6,,,False,,,False
SAMN46080309,1,13199527800,ILLUMINA,WGS,PRJNA1206563,5.7,,,False,,,False
SAMN46080310,1,19171797000,ILLUMINA,WGS,PRJNA1206563,8.3,,,False,,,False
SAMN46080311,1,15511262700,ILLUMINA,WGS,PRJNA1206563,6.7,,,False,,,False
SAMN46080312,1,13984586400,ILLUMINA,WGS,PRJNA1206563,6.1,,,False,,,False
SAMN46080313,1,16261406400,ILLUMINA,WGS,PRJNA1206563,7.1,,,False,,,False
SAMN46080314,1,14110440600,ILLUMINA,WGS,PRJNA1206563,6.1,,,False,,,False
SAMN46080315,1,13368645900,ILLUMINA,WGS,PRJNA1206563,5.8,,,False,,,False
SAMN46080316,1,12432165000,ILLUMINA,WGS,PRJNA1206563,5.4,,,False,,,False
SAMN46080317,1,18253133400,ILLUMINA,WGS,PRJNA1206563,7.9,,,False,,,False
SAMN46080318,1,13361794200,ILLUMINA,WGS,PRJNA1206563,5.8,,,False,,,False
SAMN46080319,1,13880991000,ILLUMINA,WGS,PRJNA1206563,6.0,,,False,,,False
SAMN46080320,1,13713210900,ILLUMINA,WGS,PRJNA1206563,6.0,,,False,,,False
SAMN46080321,1,13636897200,ILLUMINA,WGS,PRJNA1206563,5.9,,,False,,,False
SAMN46080322,1,12990304200,ILLUMINA,WGS,PRJNA1206563,5.6,,,False,,,False
SAMN46080323,1,13686168000,ILLUMINA,WGS,PRJNA1206563,6.0,,,False,,,False
SAMN46080324,1,12257127900,ILLUMINA,WGS,PRJNA1206563,5.3,,,False,,,False
SAMN46080325,1,13242954900,ILLUMINA,WGS,PRJNA1206563,5.8,,,False,,,False
SAMN46080326,1,12577657200,ILLUMINA,WGS,PRJNA1206563,5.5,,,False,,,False
SAMN46080327,1,13079643000,ILLUMINA,WGS,PRJNA1206563,5.7,,,False,,,False
SAMN46080328,1,13253712000,ILLUMINA,WGS,PRJNA1206563,5.8,,,False,,,False
SAMN46080329,1,12804501600,ILLUMINA,WGS,PRJNA1206563,5.6,,,False,,,False
SAMN46080330,1,15860648400,ILLUMINA,WGS,PRJNA1206563,6.9,,,False,,,False
SAMN46080331,1,13275433800,ILLUMINA,WGS,PRJNA1206563,5.8,,,False,,,False
SAMN46080332,1,16899783300,ILLUMINA,WGS,PRJNA1206563,7.3,,,False,,,False
SAMN46080333,1,12599054100,ILLUMINA,WGS,PRJNA1206563,5.5,,,False,,,False
SAMN46080334,1,13517918100,ILLUMINA,WGS,PRJNA1206563,5.9,,,False,,,False
SAMN46080335,1,17648595600,ILLUMINA,WGS,PRJNA1206563,7.7,,,False,,,False
SAMN46080336,1,12525069600,ILLUMINA,WGS,PRJNA1206563,5.4,,,False,,,False
SAMN46080337,1,13433969400,ILLUMINA,WGS,PRJNA1206563,5.8,,,False,,,False
SAMN46080338,1,13396145700,ILLUMINA,WGS,PRJNA1206563,5.8,,,False,,,False
SAMN46080339,1,14590753200,ILLUMINA,WGS,PRJNA1206563,6.3,,,False,,,False
SAMN46080340,1,14697364800,ILLUMINA,WGS,PRJNA1206563,6.4,,,False,,,False
SAMN46080341,1,14114617800,ILLUMINA,WGS,PRJNA1206563,6.1,,,False,,,False
SAMN46080342,1,13139517300,ILLUMINA,WGS,PRJNA1206563,5.7,,,False,,,False
SAMN46080343,1,14750345100,ILLUMINA,WGS,PRJNA1206563,6.4,,,False,,,False
SAMN46080344,1,13178725500,ILLUMINA,WGS,PRJNA1206563,5.7,,,False,,,False
SAMN46080345,1,16901486700,ILLUMINA,WGS,PRJNA1206563,7.3,,,False,,,False
SAMN46080346,1,13448916900,ILLUMINA,WGS,PRJNA1206563,5.8,,,False,,,False
SAMN46080347,1,13737349800,ILLUMINA,WGS,PRJNA1206563,6.0,,,False,,,False
SAMN46080348,1,15022744200,ILLUMINA,WGS,PRJNA1206563,6.5,,,False,,,False
SAMN46080349,1,15464331000,ILLUMINA,WGS,PRJNA1206563,6.7,,,False,,,False
SAMN46080350,1,16850794800,ILLUMINA,WGS,PRJNA1206563,7.3,,,False,,,False
SAMN46080351,1,13692163500,ILLUMINA,WGS,PRJNA1206563,6.0,,,False,,,False
SAMN46080352,1,13856271000,ILLUMINA,WGS,PRJNA1206563,6.0,,,False,,,False
SAMN46080353,1,13584107100,ILLUMINA,WGS,PRJNA1206563,5.9,,,False,,,False
SAMN46080354,1,13361953500,ILLUMINA,WGS,PRJNA1206563,5.8,,,False,,,False
SAMN46080355,1,14058478800,ILLUMINA,WGS,PRJNA1206563,6.1,,,False,,,False
SAMN46080356,1,18468413400,ILLUMINA,WGS,PRJNA1206563,8.0,,,False,,,False
SAMN46080357,1,16484035800,ILLUMINA,WGS,PRJNA1206563,7.2,,,False,,,False
SAMN46080358,1,13602866700,ILLUMINA,WGS,PRJNA1206563,5.9,,,False,,,False
SAMN46080359,1,13872130200,ILLUMINA,WGS,PRJNA1206563,6.0,,,False,,,False
SAMN46080360,1,12674227500,ILLUMINA,WGS,PRJNA1206563,5.5,,,False,,,False
SAMN46080361,1,12491187000,ILLUMINA,WGS,PRJNA1206563,5.4,,,False,,,False
SAMN46080362,1,16611072600,ILLUMINA,WGS,PRJNA1206563,7.2,,,False,,,False
SAMN46080363,1,13544281800,ILLUMINA,WGS,PRJNA1206563,5.9,,,False,,,False
SAMN46080364,1,15568443600,ILLUMINA,WGS,PRJNA1206563,6.8,,,False,,,False
SAMN46080365,1,21896896500,ILLUMINA,WGS,PRJNA1206563,9.5,,,False,,,False
SAMN46080366,1,15013206900,ILLUMINA,WGS,PRJNA1206563,6.5,,,False,,,False
SAMN46080367,1,23947644600,ILLUMINA,WGS,PRJNA1206563,10.4,,,False,,,False
SAMN46080368,1,19295047800,ILLUMINA,WGS,PRJNA1206563,8.4,,,False,,,False
SAMN46080369,1,14896119300,ILLUMINA,WGS,PRJNA1206563,6.5,,,False,,,False
SAMN46080370,1,13347549900,ILLUMINA,WGS,PRJNA1206563,5.8,,,False,,,False
SAMN46080371,1,14056006200,ILLUMINA,WGS,PRJNA1206563,6.1,,,False,,,False
SAMN46080372,1,19874091000,ILLUMINA,WGS,PRJNA1206563,8.6,,,False,,,False
SAMN46080373,1,14188959000,ILLUMINA,WGS,PRJNA1206563,6.2,,,False,,,False
SAMN46080374,1,20374397700,ILLUMINA,WGS,PRJNA1206563,8.9,,,False,,,False
SAMN46080375,1,12907136400,ILLUMINA,WGS,PRJNA1206563,5.6,,,False,,,False
SAMN46080376,1,19030729200,ILLUMINA,WGS,PRJNA1206563,8.3,,,False,,,False
SAMN46080377,1,14618106300,ILLUMINA,WGS,PRJNA1206563,6.4,,,False,,,False
SAMN46080378,1,14517770700,ILLUMINA,WGS,PRJNA1206563,6.3,,,False,,,False
SAMN46080379,1,16183549500,ILLUMINA,WGS,PRJNA1206563,7.0,,,False,,,False
SAMN46080380,1,15676925700,ILLUMINA,WGS,PRJNA1206563,6.8,,,False,,,False
SAMN46080381,1,16921041600,ILLUMINA,WGS,PRJNA1206563,7.4,,,False,,,False
SAMN46080382,1,13411969500,ILLUMINA,WGS,PRJNA1206563,5.8,,,False,,,False
SAMN46080383,1,12206992500,ILLUMINA,WGS,PRJNA1206563,5.3,,,False,,,False
SAMN46080384,1,13106448900,ILLUMINA,WGS,PRJNA1206563,5.7,,,False,,,False
SAMN46080385,1,12733782600,ILLUMINA,WGS,PRJNA1206563,5.5,,,False,,,False
SAMN46080386,1,12055011300,ILLUMINA,WGS,PRJNA1206563,5.2,,,False,,,False
SAMN46080387,1,12138821100,ILLUMINA,WGS,PRJNA1206563,5.3,,,False,,,False
SAMN46080388,1,13654240500,ILLUMINA,WGS,PRJNA1206563,5.9,,,False,,,False
SAMN46080389,1,15276278700,ILLUMINA,WGS,PRJNA1206563,6.6,,,False,,,False
SAMN46080390,1,19718004300,ILLUMINA,WGS,PRJNA1206563,8.6,,,False,,,False
SAMN46080391,1,13288065300,ILLUMINA,WGS,PRJNA1206563,5.8,,,False,,,False
SAMN46080392,1,15135067500,ILLUMINA,WGS,PRJNA1206563,6.6,,,False,,,False
SAMN46080393,1,13880484300,ILLUMINA,WGS,PRJNA1206563,6.0,,,False,,,False
SAMN46080394,1,12383974500,ILLUMINA,WGS,PRJNA1206563,5.4,,,False,,,False
SAMN46080395,1,13217537400,ILLUMINA,WGS,PRJNA1206563,5.7,,,False,,,False
SAMN46080396,1,21964977300,ILLUMINA,WGS,PRJNA1206563,9.5,,,False,,,False
SAMN46080397,1,12901799700,ILLUMINA,WGS,PRJNA1206563,5.6,,,False,,,False
SAMN46080398,1,14511129900,ILLUMINA,WGS,PRJNA1206563,6.3,,,False,,,False
SAMN46080399,1,23113459200,ILLUMINA,WGS,PRJNA1206563,10.0,,,False,,,False
SAMN46080400,1,15427008900,ILLUMINA,WGS,PRJNA1206563,6.7,,,False,,,False
SAMN46080401,1,13517598000,ILLUMINA,WGS,PRJNA1206563,5.9,,,False,,,False
SAMN46080402,1,14884041600,ILLUMINA,WGS,PRJNA1206563,6.5,,,False,,,False
SAMN46080403,1,16752256800,ILLUMINA,WGS,PRJNA1206563,7.3,,,False,,,False
SAMN46080404,1,15747833400,ILLUMINA,WGS,PRJNA1206563,6.8,,,False,,,False
SAMN46080405,1,12826093500,ILLUMINA,WGS,PRJNA1206563,5.6,,,False,,,False
SAMN46080406,1,13258217700,ILLUMINA,WGS,PRJNA1206563,5.8,,,False,,,False
SAMN46080407,1,15016126800,ILLUMINA,WGS,PRJNA1206563,6.5,,,False,,,False
SAMN46080408,1,13604850600,ILLUMINA,WGS,PRJNA1206563,5.9,,,False,,,False
SAMN46080409,1,26502009600,ILLUMINA,WGS,PRJNA1206563,11.5,,,False,,,False
SAMN46080410,1,18324607200,ILLUMINA,WGS,PRJNA1206563,8.0,,,False,,,False
SAMN46080411,1,14546778600,ILLUMINA,WGS,PRJNA1206563,6.3,,,False,,,False
SAMN46080412,1,15577619400,ILLUMINA,WGS,PRJNA1206563,6.8,,,False,,,False
SAMN46080413,1,14536245600,ILLUMINA,WGS,PRJNA1206563,6.3,,,False,,,False
SAMN46080414,1,12903617400,ILLUMINA,WGS,PRJNA1206563,5.6,,,False,,,False
SAMN46080415,1,14428482900,ILLUMINA,WGS,PRJNA1206563,6.3,,,False,,,False
SAMN46080416,1,15599490000,ILLUMINA,WGS,PRJNA1206563,6.8,,,False,,,False
SAMN46080417,1,14799452400,ILLUMINA,WGS,PRJNA1206563,6.4,,,False,,,False
SAMN46080418,1,13550900100,ILLUMINA,WGS,PRJNA1206563,5.9,,,False,,,False
SAMN46080419,1,15479304600,ILLUMINA,WGS,PRJNA1206563,6.7,,,False,,,False
SAMN46080420,1,12607649100,ILLUMINA,WGS,PRJNA1206563,5.5,,,False,,,False
SAMN46080421,1,14998092900,ILLUMINA,WGS,PRJNA1206563,6.5,,,False,,,False
SAMN46080422,1,13128657600,ILLUMINA,WGS,PRJNA1206563,5.7,,,False,,,False
SAMN46080423,1,11995821000,ILLUMINA,WGS,PRJNA1206563,5.2,,,False,,,False
SAMN46080424,1,14315749800,ILLUMINA,WGS,PRJNA1206563,6.2,,,False,,,False
SAMN46080425,1,14705535300,ILLUMINA,WGS,PRJNA1206563,6.4,,,False,,,False
SAMN46080426,1,12482560800,ILLUMINA,WGS,PRJNA1206563,5.4,,,False,,,False
SAMN46080427,1,12578361000,ILLUMINA,WGS,PRJNA1206563,5.5,,,False,,,False
SAMN46080428,1,14324271000,ILLUMINA,WGS,PRJNA1206563,6.2,,,False,,,False
SAMN46080429,1,13394637900,ILLUMINA,WGS,PRJNA1206563,5.8,,,False,,,False
SAMN46080430,1,16433061300,ILLUMINA,WGS,PRJNA1206563,7.1,,,False,,,False
SAMN46080431,1,11949370800,ILLUMINA,WGS,PRJNA1206563,5.2,,,False,,,False
SAMN46080432,1,12937299900,ILLUMINA,WGS,PRJNA1206563,5.6,,,False,,,False
SAMN46080433,1,13441292700,ILLUMINA,WGS,PRJNA1206563,5.8,,,False,,,False
SAMN46080434,1,13230327600,ILLUMINA,WGS,PRJNA1206563,5.8,,,False,,,False
SAMN46080435,1,12683869500,ILLUMINA,WGS,PRJNA1206563,5.5,,,False,,,False
SAMN46080436,1,12441416400,ILLUMINA,WGS,PRJNA1206563,5.4,,,False,,,False
SAMN46080437,1,12846913200,ILLUMINA,WGS,PRJNA1206563,5.6,,,False,,,False
SAMN46080438,1,13309981500,ILLUMINA,WGS,PRJNA1206563,5.8,,,False,,,False
SAMN46080439,1,12153457500,ILLUMINA,WGS,PRJNA1206563,5.3,,,False,,,False
SAMN46080440,1,14004879300,ILLUMINA,WGS,PRJNA1206563,6.1,,,False,,,False
SAMN46080441,1,13948627800,ILLUMINA,WGS,PRJNA1206563,6.1,,,False,,,False
SAMN46080442,1,17730126600,ILLUMINA,WGS,PRJNA1206563,7.7,,,False,,,False
SAMN46080443,1,12528796200,ILLUMINA,WGS,PRJNA1206563,5.4,,,False,,,False
SAMN46080444,1,12393517800,ILLUMINA,WGS,PRJNA1206563,5.4,,,False,,,False
SAMN46080445,1,14237688600,ILLUMINA,WGS,PRJNA1206563,6.2,,,False,,,False
SAMN46080446,1,12098760000,ILLUMINA,WGS,PRJNA1206563,5.3,,,False,,,False
SAMN46080447,1,12362640600,ILLUMINA,WGS,PRJNA1206563,5.4,,,False,,,False
SAMN46080448,1,13233711600,ILLUMINA,WGS,PRJNA1206563,5.8,,,False,,,False
SAMN46080449,1,13283346600,ILLUMINA,WGS,PRJNA1206563,5.8,,,False,,,False
SAMN46080450,1,13529312400,ILLUMINA,WGS,PRJNA1206563,5.9,,,False,,,False
SAMN46080451,1,12950117400,ILLUMINA,WGS,PRJNA1206563,5.6,,,False,,,False
SAMN46080452,1,14565029100,ILLUMINA,WGS,PRJNA1206563,6.3,,,False,,,False
SAMN46080453,1,12715603500,ILLUMINA,WGS,PRJNA1206563,5.5,,,False,,,False
SAMN46080454,1,12447864900,ILLUMINA,WGS,PRJNA1206563,5.4,,,False,,,False
SAMN46080455,1,13436754000,ILLUMINA,WGS,PRJNA1206563,5.8,,,False,,,False
SAMN46080456,1,15532982400,ILLUMINA,WGS,PRJNA1206563,6.8,,,False,,,False
SAMN46080457,1,13896856200,ILLUMINA,WGS,PRJNA1206563,6.0,,,False,,,False
SAMN46080458,1,12594211200,ILLUMINA,WGS,PRJNA1206563,5.5,,,False,,,False
SAMN46080459,1,12501291300,ILLUMINA,WGS,PRJNA1206563,5.4,,,False,,,False
SAMN46080460,1,13633909500,ILLUMINA,WGS,PRJNA1206563,5.9,,,False,,,False
SAMN46080461,1,12776222400,ILLUMINA,WGS,PRJNA1206563,5.6,,,False,,,False
SAMN46080462,1,15369138600,ILLUMINA,WGS,PRJNA1206563,6.7,,,False,,,False
SAMN46080463,1,15743815200,ILLUMINA,WGS,PRJNA1206563,6.8,,,False,,,False
SAMN46080464,1,14775712800,ILLUMINA,WGS,PRJNA1206563,6.4,,,False,,,False
SAMN46080465,1,12763676400,ILLUMINA,WGS,PRJNA1206563,5.5,,,False,,,False
SAMN46080466,1,14399622000,ILLUMINA,WGS,PRJNA1206563,6.3,,,False,,,False
SAMN46080467,1,13209032400,ILLUMINA,WGS,PRJNA1206563,5.7,,,False,,,False
SAMN46080468,1,13998923100,ILLUMINA,WGS,PRJNA1206563,6.1,,,False,,,False
SAMN46080469,1,16115983500,ILLUMINA,WGS,PRJNA1206563,7.0,,,False,,,False
SAMN46080470,1,12665438400,ILLUMINA,WGS,PRJNA1206563,5.5,,,False,,,False
SAMN46080471,1,15082907400,ILLUMINA,WGS,PRJNA1206563,6.6,,,False,,,False
SAMN46080472,1,14812740900,ILLUMINA,WGS,PRJNA1206563,6.4,,,False,,,False
SAMN46080473,1,13308141600,ILLUMINA,WGS,PRJNA1206563,5.8,,,False,,,False
SAMN46080474,1,14257275900,ILLUMINA,WGS,PRJNA1206563,6.2,,,False,,,False
SAMN46080475,1,14531102400,ILLUMINA,WGS,PRJNA1206563,6.3,,,False,,,False
SAMN46080476,1,13252023600,ILLUMINA,WGS,PRJNA1206563,5.8,,,False,,,False
SAMN46080477,1,12801818700,ILLUMINA,WGS,PRJNA1206563,5.6,,,False,,,False
SAMN46080478,1,14977228200,ILLUMINA,WGS,PRJNA1206563,6.5,,,False,,,False
SAMN46080479,1,12224605200,ILLUMINA,WGS,PRJNA1206563,5.3,,,False,,,False
SAMN46080480,1,15269430600,ILLUMINA,WGS,PRJNA1206563,6.6,,,False,,,False
SAMN46080481,1,15992256300,ILLUMINA,WGS,PRJNA1206563,7.0,,,False,,,False
SAMN46080482,1,12786897000,ILLUMINA,WGS,PRJNA1206563,5.6,,,False,,,False
SAMN46080483,1,14152528200,ILLUMINA,WGS,PRJNA1206563,6.2,,,False,,,False
SAMN46080484,1,14172436800,ILLUMINA,WGS,PRJNA1206563,6.2,,,False,,,False
SAMN46080485,1,13788212700,ILLUMINA,WGS,PRJNA1206563,6.0,,,False,,,False
SAMN46080486,1,13370580600,ILLUMINA,WGS,PRJNA1206563,5.8,,,False,,,False
SAMN46080487,1,12591532800,ILLUMINA,WGS,PRJNA1206563,5.5,,,False,,,False
SAMN46080488,1,13509671100,ILLUMINA,WGS,PRJNA1206563,5.9,,,False,,,False
SAMN46080489,1,13528517400,ILLUMINA,WGS,PRJNA1206563,5.9,,,False,,,False
SAMN46080490,1,14759071800,ILLUMINA,WGS,PRJNA1206563,6.4,,,False,,,False
SAMN46080491,1,13707497100,ILLUMINA,WGS,PRJNA1206563,6.0,,,False,,,False
SAMN46080492,1,13837091700,ILLUMINA,WGS,PRJNA1206563,6.0,,,False,,,False
SAMN46080493,1,18626174700,ILLUMINA,WGS,PRJNA1206563,8.1,,,False,,,False
SAMN46080494,1,18180555600,ILLUMINA,WGS,PRJNA1206563,7.9,,,False,,,False
SAMN46080495,1,12471327600,ILLUMINA,WGS,PRJNA1206563,5.4,,,False,,,False
SAMN46080496,1,13329727200,ILLUMINA,WGS,PRJNA1206563,5.8,,,False,,,False
SAMN46080497,1,25227644700,ILLUMINA,WGS,PRJNA1206563,11.0,,,False,,,False
SAMN46080498,1,22271746200,ILLUMINA,WGS,PRJNA1206563,9.7,,,False,,,False
SAMN46080499,1,13004062800,ILLUMINA,WGS,PRJNA1206563,5.7,,,False,,,False
SAMN46080500,1,13686382500,ILLUMINA,WGS,PRJNA1206563,6.0,,,False,,,False
SAMN46080501,1,15114497400,ILLUMINA,WGS,PRJNA1206563,6.6,,,False,,,False
SAMN46080502,1,21591960600,ILLUMINA,WGS,PRJNA1206563,9.4,,,False,,,False
SAMN46080503,1,13239353400,ILLUMINA,WGS,PRJNA1206563,5.8,,,False,,,False
SAMN46080504,1,14477917800,ILLUMINA,WGS,PRJNA1206563,6.3,,,False,,,False
SAMN46080505,1,12970041300,ILLUMINA,WGS,PRJNA1206563,5.6,,,False,,,False
SAMN46178259,1,13980475200,ILLUMINA,WGS,PRJNA1208238,6.1,,,False,,,False
SAMN46178260,1,15198261900,ILLUMINA,WGS,PRJNA1208238,6.6,,,False,,,False
SAMN46178261,1,12608154600,ILLUMINA,WGS,PRJNA1208238,5.5,,,False,,,False
SAMN46178262,1,12581946900,ILLUMINA,WGS,PRJNA1208238,5.5,,,False,,,False
SAMN46178263,1,17733984000,ILLUMINA,WGS,PRJNA1208238,7.7,,,False,,,False
SAMN46178264,1,12563085600,ILLUMINA,WGS,PRJNA1208238,5.5,,,False,,,False
SAMN46178265,1,12692816400,ILLUMINA,WGS,PRJNA1208238,5.5,,,False,,,False
SAMN46178266,1,15163373100,ILLUMINA,WGS,PRJNA1208238,6.6,,,False,,,False
SAMN46178267,1,13419641100,ILLUMINA,WGS,PRJNA1208238,5.8,,,False,,,False
SAMN46178268,1,13276369500,ILLUMINA,WGS,PRJNA1208238,5.8,,,False,,,False
SAMN46178269,1,18061317900,ILLUMINA,WGS,PRJNA1208238,7.9,,,False,,,False
SAMN46178270,1,13662324300,ILLUMINA,WGS,PRJNA1208238,5.9,,,False,,,False
SAMN46178271,1,15466368300,ILLUMINA,WGS,PRJNA1208238,6.7,,,False,,,False
SAMN46178272,1,16002330900,ILLUMINA,WGS,PRJNA1208238,7.0,,,False,,,False
SAMN46178273,1,13306053900,ILLUMINA,WGS,PRJNA1208238,5.8,,,False,,,False
SAMN46178274,1,13198256700,ILLUMINA,WGS,PRJNA1208238,5.7,,,False,,,False
SAMN46178275,1,14289674400,ILLUMINA,WGS,PRJNA1208238,6.2,,,False,,,False
SAMN46178276,1,13240800900,ILLUMINA,WGS,PRJNA1208238,5.8,,,False,,,False
SAMN46178277,1,12681629100,ILLUMINA,WGS,PRJNA1208238,5.5,,,False,,,False
SAMN46178278,1,12665297100,ILLUMINA,WGS,PRJNA1208238,5.5,,,False,,,False
SAMN46178279,1,17898525600,ILLUMINA,WGS,PRJNA1208238,7.8,,,False,,,False
SAMN46178280,1,13681159200,ILLUMINA,WGS,PRJNA1208238,5.9,,,False,,,False
SAMN46178281,1,14713145700,ILLUMINA,WGS,PRJNA1208238,6.4,,,False,,,False
SAMN46178282,1,13754725200,ILLUMINA,WGS,PRJNA1208238,6.0,,,False,,,False
SAMN46178283,1,17822420400,ILLUMINA,WGS,PRJNA1208238,7.7,,,False,,,False
SAMN46178284,1,12382961400,ILLUMINA,WGS,PRJNA1208238,5.4,,,False,,,False
SAMN46178285,1,15135067500,ILLUMINA,WGS,PRJNA1208238,6.6,,,False,,,False
SAMN46178286,1,26502009600,ILLUMINA,WGS,PRJNA1208238,11.5,,,False,,,False
SAMN46178287,1,13252023600,ILLUMINA,WGS,PRJNA1208238,5.8,,,False,,,False
SAMN46178288,1,12014142300,ILLUMINA,WGS,PRJNA1208238,5.2,,,False,,,False
SAMN46178289,1,13352763600,ILLUMINA,WGS,PRJNA1208238,5.8,,,False,,,False
SAMN46178290,1,13392131400,ILLUMINA,WGS,PRJNA1208238,5.8,,,False,,,False
SAMN46178291,1,15427312800,ILLUMINA,WGS,PRJNA1208238,6.7,,,False,,,False
SAMN46178292,1,14139486600,ILLUMINA,WGS,PRJNA1208238,6.1,,,False,,,False
SAMN46178293,1,26381837100,ILLUMINA,WGS,PRJNA1208238,11.5,,,False,,,False
SAMN46178294,1,13469829300,ILLUMINA,WGS,PRJNA1208238,5.9,,,False,,,False
SAMN46178295,1,21566598300,ILLUMINA,WGS,PRJNA1208238,9.4,,,False,,,False
SAMN46261919,1,14700718685,ILLUMINA,WGS,PRJNA1210495,6.4,,,False,,,False
SAMN46261920,1,15825802876,ILLUMINA,WGS,PRJNA1210495,6.9,,,False,,,False
SAMN46261921,1,18082796400,ILLUMINA,WGS,PRJNA1210495,7.9,,,False,,,False
SAMN46261922,1,13412803800,ILLUMINA,WGS,PRJNA1210495,5.8,,,False,,,False
SAMN46261923,1,16047323400,ILLUMINA,WGS,PRJNA1210495,7.0,,,False,,,False
SAMN46261924,1,13931637043,ILLUMINA,WGS,PRJNA1210495,6.1,,,False,,,False
SAMN46261926,1,13189004100,ILLUMINA,WGS,PRJNA1210495,5.7,,,False,,,False
SAMN46261927,1,13650607200,ILLUMINA,WGS,PRJNA1210495,5.9,,,False,,,False
SAMN46261928,1,13328190900,ILLUMINA,WGS,PRJNA1210495,5.8,,,False,,,False
SAMN46261929,1,12181537200,ILLUMINA,WGS,PRJNA1210495,5.3,,,False,,,False
SAMN46261930,1,12676034400,ILLUMINA,WGS,PRJNA1210495,5.5,,,False,,,False
SAMN46261931,1,13480806000,ILLUMINA,WGS,PRJNA1210495,5.9,,,False,,,False
SAMN46261932,1,14356117800,ILLUMINA,WGS,PRJNA1210495,6.2,,,False,,,False
SAMN46261933,1,13434927300,ILLUMINA,WGS,PRJNA1210495,5.8,,,False,,,False
SAMN46261934,1,12724508924,ILLUMINA,WGS,PRJNA1210495,5.5,,,False,,,False
SAMN46261935,1,19547120700,ILLUMINA,WGS,PRJNA1210495,8.5,,,False,,,False
SAMN46261936,1,19298330100,ILLUMINA,WGS,PRJNA1210495,8.4,,,False,,,False
SAMN46261937,1,15003170320,ILLUMINA,WGS,PRJNA1210495,6.5,,,False,,,False
SAMN46261938,1,13914347286,ILLUMINA,WGS,PRJNA1210495,6.0,,,False,,,False
SAMN46261939,1,12098496724,ILLUMINA,WGS,PRJNA1210495,5.3,,,False,,,False
SAMN46261940,1,15446358631,ILLUMINA,WGS,PRJNA1210495,6.7,,,False,,,False
SAMN46261941,1,12414593548,ILLUMINA,WGS,PRJNA1210495,5.4,,,False,,,False
SAMN46261942,1,18195219157,ILLUMINA,WGS,PRJNA1210495,7.9,,,False,,,False
SAMN46261943,1,13335908767,ILLUMINA,WGS,PRJNA1210495,5.8,,,False,,,False
SAMN46261944,1,12282439200,ILLUMINA,WGS,PRJNA1210495,5.3,,,False,,,False
SAMN46261945,1,12970587600,ILLUMINA,WGS,PRJNA1210495,5.6,,,False,,,False
SAMN46261946,1,13598179557,ILLUMINA,WGS,PRJNA1210495,5.9,,,False,,,False
SAMN46261947,1,13263059658,ILLUMINA,WGS,PRJNA1210495,5.8,,,False,,,False
SAMN46261948,1,12734842200,ILLUMINA,WGS,PRJNA1210495,5.5,,,False,,,False
SAMN46261949,1,24070476300,ILLUMINA,WGS,PRJNA1210495,10.5,,,False,,,False
SAMN46261950,1,26381837100,ILLUMINA,WGS,PRJNA1210495,11.5,,,False,,,False
SAMN46558917,1,49425282552,ILLUMINA,OTHER,PRJNA1219493,21.5,,,False,,,False
SAMN46558918,1,54097793936,ILLUMINA,OTHER,PRJNA1219493,23.5,,,False,,,False
SAMN46558919,1,53276899046,ILLUMINA,OTHER,PRJNA1219493,23.2,,,False,,,False
SAMN46558920,1,49234321912,ILLUMINA,OTHER,PRJNA1219493,21.4,,,False,,,False
SAMN46558921,1,59633792780,ILLUMINA,OTHER,PRJNA1219493,25.9,,,False,,,False
SAMN46558922,1,50946896868,ILLUMINA,OTHER,PRJNA1219493,22.2,,,False,,,False
SAMN46558923,1,51899361984,ILLUMINA,OTHER,PRJNA1219493,22.6,,,False,,,False
SAMN46558924,1,57494335690,ILLUMINA,OTHER,PRJNA1219493,25.0,,,False,,,False
SAMN46558925,1,64945841108,ILLUMINA,OTHER,PRJNA1219493,28.2,,,False,,,False
SAMN46558926,1,49472081378,ILLUMINA,OTHER,PRJNA1219493,21.5,,,False,,,False
SAMN46558927,1,50967006142,ILLUMINA,OTHER,PRJNA1219493,22.2,,,False,,,False
SAMN46558928,1,47157501434,ILLUMINA,OTHER,PRJNA1219493,20.5,,,False,,,False
SAMN46969019,1,64805733300,ILLUMINA,WGS,PRJNA1227007,28.2,PI 550473,48.0,True,Maize.Set.Inbred.Diversity.282.Plus.NAM.Parents,B73,True
SAMN46969021,1,63276241200,ILLUMINA,WGS,PRJNA1227007,27.5,PI 550473,48.0,True,Maize.Set.Inbred.Diversity.282.Plus.NAM.Parents,B73,True
SAMN46969023,1,52922013900,ILLUMINA,WGS,PRJNA1227007,23.0,PI 550473,48.0,True,Maize.Set.Inbred.Diversity.282.Plus.NAM.Parents,B73,True
SAMN46969025,1,53126644200,ILLUMINA,WGS,PRJNA1227007,23.1,PI 550473,48.0,True,Maize.Set.Inbred.Diversity.282.Plus.NAM.Parents,B73,True
SAMN47218946,1153,15432924663600,ILLUMINA,WGS,PRJNA1236252,6710.0,,,False,,,False
SAMN47613404,1,81606324600,ILLUMINA,WGS,PRJNA1242990,35.5,,,False,,,False
SAMN47613405,1,70888540200,ILLUMINA,WGS,PRJNA1242990,30.8,,,False,,,False
SAMN47613406,1,74373796800,ILLUMINA,WGS,PRJNA1242990,32.3,,,False,,,False
SAMN47654983,2,54249441000,ILLUMINA,OTHER,PRJNA1244423,23.6,,,False,,,False
SAMN47654984,2,53979605100,ILLUMINA,OTHER,PRJNA1244423,23.5,,,False,,,False
SAMN47805249,1,27914282498,ILLUMINA,WGS,PRJNA1247151,12.1,PI 693339,30.0,False,Maize.Set.Inbred.Diversity.282.Plus.NAM.Parents,A188,True
SAMN47870841,2,207501277800,ILLUMINA,WGS,PRJNA1248870,90.2,,,False,,,False
SAMN47932858,1,21547029600,ILLUMINA,WGS,PRJNA1249235,9.4,,,False,,,False
SAMN47932859,1,20206525800,ILLUMINA,WGS,PRJNA1249235,8.8,,,False,,,False
SAMN47932864,1,18305301900,ILLUMINA,WGS,PRJNA1249235,8.0,,,False,,,False
SAMN47934683,1,21786341700,ILLUMINA,WGS,PRJNA1249235,9.5,,,False,,,False
SAMN47934684,1,21452195100,ILLUMINA,WGS,PRJNA1249235,9.3,,,False,,,False
SAMN47949492,1,42082690200,ILLUMINA,WGS,PRJNA1249235,18.3,,,False,,,False
SAMN47949493,1,51652649100,ILLUMINA,WGS,PRJNA1249235,22.5,,,False,,,False
SAMN48080584,1,20065448223,PACBIO_SMRT,WGS,PRJNA1253615,8.7,,,False,,,False
SAMN48080589,1,18688853383,PACBIO_SMRT,WGS,PRJNA1253615,8.1,,,False,,,False
SAMN48080594,1,13043160613,PACBIO_SMRT,WGS,PRJNA1253615,5.7,,,False,,,False
SAMN48946885,1,13063057800,ILLUMINA,WGS,PRJNA1273448,5.7,,,False,,,False
SAMN49042591,1,15210898762,PACBIO_SMRT,WGS,PRJNA1276314,6.6,,,False,,,False
SAMN49042593,1,15553741315,PACBIO_SMRT,WGS,PRJNA1276314,6.8,,,False,,,False
SAMN49786755,1,29074239734,ILLUMINA,WGS,PRJNA1286006,12.6,PI 550473,48.0,True,Maize.Set.Inbred.Diversity.282.Plus.NAM.Parents,B73,True
SAMN49786756,1,31194172222,ILLUMINA,WGS,PRJNA1286006,13.6,PI 550473,48.0,True,Maize.Set.Inbred.Diversity.282.Plus.NAM.Parents,B73,True
SAMN49786757,1,27015681498,ILLUMINA,WGS,PRJNA1286006,11.7,PI 550473,48.0,True,Maize.Set.Inbred.Diversity.282.Plus.NAM.Parents,B73,True
SAMN50750660,3,112652161200,ILLUMINA,OTHER,PRJNA1308157,49.0,Ames 23435,27.0,False,Maize.Group.Ames.Panel.2010,A427,True
SAMN51199451,1,16442640600,ILLUMINA,WGS,PRJNA1321128,7.1,,,False,,,False
SAMN51199468,1,14036981140,ILLUMINA,WGS,PRJNA1321128,6.1,,,False,,,False
SAMN51199481,1,18870765300,ILLUMINA,WGS,PRJNA1321128,8.2,,,False,,,False
SAMN51199505,1,14360494500,ILLUMINA,WGS,PRJNA1321128,6.2,,,False,,,False
SAMN51199514,1,18406395000,ILLUMINA,WGS,PRJNA1321128,8.0,,,False,,,False
SAMN51199537,1,15175032600,ILLUMINA,WGS,PRJNA1321128,6.6,,,False,,,False
SAMN51199539,1,16633997100,ILLUMINA,WGS,PRJNA1321128,7.2,,,False,,,False
SAMN51199542,1,14724146400,ILLUMINA,WGS,PRJNA1321128,6.4,,,False,,,False
SAMN51199546,1,13013432100,ILLUMINA,WGS,PRJNA1321128,5.7,,,False,,,False
SAMN51199551,1,19488204600,ILLUMINA,WGS,PRJNA1321128,8.5,,,False,,,False
SAMN51199552,1,15991378800,ILLUMINA,WGS,PRJNA1321128,7.0,,,False,,,False
SAMN51199563,1,15657594600,ILLUMINA,WGS,PRJNA1321128,6.8,,,False,,,False
SAMN51199565,1,18132045900,ILLUMINA,WGS,PRJNA1321128,7.9,,,False,,,False
SAMN51199567,1,16521477600,ILLUMINA,WGS,PRJNA1321128,7.2,,,False,,,False
SAMN51199573,1,15485685900,ILLUMINA,WGS,PRJNA1321128,6.7,,,False,,,False
SAMN51199577,1,17364001800,ILLUMINA,WGS,PRJNA1321128,7.5,,,False,,,False
SAMN51199578,1,16595154600,ILLUMINA,WGS,PRJNA1321128,7.2,,,False,,,False
SAMN51199584,1,19676016900,ILLUMINA,WGS,PRJNA1321128,8.6,,,False,,,False
SAMN51199590,1,20212994400,ILLUMINA,WGS,PRJNA1321128,8.8,,,False,,,False
SAMN51199719,1,14463521100,ILLUMINA,WGS,PRJNA1321128,6.3,,,False,,,False
SAMN51199778,1,11876515500,ILLUMINA,WGS,PRJNA1321128,5.2,,,False,,,False
SAMN51199788,1,15247590300,ILLUMINA,WGS,PRJNA1321128,6.6,,,False,,,False
SAMN51199790,1,14135691000,ILLUMINA,WGS,PRJNA1321128,6.1,,,False,,,False
SAMN51199791,1,15117527400,ILLUMINA,WGS,PRJNA1321128,6.6,,,False,,,False
SAMN51199798,1,13184159100,ILLUMINA,WGS,PRJNA1321128,5.7,,,False,,,False
SAMN51199800,1,13168503600,ILLUMINA,WGS,PRJNA1321128,5.7,,,False,,,False
SAMN51199822,1,22770462666,ILLUMINA,WGS,PRJNA1321128,9.9,,,False,,,False
SAMN51199823,1,19814608200,ILLUMINA,WGS,PRJNA1321128,8.6,,,False,,,False
SAMN51199827,1,16662619200,ILLUMINA,WGS,PRJNA1321128,7.2,Ames 34597,,False,,,True
SAMN51199828,1,20184040200,ILLUMINA,WGS,PRJNA1321128,8.8,,,False,,,False
SAMN51199830,1,33047582764,ILLUMINA,WGS,PRJNA1321128,14.4,,,False,,,False
SAMN51199838,1,16888547586,ILLUMINA,WGS,PRJNA1321128,7.3,,,False,,,False
SAMN51199839,1,17811913492,ILLUMINA,WGS,PRJNA1321128,7.7,,,False,,,False
SAMN51199854,1,12199570200,ILLUMINA,WGS,PRJNA1321128,5.3,,,False,,,False
SAMN51199868,1,21914622450,ILLUMINA,WGS,PRJNA1321128,9.5,,,False,,,False
SAMN51199890,1,20616944758,ILLUMINA,WGS,PRJNA1321128,9.0,,,False,,,False
SAMN51199896,1,19251331260,ILLUMINA,WGS,PRJNA1321128,8.4,,,False,,,False
SAMN51199941,1,12352051500,ILLUMINA,WGS,PRJNA1321128,5.4,,,False,,,False
SAMN51199942,1,29731999358,ILLUMINA,WGS,PRJNA1321128,12.9,,,False,,,False
SAMN51199951,1,14949642052,ILLUMINA,WGS,PRJNA1321128,6.5,,,False,,,False
SAMN51200190,1,16015114058,ILLUMINA,WGS,PRJNA1321128,7.0,,,False,,,False
SAMN51200198,1,14228182172,ILLUMINA,WGS,PRJNA1321128,6.2,,,False,,,False
SAMN51332522,1,11934856200,ILLUMINA,WGS,PRJNA1328383,5.2,,,False,,,False
SAMN51332524,1,12892225500,ILLUMINA,WGS,PRJNA1328383,5.6,,,False,,,False
SAMN51332526,1,12972691200,ILLUMINA,WGS,PRJNA1328383,5.6,,,False,,,False
SAMN51332528,1,13137083400,ILLUMINA,WGS,PRJNA1328383,5.7,,,False,,,False
SAMN51332529,1,12744064500,ILLUMINA,WGS,PRJNA1328383,5.5,,,False,,,False
SAMN51332531,1,12134479500,ILLUMINA,WGS,PRJNA1328383,5.3,,,False,,,False
SAMN51332533,1,12077462700,ILLUMINA,WGS,PRJNA1328383,5.3,,,False,,,False
SAMN51332534,1,12266910600,ILLUMINA,WGS,PRJNA1328383,5.3,,,False,,,False
SAMN51332535,1,16726180200,ILLUMINA,WGS,PRJNA1328383,7.3,,,False,,,False
SAMN51332536,1,12596322000,ILLUMINA,WGS,PRJNA1328383,5.5,,,False,,,False
SAMN51332538,1,15997185000,ILLUMINA,WGS,PRJNA1328383,7.0,,,False,,,False
SAMN51332539,1,15435586500,ILLUMINA,WGS,PRJNA1328383,6.7,,,False,,,False
SAMN51332543,1,12348042000,ILLUMINA,WGS,PRJNA1328383,5.4,,,False,,,False
SAMN51332548,1,14580219300,ILLUMINA,WGS,PRJNA1328383,6.3,,,False,,,False
SAMN51332550,1,12738882300,ILLUMINA,WGS,PRJNA1328383,5.5,,,False,,,False
SAMN51332555,1,15200725500,ILLUMINA,WGS,PRJNA1328383,6.6,,,False,,,False
SAMN51332556,1,13750986300,ILLUMINA,WGS,PRJNA1328383,6.0,,,False,,,False
SAMN51332558,1,14457091500,ILLUMINA,WGS,PRJNA1328383,6.3,,,False,,,False
SAMN51332559,1,12512680200,ILLUMINA,WGS,PRJNA1328383,5.4,,,False,,,False
SAMN51332561,1,15073028700,ILLUMINA,WGS,PRJNA1328383,6.6,,,False,,,False
SAMN51332565,1,11640626700,ILLUMINA,WGS,PRJNA1328383,5.1,,,False,,,False
SAMN51332569,1,11668658400,ILLUMINA,WGS,PRJNA1328383,5.1,,,False,,,False
SAMN51332571,1,12388158300,ILLUMINA,WGS,PRJNA1328383,5.4,,,False,,,False
SAMN51332572,1,13965915300,ILLUMINA,WGS,PRJNA1328383,6.1,,,False,,,False
SAMN51332573,1,11823601200,ILLUMINA,WGS,PRJNA1328383,5.1,,,False,,,False
SAMN51332574,1,14022622500,ILLUMINA,WGS,PRJNA1328383,6.1,,,False,,,False
SAMN51332575,1,14048631900,ILLUMINA,WGS,PRJNA1328383,6.1,,,False,,,False
SAMN51332576,1,13366595700,ILLUMINA,WGS,PRJNA1328383,5.8,,,False,,,False
SAMN51332578,1,11881286100,ILLUMINA,WGS,PRJNA1328383,5.2,,,False,,,False
SAMN51332579,1,12749349900,ILLUMINA,WGS,PRJNA1328383,5.5,,,False,,,False
SAMN51332581,1,14476096500,ILLUMINA,WGS,PRJNA1328383,6.3,,,False,,,False
SAMN51332583,1,13396304100,ILLUMINA,WGS,PRJNA1328383,5.8,,,False,,,False
SAMN51332584,1,15588992100,ILLUMINA,WGS,PRJNA1328383,6.8,,,False,,,False
SAMN51332586,1,13938042000,ILLUMINA,WGS,PRJNA1328383,6.1,,,False,,,False
SAMN51332588,1,13486181100,ILLUMINA,WGS,PRJNA1328383,5.9,,,False,,,False
SAMN51332590,1,14373112500,ILLUMINA,WGS,PRJNA1328383,6.2,,,False,,,False
SAMN51332591,1,11860904100,ILLUMINA,WGS,PRJNA1328383,5.2,,,False,,,False
SAMN51332594,1,11760489600,ILLUMINA,WGS,PRJNA1328383,5.1,,,False,,,False
SAMN51332595,1,12393159900,ILLUMINA,WGS,PRJNA1328383,5.4,,,False,,,False
SAMN51332597,1,18469524000,ILLUMINA,WGS,PRJNA1328383,8.0,,,False,,,False
SAMN51332600,1,12460460700,ILLUMINA,WGS,PRJNA1328383,5.4,,,False,,,False
SAMN51332605,1,12215169900,ILLUMINA,WGS,PRJNA1328383,5.3,,,False,,,False
SAMN51332606,1,12163621800,ILLUMINA,WGS,PRJNA1328383,5.3,,,False,,,False
SAMN51332607,1,11700989400,ILLUMINA,WGS,PRJNA1328383,5.1,,,False,,,False
SAMN51332608,1,13564356600,ILLUMINA,WGS,PRJNA1328383,5.9,,,False,,,False
SAMN51332609,1,14829405600,ILLUMINA,WGS,PRJNA1328383,6.4,,,False,,,False
SAMN51332611,1,15549092700,ILLUMINA,WGS,PRJNA1328383,6.8,,,False,,,False
SAMN51332612,1,11761613700,ILLUMINA,WGS,PRJNA1328383,5.1,,,False,,,False
SAMN51332614,1,15685970400,ILLUMINA,WGS,PRJNA1328383,6.8,,,False,,,False
SAMN51332617,1,13746900600,ILLUMINA,WGS,PRJNA1328383,6.0,,,False,,,False
SAMN51332903,1,11685200104,ILLUMINA,WGS,PRJNA1328383,5.1,,,False,,,False
SAMN51332919,1,20583750095,ILLUMINA,WGS,PRJNA1328383,8.9,,,False,,,False
SAMN51333000,1,16086478639,ILLUMINA,WGS,PRJNA1328383,7.0,,,False,,,False
SAMN51333002,1,16065995664,ILLUMINA,WGS,PRJNA1328383,7.0,,,False,,,False
SAMN51333009,1,21761349314,ILLUMINA,WGS,PRJNA1328383,9.5,,,False,,,False
SAMN51333074,1,19356918543,ILLUMINA,WGS,PRJNA1328383,8.4,,,False,,,False
SAMN51333085,1,20835359400,ILLUMINA,WGS,PRJNA1328383,9.1,,,False,,,False
SAMN51333096,1,16440995968,ILLUMINA,WGS,PRJNA1328383,7.1,,,False,,,False
SAMN51333109,1,12807607090,ILLUMINA,WGS,PRJNA1328383,5.6,,,False,,,False
SAMN51333130,1,12051354900,ILLUMINA,WGS,PRJNA1328383,5.2,,,False,,,False
SAMN51333135,1,12418979400,ILLUMINA,WGS,PRJNA1328383,5.4,,,False,,,False
SAMN51333137,1,12099666000,ILLUMINA,WGS,PRJNA1328383,5.3,,,False,,,False
SAMN51333138,1,11891193600,ILLUMINA,WGS,PRJNA1328383,5.2,,,False,,,False
SAMN51333144,1,12109410600,ILLUMINA,WGS,PRJNA1328383,5.3,,,False,,,False
SAMN51333146,1,14579372700,ILLUMINA,WGS,PRJNA1328383,6.3,,,False,,,False
SAMN51333148,1,12709583700,ILLUMINA,WGS,PRJNA1328383,5.5,,,False,,,False
SAMN52019630,1,29173302600,ILLUMINA,WGS,PRJNA1335766,12.7,,,False,,,False
SAMN52019631,1,29641363200,ILLUMINA,WGS,PRJNA1335766,12.9,,,False,,,False
SAMN52019632,1,29486539200,ILLUMINA,WGS,PRJNA1335766,12.8,,,False,,,False
SAMN52019633,1,18704422200,ILLUMINA,WGS,PRJNA1335766,8.1,,,False,,,False
SAMN52019634,1,26426068800,ILLUMINA,WGS,PRJNA1335766,11.5,,,False,,,False
SAMN52019635,1,28843713600,ILLUMINA,WGS,PRJNA1335766,12.5,,,False,,,False
SAMN52019636,1,29234298300,ILLUMINA,WGS,PRJNA1335766,12.7,,,False,,,False
SAMN52019637,1,29000872500,ILLUMINA,WGS,PRJNA1335766,12.6,,,False,,,False
SAMN52019638,1,18516134400,ILLUMINA,WGS,PRJNA1335766,8.1,,,False,,,False
SAMN52019639,1,26081212500,ILLUMINA,WGS,PRJNA1335766,11.3,,,False,,,False
SAMN52071096,1,18740421617,OXFORD_NANOPORE,WGS,PRJNA1336480,8.1,,,False,,,False
SAMN52071097,1,18473156564,OXFORD_NANOPORE,WGS,PRJNA1336480,8.0,,,False,,,False
SAMN52071098,1,18488634092,OXFORD_NANOPORE,WGS,PRJNA1336480,8.0,,,False,,,False
SAMN52071099,1,18027613650,OXFORD_NANOPORE,WGS,PRJNA1336480,7.8,,,False,,,False
SAMN52071100,1,18296282657,OXFORD_NANOPORE,WGS,PRJNA1336480,8.0,,,False,,,False
SAMN52071101,1,18552255102,OXFORD_NANOPORE,WGS,PRJNA1336480,8.1,,,False,,,False
SAMN52071103,1,19877542733,OXFORD_NANOPORE,WGS,PRJNA1336480,8.6,,,False,,,False
SAMN52071104,1,19825943857,OXFORD_NANOPORE,WGS,PRJNA1336480,8.6,,,False,,,False
SAMN52071105,1,20188538860,OXFORD_NANOPORE,WGS,PRJNA1336480,8.8,,,False,,,False
SAMN52071107,1,20015510437,OXFORD_NANOPORE,WGS,PRJNA1336480,8.7,,,False,,,False
SAMN52071108,1,20010497134,OXFORD_NANOPORE,WGS,PRJNA1336480,8.7,,,False,,,False
SAMN54892640,4,219408384000,BGISEQ,WGS,PRJNA1414085,95.4,,,False,,,False
SAMN55017278,1,26532617054,ILLUMINA,WGS,PRJNA1417795,11.5,,,False,,,False
SAMN55017279,1,26602803222,ILLUMINA,WGS,PRJNA1417795,11.6,,,False,,,False
SAMN55017280,1,55513993090,ILLUMINA,WGS,PRJNA1417795,24.1,,,False,,,False
SAMN55017281,1,56271194984,ILLUMINA,WGS,PRJNA1417795,24.5,,,False,,,False
SAMN55017282,1,25283466758,ILLUMINA,WGS,PRJNA1417795,11.0,,,False,,,False
SAMN55017283,1,26614809896,ILLUMINA,WGS,PRJNA1417795,11.6,,,False,,,False
SAMN55017284,1,69204052706,ILLUMINA,WGS,PRJNA1417795,30.1,,,False,,,False
SAMN55017285,1,72135105008,ILLUMINA,WGS,PRJNA1417795,31.4,,,False,,,False
