Name,name_base,SRA_ID,BioProject,reason
S50676,S50676,ERR10235200,PRJEB56265,SNPTools name has no GRIN plant-name match — needs curation
S68911,S68911,ERR10235203,PRJEB56265,SNPTools name has no GRIN plant-name match — needs curation
S160,S160,ERR10238125,PRJEB56265,SNPTools name has no GRIN plant-name match — needs curation
TZU-CHIAO-HSI-W,TZU-CHIAO-HSI-W,ERR10288629,PRJEB56320,SNPTools name has no GRIN plant-name match — needs curation
SEAGULLSEVENTEE,SEAGULLSEVENTEE,ERR10288634,PRJEB56320,SNPTools name has no GRIN plant-name match — needs curation
NY_166__NEVEH_Y,NY_166__NEVEH_Y,ERR10289307,PRJEB56320,SNPTools name has no GRIN plant-name match — needs curation
NKBCC03,NKBCC03,ERR10289316,PRJEB56320,SNPTools name has no GRIN plant-name match — needs curation
NKNP901,NKNP901,ERR10289317,PRJEB56320,SNPTools name has no GRIN plant-name match — needs curation
NK907,NK907,ERR10289318,PRJEB56320,SNPTools name has no GRIN plant-name match — needs curation
NK794,NK794,ERR10289319,PRJEB56320,SNPTools name has no GRIN plant-name match — needs curation
MO30W,MO30W,ERR10289349,PRJEB56320,SNPTools name has no GRIN plant-name match — needs curation
LH189HT,LH189HT,ERR10289368,PRJEB56320,SNPTools name has no GRIN plant-name match — needs curation
INBRED305,INBRED305,ERR10290068,PRJEB56320,SNPTools name has no GRIN plant-name match — needs curation
INBRED309,INBRED309,ERR10290070,PRJEB56320,SNPTools name has no GRIN plant-name match — needs curation
INBRED_321,INBRED_321,ERR10290071,PRJEB56320,SNPTools name has no GRIN plant-name match — needs curation
INBRED141,INBRED141,ERR10290073,PRJEB56320,SNPTools name has no GRIN plant-name match — needs curation
INBRED_109,INBRED_109,ERR10290075,PRJEB56320,SNPTools name has no GRIN plant-name match — needs curation
INBRED2-687,INBRED2-687,ERR10290077,PRJEB56320,SNPTools name has no GRIN plant-name match — needs curation
INBRED_100,INBRED_100,ERR10290079,PRJEB56320,SNPTools name has no GRIN plant-name match — needs curation
G22T122,G22T122,ERR10290085,PRJEB56320,SNPTools name has no GRIN plant-name match — needs curation
DK84BRQ4,DK84BRQ4,ERR10290091,PRJEB56320,SNPTools name has no GRIN plant-name match — needs curation
DK6F545,DK6F545,ERR10290092,PRJEB56320,SNPTools name has no GRIN plant-name match — needs curation
DK8F196,DK8F196,ERR10290093,PRJEB56320,SNPTools name has no GRIN plant-name match — needs curation
F44,F44,ERR10290095,PRJEB56320,SNPTools name has no GRIN plant-name match — needs curation
G3T5A,G3T5A,ERR10290097,PRJEB56320,SNPTools name has no GRIN plant-name match — needs curation
DKMFD-13D,DKMFD-13D,ERR10290100,PRJEB56320,SNPTools name has no GRIN plant-name match — needs curation
DKNL001,DKNL001,ERR10290102,PRJEB56320,SNPTools name has no GRIN plant-name match — needs curation
DK8M129,DK8M129,ERR10290103,PRJEB56320,SNPTools name has no GRIN plant-name match — needs curation
DKMBZA,DKMBZA,ERR10290105,PRJEB56320,SNPTools name has no GRIN plant-name match — needs curation
DKF274,DKF274,ERR10290106,PRJEB56320,SNPTools name has no GRIN plant-name match — needs curation
DKWDAD1,DKWDAD1,ERR10290108,PRJEB56320,SNPTools name has no GRIN plant-name match — needs curation
DK8M116,DK8M116,ERR10290109,PRJEB56320,SNPTools name has no GRIN plant-name match — needs curation
DK3IIH6,DK3IIH6,ERR10290111,PRJEB56320,SNPTools name has no GRIN plant-name match — needs curation
BEI10-NORTH10,BEI10-NORTH10,ERR10290123,PRJEB56320,SNPTools name has no GRIN plant-name match — needs curation
B-18_INBR_FR_SU,B-18_INBR_FR_SU,ERR10290778,PRJEB56320,SNPTools name has no GRIN plant-name match — needs curation
4554_INBRED,4554_INBRED,ERR10290815,PRJEB56320,SNPTools name has no GRIN plant-name match — needs curation
4578INBRED,4578INBRED,ERR10290818,PRJEB56320,SNPTools name has no GRIN plant-name match — needs curation
Par_N16,Par_N16,ERR11202955,PRJEB61159,SNPTools name has no GRIN plant-name match — needs curation
A374_inra,A374_inra,ERR1462650,PRJEB14212,SNPTools name has no GRIN plant-name match — needs curation
AR210_inra,AR210_inra,ERR1462651,PRJEB14212,SNPTools name has no GRIN plant-name match — needs curation
Ak3_inra,Ak3_inra,ERR1462652,PRJEB14212,SNPTools name has no GRIN plant-name match — needs curation
CH10-4_ethz,CH10-4_ethz,ERR1462653,PRJEB14212,SNPTools name has no GRIN plant-name match — needs curation
CH19-1_ethz,CH19-1_ethz,ERR1462654,PRJEB14212,SNPTools name has no GRIN plant-name match — needs curation
CH34_ethz,CH34_ethz,ERR1462655,PRJEB14212,SNPTools name has no GRIN plant-name match — needs curation
CH36_ethz,CH36_ethz,ERR1462656,PRJEB14212,SNPTools name has no GRIN plant-name match — needs curation
CH446A_ethz,CH446A_ethz,ERR1462657,PRJEB14212,SNPTools name has no GRIN plant-name match — needs curation
CO109_inra,CO109_inra,ERR1462658,PRJEB14212,SNPTools name has no GRIN plant-name match — needs curation
CQ502_inra,CQ502_inra,ERR1462659,PRJEB14212,SNPTools name has no GRIN plant-name match — needs curation
EP4_csic,EP4_csic,ERR1462660,PRJEB14212,SNPTools name has no GRIN plant-name match — needs curation
EP80_csic,EP80_csic,ERR1462661,PRJEB14212,SNPTools name has no GRIN plant-name match — needs curation
EV18_csic,EV18_csic,ERR1462662,PRJEB14212,SNPTools name has no GRIN plant-name match — needs curation
EZ4_csic,EZ4_csic,ERR1462663,PRJEB14212,SNPTools name has no GRIN plant-name match — needs curation
F48_inra,F48_inra,ERR1462664,PRJEB14212,SNPTools name has no GRIN plant-name match — needs curation
F759_inra,F759_inra,ERR1462666,PRJEB14212,SNPTools name has no GRIN plant-name match — needs curation
GA219_inra,GA219_inra,ERR1462667,PRJEB14212,SNPTools name has no GRIN plant-name match — needs curation
FV1_inra,FV1_inra,ERR1462668,PRJEB14212,SNPTools name has no GRIN plant-name match — needs curation
FV70_inra,FV70_inra,ERR1462669,PRJEB14212,SNPTools name has no GRIN plant-name match — needs curation
FV72_inra,FV72_inra,ERR1462670,PRJEB14212,SNPTools name has no GRIN plant-name match — needs curation
FV76_inra,FV76_inra,ERR1462671,PRJEB14212,SNPTools name has no GRIN plant-name match — needs curation
F39_inra,F39_inra,ERR1462672,PRJEB14212,SNPTools name has no GRIN plant-name match — needs curation
FC16_inra,FC16_inra,ERR1462673,PRJEB14212,SNPTools name has no GRIN plant-name match — needs curation
FC24_inra,FC24_inra,ERR1462674,PRJEB14212,SNPTools name has no GRIN plant-name match — needs curation
FC673_inra,FC673_inra,ERR1462675,PRJEB14212,SNPTools name has no GRIN plant-name match — needs curation
FC25_inra,FC25_inra,ERR1462676,PRJEB14212,SNPTools name has no GRIN plant-name match — needs curation
Mo15W_inra,Mo15W_inra,ERR1462677,PRJEB14212,SNPTools name has no GRIN plant-name match — needs curation
N22_inra,N22_inra,ERR1462678,PRJEB14212,SNPTools name has no GRIN plant-name match — needs curation
N6_inra,N6_inra,ERR1462679,PRJEB14212,SNPTools name has no GRIN plant-name match — needs curation
NC222_inra,NC222_inra,ERR1462680,PRJEB14212,SNPTools name has no GRIN plant-name match — needs curation
ND1_inra,ND1_inra,ERR1462682,PRJEB14212,SNPTools name has no GRIN plant-name match — needs curation
ND283_inra,ND283_inra,ERR1462683,PRJEB14212,SNPTools name has no GRIN plant-name match — needs curation
ND30_inra,ND30_inra,ERR1462684,PRJEB14212,SNPTools name has no GRIN plant-name match — needs curation
NY303_inra,NY303_inra,ERR1462686,PRJEB14212,SNPTools name has no GRIN plant-name match — needs curation
NYS302_inra,NYS302_inra,ERR1462687,PRJEB14212,SNPTools name has no GRIN plant-name match — needs curation
PB18_inra,PB18_inra,ERR1462688,PRJEB14212,SNPTools name has no GRIN plant-name match — needs curation
PB79-2_inra,PB79-2_inra,ERR1462690,PRJEB14212,SNPTools name has no GRIN plant-name match — needs curation
PB86_inra,PB86_inra,ERR1462691,PRJEB14212,SNPTools name has no GRIN plant-name match — needs curation
PLS14_inra,PLS14_inra,ERR1462692,PRJEB14212,SNPTools name has no GRIN plant-name match — needs curation
PP147_inra,PP147_inra,ERR1462693,PRJEB14212,SNPTools name has no GRIN plant-name match — needs curation
RT9_inra,RT9_inra,ERR1462694,PRJEB14212,SNPTools name has no GRIN plant-name match — needs curation
UH_FF0721H_uh,UH_FF0721H_uh,ERR1462695,PRJEB14212,SNPTools name has no GRIN plant-name match — needs curation
Wf9_inra,Wf9_inra,ERR1462696,PRJEB14212,SNPTools name has no GRIN plant-name match — needs curation
WJ_inra,WJ_inra,ERR1462697,PRJEB14212,SNPTools name has no GRIN plant-name match — needs curation
ARZM01097_CIMMYT,ARZM01097_CIMMYT,ERR1462698,PRJEB14212,SNPTools name has no GRIN plant-name match — needs curation
ARZM07086_CIMMYT,ARZM07086_CIMMYT,ERR1462699,PRJEB14212,SNPTools name has no GRIN plant-name match — needs curation
MR25_JDHMV2,MR25_JDHMV2,ERR1462700,PRJEB14212,SNPTools name has no GRIN plant-name match — needs curation
MR05_JDHMV2,MR05_JDHMV2,ERR1462701,PRJEB14212,SNPTools name has no GRIN plant-name match — needs curation
MR07_JDHMV2,MR07_JDHMV2,ERR1462702,PRJEB14212,SNPTools name has no GRIN plant-name match — needs curation
MR18_JDHMV2,MR18_JDHMV2,ERR1462703,PRJEB14212,SNPTools name has no GRIN plant-name match — needs curation
MR09_JDHMV2,MR09_JDHMV2,ERR1462704,PRJEB14212,SNPTools name has no GRIN plant-name match — needs curation
SNLP305_CIMMYT,SNLP305_CIMMYT,ERR1462705,PRJEB14212,SNPTools name has no GRIN plant-name match — needs curation
PDZ37_SSD23,PDZ37_SSD23,ERR1462706,PRJEB14212,SNPTools name has no GRIN plant-name match — needs curation
PDZ676-103,PDZ676-103,ERR1462707,PRJEB14212,SNPTools name has no GRIN plant-name match — needs curation
PDZ666-102,PDZ666-102,ERR1462708,PRJEB14212,SNPTools name has no GRIN plant-name match — needs curation
EM1197_inra,EM1197_inra,ERR1462709,PRJEB14212,SNPTools name has no GRIN plant-name match — needs curation
EM1433_inra,EM1433_inra,ERR1462710,PRJEB14212,SNPTools name has no GRIN plant-name match — needs curation
EM1712_inra,EM1712_inra,ERR1462711,PRJEB14212,SNPTools name has no GRIN plant-name match — needs curation
EM2000_inra,EM2000_inra,ERR1462712,PRJEB14212,SNPTools name has no GRIN plant-name match — needs curation
PDZ668-101,PDZ668-101,ERR1462713,PRJEB14212,SNPTools name has no GRIN plant-name match — needs curation
PDZ689-201,PDZ689-201,ERR1462714,PRJEB14212,SNPTools name has no GRIN plant-name match — needs curation
PDZ741-101,PDZ741-101,ERR1462715,PRJEB14212,SNPTools name has no GRIN plant-name match — needs curation
PDZ737-101,PDZ737-101,ERR1462716,PRJEB14212,SNPTools name has no GRIN plant-name match — needs curation
MR23_JDHMV2,MR23_JDHMV2,ERR1462717,PRJEB14212,SNPTools name has no GRIN plant-name match — needs curation
PDZ682-101,PDZ682-101,ERR1462718,PRJEB14212,SNPTools name has no GRIN plant-name match — needs curation
MR08_JDHMV2,MR08_JDHMV2,ERR1462719,PRJEB14212,SNPTools name has no GRIN plant-name match — needs curation
MR01_JDHMV2,MR01_JDHMV2,ERR1462720,PRJEB14212,SNPTools name has no GRIN plant-name match — needs curation
Dong46,Dong46,SRR11301547,PRJNA609577,SNPTools name has no GRIN plant-name match — needs curation
Lx9801,Lx9801,SRR11301553,PRJNA609577,SNPTools name has no GRIN plant-name match — needs curation
515,515,SRR11301556,PRJNA609577,SNPTools name has no GRIN plant-name match — needs curation
444,444,SRR11301560,PRJNA609577,SNPTools name has no GRIN plant-name match — needs curation
Jing7,Jing7,SRR11301563,PRJNA609577,SNPTools name has no GRIN plant-name match — needs curation
Ji853,Ji853,SRR11301565,PRJNA609577,SNPTools name has no GRIN plant-name match — needs curation
Shen137,Shen137,SRR11301582,PRJNA609577,SNPTools name has no GRIN plant-name match — needs curation
Qi319,Qi319,SRR11301584,PRJNA609577,SNPTools name has no GRIN plant-name match — needs curation
698_3,698_3,SRR11301587,PRJNA609577,SNPTools name has no GRIN plant-name match — needs curation
Longkang11,Longkang11,SRR11301589,PRJNA609577,SNPTools name has no GRIN plant-name match — needs curation
9058,9058,SRR11301593,PRJNA609577,SNPTools name has no GRIN plant-name match — needs curation
Huangyesi3,Huangyesi3,SRR11301599,PRJNA609577,SNPTools name has no GRIN plant-name match — needs curation
7884_7Ht,7884_7Ht,SRR11301600,PRJNA609577,SNPTools name has no GRIN plant-name match — needs curation
5005,5005,SRR11301601,PRJNA609577,SNPTools name has no GRIN plant-name match — needs curation
81162,81162,SRR11301602,PRJNA609577,SNPTools name has no GRIN plant-name match — needs curation
18_599,18_599,SRR11301603,PRJNA609577,SNPTools name has no GRIN plant-name match — needs curation
Aijin525,Aijin525,SRR11301606,PRJNA609577,SNPTools name has no GRIN plant-name match — needs curation
Yuanqi123,Yuanqi123,SRR11301617,PRJNA609577,SNPTools name has no GRIN plant-name match — needs curation
Qi35,Qi35,SRR11301628,PRJNA609577,SNPTools name has no GRIN plant-name match — needs curation
BZN,BZN,SRR11301630,PRJNA609577,SNPTools name has no GRIN plant-name match — needs curation
200B,200B,SRR11301634,PRJNA609577,SNPTools name has no GRIN plant-name match — needs curation
Zong3,Zong3,SRR11301636,PRJNA609577,SNPTools name has no GRIN plant-name match — needs curation
Yuanwu02,Yuanwu02,SRR11301639,PRJNA609577,SNPTools name has no GRIN plant-name match — needs curation
Xi14,Xi14,SRR11301643,PRJNA609577,SNPTools name has no GRIN plant-name match — needs curation
Tie7922,Tie7922,SRR11301645,PRJNA609577,SNPTools name has no GRIN plant-name match — needs curation
Ji842,Ji842,SRR11301647,PRJNA609577,SNPTools name has no GRIN plant-name match — needs curation
Tai184,Tai184,SRR11301666,PRJNA609577,SNPTools name has no GRIN plant-name match — needs curation
Hai1134,Hai1134,SRR11301677,PRJNA609577,SNPTools name has no GRIN plant-name match — needs curation
Cheng687,Cheng687,SRR11301688,PRJNA609577,SNPTools name has no GRIN plant-name match — needs curation
MS153,MS153,SRR11301694,PRJNA609577,SNPTools name has no GRIN plant-name match — needs curation
Xinaiguang10,Xinaiguang10,SRR11301699,PRJNA609577,SNPTools name has no GRIN plant-name match — needs curation
Dan341,Dan341,SRR11301710,PRJNA609577,SNPTools name has no GRIN plant-name match — needs curation
Dan99chang,Dan99chang,SRR11301721,PRJNA609577,SNPTools name has no GRIN plant-name match — needs curation
LD61,LD61,SRR11301732,PRJNA609577,SNPTools name has no GRIN plant-name match — needs curation
75_1,75_1,SRR11301752,PRJNA609577,SNPTools name has no GRIN plant-name match — needs curation
Nan21_3,Nan21_3,SRR11301761,PRJNA609577,SNPTools name has no GRIN plant-name match — needs curation
Zaodahuang,Zaodahuang,SRR11301762,PRJNA609577,SNPTools name has no GRIN plant-name match — needs curation
Chang72,Chang72,SRR11301763,PRJNA609577,SNPTools name has no GRIN plant-name match — needs curation
832,832,SRR11301764,PRJNA609577,SNPTools name has no GRIN plant-name match — needs curation
803,803,SRR11301765,PRJNA609577,SNPTools name has no GRIN plant-name match — needs curation
Wenhuang31413,Wenhuang31413,SRR11301767,PRJNA609577,SNPTools name has no GRIN plant-name match — needs curation
434,434,SRR11301769,PRJNA609577,SNPTools name has no GRIN plant-name match — needs curation
Hai014,Hai014,SRR11301771,PRJNA609577,SNPTools name has no GRIN plant-name match — needs curation
4112,4112,SRR11301772,PRJNA609577,SNPTools name has no GRIN plant-name match — needs curation
Ji876,Ji876,SRR11301773,PRJNA609577,SNPTools name has no GRIN plant-name match — needs curation
4F1,4F1,SRR11301774,PRJNA609577,SNPTools name has no GRIN plant-name match — needs curation
812,812,SRR11301776,PRJNA609577,SNPTools name has no GRIN plant-name match — needs curation
446,446,SRR11301778,PRJNA609577,SNPTools name has no GRIN plant-name match — needs curation
Yan414,Yan414,SRR11301780,PRJNA609577,SNPTools name has no GRIN plant-name match — needs curation
Dahuang46,Dahuang46,SRR11301784,PRJNA609577,SNPTools name has no GRIN plant-name match — needs curation
Liao2202,Liao2202,SRR11301806,PRJNA609577,SNPTools name has no GRIN plant-name match — needs curation
Lv10,Lv10,SRR11301817,PRJNA609577,SNPTools name has no GRIN plant-name match — needs curation
C46,C46,SRR11301825,PRJNA609577,SNPTools name has no GRIN plant-name match — needs curation
Baihe43,Baihe43,SRR11301829,PRJNA609577,SNPTools name has no GRIN plant-name match — needs curation
334_1,334_1,SRR11301840,PRJNA609577,SNPTools name has no GRIN plant-name match — needs curation
Qi205,Qi205,SRR11301845,PRJNA609577,SNPTools name has no GRIN plant-name match — needs curation
Zheng22,Zheng22,SRR11301847,PRJNA609577,SNPTools name has no GRIN plant-name match — needs curation
Dan340,Dan340,SRR11301849,PRJNA609577,SNPTools name has no GRIN plant-name match — needs curation
Ji63,Ji63,SRR11301857,PRJNA609577,SNPTools name has no GRIN plant-name match — needs curation
Dong237,Dong237,SRR11301859,PRJNA609577,SNPTools name has no GRIN plant-name match — needs curation
Chang3,Chang3,SRR11301861,PRJNA609577,SNPTools name has no GRIN plant-name match — needs curation
Lv9kuan,Lv9kuan,SRR11301863,PRJNA609577,SNPTools name has no GRIN plant-name match — needs curation
48_2,48_2,SRR11301865,PRJNA609577,SNPTools name has no GRIN plant-name match — needs curation
Luyuan92,Luyuan92,SRR11301869,PRJNA609577,SNPTools name has no GRIN plant-name match — needs curation
WIL_22,WIL_22,SRR11301884,PRJNA609577,SNPTools name has no GRIN plant-name match — needs curation
WIL_25,WIL_25,SRR11301885,PRJNA609577,SNPTools name has no GRIN plant-name match — needs curation
WIL_6,WIL_6,SRR11301886,PRJNA609577,SNPTools name has no GRIN plant-name match — needs curation
Lx03_2,Lx03_2,SRR11301888,PRJNA609577,SNPTools name has no GRIN plant-name match — needs curation
DH40,DH40,SRR11301889,PRJNA609577,SNPTools name has no GRIN plant-name match — needs curation
Y223,Y223,SRR11301891,PRJNA609577,SNPTools name has no GRIN plant-name match — needs curation
811A,811A,SRR11301892,PRJNA609577,SNPTools name has no GRIN plant-name match — needs curation
Fu8501,Fu8501,SRR11301893,PRJNA609577,SNPTools name has no GRIN plant-name match — needs curation
Luosu3,Luosu3,SRR11301894,PRJNA609577,SNPTools name has no GRIN plant-name match — needs curation
Lv28,Lv28,SRR11301903,PRJNA609577,SNPTools name has no GRIN plant-name match — needs curation
Zong31,Zong31,SRR11301906,PRJNA609577,SNPTools name has no GRIN plant-name match — needs curation
87_1,87_1,SRR11301908,PRJNA609577,SNPTools name has no GRIN plant-name match — needs curation
Wu109,Wu109,SRR11301910,PRJNA609577,SNPTools name has no GRIN plant-name match — needs curation
K14,K14,SRR11301937,PRJNA609577,SNPTools name has no GRIN plant-name match — needs curation
Weifeng322,Weifeng322,SRR11301948,PRJNA609577,SNPTools name has no GRIN plant-name match — needs curation
WIL_8,WIL_8,SRR11301970,PRJNA609577,SNPTools name has no GRIN plant-name match — needs curation
WIL_7,WIL_7,SRR11301971,PRJNA609577,SNPTools name has no GRIN plant-name match — needs curation
WIL_11,WIL_11,SRR11301972,PRJNA609577,SNPTools name has no GRIN plant-name match — needs curation
Baiye4,Baiye4,SRR11301973,PRJNA609577,SNPTools name has no GRIN plant-name match — needs curation
8723,8723,SRR11301974,PRJNA609577,SNPTools name has no GRIN plant-name match — needs curation
WIL_14,WIL_14,SRR11301975,PRJNA609577,SNPTools name has no GRIN plant-name match — needs curation
WIL_3,WIL_3,SRR11301976,PRJNA609577,SNPTools name has no GRIN plant-name match — needs curation
CT52C,CT52C,SRR11301979,PRJNA609577,SNPTools name has no GRIN plant-name match — needs curation
WIL_5,WIL_5,SRR11301981,PRJNA609577,SNPTools name has no GRIN plant-name match — needs curation
Aiji205,Aiji205,SRR11302010,PRJNA609577,SNPTools name has no GRIN plant-name match — needs curation
HuangC,HuangC,SRR11302013,PRJNA609577,SNPTools name has no GRIN plant-name match — needs curation
Ernan24,Ernan24,SRR11302017,PRJNA609577,SNPTools name has no GRIN plant-name match — needs curation
5237,5237,SRR11302021,PRJNA609577,SNPTools name has no GRIN plant-name match — needs curation
485,485,SRR11302023,PRJNA609577,SNPTools name has no GRIN plant-name match — needs curation
9010,9010,SRR11302025,PRJNA609577,SNPTools name has no GRIN plant-name match — needs curation
Longkang1,Longkang1,SRR11302026,PRJNA609577,SNPTools name has no GRIN plant-name match — needs curation
Dan360,Dan360,SRR11302028,PRJNA609577,SNPTools name has no GRIN plant-name match — needs curation
Liao9586,Liao9586,SRR11302030,PRJNA609577,SNPTools name has no GRIN plant-name match — needs curation
Si273,Si273,SRR11302032,PRJNA609577,SNPTools name has no GRIN plant-name match — needs curation
Dian11,Dian11,SRR11302036,PRJNA609577,SNPTools name has no GRIN plant-name match — needs curation
Diangu11A,Diangu11A,SRR11302037,PRJNA609577,SNPTools name has no GRIN plant-name match — needs curation
81565,81565,SRR11302039,PRJNA609577,SNPTools name has no GRIN plant-name match — needs curation
Ye8001,Ye8001,SRR11302041,PRJNA609577,SNPTools name has no GRIN plant-name match — needs curation
C8605_2,C8605_2,SRR11302043,PRJNA609577,SNPTools name has no GRIN plant-name match — needs curation
8902,8902,SRR11302045,PRJNA609577,SNPTools name has no GRIN plant-name match — needs curation
Huang428,Huang428,SRR11302047,PRJNA609577,SNPTools name has no GRIN plant-name match — needs curation
Ken44,Ken44,SRR11302048,PRJNA609577,SNPTools name has no GRIN plant-name match — needs curation
H152,H152,SRR11302050,PRJNA609577,SNPTools name has no GRIN plant-name match — needs curation
Danhuang02,Danhuang02,SRR11302052,PRJNA609577,SNPTools name has no GRIN plant-name match — needs curation
ZaC546,ZaC546,SRR11302054,PRJNA609577,SNPTools name has no GRIN plant-name match — needs curation
HZ85,HZ85,SRR11302056,PRJNA609577,SNPTools name has no GRIN plant-name match — needs curation
Dan599,Dan599,SRR11302058,PRJNA609577,SNPTools name has no GRIN plant-name match — needs curation
Dong17,Dong17,SRR11302059,PRJNA609577,SNPTools name has no GRIN plant-name match — needs curation
Cheng18,Cheng18,SRR11302061,PRJNA609577,SNPTools name has no GRIN plant-name match — needs curation
7327,7327,SRR11302062,PRJNA609577,SNPTools name has no GRIN plant-name match — needs curation
Ji533,Ji533,SRR11302063,PRJNA609577,SNPTools name has no GRIN plant-name match — needs curation
Suwan1611,Suwan1611,SRR11302064,PRJNA609577,SNPTools name has no GRIN plant-name match — needs curation
Ye52106,Ye52106,SRR11302066,PRJNA609577,SNPTools name has no GRIN plant-name match — needs curation
Dan598,Dan598,SRR11302073,PRJNA609577,SNPTools name has no GRIN plant-name match — needs curation
A801,A801,SRR11302080,PRJNA609577,SNPTools name has no GRIN plant-name match — needs curation
WIL_19,WIL_19,SRR11302086,PRJNA609577,SNPTools name has no GRIN plant-name match — needs curation
WIL_20,WIL_20,SRR11302089,PRJNA609577,SNPTools name has no GRIN plant-name match — needs curation
DH65232,DH65232,SRR11302091,PRJNA609577,SNPTools name has no GRIN plant-name match — needs curation
LY16F,LY16F,SRR11302096,PRJNA609577,SNPTools name has no GRIN plant-name match — needs curation
WIL_17,WIL_17,SRR11302099,PRJNA609577,SNPTools name has no GRIN plant-name match — needs curation
Baihunhuang,Baihunhuang,SRR11302102,PRJNA609577,SNPTools name has no GRIN plant-name match — needs curation
WIL_18,WIL_18,SRR11302103,PRJNA609577,SNPTools name has no GRIN plant-name match — needs curation
Jian1495b,Jian1495b,SRR11302106,PRJNA609577,SNPTools name has no GRIN plant-name match — needs curation
Jian1495a,Jian1495a,SRR11302109,PRJNA609577,SNPTools name has no GRIN plant-name match — needs curation
178,178,SRR11302110,PRJNA609577,SNPTools name has no GRIN plant-name match — needs curation
Huangzaosi,Huangzaosi,SRR11302111,PRJNA609577,SNPTools name has no GRIN plant-name match — needs curation
WIL_16,WIL_16,SRR11302112,PRJNA609577,SNPTools name has no GRIN plant-name match — needs curation
Xu052,Xu052,SRR11302113,PRJNA609577,SNPTools name has no GRIN plant-name match — needs curation
Xun92_8,Xun92_8,SRR11302114,PRJNA609577,SNPTools name has no GRIN plant-name match — needs curation
Q1261,Q1261,SRR11302116,PRJNA609577,SNPTools name has no GRIN plant-name match — needs curation
Denghai4866,Denghai4866,SRR11302118,PRJNA609577,SNPTools name has no GRIN plant-name match — needs curation
32,32,SRR11302120,PRJNA609577,SNPTools name has no GRIN plant-name match — needs curation
Ye107,Ye107,SRR11302122,PRJNA609577,SNPTools name has no GRIN plant-name match — needs curation
S7913,S7913,SRR11302132,PRJNA609577,SNPTools name has no GRIN plant-name match — needs curation
B12,B12,SRR11302133,PRJNA609577,SNPTools name has no GRIN plant-name match — needs curation
Ay420,Ay420,SRR11302134,PRJNA609577,SNPTools name has no GRIN plant-name match — needs curation
WIL_27,WIL_27,SRR11302136,PRJNA609577,SNPTools name has no GRIN plant-name match — needs curation
WIL_28,WIL_28,SRR11302137,PRJNA609577,SNPTools name has no GRIN plant-name match — needs curation
WIL_26,WIL_26,SRR11302138,PRJNA609577,SNPTools name has no GRIN plant-name match — needs curation
WIL_12,WIL_12,SRR11302139,PRJNA609577,SNPTools name has no GRIN plant-name match — needs curation
WIL_13,WIL_13,SRR11302140,PRJNA609577,SNPTools name has no GRIN plant-name match — needs curation
WIL_9,WIL_9,SRR11302141,PRJNA609577,SNPTools name has no GRIN plant-name match — needs curation
WIL_10,WIL_10,SRR11302142,PRJNA609577,SNPTools name has no GRIN plant-name match — needs curation
WIL_4,WIL_4,SRR11302143,PRJNA609577,SNPTools name has no GRIN plant-name match — needs curation
Ji53,Ji53,SRR11302145,PRJNA609577,SNPTools name has no GRIN plant-name match — needs curation
Ye502,Ye502,SRR11302147,PRJNA609577,SNPTools name has no GRIN plant-name match — needs curation
WIL_1,WIL_1,SRR11302148,PRJNA609577,SNPTools name has no GRIN plant-name match — needs curation
WIL_2,WIL_2,SRR11302149,PRJNA609577,SNPTools name has no GRIN plant-name match — needs curation
Shuang741,Shuang741,SRR11302151,PRJNA609577,SNPTools name has no GRIN plant-name match — needs curation
3H_2,3H_2,SRR11302152,PRJNA609577,SNPTools name has no GRIN plant-name match — needs curation
FusheA,FusheA,SRR11302154,PRJNA609577,SNPTools name has no GRIN plant-name match — needs curation
M9,M9,SRR11302155,PRJNA609577,SNPTools name has no GRIN plant-name match — needs curation
Yu82,Yu82,SRR11302156,PRJNA609577,SNPTools name has no GRIN plant-name match — needs curation
ZK11M,ZK11M,SRR11302159,PRJNA609577,SNPTools name has no GRIN plant-name match — needs curation
Tian4,Tian4,SRR11302186,PRJNA609577,SNPTools name has no GRIN plant-name match — needs curation
27_263,27_263,SRR11302191,PRJNA609577,SNPTools name has no GRIN plant-name match — needs curation
ACC.29778,ACC.29778,SRR12460347,PRJNA641489,SNPTools name has no GRIN plant-name match — needs curation
ACC.12825,ACC.12825,SRR12460348,PRJNA641489,SNPTools name has no GRIN plant-name match — needs curation
ACC.29777,ACC.29777,SRR12460349,PRJNA641489,SNPTools name has no GRIN plant-name match — needs curation
ACC.29776,ACC.29776,SRR12460350,PRJNA641489,SNPTools name has no GRIN plant-name match — needs curation
ACC.29774,ACC.29774,SRR12460351,PRJNA641489,SNPTools name has no GRIN plant-name match — needs curation
ACC.8768,ACC.8768,SRR12460352,PRJNA641489,SNPTools name has no GRIN plant-name match — needs curation
ACC.29772,ACC.29772,SRR12460353,PRJNA641489,SNPTools name has no GRIN plant-name match — needs curation
ACC.29771,ACC.29771,SRR12460354,PRJNA641489,SNPTools name has no GRIN plant-name match — needs curation
ACC.29770,ACC.29770,SRR12460355,PRJNA641489,SNPTools name has no GRIN plant-name match — needs curation
ACC.29769,ACC.29769,SRR12460356,PRJNA641489,SNPTools name has no GRIN plant-name match — needs curation
ACC.29783,ACC.29783,SRR12460357,PRJNA641489,SNPTools name has no GRIN plant-name match — needs curation
ACC.29780,ACC.29780,SRR12460358,PRJNA641489,SNPTools name has no GRIN plant-name match — needs curation
ACC.29779,ACC.29779,SRR12460359,PRJNA641489,SNPTools name has no GRIN plant-name match — needs curation
ACC.29768,ACC.29768,SRR12460360,PRJNA641489,SNPTools name has no GRIN plant-name match — needs curation
ACC.27495,ACC.27495,SRR12460361,PRJNA641489,SNPTools name has no GRIN plant-name match — needs curation
ACC.27494,ACC.27494,SRR12460362,PRJNA641489,SNPTools name has no GRIN plant-name match — needs curation
ACC.8767,ACC.8767,SRR12460363,PRJNA641489,SNPTools name has no GRIN plant-name match — needs curation
ACC.27493,ACC.27493,SRR12460364,PRJNA641489,SNPTools name has no GRIN plant-name match — needs curation
ACC.27492,ACC.27492,SRR12460365,PRJNA641489,SNPTools name has no GRIN plant-name match — needs curation
ACC.27491,ACC.27491,SRR12460366,PRJNA641489,SNPTools name has no GRIN plant-name match — needs curation
ACC.27490,ACC.27490,SRR12460367,PRJNA641489,SNPTools name has no GRIN plant-name match — needs curation
ACC.27489,ACC.27489,SRR12460368,PRJNA641489,SNPTools name has no GRIN plant-name match — needs curation
ACC.27488,ACC.27488,SRR12460369,PRJNA641489,SNPTools name has no GRIN plant-name match — needs curation
ACC.27479b,ACC.27479b,SRR12460370,PRJNA641489,SNPTools name has no GRIN plant-name match — needs curation
ACC.27481b,ACC.27481b,SRR12460371,PRJNA641489,SNPTools name has no GRIN plant-name match — needs curation
ACC.27487,ACC.27487,SRR12460372,PRJNA641489,SNPTools name has no GRIN plant-name match — needs curation
ACC.27483,ACC.27483,SRR12460373,PRJNA641489,SNPTools name has no GRIN plant-name match — needs curation
ACC.8766,ACC.8766,SRR12460374,PRJNA641489,SNPTools name has no GRIN plant-name match — needs curation
ACC.27482,ACC.27482,SRR12460375,PRJNA641489,SNPTools name has no GRIN plant-name match — needs curation
ACC.8758,ACC.8758,SRR12460376,PRJNA641489,SNPTools name has no GRIN plant-name match — needs curation
ACC.8759,ACC.8759,SRR12460377,PRJNA641489,SNPTools name has no GRIN plant-name match — needs curation
ACC.8749,ACC.8749,SRR12460378,PRJNA641489,SNPTools name has no GRIN plant-name match — needs curation
ACC.11397,ACC.11397,SRR12460379,PRJNA641489,SNPTools name has no GRIN plant-name match — needs curation
ACC.11407,ACC.11407,SRR12460380,PRJNA641489,SNPTools name has no GRIN plant-name match — needs curation
ACC.11406,ACC.11406,SRR12460381,PRJNA641489,SNPTools name has no GRIN plant-name match — needs curation
ACC.11405,ACC.11405,SRR12460382,PRJNA641489,SNPTools name has no GRIN plant-name match — needs curation
ACC.11396,ACC.11396,SRR12460383,PRJNA641489,SNPTools name has no GRIN plant-name match — needs curation
ACC.8755,ACC.8755,SRR12460384,PRJNA641489,SNPTools name has no GRIN plant-name match — needs curation
ACC.11392,ACC.11392,SRR12460385,PRJNA641489,SNPTools name has no GRIN plant-name match — needs curation
ACC.11391,ACC.11391,SRR12460386,PRJNA641489,SNPTools name has no GRIN plant-name match — needs curation
ACC.11390,ACC.11390,SRR12460387,PRJNA641489,SNPTools name has no GRIN plant-name match — needs curation
ACC.11389,ACC.11389,SRR12460388,PRJNA641489,SNPTools name has no GRIN plant-name match — needs curation
ACC.11388,ACC.11388,SRR12460389,PRJNA641489,SNPTools name has no GRIN plant-name match — needs curation
ACC.11387,ACC.11387,SRR12460390,PRJNA641489,SNPTools name has no GRIN plant-name match — needs curation
ACC.11386,ACC.11386,SRR12460391,PRJNA641489,SNPTools name has no GRIN plant-name match — needs curation
ACC.11385,ACC.11385,SRR12460392,PRJNA641489,SNPTools name has no GRIN plant-name match — needs curation
ACC.11395,ACC.11395,SRR12460393,PRJNA641489,SNPTools name has no GRIN plant-name match — needs curation
ACC.11394,ACC.11394,SRR12460394,PRJNA641489,SNPTools name has no GRIN plant-name match — needs curation
ACC.8754,ACC.8754,SRR12460395,PRJNA641489,SNPTools name has no GRIN plant-name match — needs curation
ACC.11393,ACC.11393,SRR12460396,PRJNA641489,SNPTools name has no GRIN plant-name match — needs curation
ACC.11384,ACC.11384,SRR12460397,PRJNA641489,SNPTools name has no GRIN plant-name match — needs curation
ACC.11376,ACC.11376,SRR12460398,PRJNA641489,SNPTools name has no GRIN plant-name match — needs curation
ACC.11375,ACC.11375,SRR12460399,PRJNA641489,SNPTools name has no GRIN plant-name match — needs curation
ACC.11374,ACC.11374,SRR12460400,PRJNA641489,SNPTools name has no GRIN plant-name match — needs curation
ACC.11373,ACC.11373,SRR12460401,PRJNA641489,SNPTools name has no GRIN plant-name match — needs curation
ACC.11372,ACC.11372,SRR12460402,PRJNA641489,SNPTools name has no GRIN plant-name match — needs curation
ACC.11371,ACC.11371,SRR12460403,PRJNA641489,SNPTools name has no GRIN plant-name match — needs curation
ACC.11370,ACC.11370,SRR12460404,PRJNA641489,SNPTools name has no GRIN plant-name match — needs curation
ACC.11369,ACC.11369,SRR12460405,PRJNA641489,SNPTools name has no GRIN plant-name match — needs curation
ACC.8753,ACC.8753,SRR12460406,PRJNA641489,SNPTools name has no GRIN plant-name match — needs curation
ACC.11383,ACC.11383,SRR12460407,PRJNA641489,SNPTools name has no GRIN plant-name match — needs curation
ACC.11378,ACC.11378,SRR12460408,PRJNA641489,SNPTools name has no GRIN plant-name match — needs curation
ACC.11377,ACC.11377,SRR12460409,PRJNA641489,SNPTools name has no GRIN plant-name match — needs curation
ACC.11368,ACC.11368,SRR12460410,PRJNA641489,SNPTools name has no GRIN plant-name match — needs curation
ACC.11364,ACC.11364,SRR12460411,PRJNA641489,SNPTools name has no GRIN plant-name match — needs curation
ACC.11363,ACC.11363,SRR12460412,PRJNA641489,SNPTools name has no GRIN plant-name match — needs curation
ACC.11362,ACC.11362,SRR12460413,PRJNA641489,SNPTools name has no GRIN plant-name match — needs curation
ACC.11361,ACC.11361,SRR12460414,PRJNA641489,SNPTools name has no GRIN plant-name match — needs curation
ACC.11360,ACC.11360,SRR12460415,PRJNA641489,SNPTools name has no GRIN plant-name match — needs curation
ACC.11359,ACC.11359,SRR12460416,PRJNA641489,SNPTools name has no GRIN plant-name match — needs curation
ACC.8752,ACC.8752,SRR12460417,PRJNA641489,SNPTools name has no GRIN plant-name match — needs curation
ACC.11358,ACC.11358,SRR12460418,PRJNA641489,SNPTools name has no GRIN plant-name match — needs curation
ACC.11357,ACC.11357,SRR12460419,PRJNA641489,SNPTools name has no GRIN plant-name match — needs curation
ACC.11367,ACC.11367,SRR12460420,PRJNA641489,SNPTools name has no GRIN plant-name match — needs curation
ACC.11366,ACC.11366,SRR12460421,PRJNA641489,SNPTools name has no GRIN plant-name match — needs curation
ACC.11365,ACC.11365,SRR12460422,PRJNA641489,SNPTools name has no GRIN plant-name match — needs curation
ACC.11356,ACC.11356,SRR12460423,PRJNA641489,SNPTools name has no GRIN plant-name match — needs curation
ACC.11352,ACC.11352,SRR12460424,PRJNA641489,SNPTools name has no GRIN plant-name match — needs curation
ACC.11083,ACC.11083,SRR12460425,PRJNA641489,SNPTools name has no GRIN plant-name match — needs curation
ACC.10003,ACC.10003,SRR12460426,PRJNA641489,SNPTools name has no GRIN plant-name match — needs curation
ACC.9479,ACC.9479,SRR12460427,PRJNA641489,SNPTools name has no GRIN plant-name match — needs curation
ACC.8751,ACC.8751,SRR12460428,PRJNA641489,SNPTools name has no GRIN plant-name match — needs curation
ACC.9478,ACC.9478,SRR12460429,PRJNA641489,SNPTools name has no GRIN plant-name match — needs curation
ACC.9477,ACC.9477,SRR12460430,PRJNA641489,SNPTools name has no GRIN plant-name match — needs curation
ACC.9476,ACC.9476,SRR12460431,PRJNA641489,SNPTools name has no GRIN plant-name match — needs curation
ACC.9475,ACC.9475,SRR12460432,PRJNA641489,SNPTools name has no GRIN plant-name match — needs curation
ACC.11355,ACC.11355,SRR12460433,PRJNA641489,SNPTools name has no GRIN plant-name match — needs curation
ACC.11354,ACC.11354,SRR12460434,PRJNA641489,SNPTools name has no GRIN plant-name match — needs curation
ACC.12824,ACC.12824,SRR12460435,PRJNA641489,SNPTools name has no GRIN plant-name match — needs curation
ACC.12823,ACC.12823,SRR12460436,PRJNA641489,SNPTools name has no GRIN plant-name match — needs curation
ACC.11410,ACC.11410,SRR12460437,PRJNA641489,SNPTools name has no GRIN plant-name match — needs curation
ACC.11409,ACC.11409,SRR12460438,PRJNA641489,SNPTools name has no GRIN plant-name match — needs curation
ACC.13793,ACC.13793,SRR12460439,PRJNA641489,SNPTools name has no GRIN plant-name match — needs curation
ACC.13792,ACC.13792,SRR12460440,PRJNA641489,SNPTools name has no GRIN plant-name match — needs curation
ACC.13791,ACC.13791,SRR12460441,PRJNA641489,SNPTools name has no GRIN plant-name match — needs curation
ACC.11408,ACC.11408,SRR12460442,PRJNA641489,SNPTools name has no GRIN plant-name match — needs curation
ACC.11404,ACC.11404,SRR12460443,PRJNA641489,SNPTools name has no GRIN plant-name match — needs curation
ACC.11403,ACC.11403,SRR12460444,PRJNA641489,SNPTools name has no GRIN plant-name match — needs curation
ACC.8756,ACC.8756,SRR12460445,PRJNA641489,SNPTools name has no GRIN plant-name match — needs curation
ACC.11402,ACC.11402,SRR12460446,PRJNA641489,SNPTools name has no GRIN plant-name match — needs curation
ACC.11401,ACC.11401,SRR12460447,PRJNA641489,SNPTools name has no GRIN plant-name match — needs curation
ACC.11400,ACC.11400,SRR12460448,PRJNA641489,SNPTools name has no GRIN plant-name match — needs curation
ACC.11399,ACC.11399,SRR12460449,PRJNA641489,SNPTools name has no GRIN plant-name match — needs curation
ACC.11398,ACC.11398,SRR12460450,PRJNA641489,SNPTools name has no GRIN plant-name match — needs curation
ACC.11353,ACC.11353,SRR12460451,PRJNA641489,SNPTools name has no GRIN plant-name match — needs curation
ACC.8837,ACC.8837,SRR12460452,PRJNA641489,SNPTools name has no GRIN plant-name match — needs curation
ACC.8782,ACC.8782,SRR12460453,PRJNA641489,SNPTools name has no GRIN plant-name match — needs curation
ACC.8781,ACC.8781,SRR12460454,PRJNA641489,SNPTools name has no GRIN plant-name match — needs curation
ACC.8750,ACC.8750,SRR12460455,PRJNA641489,SNPTools name has no GRIN plant-name match — needs curation
ACC.8780,ACC.8780,SRR12460456,PRJNA641489,SNPTools name has no GRIN plant-name match — needs curation
ACC.8779,ACC.8779,SRR12460457,PRJNA641489,SNPTools name has no GRIN plant-name match — needs curation
ACC.8778,ACC.8778,SRR12460458,PRJNA641489,SNPTools name has no GRIN plant-name match — needs curation
ACC.8777,ACC.8777,SRR12460459,PRJNA641489,SNPTools name has no GRIN plant-name match — needs curation
ACC.8776,ACC.8776,SRR12460460,PRJNA641489,SNPTools name has no GRIN plant-name match — needs curation
ACC.8775,ACC.8775,SRR12460461,PRJNA641489,SNPTools name has no GRIN plant-name match — needs curation
ACC.8785,ACC.8785,SRR12460462,PRJNA641489,SNPTools name has no GRIN plant-name match — needs curation
ACC.8784,ACC.8784,SRR12460463,PRJNA641489,SNPTools name has no GRIN plant-name match — needs curation
ACC.8783,ACC.8783,SRR12460464,PRJNA641489,SNPTools name has no GRIN plant-name match — needs curation
ACC.8774,ACC.8774,SRR12460465,PRJNA641489,SNPTools name has no GRIN plant-name match — needs curation
ACC.8760,ACC.8760,SRR12460466,PRJNA641489,SNPTools name has no GRIN plant-name match — needs curation
ACC.8770,ACC.8770,SRR12460467,PRJNA641489,SNPTools name has no GRIN plant-name match — needs curation
ACC.29798,ACC.29798,SRR12460469,PRJNA641489,SNPTools name has no GRIN plant-name match — needs curation
ACC.29796,ACC.29796,SRR12460470,PRJNA641489,SNPTools name has no GRIN plant-name match — needs curation
ACC.29793,ACC.29793,SRR12460471,PRJNA641489,SNPTools name has no GRIN plant-name match — needs curation
ACC.8769,ACC.8769,SRR12460472,PRJNA641489,SNPTools name has no GRIN plant-name match — needs curation
ACC.29792,ACC.29792,SRR12460473,PRJNA641489,SNPTools name has no GRIN plant-name match — needs curation
ACC.29791,ACC.29791,SRR12460474,PRJNA641489,SNPTools name has no GRIN plant-name match — needs curation
ACC.29788,ACC.29788,SRR12460475,PRJNA641489,SNPTools name has no GRIN plant-name match — needs curation
ACC.29787,ACC.29787,SRR12460476,PRJNA641489,SNPTools name has no GRIN plant-name match — needs curation
ACC.29786,ACC.29786,SRR12460477,PRJNA641489,SNPTools name has no GRIN plant-name match — needs curation
ACC.29785,ACC.29785,SRR12460478,PRJNA641489,SNPTools name has no GRIN plant-name match — needs curation
ACC.27481a,ACC.27481a,SRR12460479,PRJNA641489,SNPTools name has no GRIN plant-name match — needs curation
ACC.27479a,ACC.27479a,SRR12460480,PRJNA641489,SNPTools name has no GRIN plant-name match — needs curation
ACC.27477,ACC.27477,SRR12460481,PRJNA641489,SNPTools name has no GRIN plant-name match — needs curation
ACC.27476,ACC.27476,SRR12460482,PRJNA641489,SNPTools name has no GRIN plant-name match — needs curation
ACC.27475,ACC.27475,SRR12460483,PRJNA641489,SNPTools name has no GRIN plant-name match — needs curation
ACC.27486,ACC.27486,SRR12460484,PRJNA641489,SNPTools name has no GRIN plant-name match — needs curation
ACC.27485,ACC.27485,SRR12460485,PRJNA641489,SNPTools name has no GRIN plant-name match — needs curation
ACC.27484,ACC.27484,SRR12460486,PRJNA641489,SNPTools name has no GRIN plant-name match — needs curation
ACC.27473,ACC.27473,SRR12460487,PRJNA641489,SNPTools name has no GRIN plant-name match — needs curation
ACC.8765,ACC.8765,SRR12460488,PRJNA641489,SNPTools name has no GRIN plant-name match — needs curation
ACC.27469,ACC.27469,SRR12460489,PRJNA641489,SNPTools name has no GRIN plant-name match — needs curation
ACC.27468,ACC.27468,SRR12460490,PRJNA641489,SNPTools name has no GRIN plant-name match — needs curation
ACC.27462,ACC.27462,SRR12460491,PRJNA641489,SNPTools name has no GRIN plant-name match — needs curation
ACC.27461,ACC.27461,SRR12460492,PRJNA641489,SNPTools name has no GRIN plant-name match — needs curation
ACC.27460,ACC.27460,SRR12460493,PRJNA641489,SNPTools name has no GRIN plant-name match — needs curation
ACC.27243,ACC.27243,SRR12460494,PRJNA641489,SNPTools name has no GRIN plant-name match — needs curation
ACC.27242,ACC.27242,SRR12460495,PRJNA641489,SNPTools name has no GRIN plant-name match — needs curation
ACC.27241,ACC.27241,SRR12460496,PRJNA641489,SNPTools name has no GRIN plant-name match — needs curation
ACC.27472,ACC.27472,SRR12460497,PRJNA641489,SNPTools name has no GRIN plant-name match — needs curation
ACC.27471,ACC.27471,SRR12460498,PRJNA641489,SNPTools name has no GRIN plant-name match — needs curation
ACC.8764,ACC.8764,SRR12460499,PRJNA641489,SNPTools name has no GRIN plant-name match — needs curation
ACC.27470,ACC.27470,SRR12460500,PRJNA641489,SNPTools name has no GRIN plant-name match — needs curation
ACC.27240,ACC.27240,SRR12460501,PRJNA641489,SNPTools name has no GRIN plant-name match — needs curation
ACC.27235,ACC.27235,SRR12460502,PRJNA641489,SNPTools name has no GRIN plant-name match — needs curation
ACC.27234,ACC.27234,SRR12460503,PRJNA641489,SNPTools name has no GRIN plant-name match — needs curation
ACC.27233,ACC.27233,SRR12460504,PRJNA641489,SNPTools name has no GRIN plant-name match — needs curation
ACC.27232,ACC.27232,SRR12460505,PRJNA641489,SNPTools name has no GRIN plant-name match — needs curation
ACC.27231,ACC.27231,SRR12460506,PRJNA641489,SNPTools name has no GRIN plant-name match — needs curation
ACC.27230,ACC.27230,SRR12460507,PRJNA641489,SNPTools name has no GRIN plant-name match — needs curation
ACC.27229,ACC.27229,SRR12460508,PRJNA641489,SNPTools name has no GRIN plant-name match — needs curation
ACC.27228,ACC.27228,SRR12460509,PRJNA641489,SNPTools name has no GRIN plant-name match — needs curation
ACC.8763,ACC.8763,SRR12460510,PRJNA641489,SNPTools name has no GRIN plant-name match — needs curation
ACC.27239,ACC.27239,SRR12460511,PRJNA641489,SNPTools name has no GRIN plant-name match — needs curation
ACC.27237,ACC.27237,SRR12460512,PRJNA641489,SNPTools name has no GRIN plant-name match — needs curation
ACC.27236,ACC.27236,SRR12460513,PRJNA641489,SNPTools name has no GRIN plant-name match — needs curation
ACC.27227,ACC.27227,SRR12460514,PRJNA641489,SNPTools name has no GRIN plant-name match — needs curation
ACC.27223,ACC.27223,SRR12460515,PRJNA641489,SNPTools name has no GRIN plant-name match — needs curation
ACC.27222,ACC.27222,SRR12460516,PRJNA641489,SNPTools name has no GRIN plant-name match — needs curation
ACC.27221,ACC.27221,SRR12460517,PRJNA641489,SNPTools name has no GRIN plant-name match — needs curation
ACC.27220,ACC.27220,SRR12460518,PRJNA641489,SNPTools name has no GRIN plant-name match — needs curation
ACC.27219,ACC.27219,SRR12460519,PRJNA641489,SNPTools name has no GRIN plant-name match — needs curation
ACC.27218,ACC.27218,SRR12460520,PRJNA641489,SNPTools name has no GRIN plant-name match — needs curation
ACC.8762,ACC.8762,SRR12460521,PRJNA641489,SNPTools name has no GRIN plant-name match — needs curation
ACC.27217,ACC.27217,SRR12460522,PRJNA641489,SNPTools name has no GRIN plant-name match — needs curation
ACC.27216,ACC.27216,SRR12460523,PRJNA641489,SNPTools name has no GRIN plant-name match — needs curation
ACC.27226,ACC.27226,SRR12460524,PRJNA641489,SNPTools name has no GRIN plant-name match — needs curation
ACC.27225,ACC.27225,SRR12460525,PRJNA641489,SNPTools name has no GRIN plant-name match — needs curation
ACC.27224,ACC.27224,SRR12460526,PRJNA641489,SNPTools name has no GRIN plant-name match — needs curation
ACC.27215,ACC.27215,SRR12460527,PRJNA641489,SNPTools name has no GRIN plant-name match — needs curation
ACC.13790,ACC.13790,SRR12460528,PRJNA641489,SNPTools name has no GRIN plant-name match — needs curation
ACC.13789,ACC.13789,SRR12460529,PRJNA641489,SNPTools name has no GRIN plant-name match — needs curation
ACC.13788,ACC.13788,SRR12460530,PRJNA641489,SNPTools name has no GRIN plant-name match — needs curation
CH10,CH10,SRR1575496,PRJNA260788,SNPTools name has no GRIN plant-name match — needs curation
D06,D06,SRR1575497,PRJNA260788,SNPTools name has no GRIN plant-name match — needs curation
D09,D09,SRR1575498,PRJNA260788,SNPTools name has no GRIN plant-name match — needs curation
D152,D152,SRR1575499,PRJNA260788,SNPTools name has no GRIN plant-name match — needs curation
DK105,DK105,SRR1575500,PRJNA260788,SNPTools name has no GRIN plant-name match — needs curation
EC169,EC169,SRR1575501,PRJNA260788,SNPTools name has no GRIN plant-name match — needs curation
EC49A,EC49A,SRR1575502,PRJNA260788,SNPTools name has no GRIN plant-name match — needs curation
EP44,EP44,SRR1575504,PRJNA260788,SNPTools name has no GRIN plant-name match — needs curation
EZ5,EZ5,SRR1575505,PRJNA260788,SNPTools name has no GRIN plant-name match — needs curation
F03802,F03802,SRR1575506,PRJNA260788,SNPTools name has no GRIN plant-name match — needs curation
F252,F252,SRR1575508,PRJNA260788,SNPTools name has no GRIN plant-name match — needs curation
F283,F283,SRR1575509,PRJNA260788,SNPTools name has no GRIN plant-name match — needs curation
F353,F353,SRR1575510,PRJNA260788,SNPTools name has no GRIN plant-name match — needs curation
F618,F618,SRR1575511,PRJNA260788,SNPTools name has no GRIN plant-name match — needs curation
F64,F64,SRR1575512,PRJNA260788,SNPTools name has no GRIN plant-name match — needs curation
F98902,F98902,SRR1575514,PRJNA260788,SNPTools name has no GRIN plant-name match — needs curation
FF0721H-7,FF0721H-7,SRR1575515,PRJNA260788,SNPTools name has no GRIN plant-name match — needs curation
Lo11,Lo11,SRR1575516,PRJNA260788,SNPTools name has no GRIN plant-name match — needs curation
Teosinte,Teosinte,SRR1575519,PRJNA260788,SNPTools name has no GRIN plant-name match — needs curation
UH006,UH006,SRR1575520,PRJNA260788,SNPTools name has no GRIN plant-name match — needs curation
UH007,UH007,SRR1575521,PRJNA260788,SNPTools name has no GRIN plant-name match — needs curation
UH009,UH009,SRR1575522,PRJNA260788,SNPTools name has no GRIN plant-name match — needs curation
UH250,UH250,SRR1575523,PRJNA260788,SNPTools name has no GRIN plant-name match — needs curation
UH304,UH304,SRR1575524,PRJNA260788,SNPTools name has no GRIN plant-name match — needs curation
1014,1014,SRR17045840,PRJNA783885,SNPTools name has no GRIN plant-name match — needs curation
1013,1013,SRR17045841,PRJNA783885,SNPTools name has no GRIN plant-name match — needs curation
1012,1012,SRR17045842,PRJNA783885,SNPTools name has no GRIN plant-name match — needs curation
1011,1011,SRR17045843,PRJNA783885,SNPTools name has no GRIN plant-name match — needs curation
1010,1010,SRR17045844,PRJNA783885,SNPTools name has no GRIN plant-name match — needs curation
838,838,SRR17045845,PRJNA783885,SNPTools name has no GRIN plant-name match — needs curation
1009,1009,SRR17045846,PRJNA783885,SNPTools name has no GRIN plant-name match — needs curation
1008,1008,SRR17045847,PRJNA783885,SNPTools name has no GRIN plant-name match — needs curation
1007,1007,SRR17045848,PRJNA783885,SNPTools name has no GRIN plant-name match — needs curation
1006,1006,SRR17045849,PRJNA783885,SNPTools name has no GRIN plant-name match — needs curation
1005,1005,SRR17045850,PRJNA783885,SNPTools name has no GRIN plant-name match — needs curation
1003,1003,SRR17045852,PRJNA783885,SNPTools name has no GRIN plant-name match — needs curation
1946,1946,SRR17045853,PRJNA783885,SNPTools name has no GRIN plant-name match — needs curation
1898,1898,SRR17045854,PRJNA783885,SNPTools name has no GRIN plant-name match — needs curation
1868,1868,SRR17045855,PRJNA783885,SNPTools name has no GRIN plant-name match — needs curation
837,837,SRR17045856,PRJNA783885,SNPTools name has no GRIN plant-name match — needs curation
1867,1867,SRR17045857,PRJNA783885,SNPTools name has no GRIN plant-name match — needs curation
1862,1862,SRR17045858,PRJNA783885,SNPTools name has no GRIN plant-name match — needs curation
1859,1859,SRR17045859,PRJNA783885,SNPTools name has no GRIN plant-name match — needs curation
1810,1810,SRR17045860,PRJNA783885,SNPTools name has no GRIN plant-name match — needs curation
1777,1777,SRR17045861,PRJNA783885,SNPTools name has no GRIN plant-name match — needs curation
1759,1759,SRR17045862,PRJNA783885,SNPTools name has no GRIN plant-name match — needs curation
1755,1755,SRR17045863,PRJNA783885,SNPTools name has no GRIN plant-name match — needs curation
1754,1754,SRR17045864,PRJNA783885,SNPTools name has no GRIN plant-name match — needs curation
1740,1740,SRR17045865,PRJNA783885,SNPTools name has no GRIN plant-name match — needs curation
1727,1727,SRR17045866,PRJNA783885,SNPTools name has no GRIN plant-name match — needs curation
836,836,SRR17045867,PRJNA783885,SNPTools name has no GRIN plant-name match — needs curation
1629,1629,SRR17045868,PRJNA783885,SNPTools name has no GRIN plant-name match — needs curation
1605,1605,SRR17045869,PRJNA783885,SNPTools name has no GRIN plant-name match — needs curation
1602,1602,SRR17045870,PRJNA783885,SNPTools name has no GRIN plant-name match — needs curation
1582,1582,SRR17045871,PRJNA783885,SNPTools name has no GRIN plant-name match — needs curation
1213,1213,SRR17045872,PRJNA783885,SNPTools name has no GRIN plant-name match — needs curation
1212,1212,SRR17045873,PRJNA783885,SNPTools name has no GRIN plant-name match — needs curation
1211,1211,SRR17045874,PRJNA783885,SNPTools name has no GRIN plant-name match — needs curation
1210,1210,SRR17045875,PRJNA783885,SNPTools name has no GRIN plant-name match — needs curation
1209,1209,SRR17045876,PRJNA783885,SNPTools name has no GRIN plant-name match — needs curation
1208,1208,SRR17045878,PRJNA783885,SNPTools name has no GRIN plant-name match — needs curation
1207,1207,SRR17045879,PRJNA783885,SNPTools name has no GRIN plant-name match — needs curation
1206,1206,SRR17045880,PRJNA783885,SNPTools name has no GRIN plant-name match — needs curation
1205,1205,SRR17045881,PRJNA783885,SNPTools name has no GRIN plant-name match — needs curation
1204,1204,SRR17045882,PRJNA783885,SNPTools name has no GRIN plant-name match — needs curation
1203,1203,SRR17045883,PRJNA783885,SNPTools name has no GRIN plant-name match — needs curation
1202,1202,SRR17045884,PRJNA783885,SNPTools name has no GRIN plant-name match — needs curation
1201,1201,SRR17045885,PRJNA783885,SNPTools name has no GRIN plant-name match — needs curation
1200,1200,SRR17045886,PRJNA783885,SNPTools name has no GRIN plant-name match — needs curation
1199,1199,SRR17045887,PRJNA783885,SNPTools name has no GRIN plant-name match — needs curation
1198,1198,SRR17045889,PRJNA783885,SNPTools name has no GRIN plant-name match — needs curation
1197,1197,SRR17045890,PRJNA783885,SNPTools name has no GRIN plant-name match — needs curation
1196,1196,SRR17045891,PRJNA783885,SNPTools name has no GRIN plant-name match — needs curation
1195,1195,SRR17045892,PRJNA783885,SNPTools name has no GRIN plant-name match — needs curation
1194,1194,SRR17045893,PRJNA783885,SNPTools name has no GRIN plant-name match — needs curation
1193,1193,SRR17045894,PRJNA783885,SNPTools name has no GRIN plant-name match — needs curation
1192,1192,SRR17045895,PRJNA783885,SNPTools name has no GRIN plant-name match — needs curation
1191,1191,SRR17045896,PRJNA783885,SNPTools name has no GRIN plant-name match — needs curation
1190,1190,SRR17045897,PRJNA783885,SNPTools name has no GRIN plant-name match — needs curation
1189,1189,SRR17045898,PRJNA783885,SNPTools name has no GRIN plant-name match — needs curation
12,12,SRR17045899,PRJNA783885,SNPTools name has no GRIN plant-name match — needs curation
1188,1188,SRR17045900,PRJNA783885,SNPTools name has no GRIN plant-name match — needs curation
1187,1187,SRR17045901,PRJNA783885,SNPTools name has no GRIN plant-name match — needs curation
1186,1186,SRR17045902,PRJNA783885,SNPTools name has no GRIN plant-name match — needs curation
1185,1185,SRR17045903,PRJNA783885,SNPTools name has no GRIN plant-name match — needs curation
1184,1184,SRR17045904,PRJNA783885,SNPTools name has no GRIN plant-name match — needs curation
1183,1183,SRR17045905,PRJNA783885,SNPTools name has no GRIN plant-name match — needs curation
1182,1182,SRR17045906,PRJNA783885,SNPTools name has no GRIN plant-name match — needs curation
1181,1181,SRR17045907,PRJNA783885,SNPTools name has no GRIN plant-name match — needs curation
1180,1180,SRR17045908,PRJNA783885,SNPTools name has no GRIN plant-name match — needs curation
1179,1179,SRR17045909,PRJNA783885,SNPTools name has no GRIN plant-name match — needs curation
1178,1178,SRR17045911,PRJNA783885,SNPTools name has no GRIN plant-name match — needs curation
1177,1177,SRR17045912,PRJNA783885,SNPTools name has no GRIN plant-name match — needs curation
1176,1176,SRR17045913,PRJNA783885,SNPTools name has no GRIN plant-name match — needs curation
1175,1175,SRR17045914,PRJNA783885,SNPTools name has no GRIN plant-name match — needs curation
1174,1174,SRR17045915,PRJNA783885,SNPTools name has no GRIN plant-name match — needs curation
1171,1171,SRR17045916,PRJNA783885,SNPTools name has no GRIN plant-name match — needs curation
1170,1170,SRR17045917,PRJNA783885,SNPTools name has no GRIN plant-name match — needs curation
1169,1169,SRR17045918,PRJNA783885,SNPTools name has no GRIN plant-name match — needs curation
1168,1168,SRR17045919,PRJNA783885,SNPTools name has no GRIN plant-name match — needs curation
1167,1167,SRR17045920,PRJNA783885,SNPTools name has no GRIN plant-name match — needs curation
1060,1060,SRR17045921,PRJNA783885,SNPTools name has no GRIN plant-name match — needs curation
1166,1166,SRR17045922,PRJNA783885,SNPTools name has no GRIN plant-name match — needs curation
1165,1165,SRR17045923,PRJNA783885,SNPTools name has no GRIN plant-name match — needs curation
1164,1164,SRR17045924,PRJNA783885,SNPTools name has no GRIN plant-name match — needs curation
1163,1163,SRR17045925,PRJNA783885,SNPTools name has no GRIN plant-name match — needs curation
1162,1162,SRR17045926,PRJNA783885,SNPTools name has no GRIN plant-name match — needs curation
1161,1161,SRR17045927,PRJNA783885,SNPTools name has no GRIN plant-name match — needs curation
1160,1160,SRR17045928,PRJNA783885,SNPTools name has no GRIN plant-name match — needs curation
1159,1159,SRR17045929,PRJNA783885,SNPTools name has no GRIN plant-name match — needs curation
1158,1158,SRR17045930,PRJNA783885,SNPTools name has no GRIN plant-name match — needs curation
1157,1157,SRR17045931,PRJNA783885,SNPTools name has no GRIN plant-name match — needs curation
10,10,SRR17045932,PRJNA783885,SNPTools name has no GRIN plant-name match — needs curation
1156,1156,SRR17045933,PRJNA783885,SNPTools name has no GRIN plant-name match — needs curation
1154,1154,SRR17045935,PRJNA783885,SNPTools name has no GRIN plant-name match — needs curation
1123,1123,SRR17045936,PRJNA783885,SNPTools name has no GRIN plant-name match — needs curation
1121,1121,SRR17045937,PRJNA783885,SNPTools name has no GRIN plant-name match — needs curation
1119,1119,SRR17045939,PRJNA783885,SNPTools name has no GRIN plant-name match — needs curation
1118,1118,SRR17045940,PRJNA783885,SNPTools name has no GRIN plant-name match — needs curation
1117,1117,SRR17045941,PRJNA783885,SNPTools name has no GRIN plant-name match — needs curation
1116,1116,SRR17045942,PRJNA783885,SNPTools name has no GRIN plant-name match — needs curation
1115,1115,SRR17045943,PRJNA783885,SNPTools name has no GRIN plant-name match — needs curation
1114,1114,SRR17045944,PRJNA783885,SNPTools name has no GRIN plant-name match — needs curation
848,848,SRR17045945,PRJNA783885,SNPTools name has no GRIN plant-name match — needs curation
1113,1113,SRR17045946,PRJNA783885,SNPTools name has no GRIN plant-name match — needs curation
1112,1112,SRR17045947,PRJNA783885,SNPTools name has no GRIN plant-name match — needs curation
1111,1111,SRR17045948,PRJNA783885,SNPTools name has no GRIN plant-name match — needs curation
1110,1110,SRR17045949,PRJNA783885,SNPTools name has no GRIN plant-name match — needs curation
1109,1109,SRR17045950,PRJNA783885,SNPTools name has no GRIN plant-name match — needs curation
1108,1108,SRR17045951,PRJNA783885,SNPTools name has no GRIN plant-name match — needs curation
1107,1107,SRR17045952,PRJNA783885,SNPTools name has no GRIN plant-name match — needs curation
1106,1106,SRR17045953,PRJNA783885,SNPTools name has no GRIN plant-name match — needs curation
1105,1105,SRR17045954,PRJNA783885,SNPTools name has no GRIN plant-name match — needs curation
1104,1104,SRR17045955,PRJNA783885,SNPTools name has no GRIN plant-name match — needs curation
847,847,SRR17045956,PRJNA783885,SNPTools name has no GRIN plant-name match — needs curation
1103,1103,SRR17045957,PRJNA783885,SNPTools name has no GRIN plant-name match — needs curation
1102,1102,SRR17045958,PRJNA783885,SNPTools name has no GRIN plant-name match — needs curation
1101,1101,SRR17045959,PRJNA783885,SNPTools name has no GRIN plant-name match — needs curation
1100,1100,SRR17045960,PRJNA783885,SNPTools name has no GRIN plant-name match — needs curation
1099,1099,SRR17045961,PRJNA783885,SNPTools name has no GRIN plant-name match — needs curation
1098,1098,SRR17045962,PRJNA783885,SNPTools name has no GRIN plant-name match — needs curation
1097,1097,SRR17045963,PRJNA783885,SNPTools name has no GRIN plant-name match — needs curation
1096,1096,SRR17045964,PRJNA783885,SNPTools name has no GRIN plant-name match — needs curation
1094,1094,SRR17045966,PRJNA783885,SNPTools name has no GRIN plant-name match — needs curation
846,846,SRR17045967,PRJNA783885,SNPTools name has no GRIN plant-name match — needs curation
1546,1546,SRR17045968,PRJNA783885,SNPTools name has no GRIN plant-name match — needs curation
1513,1513,SRR17045969,PRJNA783885,SNPTools name has no GRIN plant-name match — needs curation
1506,1506,SRR17045970,PRJNA783885,SNPTools name has no GRIN plant-name match — needs curation
1475,1475,SRR17045971,PRJNA783885,SNPTools name has no GRIN plant-name match — needs curation
1413,1413,SRR17045972,PRJNA783885,SNPTools name has no GRIN plant-name match — needs curation
1407,1407,SRR17045973,PRJNA783885,SNPTools name has no GRIN plant-name match — needs curation
835,835,SRR17045974,PRJNA783885,SNPTools name has no GRIN plant-name match — needs curation
1394,1394,SRR17045975,PRJNA783885,SNPTools name has no GRIN plant-name match — needs curation
1385,1385,SRR17045976,PRJNA783885,SNPTools name has no GRIN plant-name match — needs curation
1383,1383,SRR17045977,PRJNA783885,SNPTools name has no GRIN plant-name match — needs curation
1371,1371,SRR17045978,PRJNA783885,SNPTools name has no GRIN plant-name match — needs curation
1335,1335,SRR17045979,PRJNA783885,SNPTools name has no GRIN plant-name match — needs curation
1329,1329,SRR17045980,PRJNA783885,SNPTools name has no GRIN plant-name match — needs curation
1322,1322,SRR17045981,PRJNA783885,SNPTools name has no GRIN plant-name match — needs curation
7,7,SRR17045984,PRJNA783885,SNPTools name has no GRIN plant-name match — needs curation
834,834,SRR17045985,PRJNA783885,SNPTools name has no GRIN plant-name match — needs curation
6,6,SRR17045986,PRJNA783885,SNPTools name has no GRIN plant-name match — needs curation
21,21,SRR17045990,PRJNA783885,SNPTools name has no GRIN plant-name match — needs curation
20,20,SRR17045991,PRJNA783885,SNPTools name has no GRIN plant-name match — needs curation
2666,2666,SRR17045992,PRJNA783885,SNPTools name has no GRIN plant-name match — needs curation
1282,1282,SRR17045993,PRJNA783885,SNPTools name has no GRIN plant-name match — needs curation
1279,1279,SRR17045995,PRJNA783885,SNPTools name has no GRIN plant-name match — needs curation
1277,1277,SRR17045997,PRJNA783885,SNPTools name has no GRIN plant-name match — needs curation
1276,1276,SRR17045998,PRJNA783885,SNPTools name has no GRIN plant-name match — needs curation
1274,1274,SRR17045999,PRJNA783885,SNPTools name has no GRIN plant-name match — needs curation
1273,1273,SRR17046000,PRJNA783885,SNPTools name has no GRIN plant-name match — needs curation
1272,1272,SRR17046001,PRJNA783885,SNPTools name has no GRIN plant-name match — needs curation
1271,1271,SRR17046003,PRJNA783885,SNPTools name has no GRIN plant-name match — needs curation
1270,1270,SRR17046004,PRJNA783885,SNPTools name has no GRIN plant-name match — needs curation
1268,1268,SRR17046005,PRJNA783885,SNPTools name has no GRIN plant-name match — needs curation
1267,1267,SRR17046006,PRJNA783885,SNPTools name has no GRIN plant-name match — needs curation
1266,1266,SRR17046007,PRJNA783885,SNPTools name has no GRIN plant-name match — needs curation
1265,1265,SRR17046008,PRJNA783885,SNPTools name has no GRIN plant-name match — needs curation
1264,1264,SRR17046009,PRJNA783885,SNPTools name has no GRIN plant-name match — needs curation
1263,1263,SRR17046010,PRJNA783885,SNPTools name has no GRIN plant-name match — needs curation
1262,1262,SRR17046011,PRJNA783885,SNPTools name has no GRIN plant-name match — needs curation
1261,1261,SRR17046012,PRJNA783885,SNPTools name has no GRIN plant-name match — needs curation
19,19,SRR17046013,PRJNA783885,SNPTools name has no GRIN plant-name match — needs curation
1260,1260,SRR17046014,PRJNA783885,SNPTools name has no GRIN plant-name match — needs curation
1259,1259,SRR17046015,PRJNA783885,SNPTools name has no GRIN plant-name match — needs curation
1258,1258,SRR17046016,PRJNA783885,SNPTools name has no GRIN plant-name match — needs curation
1257,1257,SRR17046017,PRJNA783885,SNPTools name has no GRIN plant-name match — needs curation
1256,1256,SRR17046018,PRJNA783885,SNPTools name has no GRIN plant-name match — needs curation
1255,1255,SRR17046019,PRJNA783885,SNPTools name has no GRIN plant-name match — needs curation
1253,1253,SRR17046021,PRJNA783885,SNPTools name has no GRIN plant-name match — needs curation
1252,1252,SRR17046022,PRJNA783885,SNPTools name has no GRIN plant-name match — needs curation
1251,1251,SRR17046023,PRJNA783885,SNPTools name has no GRIN plant-name match — needs curation
1249,1249,SRR17046026,PRJNA783885,SNPTools name has no GRIN plant-name match — needs curation
1248,1248,SRR17046027,PRJNA783885,SNPTools name has no GRIN plant-name match — needs curation
1247,1247,SRR17046028,PRJNA783885,SNPTools name has no GRIN plant-name match — needs curation
1246,1246,SRR17046029,PRJNA783885,SNPTools name has no GRIN plant-name match — needs curation
1245,1245,SRR17046030,PRJNA783885,SNPTools name has no GRIN plant-name match — needs curation
1244,1244,SRR17046031,PRJNA783885,SNPTools name has no GRIN plant-name match — needs curation
1243,1243,SRR17046032,PRJNA783885,SNPTools name has no GRIN plant-name match — needs curation
1242,1242,SRR17046033,PRJNA783885,SNPTools name has no GRIN plant-name match — needs curation
1241,1241,SRR17046034,PRJNA783885,SNPTools name has no GRIN plant-name match — needs curation
17,17,SRR17046035,PRJNA783885,SNPTools name has no GRIN plant-name match — needs curation
833,833,SRR17046036,PRJNA783885,SNPTools name has no GRIN plant-name match — needs curation
1240,1240,SRR17046037,PRJNA783885,SNPTools name has no GRIN plant-name match — needs curation
1239,1239,SRR17046038,PRJNA783885,SNPTools name has no GRIN plant-name match — needs curation
1238,1238,SRR17046039,PRJNA783885,SNPTools name has no GRIN plant-name match — needs curation
1237,1237,SRR17046040,PRJNA783885,SNPTools name has no GRIN plant-name match — needs curation
1236,1236,SRR17046041,PRJNA783885,SNPTools name has no GRIN plant-name match — needs curation
1235,1235,SRR17046042,PRJNA783885,SNPTools name has no GRIN plant-name match — needs curation
1234,1234,SRR17046043,PRJNA783885,SNPTools name has no GRIN plant-name match — needs curation
1233,1233,SRR17046044,PRJNA783885,SNPTools name has no GRIN plant-name match — needs curation
1232,1232,SRR17046045,PRJNA783885,SNPTools name has no GRIN plant-name match — needs curation
1231,1231,SRR17046046,PRJNA783885,SNPTools name has no GRIN plant-name match — needs curation
1230,1230,SRR17046048,PRJNA783885,SNPTools name has no GRIN plant-name match — needs curation
1229,1229,SRR17046049,PRJNA783885,SNPTools name has no GRIN plant-name match — needs curation
1228,1228,SRR17046050,PRJNA783885,SNPTools name has no GRIN plant-name match — needs curation
1227,1227,SRR17046051,PRJNA783885,SNPTools name has no GRIN plant-name match — needs curation
1226,1226,SRR17046052,PRJNA783885,SNPTools name has no GRIN plant-name match — needs curation
1225,1225,SRR17046053,PRJNA783885,SNPTools name has no GRIN plant-name match — needs curation
1223,1223,SRR17046054,PRJNA783885,SNPTools name has no GRIN plant-name match — needs curation
1221,1221,SRR17046055,PRJNA783885,SNPTools name has no GRIN plant-name match — needs curation
1220,1220,SRR17046056,PRJNA783885,SNPTools name has no GRIN plant-name match — needs curation
1219,1219,SRR17046057,PRJNA783885,SNPTools name has no GRIN plant-name match — needs curation
15,15,SRR17046058,PRJNA783885,SNPTools name has no GRIN plant-name match — needs curation
1218,1218,SRR17046059,PRJNA783885,SNPTools name has no GRIN plant-name match — needs curation
1217,1217,SRR17046060,PRJNA783885,SNPTools name has no GRIN plant-name match — needs curation
1216,1216,SRR17046061,PRJNA783885,SNPTools name has no GRIN plant-name match — needs curation
1215,1215,SRR17046062,PRJNA783885,SNPTools name has no GRIN plant-name match — needs curation
1214,1214,SRR17046063,PRJNA783885,SNPTools name has no GRIN plant-name match — needs curation
1093,1093,SRR17046064,PRJNA783885,SNPTools name has no GRIN plant-name match — needs curation
1092,1092,SRR17046065,PRJNA783885,SNPTools name has no GRIN plant-name match — needs curation
1091,1091,SRR17046066,PRJNA783885,SNPTools name has no GRIN plant-name match — needs curation
1090,1090,SRR17046067,PRJNA783885,SNPTools name has no GRIN plant-name match — needs curation
1089,1089,SRR17046068,PRJNA783885,SNPTools name has no GRIN plant-name match — needs curation
1088,1088,SRR17046069,PRJNA783885,SNPTools name has no GRIN plant-name match — needs curation
1087,1087,SRR17046070,PRJNA783885,SNPTools name has no GRIN plant-name match — needs curation
1086,1086,SRR17046071,PRJNA783885,SNPTools name has no GRIN plant-name match — needs curation
1085,1085,SRR17046072,PRJNA783885,SNPTools name has no GRIN plant-name match — needs curation
1084,1084,SRR17046073,PRJNA783885,SNPTools name has no GRIN plant-name match — needs curation
845,845,SRR17046074,PRJNA783885,SNPTools name has no GRIN plant-name match — needs curation
1083,1083,SRR17046075,PRJNA783885,SNPTools name has no GRIN plant-name match — needs curation
1082,1082,SRR17046076,PRJNA783885,SNPTools name has no GRIN plant-name match — needs curation
1079,1079,SRR17046079,PRJNA783885,SNPTools name has no GRIN plant-name match — needs curation
1078,1078,SRR17046080,PRJNA783885,SNPTools name has no GRIN plant-name match — needs curation
1077,1077,SRR17046081,PRJNA783885,SNPTools name has no GRIN plant-name match — needs curation
1076,1076,SRR17046082,PRJNA783885,SNPTools name has no GRIN plant-name match — needs curation
1075,1075,SRR17046083,PRJNA783885,SNPTools name has no GRIN plant-name match — needs curation
1073,1073,SRR17046084,PRJNA783885,SNPTools name has no GRIN plant-name match — needs curation
844,844,SRR17046085,PRJNA783885,SNPTools name has no GRIN plant-name match — needs curation
1072,1072,SRR17046086,PRJNA783885,SNPTools name has no GRIN plant-name match — needs curation
1070,1070,SRR17046087,PRJNA783885,SNPTools name has no GRIN plant-name match — needs curation
1069,1069,SRR17046088,PRJNA783885,SNPTools name has no GRIN plant-name match — needs curation
1068,1068,SRR17046089,PRJNA783885,SNPTools name has no GRIN plant-name match — needs curation
1067,1067,SRR17046090,PRJNA783885,SNPTools name has no GRIN plant-name match — needs curation
1066,1066,SRR17046091,PRJNA783885,SNPTools name has no GRIN plant-name match — needs curation
1065,1065,SRR17046092,PRJNA783885,SNPTools name has no GRIN plant-name match — needs curation
1064,1064,SRR17046093,PRJNA783885,SNPTools name has no GRIN plant-name match — needs curation
1063,1063,SRR17046094,PRJNA783885,SNPTools name has no GRIN plant-name match — needs curation
1062,1062,SRR17046095,PRJNA783885,SNPTools name has no GRIN plant-name match — needs curation
1030,1030,SRR17046096,PRJNA783885,SNPTools name has no GRIN plant-name match — needs curation
1029,1029,SRR17046097,PRJNA783885,SNPTools name has no GRIN plant-name match — needs curation
1028,1028,SRR17046098,PRJNA783885,SNPTools name has no GRIN plant-name match — needs curation
1027,1027,SRR17046099,PRJNA783885,SNPTools name has no GRIN plant-name match — needs curation
1026,1026,SRR17046100,PRJNA783885,SNPTools name has no GRIN plant-name match — needs curation
1025,1025,SRR17046101,PRJNA783885,SNPTools name has no GRIN plant-name match — needs curation
1024,1024,SRR17046102,PRJNA783885,SNPTools name has no GRIN plant-name match — needs curation
1023,1023,SRR17046103,PRJNA783885,SNPTools name has no GRIN plant-name match — needs curation
1022,1022,SRR17046104,PRJNA783885,SNPTools name has no GRIN plant-name match — needs curation
1021,1021,SRR17046105,PRJNA783885,SNPTools name has no GRIN plant-name match — needs curation
839,839,SRR17046106,PRJNA783885,SNPTools name has no GRIN plant-name match — needs curation
1019,1019,SRR17046107,PRJNA783885,SNPTools name has no GRIN plant-name match — needs curation
1018,1018,SRR17046108,PRJNA783885,SNPTools name has no GRIN plant-name match — needs curation
1017,1017,SRR17046109,PRJNA783885,SNPTools name has no GRIN plant-name match — needs curation
1016,1016,SRR17046110,PRJNA783885,SNPTools name has no GRIN plant-name match — needs curation
1015,1015,SRR17046111,PRJNA783885,SNPTools name has no GRIN plant-name match — needs curation
1153,1153,SRR17046112,PRJNA783885,SNPTools name has no GRIN plant-name match — needs curation
1152,1152,SRR17046113,PRJNA783885,SNPTools name has no GRIN plant-name match — needs curation
1151,1151,SRR17046114,PRJNA783885,SNPTools name has no GRIN plant-name match — needs curation
1150,1150,SRR17046115,PRJNA783885,SNPTools name has no GRIN plant-name match — needs curation
1149,1149,SRR17046116,PRJNA783885,SNPTools name has no GRIN plant-name match — needs curation
1148,1148,SRR17046117,PRJNA783885,SNPTools name has no GRIN plant-name match — needs curation
1147,1147,SRR17046118,PRJNA783885,SNPTools name has no GRIN plant-name match — needs curation
1145,1145,SRR17046120,PRJNA783885,SNPTools name has no GRIN plant-name match — needs curation
1144,1144,SRR17046121,PRJNA783885,SNPTools name has no GRIN plant-name match — needs curation
1143,1143,SRR17046122,PRJNA783885,SNPTools name has no GRIN plant-name match — needs curation
1142,1142,SRR17046123,PRJNA783885,SNPTools name has no GRIN plant-name match — needs curation
1141,1141,SRR17046124,PRJNA783885,SNPTools name has no GRIN plant-name match — needs curation
1140,1140,SRR17046125,PRJNA783885,SNPTools name has no GRIN plant-name match — needs curation
1139,1139,SRR17046126,PRJNA783885,SNPTools name has no GRIN plant-name match — needs curation
1138,1138,SRR17046127,PRJNA783885,SNPTools name has no GRIN plant-name match — needs curation
1136,1136,SRR17046128,PRJNA783885,SNPTools name has no GRIN plant-name match — needs curation
1135,1135,SRR17046129,PRJNA783885,SNPTools name has no GRIN plant-name match — needs curation
850,850,SRR17046130,PRJNA783885,SNPTools name has no GRIN plant-name match — needs curation
1134,1134,SRR17046132,PRJNA783885,SNPTools name has no GRIN plant-name match — needs curation
1133,1133,SRR17046133,PRJNA783885,SNPTools name has no GRIN plant-name match — needs curation
1132,1132,SRR17046134,PRJNA783885,SNPTools name has no GRIN plant-name match — needs curation
1131,1131,SRR17046135,PRJNA783885,SNPTools name has no GRIN plant-name match — needs curation
1130,1130,SRR17046136,PRJNA783885,SNPTools name has no GRIN plant-name match — needs curation
1129,1129,SRR17046137,PRJNA783885,SNPTools name has no GRIN plant-name match — needs curation
1128,1128,SRR17046138,PRJNA783885,SNPTools name has no GRIN plant-name match — needs curation
1126,1126,SRR17046140,PRJNA783885,SNPTools name has no GRIN plant-name match — needs curation
1125,1125,SRR17046141,PRJNA783885,SNPTools name has no GRIN plant-name match — needs curation
849,849,SRR17046142,PRJNA783885,SNPTools name has no GRIN plant-name match — needs curation
1124,1124,SRR17046143,PRJNA783885,SNPTools name has no GRIN plant-name match — needs curation
843,843,SRR17046144,PRJNA783885,SNPTools name has no GRIN plant-name match — needs curation
1061,1061,SRR17046145,PRJNA783885,SNPTools name has no GRIN plant-name match — needs curation
1059,1059,SRR17046146,PRJNA783885,SNPTools name has no GRIN plant-name match — needs curation
1058,1058,SRR17046147,PRJNA783885,SNPTools name has no GRIN plant-name match — needs curation
1057,1057,SRR17046148,PRJNA783885,SNPTools name has no GRIN plant-name match — needs curation
1056,1056,SRR17046149,PRJNA783885,SNPTools name has no GRIN plant-name match — needs curation
1055,1055,SRR17046150,PRJNA783885,SNPTools name has no GRIN plant-name match — needs curation
1054,1054,SRR17046151,PRJNA783885,SNPTools name has no GRIN plant-name match — needs curation
1053,1053,SRR17046152,PRJNA783885,SNPTools name has no GRIN plant-name match — needs curation
1052,1052,SRR17046153,PRJNA783885,SNPTools name has no GRIN plant-name match — needs curation
1051,1051,SRR17046154,PRJNA783885,SNPTools name has no GRIN plant-name match — needs curation
842,842,SRR17046155,PRJNA783885,SNPTools name has no GRIN plant-name match — needs curation
1049,1049,SRR17046157,PRJNA783885,SNPTools name has no GRIN plant-name match — needs curation
1048,1048,SRR17046158,PRJNA783885,SNPTools name has no GRIN plant-name match — needs curation
1047,1047,SRR17046159,PRJNA783885,SNPTools name has no GRIN plant-name match — needs curation
1046,1046,SRR17046160,PRJNA783885,SNPTools name has no GRIN plant-name match — needs curation
1045,1045,SRR17046161,PRJNA783885,SNPTools name has no GRIN plant-name match — needs curation
1044,1044,SRR17046162,PRJNA783885,SNPTools name has no GRIN plant-name match — needs curation
1043,1043,SRR17046163,PRJNA783885,SNPTools name has no GRIN plant-name match — needs curation
1042,1042,SRR17046164,PRJNA783885,SNPTools name has no GRIN plant-name match — needs curation
1041,1041,SRR17046165,PRJNA783885,SNPTools name has no GRIN plant-name match — needs curation
841,841,SRR17046166,PRJNA783885,SNPTools name has no GRIN plant-name match — needs curation
1040,1040,SRR17046167,PRJNA783885,SNPTools name has no GRIN plant-name match — needs curation
1039,1039,SRR17046168,PRJNA783885,SNPTools name has no GRIN plant-name match — needs curation
1038,1038,SRR17046169,PRJNA783885,SNPTools name has no GRIN plant-name match — needs curation
1037,1037,SRR17046170,PRJNA783885,SNPTools name has no GRIN plant-name match — needs curation
1036,1036,SRR17046171,PRJNA783885,SNPTools name has no GRIN plant-name match — needs curation
1035,1035,SRR17046172,PRJNA783885,SNPTools name has no GRIN plant-name match — needs curation
1034,1034,SRR17046173,PRJNA783885,SNPTools name has no GRIN plant-name match — needs curation
1033,1033,SRR17046174,PRJNA783885,SNPTools name has no GRIN plant-name match — needs curation
1032,1032,SRR17046175,PRJNA783885,SNPTools name has no GRIN plant-name match — needs curation
1031,1031,SRR17046176,PRJNA783885,SNPTools name has no GRIN plant-name match — needs curation
840,840,SRR17046177,PRJNA783885,SNPTools name has no GRIN plant-name match — needs curation
831,831,SRR17046178,PRJNA783885,SNPTools name has no GRIN plant-name match — needs curation
830,830,SRR17046179,PRJNA783885,SNPTools name has no GRIN plant-name match — needs curation
PI 306617,PI 306617,SRR18441530,PRJNA816255,SNPTools name has no GRIN plant-name match — needs curation
PI 306615,PI 306615,SRR18441531,PRJNA816255,SNPTools name has no GRIN plant-name match — needs curation
Ames 21879,Ames 21879,SRR18441532,PRJNA816255,SNPTools name has no GRIN plant-name match — needs curation
Ames 21878,Ames 21878,SRR18441533,PRJNA816255,SNPTools name has no GRIN plant-name match — needs curation
Ames 21877,Ames 21877,SRR18441534,PRJNA816255,SNPTools name has no GRIN plant-name match — needs curation
Ames 21867,Ames 21867,SRR18441535,PRJNA816255,SNPTools name has no GRIN plant-name match — needs curation
RIMH001,RIMH001,SRR18441536,PRJNA816255,SNPTools name has no GRIN plant-name match — needs curation
RRA-14,RRA-14,SRR18441537,PRJNA816255,SNPTools name has no GRIN plant-name match — needs curation
RID0009,RID0009,SRR18441538,PRJNA816255,SNPTools name has no GRIN plant-name match — needs curation
Ames 21865,Ames 21865,SRR18441539,PRJNA816255,SNPTools name has no GRIN plant-name match — needs curation
RID0008,RID0008,SRR18441540,PRJNA816255,SNPTools name has no GRIN plant-name match — needs curation
RID0007,RID0007,SRR18441541,PRJNA816255,SNPTools name has no GRIN plant-name match — needs curation
RID0006,RID0006,SRR18441542,PRJNA816255,SNPTools name has no GRIN plant-name match — needs curation
RID0005,RID0005,SRR18441543,PRJNA816255,SNPTools name has no GRIN plant-name match — needs curation
PI 462368,PI 462368,SRR18441544,PRJNA816255,SNPTools name has no GRIN plant-name match — needs curation
PI 441932,PI 441932,SRR18441545,PRJNA816255,SNPTools name has no GRIN plant-name match — needs curation
PI 441931,PI 441931,SRR18441546,PRJNA816255,SNPTools name has no GRIN plant-name match — needs curation
PI 441929,PI 441929,SRR18441547,PRJNA816255,SNPTools name has no GRIN plant-name match — needs curation
Ames 21884,Ames 21884,SRR18441549,PRJNA816255,SNPTools name has no GRIN plant-name match — needs curation
Ames 21864,Ames 21864,SRR18441550,PRJNA816255,SNPTools name has no GRIN plant-name match — needs curation
Ames 21882,Ames 21882,SRR18441551,PRJNA816255,SNPTools name has no GRIN plant-name match — needs curation
Ames 21875,Ames 21875,SRR18441552,PRJNA816255,SNPTools name has no GRIN plant-name match — needs curation
Ames 21874,Ames 21874,SRR18441553,PRJNA816255,SNPTools name has no GRIN plant-name match — needs curation
Ames 21873,Ames 21873,SRR18441554,PRJNA816255,SNPTools name has no GRIN plant-name match — needs curation
Ames 21872,Ames 21872,SRR18441555,PRJNA816255,SNPTools name has no GRIN plant-name match — needs curation
Ames 21871,Ames 21871,SRR18441556,PRJNA816255,SNPTools name has no GRIN plant-name match — needs curation
Ames 21870,Ames 21870,SRR18441557,PRJNA816255,SNPTools name has no GRIN plant-name match — needs curation
RIN1,RIN1,SRR18441558,PRJNA816255,SNPTools name has no GRIN plant-name match — needs curation
RIL2,RIL2,SRR18441559,PRJNA816255,SNPTools name has no GRIN plant-name match — needs curation
RIL003,RIL003,SRR18441560,PRJNA816255,SNPTools name has no GRIN plant-name match — needs curation
Ames 21863,Ames 21863,SRR18441561,PRJNA816255,SNPTools name has no GRIN plant-name match — needs curation
5D3_2,5D3_2,SRR18458783,PRJNA816255,SNPTools name has no GRIN plant-name match — needs curation
5D2_5,5D2_5,SRR18458784,PRJNA816255,SNPTools name has no GRIN plant-name match — needs curation
5D2_3,5D2_3,SRR18458785,PRJNA816255,SNPTools name has no GRIN plant-name match — needs curation
5D2_2,5D2_2,SRR18458786,PRJNA816255,SNPTools name has no GRIN plant-name match — needs curation
5D1_5,5D1_5,SRR18458787,PRJNA816255,SNPTools name has no GRIN plant-name match — needs curation
5D1_3,5D1_3,SRR18458788,PRJNA816255,SNPTools name has no GRIN plant-name match — needs curation
5D1_2,5D1_2,SRR18458789,PRJNA816255,SNPTools name has no GRIN plant-name match — needs curation
Hmes-21875,Hmes-21875,SRR18458790,PRJNA816255,SNPTools name has no GRIN plant-name match — needs curation
5D2,5D2,SRR18458791,PRJNA816255,SNPTools name has no GRIN plant-name match — needs curation
5D1,5D1,SRR18458792,PRJNA816255,SNPTools name has no GRIN plant-name match — needs curation
6.00E+06,6.00E+06,SRR18458793,PRJNA816255,SNPTools name has no GRIN plant-name match — needs curation
5D7_5,5D7_5,SRR18458794,PRJNA816255,SNPTools name has no GRIN plant-name match — needs curation
6E6_5,6E6_5,SRR18458795,PRJNA816255,SNPTools name has no GRIN plant-name match — needs curation
5D7_3,5D7_3,SRR18458796,PRJNA816255,SNPTools name has no GRIN plant-name match — needs curation
5D7_2,5D7_2,SRR18458797,PRJNA816255,SNPTools name has no GRIN plant-name match — needs curation
5D6_5,5D6_5,SRR18458798,PRJNA816255,SNPTools name has no GRIN plant-name match — needs curation
5D6_3,5D6_3,SRR18458799,PRJNA816255,SNPTools name has no GRIN plant-name match — needs curation
5D6_2,5D6_2,SRR18458800,PRJNA816255,SNPTools name has no GRIN plant-name match — needs curation
5D5_5,5D5_5,SRR18458801,PRJNA816255,SNPTools name has no GRIN plant-name match — needs curation
5D5_3,5D5_3,SRR18458802,PRJNA816255,SNPTools name has no GRIN plant-name match — needs curation
5D5_2,5D5_2,SRR18458803,PRJNA816255,SNPTools name has no GRIN plant-name match — needs curation
5D3_5,5D3_5,SRR18458804,PRJNA816255,SNPTools name has no GRIN plant-name match — needs curation
5D3_3,5D3_3,SRR18458805,PRJNA816255,SNPTools name has no GRIN plant-name match — needs curation
6E6_3,6E6_3,SRR18458806,PRJNA816255,SNPTools name has no GRIN plant-name match — needs curation
6E6_2,6E6_2,SRR18458807,PRJNA816255,SNPTools name has no GRIN plant-name match — needs curation
RIMMA0383,RIMMA0383,SRR2858648,PRJNA300309,SNPTools name has no GRIN plant-name match — needs curation
RIMMA0384,RIMMA0384,SRR2859791,PRJNA300309,SNPTools name has no GRIN plant-name match — needs curation
RIMMA0387,RIMMA0387,SRR2859795,PRJNA300309,SNPTools name has no GRIN plant-name match — needs curation
RIMMA0415,RIMMA0415,SRR2886831,PRJNA300309,SNPTools name has no GRIN plant-name match — needs curation
RIMMA0670,RIMMA0670,SRR2886833,PRJNA300309,SNPTools name has no GRIN plant-name match — needs curation
RIMMA0672,RIMMA0672,SRR2886856,PRJNA300309,SNPTools name has no GRIN plant-name match — needs curation
RIMMA0720,RIMMA0720,SRR2886873,PRJNA300309,SNPTools name has no GRIN plant-name match — needs curation
RIMMA1007,RIMMA1007,SRR2886875,PRJNA300309,SNPTools name has no GRIN plant-name match — needs curation
RIMMA1012,RIMMA1012,SRR2886877,PRJNA300309,SNPTools name has no GRIN plant-name match — needs curation
RIMMA0390,RIMMA0390,SRR2886904,PRJNA300309,SNPTools name has no GRIN plant-name match — needs curation
RIMMA0392,RIMMA0392,SRR2889568,PRJNA300309,SNPTools name has no GRIN plant-name match — needs curation
RIMMA0393,RIMMA0393,SRR2889570,PRJNA300309,SNPTools name has no GRIN plant-name match — needs curation
RIMMA0409,RIMMA0409,SRR2889573,PRJNA300309,SNPTools name has no GRIN plant-name match — needs curation
RIMMA0421,RIMMA0421,SRR2889575,PRJNA300309,SNPTools name has no GRIN plant-name match — needs curation
RIMMA0662,RIMMA0662,SRR2889577,PRJNA300309,SNPTools name has no GRIN plant-name match — needs curation
RIMMA0703,RIMMA0703,SRR2889579,PRJNA300309,SNPTools name has no GRIN plant-name match — needs curation
RIMMA0399,RIMMA0399,SRR2889581,PRJNA300309,SNPTools name has no GRIN plant-name match — needs curation
RIMMA0395,RIMMA0395,SRR2889669,PRJNA300309,SNPTools name has no GRIN plant-name match — needs curation
RIMMA0398,RIMMA0398,SRR2889676,PRJNA300309,SNPTools name has no GRIN plant-name match — needs curation
RIMMA0466,RIMMA0466,SRR2889688,PRJNA300309,SNPTools name has no GRIN plant-name match — needs curation
RIMMA0625,RIMMA0625,SRR2889702,PRJNA300309,SNPTools name has no GRIN plant-name match — needs curation
RIMMA0438,RIMMA0438,SRR2889706,PRJNA300309,SNPTools name has no GRIN plant-name match — needs curation
RIMMA1008,RIMMA1008,SRR2889710,PRJNA300309,SNPTools name has no GRIN plant-name match — needs curation
RIMMA0626,RIMMA0626,SRR2890159,PRJNA300309,SNPTools name has no GRIN plant-name match — needs curation
RIMMA0677,RIMMA0677,SRR2890161,PRJNA300309,SNPTools name has no GRIN plant-name match — needs curation
RIMMA0733,RIMMA0733,SRR2890163,PRJNA300309,SNPTools name has no GRIN plant-name match — needs curation
RIMMA1010,RIMMA1010,SRR2890165,PRJNA300309,SNPTools name has no GRIN plant-name match — needs curation
RIMMA0468,RIMMA0468,SRR2890167,PRJNA300309,SNPTools name has no GRIN plant-name match — needs curation
RIMMA0665,RIMMA0665,SRR2890169,PRJNA300309,SNPTools name has no GRIN plant-name match — needs curation
RIMMA0385,RIMMA0385,SRR2890172,PRJNA300309,SNPTools name has no GRIN plant-name match — needs curation
Tehuacan162,Tehuacan162,SRR4999771,PRJNA352392,SNPTools name has no GRIN plant-name match — needs curation
282set_Ms71,282set_Ms71,SRR5663770,PRJNA389800,SNPTools name has no GRIN plant-name match — needs curation
282set_VaW6,282set_VaW6,SRR5663782,PRJNA389800,SNPTools name has no GRIN plant-name match — needs curation
282set_B57,282set_B57,SRR5664041,PRJNA389800,SNPTools name has no GRIN plant-name match — needs curation
282set_B103,282set_B103,SRR5725631,PRJNA389800,SNPTools name has no GRIN plant-name match — needs curation
282set_VA102,282set_VA102,SRR5725639,PRJNA389800,SNPTools name has no GRIN plant-name match — needs curation
282set_H91,282set_H91,SRR5725654,PRJNA389800,SNPTools name has no GRIN plant-name match — needs curation
282set_H95,282set_H95,SRR5725655,PRJNA389800,SNPTools name has no GRIN plant-name match — needs curation
282set_HP301,282set_HP301,SRR5725657,PRJNA389800,SNPTools name has no GRIN plant-name match — needs curation
282set_A679,282set_A679,SRR5725663,PRJNA389800,SNPTools name has no GRIN plant-name match — needs curation
282set_A654,282set_A654,SRR5725665,PRJNA389800,SNPTools name has no GRIN plant-name match — needs curation
282set_A641,282set_A641,SRR5725666,PRJNA389800,SNPTools name has no GRIN plant-name match — needs curation
282set_A632,282set_A632,SRR5725669,PRJNA389800,SNPTools name has no GRIN plant-name match — needs curation
282set_A634,282set_A634,SRR5725672,PRJNA389800,SNPTools name has no GRIN plant-name match — needs curation
282set_T8,282set_T8,SRR5725675,PRJNA389800,SNPTools name has no GRIN plant-name match — needs curation
282set_NC336,282set_NC336,SRR5725679,PRJNA389800,SNPTools name has no GRIN plant-name match — needs curation
282set_NC328,282set_NC328,SRR5725680,PRJNA389800,SNPTools name has no GRIN plant-name match — needs curation
282set_IDS91,282set_IDS91,SRR5725688,PRJNA389800,SNPTools name has no GRIN plant-name match — needs curation
282set_IDS69,282set_IDS69,SRR5725689,PRJNA389800,SNPTools name has no GRIN plant-name match — needs curation
282set_4722,282set_4722,SRR5725694,PRJNA389800,SNPTools name has no GRIN plant-name match — needs curation
282set_Ki21,282set_Ki21,SRR5725707,PRJNA389800,SNPTools name has no GRIN plant-name match — needs curation
282set_R177,282set_R177,SRR5725723,PRJNA389800,SNPTools name has no GRIN plant-name match — needs curation
282set_CML158Q,282set_CML158Q,SRR5725735,PRJNA389800,SNPTools name has no GRIN plant-name match — needs curation
282set_L578,282set_L578,SRR5725749,PRJNA389800,SNPTools name has no GRIN plant-name match — needs curation
282set_Os420,282set_Os420,SRR5725763,PRJNA389800,SNPTools name has no GRIN plant-name match — needs curation
282set_Tzi18,282set_Tzi18,SRR5725787,PRJNA389800,SNPTools name has no GRIN plant-name match — needs curation
282set_A441-5,282set_A441-5,SRR5725795,PRJNA389800,SNPTools name has no GRIN plant-name match — needs curation
282set_A239,282set_A239,SRR5725796,PRJNA389800,SNPTools name has no GRIN plant-name match — needs curation
282set_38-11Goodman-Buckler,282set_38-11Goodman-Buckler,SRR5725801,PRJNA389800,SNPTools name has no GRIN plant-name match — needs curation
282set_CML331,282set_CML331,SRR5725803,PRJNA389800,SNPTools name has no GRIN plant-name match — needs curation
282set_Mt42,282set_Mt42,SRR5725822,PRJNA389800,SNPTools name has no GRIN plant-name match — needs curation
282set_Sg1533,282set_Sg1533,SRR5725829,PRJNA389800,SNPTools name has no GRIN plant-name match — needs curation
282set_CML77,282set_CML77,SRR5725844,PRJNA389800,SNPTools name has no GRIN plant-name match — needs curation
282set_CML69,282set_CML69,SRR5725845,PRJNA389800,SNPTools name has no GRIN plant-name match — needs curation
282set_B79,282set_B79,SRR5725848,PRJNA389800,SNPTools name has no GRIN plant-name match — needs curation
282set_C103,282set_C103,SRR5725852,PRJNA389800,SNPTools name has no GRIN plant-name match — needs curation
282set_B84,282set_B84,SRR5725853,PRJNA389800,SNPTools name has no GRIN plant-name match — needs curation
282set_C123,282set_C123,SRR5725855,PRJNA389800,SNPTools name has no GRIN plant-name match — needs curation
282set_CI187-2,282set_CI187-2,SRR5725858,PRJNA389800,SNPTools name has no GRIN plant-name match — needs curation
282set_D940Y,282set_D940Y,SRR5725873,PRJNA389800,SNPTools name has no GRIN plant-name match — needs curation
282set_CO255,282set_CO255,SRR5725877,PRJNA389800,SNPTools name has no GRIN plant-name match — needs curation
282set_Va59,282set_Va59,SRR5725887,PRJNA389800,SNPTools name has no GRIN plant-name match — needs curation
282set_NC262,282set_NC262,SRR5725900,PRJNA389800,SNPTools name has no GRIN plant-name match — needs curation
282set_NC258,282set_NC258,SRR5725902,PRJNA389800,SNPTools name has no GRIN plant-name match — needs curation
282set_CML311,282set_CML311,SRR5725906,PRJNA389800,SNPTools name has no GRIN plant-name match — needs curation
282set_A682,282set_A682,SRR5725930,PRJNA389800,SNPTools name has no GRIN plant-name match — needs curation
hmp3_ZEAxppRDLDIAAPEI-2,hmp3_ZEAxppRDLDIAAPEI-2,SRR5962624,PRJNA399729,SNPTools name has no GRIN plant-name match — needs curation
hmp3_MAIdgiRAWDIAAPEI-5,hmp3_MAIdgiRAWDIAAPEI-5,SRR5962636,PRJNA399729,SNPTools name has no GRIN plant-name match — needs curation
hmp3_MAIdgiRAXDIAAPEI-6,hmp3_MAIdgiRAXDIAAPEI-6,SRR5962637,PRJNA399729,SNPTools name has no GRIN plant-name match — needs curation
hmp3_MAIdgiRAYDIAAPEI-7,hmp3_MAIdgiRAYDIAAPEI-7,SRR5962639,PRJNA399729,SNPTools name has no GRIN plant-name match — needs curation
hmp3_ZEAxppRDHDIAAPEI-12,hmp3_ZEAxppRDHDIAAPEI-12,SRR5962647,PRJNA399729,SNPTools name has no GRIN plant-name match — needs curation
hmp3_MAIdgiRCIDIAAPEI-7,hmp3_MAIdgiRCIDIAAPEI-7,SRR5962665,PRJNA399729,SNPTools name has no GRIN plant-name match — needs curation
hmp3_ZEAxppRCWDIAAPEI-3,hmp3_ZEAxppRCWDIAAPEI-3,SRR5962671,PRJNA399729,SNPTools name has no GRIN plant-name match — needs curation
hmp3_ZEAxppRCXDIAAPEI-4,hmp3_ZEAxppRCXDIAAPEI-4,SRR5962672,PRJNA399729,SNPTools name has no GRIN plant-name match — needs curation
hmp3_ZEAxppRCUDIAAPEI-1,hmp3_ZEAxppRCUDIAAPEI-1,SRR5962675,PRJNA399729,SNPTools name has no GRIN plant-name match — needs curation
hmp3_ZEAxppRCVDIAAPEI-2,hmp3_ZEAxppRCVDIAAPEI-2,SRR5962677,PRJNA399729,SNPTools name has no GRIN plant-name match — needs curation
hmp3_ZEAxppRCYDIAAPEI-5,hmp3_ZEAxppRCYDIAAPEI-5,SRR5962679,PRJNA399729,SNPTools name has no GRIN plant-name match — needs curation
hmp3_MAIdgiRCKDIAAPEI-9,hmp3_MAIdgiRCKDIAAPEI-9,SRR5962681,PRJNA399729,SNPTools name has no GRIN plant-name match — needs curation
hmp3_ZEAxujRBCDIBAPE,hmp3_ZEAxujRBCDIBAPE,SRR5962682,PRJNA399729,SNPTools name has no GRIN plant-name match — needs curation
hmp3_MAIdgiRAPDIAAPEI-12,hmp3_MAIdgiRAPDIAAPEI-12,SRR5962693,PRJNA399729,SNPTools name has no GRIN plant-name match — needs curation
hmp3_MAIdgiRAMDIAAPEI-10,hmp3_MAIdgiRAMDIAAPEI-10,SRR5962700,PRJNA399729,SNPTools name has no GRIN plant-name match — needs curation
hmp3_MAIdgiRABDIAAPEI-2,hmp3_MAIdgiRABDIAAPEI-2,SRR5962709,PRJNA399729,SNPTools name has no GRIN plant-name match — needs curation
hmp3_ZEAxppRCODIAAPEI-9,hmp3_ZEAxppRCODIAAPEI-9,SRR5962714,PRJNA399729,SNPTools name has no GRIN plant-name match — needs curation
hmp3_ZEAxppRCJDIAAPEI-7,hmp3_ZEAxppRCJDIAAPEI-7,SRR5962717,PRJNA399729,SNPTools name has no GRIN plant-name match — needs curation
hmp3_ZEAxppRCPDIAAPEI-10,hmp3_ZEAxppRCPDIAAPEI-10,SRR5962719,PRJNA399729,SNPTools name has no GRIN plant-name match — needs curation
hmp3_MAIdgiRARDIAAPEI-1,hmp3_MAIdgiRARDIAAPEI-1,SRR5962739,PRJNA399729,SNPTools name has no GRIN plant-name match — needs curation
hmp3_ZEAxujRAWDIAAPE,hmp3_ZEAxujRAWDIAAPE,SRR5962742,PRJNA399729,SNPTools name has no GRIN plant-name match — needs curation
hmp3_MAIdgiRAVDIAAPEI-4,hmp3_MAIdgiRAVDIAAPEI-4,SRR5962745,PRJNA399729,SNPTools name has no GRIN plant-name match — needs curation
hmp3_ZEAxppRCHDIAAPEI-6,hmp3_ZEAxppRCHDIAAPEI-6,SRR5962747,PRJNA399729,SNPTools name has no GRIN plant-name match — needs curation
hmp3_ZEAxppRCGDIAAPEI-5,hmp3_ZEAxppRCGDIAAPEI-5,SRR5962749,PRJNA399729,SNPTools name has no GRIN plant-name match — needs curation
hmp3_ZEAxppRCFDIAAPEI-4,hmp3_ZEAxppRCFDIAAPEI-4,SRR5962751,PRJNA399729,SNPTools name has no GRIN plant-name match — needs curation
hmp3_ZEAxppRCBDIAAPEI-3,hmp3_ZEAxppRCBDIAAPEI-3,SRR5962755,PRJNA399729,SNPTools name has no GRIN plant-name match — needs curation
hmp3_ZEAxppRCDDIAAPEI-12,hmp3_ZEAxppRCDDIAAPEI-12,SRR5962756,PRJNA399729,SNPTools name has no GRIN plant-name match — needs curation
hmp3_ZEAxppRAZDIAAPEI-7,hmp3_ZEAxppRAZDIAAPEI-7,SRR5962764,PRJNA399729,SNPTools name has no GRIN plant-name match — needs curation
hmp3_ZEAxppRBCDIAAPEI-2,hmp3_ZEAxppRBCDIAAPEI-2,SRR5962766,PRJNA399729,SNPTools name has no GRIN plant-name match — needs curation
hmp3_ZEAxppRBYDIAAPEI-2,hmp3_ZEAxppRBYDIAAPEI-2,SRR5962785,PRJNA399729,SNPTools name has no GRIN plant-name match — needs curation
hmp3_ZEAxppRBUDIAAPEI-5,hmp3_ZEAxppRBUDIAAPEI-5,SRR5962788,PRJNA399729,SNPTools name has no GRIN plant-name match — needs curation
hmp3_MAIdgiRAKDIAAPEI-9,hmp3_MAIdgiRAKDIAAPEI-9,SRR5962818,PRJNA399729,SNPTools name has no GRIN plant-name match — needs curation
hmp3_ZEAxppRAFDIAAPEI-5,hmp3_ZEAxppRAFDIAAPEI-5,SRR5962830,PRJNA399729,SNPTools name has no GRIN plant-name match — needs curation
hmp3_ZEAxppRAHDIAAPEI-6,hmp3_ZEAxppRAHDIAAPEI-6,SRR5962836,PRJNA399729,SNPTools name has no GRIN plant-name match — needs curation
hmp3_ZEAxppRATDIAAPEI-12,hmp3_ZEAxppRATDIAAPEI-12,SRR5962862,PRJNA399729,SNPTools name has no GRIN plant-name match — needs curation
hmp3_ZEAxppRAUDIAAPEI-1,hmp3_ZEAxppRAUDIAAPEI-1,SRR5962864,PRJNA399729,SNPTools name has no GRIN plant-name match — needs curation
hmp3_ZEAxppRANDIAAPEI-10,hmp3_ZEAxppRANDIAAPEI-10,SRR5962866,PRJNA399729,SNPTools name has no GRIN plant-name match — needs curation
TIL25-TIP489.2,TIL25-TIP489.2,SRR5976310,PRJNA399729,SNPTools name has no GRIN plant-name match — needs curation
MM-1A,MM-1A,SRR5976322,PRJNA399729,SNPTools name has no GRIN plant-name match — needs curation
TIL14-TIP498.2,TIL14-TIP498.2,SRR5976491,PRJNA399729,SNPTools name has no GRIN plant-name match — needs curation
TIL09,TIL09,SRR5976492,PRJNA399729,SNPTools name has no GRIN plant-name match — needs curation
TIL03,TIL03,SRR5976494,PRJNA399729,SNPTools name has no GRIN plant-name match — needs curation
TIL05,TIL05,SRR5976495,PRJNA399729,SNPTools name has no GRIN plant-name match — needs curation
TIL01,TIL01,SRR5976497,PRJNA399729,SNPTools name has no GRIN plant-name match — needs curation
Z66,Z66,SRR7477667,PRJNA479960,SNPTools name has no GRIN plant-name match — needs curation
Z65,Z65,SRR7477668,PRJNA479960,SNPTools name has no GRIN plant-name match — needs curation
Z67,Z67,SRR7477670,PRJNA479960,SNPTools name has no GRIN plant-name match — needs curation
Arica5,Arica5,SRR7477671,PRJNA479960,SNPTools name has no GRIN plant-name match — needs curation
Arica4,Arica4,SRR7477672,PRJNA479960,SNPTools name has no GRIN plant-name match — needs curation
Z6,Z6,SRR7477673,PRJNA479960,SNPTools name has no GRIN plant-name match — needs curation
Z2,Z2,SRR7477674,PRJNA479960,SNPTools name has no GRIN plant-name match — needs curation
526018,526018,SRR8906635,PRJNA531553,SNPTools name has no GRIN plant-name match — needs curation
CML229,CML229,SRR8906636,PRJNA531553,SNPTools name has no GRIN plant-name match — needs curation
CIMBL29,CIMBL29,SRR8906637,PRJNA531553,SNPTools name has no GRIN plant-name match — needs curation
CML480,CML480,SRR8906638,PRJNA531553,SNPTools name has no GRIN plant-name match — needs curation
CIMBL111,CIMBL111,SRR8906639,PRJNA531553,SNPTools name has no GRIN plant-name match — needs curation
BT1,BT1,SRR8906640,PRJNA531553,SNPTools name has no GRIN plant-name match — needs curation
CML168,CML168,SRR8906641,PRJNA531553,SNPTools name has no GRIN plant-name match — needs curation
CML360,CML360,SRR8906642,PRJNA531553,SNPTools name has no GRIN plant-name match — needs curation
CML426,CML426,SRR8906643,PRJNA531553,SNPTools name has no GRIN plant-name match — needs curation
CML223,CML223,SRR8906644,PRJNA531553,SNPTools name has no GRIN plant-name match — needs curation
SW1611,SW1611,SRR8906645,PRJNA531553,SNPTools name has no GRIN plant-name match — needs curation
CIMBL146,CIMBL146,SRR8906646,PRJNA531553,SNPTools name has no GRIN plant-name match — needs curation
CML163,CML163,SRR8906647,PRJNA531553,SNPTools name has no GRIN plant-name match — needs curation
CIMBL51,CIMBL51,SRR8906648,PRJNA531553,SNPTools name has no GRIN plant-name match — needs curation
CIMBL16,CIMBL16,SRR8906649,PRJNA531553,SNPTools name has no GRIN plant-name match — needs curation
CML189,CML189,SRR8906650,PRJNA531553,SNPTools name has no GRIN plant-name match — needs curation
CML497,CML497,SRR8906651,PRJNA531553,SNPTools name has no GRIN plant-name match — needs curation
CIMBL155,CIMBL155,SRR8906653,PRJNA531553,SNPTools name has no GRIN plant-name match — needs curation
CIMBL15,CIMBL15,SRR8906654,PRJNA531553,SNPTools name has no GRIN plant-name match — needs curation
CIMBL39,CIMBL39,SRR8906655,PRJNA531553,SNPTools name has no GRIN plant-name match — needs curation
PH4VC,PH4VC,SRR8906656,PRJNA531553,SNPTools name has no GRIN plant-name match — needs curation
04K5702,04K5702,SRR8906657,PRJNA531553,SNPTools name has no GRIN plant-name match — needs curation
GEMS55,GEMS55,SRR8906658,PRJNA531553,SNPTools name has no GRIN plant-name match — needs curation
TX5,TX5,SRR8906659,PRJNA531553,SNPTools name has no GRIN plant-name match — needs curation
ZHENG58,ZHENG58,SRR8906660,PRJNA531553,SNPTools name has no GRIN plant-name match — needs curation
JI846,JI846,SRR8906661,PRJNA531553,SNPTools name has no GRIN plant-name match — needs curation
9642,9642,SRR8906662,PRJNA531553,SNPTools name has no GRIN plant-name match — needs curation
GEMS36,GEMS36,SRR8906663,PRJNA531553,SNPTools name has no GRIN plant-name match — needs curation
BY815,BY815,SRR8906664,PRJNA531553,SNPTools name has no GRIN plant-name match — needs curation
W138,W138,SRR8906665,PRJNA531553,SNPTools name has no GRIN plant-name match — needs curation
CIMBL137,CIMBL137,SRR8906667,PRJNA531553,SNPTools name has no GRIN plant-name match — needs curation
BK,BK,SRR8906668,PRJNA531553,SNPTools name has no GRIN plant-name match — needs curation
CIMBL149,CIMBL149,SRR8906669,PRJNA531553,SNPTools name has no GRIN plant-name match — needs curation
CIMBL37,CIMBL37,SRR8906670,PRJNA531553,SNPTools name has no GRIN plant-name match — needs curation
CML433,CML433,SRR8906671,PRJNA531553,SNPTools name has no GRIN plant-name match — needs curation
CIMBL18,CIMBL18,SRR8906672,PRJNA531553,SNPTools name has no GRIN plant-name match — needs curation
CIMBL140,CIMBL140,SRR8906673,PRJNA531553,SNPTools name has no GRIN plant-name match — needs curation
CIMBL135,CIMBL135,SRR8906674,PRJNA531553,SNPTools name has no GRIN plant-name match — needs curation
CIMBL28,CIMBL28,SRR8906675,PRJNA531553,SNPTools name has no GRIN plant-name match — needs curation
CIMBL109,CIMBL109,SRR8906676,PRJNA531553,SNPTools name has no GRIN plant-name match — needs curation
CIMBL31,CIMBL31,SRR8906677,PRJNA531553,SNPTools name has no GRIN plant-name match — needs curation
CIMBL110,CIMBL110,SRR8906678,PRJNA531553,SNPTools name has no GRIN plant-name match — needs curation
CIMBL92,CIMBL92,SRR8906679,PRJNA531553,SNPTools name has no GRIN plant-name match — needs curation
ZHENG653,ZHENG653,SRR8906680,PRJNA531553,SNPTools name has no GRIN plant-name match — needs curation
ZHI41,ZHI41,SRR8906681,PRJNA531553,SNPTools name has no GRIN plant-name match — needs curation
LIAO5114,LIAO5114,SRR8906682,PRJNA531553,SNPTools name has no GRIN plant-name match — needs curation
JI63,JI63,SRR8906683,PRJNA531553,SNPTools name has no GRIN plant-name match — needs curation
LY,LY,SRR8906684,PRJNA531553,SNPTools name has no GRIN plant-name match — needs curation
TY1,TY1,SRR8906685,PRJNA531553,SNPTools name has no GRIN plant-name match — needs curation
R08,R08,SRR8906686,PRJNA531553,SNPTools name has no GRIN plant-name match — needs curation
GEMS56,GEMS56,SRR8906687,PRJNA531553,SNPTools name has no GRIN plant-name match — needs curation
04K5686,04K5686,SRR8906688,PRJNA531553,SNPTools name has no GRIN plant-name match — needs curation
SY1035,SY1035,SRR8906689,PRJNA531553,SNPTools name has no GRIN plant-name match — needs curation
FCD0602,FCD0602,SRR8906691,PRJNA531553,SNPTools name has no GRIN plant-name match — needs curation
GEMS30,GEMS30,SRR8906692,PRJNA531553,SNPTools name has no GRIN plant-name match — needs curation
ZONG31,ZONG31,SRR8906693,PRJNA531553,SNPTools name has no GRIN plant-name match — needs curation
GEMS21,GEMS21,SRR8906694,PRJNA531553,SNPTools name has no GRIN plant-name match — needs curation
RY737,RY737,SRR8906695,PRJNA531553,SNPTools name has no GRIN plant-name match — needs curation
DSB,DSB,SRR8906696,PRJNA531553,SNPTools name has no GRIN plant-name match — needs curation
JIAO51,JIAO51,SRR8906697,PRJNA531553,SNPTools name has no GRIN plant-name match — needs curation
177,177,SRR8906698,PRJNA531553,SNPTools name has no GRIN plant-name match — needs curation
GEMS40,GEMS40,SRR8906699,PRJNA531553,SNPTools name has no GRIN plant-name match — needs curation
GEMS45,GEMS45,SRR8906700,PRJNA531553,SNPTools name has no GRIN plant-name match — needs curation
GEMS12,GEMS12,SRR8906701,PRJNA531553,SNPTools name has no GRIN plant-name match — needs curation
SHEN5003,SHEN5003,SRR8906702,PRJNA531553,SNPTools name has no GRIN plant-name match — needs curation
GEMS32,GEMS32,SRR8906703,PRJNA531553,SNPTools name has no GRIN plant-name match — needs curation
GEMS35,GEMS35,SRR8906704,PRJNA531553,SNPTools name has no GRIN plant-name match — needs curation
XI502,XI502,SRR8906705,PRJNA531553,SNPTools name has no GRIN plant-name match — needs curation
GEMS49,GEMS49,SRR8906707,PRJNA531553,SNPTools name has no GRIN plant-name match — needs curation
RY713,RY713,SRR8906708,PRJNA531553,SNPTools name has no GRIN plant-name match — needs curation
WU109,WU109,SRR8906709,PRJNA531553,SNPTools name has no GRIN plant-name match — needs curation
CIMBL96,CIMBL96,SRR8906710,PRJNA531553,SNPTools name has no GRIN plant-name match — needs curation
CIMBL53,CIMBL53,SRR8906711,PRJNA531553,SNPTools name has no GRIN plant-name match — needs curation
CML134,CML134,SRR8906712,PRJNA531553,SNPTools name has no GRIN plant-name match — needs curation
CIMBL131,CIMBL131,SRR8906713,PRJNA531553,SNPTools name has no GRIN plant-name match — needs curation
CML51,CML51,SRR8906715,PRJNA531553,SNPTools name has no GRIN plant-name match — needs curation
CIMBL25,CIMBL25,SRR8906718,PRJNA531553,SNPTools name has no GRIN plant-name match — needs curation
CIMBL11,CIMBL11,SRR8906719,PRJNA531553,SNPTools name has no GRIN plant-name match — needs curation
CML290,CML290,SRR8906720,PRJNA531553,SNPTools name has no GRIN plant-name match — needs curation
CIMBL54,CIMBL54,SRR8906721,PRJNA531553,SNPTools name has no GRIN plant-name match — needs curation
CML172,CML172,SRR8906722,PRJNA531553,SNPTools name has no GRIN plant-name match — needs curation
CIMBL33,CIMBL33,SRR8906723,PRJNA531553,SNPTools name has no GRIN plant-name match — needs curation
SHEN137,SHEN137,SRR8906724,PRJNA531553,SNPTools name has no GRIN plant-name match — needs curation
CIMBL10,CIMBL10,SRR8906726,PRJNA531553,SNPTools name has no GRIN plant-name match — needs curation
CML493,CML493,SRR8906728,PRJNA531553,SNPTools name has no GRIN plant-name match — needs curation
CIMBL127,CIMBL127,SRR8906729,PRJNA531553,SNPTools name has no GRIN plant-name match — needs curation
CML364,CML364,SRR8906730,PRJNA531553,SNPTools name has no GRIN plant-name match — needs curation
CIMBL132,CIMBL132,SRR8906731,PRJNA531553,SNPTools name has no GRIN plant-name match — needs curation
CML454,CML454,SRR8906732,PRJNA531553,SNPTools name has no GRIN plant-name match — needs curation
CIMBL59,CIMBL59,SRR8906733,PRJNA531553,SNPTools name has no GRIN plant-name match — needs curation
CML113,CML113,SRR8906734,PRJNA531553,SNPTools name has no GRIN plant-name match — needs curation
CML415,CML415,SRR8906735,PRJNA531553,SNPTools name has no GRIN plant-name match — needs curation
CIMBL45,CIMBL45,SRR8906736,PRJNA531553,SNPTools name has no GRIN plant-name match — needs curation
CIMBL7,CIMBL7,SRR8906737,PRJNA531553,SNPTools name has no GRIN plant-name match — needs curation
CML423,CML423,SRR8906738,PRJNA531553,SNPTools name has no GRIN plant-name match — needs curation
CIMBL70,CIMBL70,SRR8906739,PRJNA531553,SNPTools name has no GRIN plant-name match — needs curation
CIMBL46,CIMBL46,SRR8906740,PRJNA531553,SNPTools name has no GRIN plant-name match — needs curation
238,238,SRR8906741,PRJNA531553,SNPTools name has no GRIN plant-name match — needs curation
GEMS14,GEMS14,SRR8906742,PRJNA531553,SNPTools name has no GRIN plant-name match — needs curation
GEMS60,GEMS60,SRR8906743,PRJNA531553,SNPTools name has no GRIN plant-name match — needs curation
EN25,EN25,SRR8906744,PRJNA531553,SNPTools name has no GRIN plant-name match — needs curation
CY72,CY72,SRR8906745,PRJNA531553,SNPTools name has no GRIN plant-name match — needs curation
GEMS52,GEMS52,SRR8906747,PRJNA531553,SNPTools name has no GRIN plant-name match — needs curation
JH59,JH59,SRR8906748,PRJNA531553,SNPTools name has no GRIN plant-name match — needs curation
DH3732,DH3732,SRR8906749,PRJNA531553,SNPTools name has no GRIN plant-name match — needs curation
CIMBL87,CIMBL87,SRR8906750,PRJNA531553,SNPTools name has no GRIN plant-name match — needs curation
150,150,SRR8906751,PRJNA531553,SNPTools name has no GRIN plant-name match — needs curation
GY386,GY386,SRR8906752,PRJNA531553,SNPTools name has no GRIN plant-name match — needs curation
CIMBL24,CIMBL24,SRR8906753,PRJNA531553,SNPTools name has no GRIN plant-name match — needs curation
CIMBL153,CIMBL153,SRR8906754,PRJNA531553,SNPTools name has no GRIN plant-name match — needs curation
CIMBL143,CIMBL143,SRR8906755,PRJNA531553,SNPTools name has no GRIN plant-name match — needs curation
CIMBL65,CIMBL65,SRR8906756,PRJNA531553,SNPTools name has no GRIN plant-name match — needs curation
M97,M97,SRR8906757,PRJNA531553,SNPTools name has no GRIN plant-name match — needs curation
R15,R15,SRR8906758,PRJNA531553,SNPTools name has no GRIN plant-name match — needs curation
ZHENG32,ZHENG32,SRR8906759,PRJNA531553,SNPTools name has no GRIN plant-name match — needs curation
TY4,TY4,SRR8906760,PRJNA531553,SNPTools name has no GRIN plant-name match — needs curation
BY807,BY807,SRR8906763,PRJNA531553,SNPTools name has no GRIN plant-name match — needs curation
U8112,U8112,SRR8906764,PRJNA531553,SNPTools name has no GRIN plant-name match — needs curation
GEMS29,GEMS29,SRR8906765,PRJNA531553,SNPTools name has no GRIN plant-name match — needs curation
1323,1323,SRR8906766,PRJNA531553,SNPTools name has no GRIN plant-name match — needs curation
TY5,TY5,SRR8906767,PRJNA531553,SNPTools name has no GRIN plant-name match — needs curation
RY697,RY697,SRR8906768,PRJNA531553,SNPTools name has no GRIN plant-name match — needs curation
SY1077,SY1077,SRR8906769,PRJNA531553,SNPTools name has no GRIN plant-name match — needs curation
JI842,JI842,SRR8906771,PRJNA531553,SNPTools name has no GRIN plant-name match — needs curation
GEMS66,GEMS66,SRR8906772,PRJNA531553,SNPTools name has no GRIN plant-name match — needs curation
ZHENG35,ZHENG35,SRR8906773,PRJNA531553,SNPTools name has no GRIN plant-name match — needs curation
GY386B,GY386B,SRR8906774,PRJNA531553,SNPTools name has no GRIN plant-name match — needs curation
GEMS51,GEMS51,SRR8906775,PRJNA531553,SNPTools name has no GRIN plant-name match — needs curation
CIMBL21,CIMBL21,SRR8906776,PRJNA531553,SNPTools name has no GRIN plant-name match — needs curation
CIMBL118,CIMBL118,SRR8906777,PRJNA531553,SNPTools name has no GRIN plant-name match — needs curation
CIMBL99,CIMBL99,SRR8906778,PRJNA531553,SNPTools name has no GRIN plant-name match — needs curation
CML286,CML286,SRR8906779,PRJNA531553,SNPTools name has no GRIN plant-name match — needs curation
CML169,CML169,SRR8906780,PRJNA531553,SNPTools name has no GRIN plant-name match — needs curation
CIMBL56,CIMBL56,SRR8906781,PRJNA531553,SNPTools name has no GRIN plant-name match — needs curation
CIMBL49,CIMBL49,SRR8906782,PRJNA531553,SNPTools name has no GRIN plant-name match — needs curation
CIMBL154,CIMBL154,SRR8906783,PRJNA531553,SNPTools name has no GRIN plant-name match — needs curation
CML165,CML165,SRR8906785,PRJNA531553,SNPTools name has no GRIN plant-name match — needs curation
K22,K22,SRR8906786,PRJNA531553,SNPTools name has no GRIN plant-name match — needs curation
18-599,18-599,SRR8906787,PRJNA531553,SNPTools name has no GRIN plant-name match — needs curation
ZHENG28,ZHENG28,SRR8906788,PRJNA531553,SNPTools name has no GRIN plant-name match — needs curation
CIMBL84,CIMBL84,SRR8906789,PRJNA531553,SNPTools name has no GRIN plant-name match — needs curation
CIMBL77,CIMBL77,SRR8906791,PRJNA531553,SNPTools name has no GRIN plant-name match — needs curation
CML324,CML324,SRR8906792,PRJNA531553,SNPTools name has no GRIN plant-name match — needs curation
CIMBL124,CIMBL124,SRR8906793,PRJNA531553,SNPTools name has no GRIN plant-name match — needs curation
CIMBL68,CIMBL68,SRR8906794,PRJNA531553,SNPTools name has no GRIN plant-name match — needs curation
CIMBL71,CIMBL71,SRR8906795,PRJNA531553,SNPTools name has no GRIN plant-name match — needs curation
CIMBL34,CIMBL34,SRR8906796,PRJNA531553,SNPTools name has no GRIN plant-name match — needs curation
CIMBL69,CIMBL69,SRR8906797,PRJNA531553,SNPTools name has no GRIN plant-name match — needs curation
CIMBL23,CIMBL23,SRR8906798,PRJNA531553,SNPTools name has no GRIN plant-name match — needs curation
CIMBL121,CIMBL121,SRR8906799,PRJNA531553,SNPTools name has no GRIN plant-name match — needs curation
CML118,CML118,SRR8906800,PRJNA531553,SNPTools name has no GRIN plant-name match — needs curation
CIMBL156,CIMBL156,SRR8906801,PRJNA531553,SNPTools name has no GRIN plant-name match — needs curation
CML470,CML470,SRR8906802,PRJNA531553,SNPTools name has no GRIN plant-name match — needs curation
CML411,CML411,SRR8906803,PRJNA531553,SNPTools name has no GRIN plant-name match — needs curation
CIMBL107,CIMBL107,SRR8906804,PRJNA531553,SNPTools name has no GRIN plant-name match — needs curation
CIMBL98,CIMBL98,SRR8906805,PRJNA531553,SNPTools name has no GRIN plant-name match — needs curation
CIMBL100,CIMBL100,SRR8906806,PRJNA531553,SNPTools name has no GRIN plant-name match — needs curation
CIMBL150,CIMBL150,SRR8906807,PRJNA531553,SNPTools name has no GRIN plant-name match — needs curation
CIMBL35,CIMBL35,SRR8906808,PRJNA531553,SNPTools name has no GRIN plant-name match — needs curation
CML428,CML428,SRR8906809,PRJNA531553,SNPTools name has no GRIN plant-name match — needs curation
CIMBL115,CIMBL115,SRR8906810,PRJNA531553,SNPTools name has no GRIN plant-name match — needs curation
CIMBL82,CIMBL82,SRR8906812,PRJNA531553,SNPTools name has no GRIN plant-name match — needs curation
CIMBL57,CIMBL57,SRR8906813,PRJNA531553,SNPTools name has no GRIN plant-name match — needs curation
CIMBL91,CIMBL91,SRR8906814,PRJNA531553,SNPTools name has no GRIN plant-name match — needs curation
CIMBL43,CIMBL43,SRR8906815,PRJNA531553,SNPTools name has no GRIN plant-name match — needs curation
CML121,CML121,SRR8906816,PRJNA531553,SNPTools name has no GRIN plant-name match — needs curation
CIMBL27,CIMBL27,SRR8906817,PRJNA531553,SNPTools name has no GRIN plant-name match — needs curation
CIMBL102,CIMBL102,SRR8906818,PRJNA531553,SNPTools name has no GRIN plant-name match — needs curation
TY9,TY9,SRR8906819,PRJNA531553,SNPTools name has no GRIN plant-name match — needs curation
GEMS3,GEMS3,SRR8906820,PRJNA531553,SNPTools name has no GRIN plant-name match — needs curation
9782,9782,SRR8906821,PRJNA531553,SNPTools name has no GRIN plant-name match — needs curation
303WX,303WX,SRR8906822,PRJNA531553,SNPTools name has no GRIN plant-name match — needs curation
GEMS10,GEMS10,SRR8906823,PRJNA531553,SNPTools name has no GRIN plant-name match — needs curation
GEMS62,GEMS62,SRR8906824,PRJNA531553,SNPTools name has no GRIN plant-name match — needs curation
7381,7381,SRR8906825,PRJNA531553,SNPTools name has no GRIN plant-name match — needs curation
GEMS4,GEMS4,SRR8906826,PRJNA531553,SNPTools name has no GRIN plant-name match — needs curation
1462,1462,SRR8906828,PRJNA531553,SNPTools name has no GRIN plant-name match — needs curation
ZHENG29,ZHENG29,SRR8906829,PRJNA531553,SNPTools name has no GRIN plant-name match — needs curation
LIAO5262,LIAO5262,SRR8906831,PRJNA531553,SNPTools name has no GRIN plant-name match — needs curation
GEMS31,GEMS31,SRR8906832,PRJNA531553,SNPTools name has no GRIN plant-name match — needs curation
GY923,GY923,SRR8906833,PRJNA531553,SNPTools name has no GRIN plant-name match — needs curation
TY6,TY6,SRR8906834,PRJNA531553,SNPTools name has no GRIN plant-name match — needs curation
384-2,384-2,SRR8906835,PRJNA531553,SNPTools name has no GRIN plant-name match — needs curation
HYS,HYS,SRR8906836,PRJNA531553,SNPTools name has no GRIN plant-name match — needs curation
LY042,LY042,SRR8906837,PRJNA531553,SNPTools name has no GRIN plant-name match — needs curation
5311,5311,SRR8906838,PRJNA531553,SNPTools name has no GRIN plant-name match — needs curation
BY843,BY843,SRR8906839,PRJNA531553,SNPTools name has no GRIN plant-name match — needs curation
DAN340,DAN340,SRR8906840,PRJNA531553,SNPTools name has no GRIN plant-name match — needs curation
CF3,CF3,SRR8906841,PRJNA531553,SNPTools name has no GRIN plant-name match — needs curation
ZAC546,ZAC546,SRR8906842,PRJNA531553,SNPTools name has no GRIN plant-name match — needs curation
GEMS24,GEMS24,SRR8906843,PRJNA531553,SNPTools name has no GRIN plant-name match — needs curation
975-12,975-12,SRR8906844,PRJNA531553,SNPTools name has no GRIN plant-name match — needs curation
GEMS23,GEMS23,SRR8906846,PRJNA531553,SNPTools name has no GRIN plant-name match — needs curation
TY8,TY8,SRR8906847,PRJNA531553,SNPTools name has no GRIN plant-name match — needs curation
R15X1141,R15X1141,SRR8906848,PRJNA531553,SNPTools name has no GRIN plant-name match — needs curation
GEMS18,GEMS18,SRR8906849,PRJNA531553,SNPTools name has no GRIN plant-name match — needs curation
SI446,SI446,SRR8906850,PRJNA531553,SNPTools name has no GRIN plant-name match — needs curation
GEMS63,GEMS63,SRR8906851,PRJNA531553,SNPTools name has no GRIN plant-name match — needs curation
GEMS44,GEMS44,SRR8906852,PRJNA531553,SNPTools name has no GRIN plant-name match — needs curation
CML432,CML432,SRR8906853,PRJNA531553,SNPTools name has no GRIN plant-name match — needs curation
SI273,SI273,SRR8906854,PRJNA531553,SNPTools name has no GRIN plant-name match — needs curation
SY999,SY999,SRR8906855,PRJNA531553,SNPTools name has no GRIN plant-name match — needs curation
ZH68,ZH68,SRR8906856,PRJNA531553,SNPTools name has no GRIN plant-name match — needs curation
TIE7922,TIE7922,SRR8906857,PRJNA531553,SNPTools name has no GRIN plant-name match — needs curation
CML408,CML408,SRR8906858,PRJNA531553,SNPTools name has no GRIN plant-name match — needs curation
DONG46,DONG46,SRR8906859,PRJNA531553,SNPTools name has no GRIN plant-name match — needs curation
05W002,05W002,SRR8906860,PRJNA531553,SNPTools name has no GRIN plant-name match — needs curation
YE478,YE478,SRR8906861,PRJNA531553,SNPTools name has no GRIN plant-name match — needs curation
HZS,HZS,SRR8906862,PRJNA531553,SNPTools name has no GRIN plant-name match — needs curation
CIMBL41,CIMBL41,SRR8906863,PRJNA531553,SNPTools name has no GRIN plant-name match — needs curation
CIMBL85,CIMBL85,SRR8906864,PRJNA531553,SNPTools name has no GRIN plant-name match — needs curation
CML192,CML192,SRR8906865,PRJNA531553,SNPTools name has no GRIN plant-name match — needs curation
CIMBL44,CIMBL44,SRR8906866,PRJNA531553,SNPTools name has no GRIN plant-name match — needs curation
CIMBL40,CIMBL40,SRR8906867,PRJNA531553,SNPTools name has no GRIN plant-name match — needs curation
CML115,CML115,SRR8906868,PRJNA531553,SNPTools name has no GRIN plant-name match — needs curation
CIMBL1,CIMBL1,SRR8906869,PRJNA531553,SNPTools name has no GRIN plant-name match — needs curation
CIMBL95,CIMBL95,SRR8906870,PRJNA531553,SNPTools name has no GRIN plant-name match — needs curation
CML170,CML170,SRR8906871,PRJNA531553,SNPTools name has no GRIN plant-name match — needs curation
CIMBL152,CIMBL152,SRR8906872,PRJNA531553,SNPTools name has no GRIN plant-name match — needs curation
CIMBL74,CIMBL74,SRR8906873,PRJNA531553,SNPTools name has no GRIN plant-name match — needs curation
CML338,CML338,SRR8906874,PRJNA531553,SNPTools name has no GRIN plant-name match — needs curation
CIMBL120,CIMBL120,SRR8906875,PRJNA531553,SNPTools name has no GRIN plant-name match — needs curation
CIMBL38,CIMBL38,SRR8906877,PRJNA531553,SNPTools name has no GRIN plant-name match — needs curation
CIMBL26,CIMBL26,SRR8906878,PRJNA531553,SNPTools name has no GRIN plant-name match — needs curation
CIMBL128,CIMBL128,SRR8906880,PRJNA531553,SNPTools name has no GRIN plant-name match — needs curation
CML162,CML162,SRR8906881,PRJNA531553,SNPTools name has no GRIN plant-name match — needs curation
CIMBL104,CIMBL104,SRR8906882,PRJNA531553,SNPTools name has no GRIN plant-name match — needs curation
GEMS1,GEMS1,SRR8906883,PRJNA531553,SNPTools name has no GRIN plant-name match — needs curation
CIMBL106,CIMBL106,SRR8906884,PRJNA531553,SNPTools name has no GRIN plant-name match — needs curation
CIMBL125,CIMBL125,SRR8906885,PRJNA531553,SNPTools name has no GRIN plant-name match — needs curation
CML496,CML496,SRR8906886,PRJNA531553,SNPTools name has no GRIN plant-name match — needs curation
CML130,CML130,SRR8906887,PRJNA531553,SNPTools name has no GRIN plant-name match — needs curation
CIMBL9,CIMBL9,SRR8906889,PRJNA531553,SNPTools name has no GRIN plant-name match — needs curation
CIMBL122,CIMBL122,SRR8906890,PRJNA531553,SNPTools name has no GRIN plant-name match — needs curation
CIMBL134,CIMBL134,SRR8906891,PRJNA531553,SNPTools name has no GRIN plant-name match — needs curation
CIMBL20,CIMBL20,SRR8906892,PRJNA531553,SNPTools name has no GRIN plant-name match — needs curation
GEMS59,GEMS59,SRR8906893,PRJNA531553,SNPTools name has no GRIN plant-name match — needs curation
SY1052,SY1052,SRR8906894,PRJNA531553,SNPTools name has no GRIN plant-name match — needs curation
GEMS16,GEMS16,SRR8906895,PRJNA531553,SNPTools name has no GRIN plant-name match — needs curation
CML171,CML171,SRR8906896,PRJNA531553,SNPTools name has no GRIN plant-name match — needs curation
DH29,DH29,SRR8906897,PRJNA531553,SNPTools name has no GRIN plant-name match — needs curation
NMJT,NMJT,SRR8906898,PRJNA531553,SNPTools name has no GRIN plant-name match — needs curation
ZHENG30,ZHENG30,SRR8906899,PRJNA531553,SNPTools name has no GRIN plant-name match — needs curation
WH413,WH413,SRR8906900,PRJNA531553,SNPTools name has no GRIN plant-name match — needs curation
GEMS43,GEMS43,SRR8906901,PRJNA531553,SNPTools name has no GRIN plant-name match — needs curation
QI205,QI205,SRR8906902,PRJNA531553,SNPTools name has no GRIN plant-name match — needs curation
DAN360,DAN360,SRR8906903,PRJNA531553,SNPTools name has no GRIN plant-name match — needs curation
LXN,LXN,SRR8906904,PRJNA531553,SNPTools name has no GRIN plant-name match — needs curation
CHANG3,CHANG3,SRR8906905,PRJNA531553,SNPTools name has no GRIN plant-name match — needs curation
GY1032,GY1032,SRR8906906,PRJNA531553,SNPTools name has no GRIN plant-name match — needs curation
GEMS53,GEMS53,SRR8906908,PRJNA531553,SNPTools name has no GRIN plant-name match — needs curation
CIMBL83,CIMBL83,SRR8906909,PRJNA531553,SNPTools name has no GRIN plant-name match — needs curation
CIMBL101,CIMBL101,SRR8906910,PRJNA531553,SNPTools name has no GRIN plant-name match — needs curation
CIMBL67,CIMBL67,SRR8906911,PRJNA531553,SNPTools name has no GRIN plant-name match — needs curation
P178,P178,SRR8906912,PRJNA531553,SNPTools name has no GRIN plant-name match — needs curation
CIMBL113,CIMBL113,SRR8906913,PRJNA531553,SNPTools name has no GRIN plant-name match — needs curation
CIMBL62,CIMBL62,SRR8906914,PRJNA531553,SNPTools name has no GRIN plant-name match — needs curation
ZZ01,ZZ01,SRR8906915,PRJNA531553,SNPTools name has no GRIN plant-name match — needs curation
CML50,CML50,SRR8906916,PRJNA531553,SNPTools name has no GRIN plant-name match — needs curation
CIMBL19,CIMBL19,SRR8906917,PRJNA531553,SNPTools name has no GRIN plant-name match — needs curation
CIMBL88,CIMBL88,SRR8906918,PRJNA531553,SNPTools name has no GRIN plant-name match — needs curation
CIMBL66,CIMBL66,SRR8906919,PRJNA531553,SNPTools name has no GRIN plant-name match — needs curation
CIMBL94,CIMBL94,SRR8906920,PRJNA531553,SNPTools name has no GRIN plant-name match — needs curation
CIMBL93,CIMBL93,SRR8906922,PRJNA531553,SNPTools name has no GRIN plant-name match — needs curation
CIMBL117,CIMBL117,SRR8906923,PRJNA531553,SNPTools name has no GRIN plant-name match — needs curation
CML473,CML473,SRR8906924,PRJNA531553,SNPTools name has no GRIN plant-name match — needs curation
CIMBL58,CIMBL58,SRR8906925,PRJNA531553,SNPTools name has no GRIN plant-name match — needs curation
YE52106,YE52106,SRR8906926,PRJNA531553,SNPTools name has no GRIN plant-name match — needs curation
XUN971,XUN971,SRR8906927,PRJNA531553,SNPTools name has no GRIN plant-name match — needs curation
WMR,WMR,SRR8906928,PRJNA531553,SNPTools name has no GRIN plant-name match — needs curation
D863F,D863F,SRR8906929,PRJNA531553,SNPTools name has no GRIN plant-name match — needs curation
CHUAN48-2,CHUAN48-2,SRR8906930,PRJNA531553,SNPTools name has no GRIN plant-name match — needs curation
05WN230,05WN230,SRR8906931,PRJNA531553,SNPTools name has no GRIN plant-name match — needs curation
BY4839,BY4839,SRR8906932,PRJNA531553,SNPTools name has no GRIN plant-name match — needs curation
501,501,SRR8906934,PRJNA531553,SNPTools name has no GRIN plant-name match — needs curation
YE488,YE488,SRR8906935,PRJNA531553,SNPTools name has no GRIN plant-name match — needs curation
3H-2,3H-2,SRR8906936,PRJNA531553,SNPTools name has no GRIN plant-name match — needs curation
CHENG698,CHENG698,SRR8906937,PRJNA531553,SNPTools name has no GRIN plant-name match — needs curation
LK11,LK11,SRR8906938,PRJNA531553,SNPTools name has no GRIN plant-name match — needs curation
CML225,CML225,SRR8906940,PRJNA531553,SNPTools name has no GRIN plant-name match — needs curation
TY2,TY2,SRR8906941,PRJNA531553,SNPTools name has no GRIN plant-name match — needs curation
RY729,RY729,SRR8906943,PRJNA531553,SNPTools name has no GRIN plant-name match — needs curation
CIMBL145,CIMBL145,SRR8906944,PRJNA531553,SNPTools name has no GRIN plant-name match — needs curation
CIMBL32,CIMBL32,SRR8906946,PRJNA531553,SNPTools name has no GRIN plant-name match — needs curation
CIMBL48,CIMBL48,SRR8906947,PRJNA531553,SNPTools name has no GRIN plant-name match — needs curation
CIMBL108,CIMBL108,SRR8906948,PRJNA531553,SNPTools name has no GRIN plant-name match — needs curation
CIMBL2,CIMBL2,SRR8906949,PRJNA531553,SNPTools name has no GRIN plant-name match — needs curation
CIMBL75,CIMBL75,SRR8906950,PRJNA531553,SNPTools name has no GRIN plant-name match — needs curation
CML226,CML226,SRR8906952,PRJNA531553,SNPTools name has no GRIN plant-name match — needs curation
CIMBL50,CIMBL50,SRR8906954,PRJNA531553,SNPTools name has no GRIN plant-name match — needs curation
HUANGC,HUANGC,SRR8906955,PRJNA531553,SNPTools name has no GRIN plant-name match — needs curation
CIMBL144,CIMBL144,SRR8906956,PRJNA531553,SNPTools name has no GRIN plant-name match — needs curation
CIMBL139,CIMBL139,SRR8906957,PRJNA531553,SNPTools name has no GRIN plant-name match — needs curation
CIMBL72,CIMBL72,SRR8906958,PRJNA531553,SNPTools name has no GRIN plant-name match — needs curation
CIMBL105,CIMBL105,SRR8906959,PRJNA531553,SNPTools name has no GRIN plant-name match — needs curation
CML361,CML361,SRR8906962,PRJNA531553,SNPTools name has no GRIN plant-name match — needs curation
CIMBL116,CIMBL116,SRR8906964,PRJNA531553,SNPTools name has no GRIN plant-name match — needs curation
DAN599,DAN599,SRR8906965,PRJNA531553,SNPTools name has no GRIN plant-name match — needs curation
CIMBL36,CIMBL36,SRR8906966,PRJNA531553,SNPTools name has no GRIN plant-name match — needs curation
CIMBL89,CIMBL89,SRR8906968,PRJNA531553,SNPTools name has no GRIN plant-name match — needs curation
CML114,CML114,SRR8906970,PRJNA531553,SNPTools name has no GRIN plant-name match — needs curation
CIMBL76,CIMBL76,SRR8906971,PRJNA531553,SNPTools name has no GRIN plant-name match — needs curation
CML431,CML431,SRR8906972,PRJNA531553,SNPTools name has no GRIN plant-name match — needs curation
CIMBL151,CIMBL151,SRR8906974,PRJNA531553,SNPTools name has no GRIN plant-name match — needs curation
CIMBL141,CIMBL141,SRR8906975,PRJNA531553,SNPTools name has no GRIN plant-name match — needs curation
CIMBL90,CIMBL90,SRR8906976,PRJNA531553,SNPTools name has no GRIN plant-name match — needs curation
CIMBL79,CIMBL79,SRR8906977,PRJNA531553,SNPTools name has no GRIN plant-name match — needs curation
CIMBL112,CIMBL112,SRR8906978,PRJNA531553,SNPTools name has no GRIN plant-name match — needs curation
YAN414,YAN414,SRR8906979,PRJNA531553,SNPTools name has no GRIN plant-name match — needs curation
BY855,BY855,SRR8906980,PRJNA531553,SNPTools name has no GRIN plant-name match — needs curation
Z2018F,Z2018F,SRR8906981,PRJNA531553,SNPTools name has no GRIN plant-name match — needs curation
YE515,YE515,SRR8906982,PRJNA531553,SNPTools name has no GRIN plant-name match — needs curation
MO113,MO113,SRR8906983,PRJNA531553,SNPTools name has no GRIN plant-name match — needs curation
BY813,BY813,SRR8906984,PRJNA531553,SNPTools name has no GRIN plant-name match — needs curation
JI53,JI53,SRR8906985,PRJNA531553,SNPTools name has no GRIN plant-name match — needs curation
GEMS15,GEMS15,SRR8906986,PRJNA531553,SNPTools name has no GRIN plant-name match — needs curation
SI434,SI434,SRR8906987,PRJNA531553,SNPTools name has no GRIN plant-name match — needs curation
B151,B151,SRR8906988,PRJNA531553,SNPTools name has no GRIN plant-name match — needs curation
TY11,TY11,SRR8906989,PRJNA531553,SNPTools name has no GRIN plant-name match — needs curation
IRF314,IRF314,SRR8906990,PRJNA531553,SNPTools name has no GRIN plant-name match — needs curation
L3180,L3180,SRR8906991,PRJNA531553,SNPTools name has no GRIN plant-name match — needs curation
GY462,GY462,SRR8906992,PRJNA531553,SNPTools name has no GRIN plant-name match — needs curation
SY1032,SY1032,SRR8906993,PRJNA531553,SNPTools name has no GRIN plant-name match — needs curation
GEMS9,GEMS9,SRR8906994,PRJNA531553,SNPTools name has no GRIN plant-name match — needs curation
GEMS17,GEMS17,SRR8906995,PRJNA531553,SNPTools name has no GRIN plant-name match — needs curation
HU803,HU803,SRR8906996,PRJNA531553,SNPTools name has no GRIN plant-name match — needs curation
GEMS41,GEMS41,SRR8906997,PRJNA531553,SNPTools name has no GRIN plant-name match — needs curation
GEMS58,GEMS58,SRR8906998,PRJNA531553,SNPTools name has no GRIN plant-name match — needs curation
CIMBL123,CIMBL123,SRR8906999,PRJNA531553,SNPTools name has no GRIN plant-name match — needs curation
GEMS50,GEMS50,SRR8907000,PRJNA531553,SNPTools name has no GRIN plant-name match — needs curation
M153,M153,SRR8907001,PRJNA531553,SNPTools name has no GRIN plant-name match — needs curation
LIAO5263,LIAO5263,SRR8907002,PRJNA531553,SNPTools name has no GRIN plant-name match — needs curation
C8605,C8605,SRR8907003,PRJNA531553,SNPTools name has no GRIN plant-name match — needs curation
ZHONG69,ZHONG69,SRR8907004,PRJNA531553,SNPTools name has no GRIN plant-name match — needs curation
GEMS27,GEMS27,SRR8907005,PRJNA531553,SNPTools name has no GRIN plant-name match — needs curation
DAN598,DAN598,SRR8907006,PRJNA531553,SNPTools name has no GRIN plant-name match — needs curation
GEMS13,GEMS13,SRR8907008,PRJNA531553,SNPTools name has no GRIN plant-name match — needs curation
GEMS54,GEMS54,SRR8907009,PRJNA531553,SNPTools name has no GRIN plant-name match — needs curation
GEMS37,GEMS37,SRR8907010,PRJNA531553,SNPTools name has no GRIN plant-name match — needs curation
MN,MN,SRR8907011,PRJNA531553,SNPTools name has no GRIN plant-name match — needs curation
04K5672,04K5672,SRR8907012,PRJNA531553,SNPTools name has no GRIN plant-name match — needs curation
JY01,JY01,SRR8907013,PRJNA531553,SNPTools name has no GRIN plant-name match — needs curation
GEMS28,GEMS28,SRR8907014,PRJNA531553,SNPTools name has no GRIN plant-name match — needs curation
GEMS42,GEMS42,SRR8907015,PRJNA531553,SNPTools name has no GRIN plant-name match — needs curation
GEMS61,GEMS61,SRR8907016,PRJNA531553,SNPTools name has no GRIN plant-name match — needs curation
SK_resequencing,SK_resequencing,SRR8907017,PRJNA531553,SNPTools name has no GRIN plant-name match — needs curation
TY10,TY10,SRR8907018,PRJNA531553,SNPTools name has no GRIN plant-name match — needs curation
GEMS19,GEMS19,SRR8907019,PRJNA531553,SNPTools name has no GRIN plant-name match — needs curation
BY4944,BY4944,SRR8907020,PRJNA531553,SNPTools name has no GRIN plant-name match — needs curation
SI444,SI444,SRR8907021,PRJNA531553,SNPTools name has no GRIN plant-name match — needs curation
BGY,BGY,SRR8907022,PRJNA531553,SNPTools name has no GRIN plant-name match — needs curation
SW92E114,SW92E114,SRR8907023,PRJNA531553,SNPTools name has no GRIN plant-name match — needs curation
BY809,BY809,SRR8907024,PRJNA531553,SNPTools name has no GRIN plant-name match — needs curation
DONG237,DONG237,SRR8907025,PRJNA531553,SNPTools name has no GRIN plant-name match — needs curation
SY3073,SY3073,SRR8907026,PRJNA531553,SNPTools name has no GRIN plant-name match — needs curation
CIMBL52,CIMBL52,SRR8907027,PRJNA531553,SNPTools name has no GRIN plant-name match — needs curation
CIMBL63,CIMBL63,SRR8907028,PRJNA531553,SNPTools name has no GRIN plant-name match — needs curation
CIMBL157,CIMBL157,SRR8907029,PRJNA531553,SNPTools name has no GRIN plant-name match — needs curation
CIMBL142,CIMBL142,SRR8907030,PRJNA531553,SNPTools name has no GRIN plant-name match — needs curation
CML122,CML122,SRR8907031,PRJNA531553,SNPTools name has no GRIN plant-name match — needs curation
CIMBL136,CIMBL136,SRR8907032,PRJNA531553,SNPTools name has no GRIN plant-name match — needs curation
CIMBL3,CIMBL3,SRR8907033,PRJNA531553,SNPTools name has no GRIN plant-name match — needs curation
CIMBL130,CIMBL130,SRR8907034,PRJNA531553,SNPTools name has no GRIN plant-name match — needs curation
CIMBL4,CIMBL4,SRR8907036,PRJNA531553,SNPTools name has no GRIN plant-name match — needs curation
CML326,CML326,SRR8907038,PRJNA531553,SNPTools name has no GRIN plant-name match — needs curation
LIAO138,LIAO138,SRR8907039,PRJNA531553,SNPTools name has no GRIN plant-name match — needs curation
DAN3130,DAN3130,SRR8907040,PRJNA531553,SNPTools name has no GRIN plant-name match — needs curation
ZB648,ZB648,SRR8907041,PRJNA531553,SNPTools name has no GRIN plant-name match — needs curation
CML139,CML139,SRR8907042,PRJNA531553,SNPTools name has no GRIN plant-name match — needs curation
CIMBL148,CIMBL148,SRR8907043,PRJNA531553,SNPTools name has no GRIN plant-name match — needs curation
CIMBL133,CIMBL133,SRR8907044,PRJNA531553,SNPTools name has no GRIN plant-name match — needs curation
CIMBL5,CIMBL5,SRR8907045,PRJNA531553,SNPTools name has no GRIN plant-name match — needs curation
CIMBL8,CIMBL8,SRR8907046,PRJNA531553,SNPTools name has no GRIN plant-name match — needs curation
QI319,QI319,SRR8907047,PRJNA531553,SNPTools name has no GRIN plant-name match — needs curation
CIMBL42,CIMBL42,SRR8907048,PRJNA531553,SNPTools name has no GRIN plant-name match — needs curation
CIMBL17,CIMBL17,SRR8907049,PRJNA531553,SNPTools name has no GRIN plant-name match — needs curation
CIMBL126,CIMBL126,SRR8907050,PRJNA531553,SNPTools name has no GRIN plant-name match — needs curation
CML412,CML412,SRR8907051,PRJNA531553,SNPTools name has no GRIN plant-name match — needs curation
CIMBL147,CIMBL147,SRR8907052,PRJNA531553,SNPTools name has no GRIN plant-name match — needs curation
CML479,CML479,SRR8907053,PRJNA531553,SNPTools name has no GRIN plant-name match — needs curation
CIMBL13,CIMBL13,SRR8907054,PRJNA531553,SNPTools name has no GRIN plant-name match — needs curation
CIMBL22,CIMBL22,SRR8907055,PRJNA531553,SNPTools name has no GRIN plant-name match — needs curation
B11,B11,SRR8907056,PRJNA531553,SNPTools name has no GRIN plant-name match — needs curation
CIMBL78,CIMBL78,SRR8907059,PRJNA531553,SNPTools name has no GRIN plant-name match — needs curation
CML465,CML465,SRR8907060,PRJNA531553,SNPTools name has no GRIN plant-name match — needs curation
CIMBL47,CIMBL47,SRR8907061,PRJNA531553,SNPTools name has no GRIN plant-name match — needs curation
HSBN,HSBN,SRR8907062,PRJNA531553,SNPTools name has no GRIN plant-name match — needs curation
GEMS64,GEMS64,SRR8907063,PRJNA531553,SNPTools name has no GRIN plant-name match — needs curation
GEMS20,GEMS20,SRR8907066,PRJNA531553,SNPTools name has no GRIN plant-name match — needs curation
ZHENG22,ZHENG22,SRR8907068,PRJNA531553,SNPTools name has no GRIN plant-name match — needs curation
GEMS6,GEMS6,SRR8907069,PRJNA531553,SNPTools name has no GRIN plant-name match — needs curation
268,268,SRR8907070,PRJNA531553,SNPTools name has no GRIN plant-name match — needs curation
SY998,SY998,SRR8907071,PRJNA531553,SNPTools name has no GRIN plant-name match — needs curation
GEMS57,GEMS57,SRR8907072,PRJNA531553,SNPTools name has no GRIN plant-name match — needs curation
GEMS65,GEMS65,SRR8907073,PRJNA531553,SNPTools name has no GRIN plant-name match — needs curation
D047,D047,SRR8907074,PRJNA531553,SNPTools name has no GRIN plant-name match — needs curation
DE.EX,DE.EX,SRR8907075,PRJNA531553,SNPTools name has no GRIN plant-name match — needs curation
JI853,JI853,SRR8907076,PRJNA531553,SNPTools name has no GRIN plant-name match — needs curation
835B,835B,SRR8907077,PRJNA531553,SNPTools name has no GRIN plant-name match — needs curation
P6WC,P6WC,SRR8907078,PRJNA531553,SNPTools name has no GRIN plant-name match — needs curation
JING724,JING724,SRR8907079,PRJNA531553,SNPTools name has no GRIN plant-name match — needs curation
3411,3411,SRR8907081,PRJNA531553,SNPTools name has no GRIN plant-name match — needs curation
JING24,JING24,SRR8907082,PRJNA531553,SNPTools name has no GRIN plant-name match — needs curation
E28,E28,SRR8907083,PRJNA531553,SNPTools name has no GRIN plant-name match — needs curation
TIAN77,TIAN77,SRR8907085,PRJNA531553,SNPTools name has no GRIN plant-name match — needs curation
CHANG7-2,CHANG7-2,SRR8907086,PRJNA531553,SNPTools name has no GRIN plant-name match — needs curation
YE107,YE107,SRR8907087,PRJNA531553,SNPTools name has no GRIN plant-name match — needs curation
GY220,GY220,SRR8907088,PRJNA531553,SNPTools name has no GRIN plant-name match — needs curation
M165,M165,SRR8907089,PRJNA531553,SNPTools name has no GRIN plant-name match — needs curation
TT16,TT16,SRR8907090,PRJNA531553,SNPTools name has no GRIN plant-name match — needs curation
LV28,LV28,SRR8907091,PRJNA531553,SNPTools name has no GRIN plant-name match — needs curation
07KS4,07KS4,SRR8907092,PRJNA531553,SNPTools name has no GRIN plant-name match — needs curation
7884-4HT,7884-4HT,SRR8907094,PRJNA531553,SNPTools name has no GRIN plant-name match — needs curation
SY1128,SY1128,SRR8907095,PRJNA531553,SNPTools name has no GRIN plant-name match — needs curation
GEMS39,GEMS39,SRR8907096,PRJNA531553,SNPTools name has no GRIN plant-name match — needs curation
GEMS5,GEMS5,SRR8907097,PRJNA531553,SNPTools name has no GRIN plant-name match — needs curation
CIMBL61,CIMBL61,SRR8907098,PRJNA531553,SNPTools name has no GRIN plant-name match — needs curation
NAN21-3,NAN21-3,SRR8907100,PRJNA531553,SNPTools name has no GRIN plant-name match — needs curation
CML191,CML191,SRR8907101,PRJNA531553,SNPTools name has no GRIN plant-name match — needs curation
CIMBL14,CIMBL14,SRR8907102,PRJNA531553,SNPTools name has no GRIN plant-name match — needs curation
CIMBL60,CIMBL60,SRR8907103,PRJNA531553,SNPTools name has no GRIN plant-name match — needs curation
CIMBL114,CIMBL114,SRR8907104,PRJNA531553,SNPTools name has no GRIN plant-name match — needs curation
CIMBL119,CIMBL119,SRR8907106,PRJNA531553,SNPTools name has no GRIN plant-name match — needs curation
CIMBL73,CIMBL73,SRR8907107,PRJNA531553,SNPTools name has no GRIN plant-name match — needs curation
IRF291,IRF291,SRR8907108,PRJNA531553,SNPTools name has no GRIN plant-name match — needs curation
CML468,CML468,SRR8907109,PRJNA531553,SNPTools name has no GRIN plant-name match — needs curation
CIMBL97,CIMBL97,SRR8907110,PRJNA531553,SNPTools name has no GRIN plant-name match — needs curation
CIMBL6,CIMBL6,SRR8907111,PRJNA531553,SNPTools name has no GRIN plant-name match — needs curation
CIMBL30,CIMBL30,SRR8907112,PRJNA531553,SNPTools name has no GRIN plant-name match — needs curation
CIMBL138,CIMBL138,SRR8907113,PRJNA531553,SNPTools name has no GRIN plant-name match — needs curation
CIMBL129,CIMBL129,SRR8907114,PRJNA531553,SNPTools name has no GRIN plant-name match — needs curation
CIMBL81,CIMBL81,SRR8907115,PRJNA531553,SNPTools name has no GRIN plant-name match — needs curation
CIMBL86,CIMBL86,SRR8907117,PRJNA531553,SNPTools name has no GRIN plant-name match — needs curation
CIMBL80,CIMBL80,SRR8907118,PRJNA531553,SNPTools name has no GRIN plant-name match — needs curation
YU374,YU374,SRR8907119,PRJNA531553,SNPTools name has no GRIN plant-name match — needs curation
ZONG3,ZONG3,SRR8907120,PRJNA531553,SNPTools name has no GRIN plant-name match — needs curation
GEMS11,GEMS11,SRR8907121,PRJNA531553,SNPTools name has no GRIN plant-name match — needs curation
BY804,BY804,SRR8907123,PRJNA531553,SNPTools name has no GRIN plant-name match — needs curation
LIAO159,LIAO159,SRR8907124,PRJNA531553,SNPTools name has no GRIN plant-name match — needs curation
RY732,RY732,SRR8907125,PRJNA531553,SNPTools name has no GRIN plant-name match — needs curation
GY798,GY798,SRR8907126,PRJNA531553,SNPTools name has no GRIN plant-name match — needs curation
YE8001,YE8001,SRR8907127,PRJNA531553,SNPTools name has no GRIN plant-name match — needs curation
XZ698,XZ698,SRR8907128,PRJNA531553,SNPTools name has no GRIN plant-name match — needs curation
GY237,GY237,SRR8907129,PRJNA531553,SNPTools name has no GRIN plant-name match — needs curation
SY1039,SY1039,SRR8907130,PRJNA531553,SNPTools name has no GRIN plant-name match — needs curation
YU87-1,YU87-1,SRR8907131,PRJNA531553,SNPTools name has no GRIN plant-name match — needs curation
TY3,TY3,SRR8907132,PRJNA531553,SNPTools name has no GRIN plant-name match — needs curation
DAN4245,DAN4245,SRR8907133,PRJNA531553,SNPTools name has no GRIN plant-name match — needs curation
GEMS2,GEMS2,SRR8907134,PRJNA531553,SNPTools name has no GRIN plant-name match — needs curation
GEMS46,GEMS46,SRR8907135,PRJNA531553,SNPTools name has no GRIN plant-name match — needs curation
GEMS33,GEMS33,SRR8907136,PRJNA531553,SNPTools name has no GRIN plant-name match — needs curation
HB,HB,SRR8907138,PRJNA531553,SNPTools name has no GRIN plant-name match — needs curation
GEMS48,GEMS48,SRR8907139,PRJNA531553,SNPTools name has no GRIN plant-name match — needs curation
HTH-17,HTH-17,SRR8907140,PRJNA531553,SNPTools name has no GRIN plant-name match — needs curation
BEM,BEM,SRR8907141,PRJNA531553,SNPTools name has no GRIN plant-name match — needs curation
4019,4019,SRR8907143,PRJNA531553,SNPTools name has no GRIN plant-name match — needs curation
ES40,ES40,SRR8907144,PRJNA531553,SNPTools name has no GRIN plant-name match — needs curation
ZZ03,ZZ03,SRR8907145,PRJNA531553,SNPTools name has no GRIN plant-name match — needs curation
GEMS25,GEMS25,SRR8907146,PRJNA531553,SNPTools name has no GRIN plant-name match — needs curation
RY684,RY684,SRR8907147,PRJNA531553,SNPTools name has no GRIN plant-name match — needs curation
JH96C,JH96C,SRR8907148,PRJNA531553,SNPTools name has no GRIN plant-name match — needs curation
DAN9046,DAN9046,SRR8907149,PRJNA531553,SNPTools name has no GRIN plant-name match — needs curation
HUA83-2,HUA83-2,SRR8907150,PRJNA531553,SNPTools name has no GRIN plant-name match — needs curation
TY7,TY7,SRR8907151,PRJNA531553,SNPTools name has no GRIN plant-name match — needs curation
GEMS47,GEMS47,SRR8907152,PRJNA531553,SNPTools name has no GRIN plant-name match — needs curation
BY4960,BY4960,SRR8907153,PRJNA531553,SNPTools name has no GRIN plant-name match — needs curation
LG001,LG001,SRR8907155,PRJNA531553,SNPTools name has no GRIN plant-name match — needs curation
8941,8941,CRR504155,PRJCA009749,SNPTools name has no GRIN plant-name match — needs curation
Dongbeihu,Dongbeihu,CRR504161,PRJCA009749,SNPTools name has no GRIN plant-name match — needs curation
Jing388,Jing388,CRR504164,PRJCA009749,SNPTools name has no GRIN plant-name match — needs curation
Longxi65,Longxi65,CRR504172,PRJCA009749,SNPTools name has no GRIN plant-name match — needs curation
Hai9818,Hai9818,CRR504174,PRJCA009749,SNPTools name has no GRIN plant-name match — needs curation
Ji4112,Ji4112,CRR504182,PRJCA009749,SNPTools name has no GRIN plant-name match — needs curation
W499,W499,CRR504183,PRJCA009749,SNPTools name has no GRIN plant-name match — needs curation
Zhongzi01,Zhongzi01,CRR504186,PRJCA009749,SNPTools name has no GRIN plant-name match — needs curation
Jinghuang59,Jinghuang59,CRR504189,PRJCA009749,SNPTools name has no GRIN plant-name match — needs curation
JN15,JN15,CRR504190,PRJCA009749,SNPTools name has no GRIN plant-name match — needs curation
J0045,J0045,CRR504194,PRJCA009749,SNPTools name has no GRIN plant-name match — needs curation
H9442,H9442,CRR504203,PRJCA009749,SNPTools name has no GRIN plant-name match — needs curation
1205A,1205A,CRR504206,PRJCA009749,SNPTools name has no GRIN plant-name match — needs curation
Shen977,Shen977,CRR504212,PRJCA009749,SNPTools name has no GRIN plant-name match — needs curation
68122,68122,CRR504213,PRJCA009749,SNPTools name has no GRIN plant-name match — needs curation
D869,D869,CRR504214,PRJCA009749,SNPTools name has no GRIN plant-name match — needs curation
K21,K21,CRR504215,PRJCA009749,SNPTools name has no GRIN plant-name match — needs curation
D886,D886,CRR504217,PRJCA009749,SNPTools name has no GRIN plant-name match — needs curation
MC6179,MC6179,CRR504227,PRJCA009749,SNPTools name has no GRIN plant-name match — needs curation
MC9269,MC9269,CRR504235,PRJCA009749,SNPTools name has no GRIN plant-name match — needs curation
MC9270,MC9270,CRR504236,PRJCA009749,SNPTools name has no GRIN plant-name match — needs curation
MC9274,MC9274,CRR504237,PRJCA009749,SNPTools name has no GRIN plant-name match — needs curation
MC9282,MC9282,CRR504238,PRJCA009749,SNPTools name has no GRIN plant-name match — needs curation
MC9287,MC9287,CRR504239,PRJCA009749,SNPTools name has no GRIN plant-name match — needs curation
MC9288,MC9288,CRR504240,PRJCA009749,SNPTools name has no GRIN plant-name match — needs curation
MC9300,MC9300,CRR504243,PRJCA009749,SNPTools name has no GRIN plant-name match — needs curation
T5107,T5107,CRR504244,PRJCA009749,SNPTools name has no GRIN plant-name match — needs curation
T5588,T5588,CRR504247,PRJCA009749,SNPTools name has no GRIN plant-name match — needs curation
T33169,T33169,CRR504256,PRJCA009749,SNPTools name has no GRIN plant-name match — needs curation
T33336,T33336,CRR504262,PRJCA009749,SNPTools name has no GRIN plant-name match — needs curation
T33362,T33362,CRR504264,PRJCA009749,SNPTools name has no GRIN plant-name match — needs curation
T24223,T24223,CRR504265,PRJCA009749,SNPTools name has no GRIN plant-name match — needs curation
Jia6,Jia6,CRR504273,PRJCA009749,SNPTools name has no GRIN plant-name match — needs curation
T116,T116,CRR504281,PRJCA009749,SNPTools name has no GRIN plant-name match — needs curation
Suixi608,Suixi608,CRR504285,PRJCA009749,SNPTools name has no GRIN plant-name match — needs curation
Suixi613,Suixi613,CRR504287,PRJCA009749,SNPTools name has no GRIN plant-name match — needs curation
Suixi703,Suixi703,CRR504288,PRJCA009749,SNPTools name has no GRIN plant-name match — needs curation
Suixi707,Suixi707,CRR504290,PRJCA009749,SNPTools name has no GRIN plant-name match — needs curation
Suixi708,Suixi708,CRR504291,PRJCA009749,SNPTools name has no GRIN plant-name match — needs curation
Suixi709,Suixi709,CRR504292,PRJCA009749,SNPTools name has no GRIN plant-name match — needs curation
An441A,An441A,CRR504296,PRJCA009749,SNPTools name has no GRIN plant-name match — needs curation
Nan5,Nan5,CRR504297,PRJCA009749,SNPTools name has no GRIN plant-name match — needs curation
HR30,HR30,CRR504301,PRJCA009749,SNPTools name has no GRIN plant-name match — needs curation
KL45,KL45,CRR504304,PRJCA009749,SNPTools name has no GRIN plant-name match — needs curation
HB410,HB410,CRR504305,PRJCA009749,SNPTools name has no GRIN plant-name match — needs curation
HB322,HB322,CRR504311,PRJCA009749,SNPTools name has no GRIN plant-name match — needs curation
DN139,DN139,CRR504314,PRJCA009749,SNPTools name has no GRIN plant-name match — needs curation
DN1722,DN1722,CRR504315,PRJCA009749,SNPTools name has no GRIN plant-name match — needs curation
DN4402,DN4402,CRR504319,PRJCA009749,SNPTools name has no GRIN plant-name match — needs curation
HRB16038,HRB16038,CRR504333,PRJCA009749,SNPTools name has no GRIN plant-name match — needs curation
HRB16055,HRB16055,CRR504340,PRJCA009749,SNPTools name has no GRIN plant-name match — needs curation
HRB16061,HRB16061,CRR504342,PRJCA009749,SNPTools name has no GRIN plant-name match — needs curation
HRB16072,HRB16072,CRR504344,PRJCA009749,SNPTools name has no GRIN plant-name match — needs curation
HRB16073,HRB16073,CRR504345,PRJCA009749,SNPTools name has no GRIN plant-name match — needs curation
HRB16085,HRB16085,CRR504348,PRJCA009749,SNPTools name has no GRIN plant-name match — needs curation
HRWC1,HRWC1,CRR504354,PRJCA009749,SNPTools name has no GRIN plant-name match — needs curation
DKM8,DKM8,CRR504355,PRJCA009749,SNPTools name has no GRIN plant-name match — needs curation
HR73,HR73,CRR504360,PRJCA009749,SNPTools name has no GRIN plant-name match — needs curation
HRM8,HRM8,CRR504368,PRJCA009749,SNPTools name has no GRIN plant-name match — needs curation
Mo113,Mo113,CRR504375,PRJCA009749,SNPTools name has no GRIN plant-name match — needs curation
Dong96,Dong96,CRR504383,PRJCA009749,SNPTools name has no GRIN plant-name match — needs curation
HRB16179,HRB16179,CRR504390,PRJCA009749,SNPTools name has no GRIN plant-name match — needs curation
HRB16193,HRB16193,CRR504391,PRJCA009749,SNPTools name has no GRIN plant-name match — needs curation
Zhe931,Zhe931,CRR504393,PRJCA009749,SNPTools name has no GRIN plant-name match — needs curation
Zhe969,Zhe969,CRR504394,PRJCA009749,SNPTools name has no GRIN plant-name match — needs curation
Zhe461,Zhe461,CRR504395,PRJCA009749,SNPTools name has no GRIN plant-name match — needs curation
SCML202,SCML202,CRR504398,PRJCA009749,SNPTools name has no GRIN plant-name match — needs curation
SCML205Rel,SCML205Rel,CRR504399,PRJCA009749,SNPTools name has no GRIN plant-name match — needs curation
Ji9_033,Ji9_033,CRR504401,PRJCA009749,SNPTools name has no GRIN plant-name match — needs curation
JiZ_S24_9,JiZ_S24_9,CRR504402,PRJCA009749,SNPTools name has no GRIN plant-name match — needs curation
Zheng60,Zheng60,CRR504404,PRJCA009749,SNPTools name has no GRIN plant-name match — needs curation
Jizi1006,Jizi1006,CRR504405,PRJCA009749,SNPTools name has no GRIN plant-name match — needs curation
Jizi1018,Jizi1018,CRR504407,PRJCA009749,SNPTools name has no GRIN plant-name match — needs curation
Jizi1023,Jizi1023,CRR504408,PRJCA009749,SNPTools name has no GRIN plant-name match — needs curation
Jizi1034,Jizi1034,CRR504409,PRJCA009749,SNPTools name has no GRIN plant-name match — needs curation
Jizi1039,Jizi1039,CRR504410,PRJCA009749,SNPTools name has no GRIN plant-name match — needs curation
Jizi1058,Jizi1058,CRR504418,PRJCA009749,SNPTools name has no GRIN plant-name match — needs curation
Jizi1082,Jizi1082,CRR504419,PRJCA009749,SNPTools name has no GRIN plant-name match — needs curation
Jizi1092,Jizi1092,CRR504421,PRJCA009749,SNPTools name has no GRIN plant-name match — needs curation
Jizi1134,Jizi1134,CRR504422,PRJCA009749,SNPTools name has no GRIN plant-name match — needs curation
Jizi1138,Jizi1138,CRR504423,PRJCA009749,SNPTools name has no GRIN plant-name match — needs curation
Jizi1140,Jizi1140,CRR504424,PRJCA009749,SNPTools name has no GRIN plant-name match — needs curation
9083,9083,CRR504429,PRJCA009749,SNPTools name has no GRIN plant-name match — needs curation
444_1,444_1,CRR504440,PRJCA009749,SNPTools name has no GRIN plant-name match — needs curation
JLXH_4,JLXH_4,CRR504447,PRJCA009749,SNPTools name has no GRIN plant-name match — needs curation
JLXH_12,JLXH_12,CRR504450,PRJCA009749,SNPTools name has no GRIN plant-name match — needs curation
JLXH_17,JLXH_17,CRR504452,PRJCA009749,SNPTools name has no GRIN plant-name match — needs curation
Liao51,Liao51,CRR504462,PRJCA009749,SNPTools name has no GRIN plant-name match — needs curation
Liao785,Liao785,CRR504464,PRJCA009749,SNPTools name has no GRIN plant-name match — needs curation
Liao8022,Liao8022,CRR504465,PRJCA009749,SNPTools name has no GRIN plant-name match — needs curation
Liao428,Liao428,CRR504466,PRJCA009749,SNPTools name has no GRIN plant-name match — needs curation
Shen161,Shen161,CRR504467,PRJCA009749,SNPTools name has no GRIN plant-name match — needs curation
Dan598whitecob,Dan598whitecob,CRR504472,PRJCA009749,SNPTools name has no GRIN plant-name match — needs curation
Tie9010,Tie9010,CRR504477,PRJCA009749,SNPTools name has no GRIN plant-name match — needs curation
Ming2325,Ming2325,CRR504479,PRJCA009749,SNPTools name has no GRIN plant-name match — needs curation
G285,G285,CRR504480,PRJCA009749,SNPTools name has no GRIN plant-name match — needs curation
Liao1A407,Liao1A407,CRR504483,PRJCA009749,SNPTools name has no GRIN plant-name match — needs curation
Liao63024,Liao63024,CRR504484,PRJCA009749,SNPTools name has no GRIN plant-name match — needs curation
Liao20358,Liao20358,CRR504485,PRJCA009749,SNPTools name has no GRIN plant-name match — needs curation
Liao2572,Liao2572,CRR504486,PRJCA009749,SNPTools name has no GRIN plant-name match — needs curation
Liao3348,Liao3348,CRR504487,PRJCA009749,SNPTools name has no GRIN plant-name match — needs curation
Liao0513,Liao0513,CRR504494,PRJCA009749,SNPTools name has no GRIN plant-name match — needs curation
Liao0567,Liao0567,CRR504497,PRJCA009749,SNPTools name has no GRIN plant-name match — needs curation
Shen5003,Shen5003,CRR504501,PRJCA009749,SNPTools name has no GRIN plant-name match — needs curation
Liao6027,Liao6027,CRR504507,PRJCA009749,SNPTools name has no GRIN plant-name match — needs curation
Shen501,Shen501,CRR504508,PRJCA009749,SNPTools name has no GRIN plant-name match — needs curation
CAW4w,CAW4w,CRR504511,PRJCA009749,SNPTools name has no GRIN plant-name match — needs curation
9626,9626,CRR504512,PRJCA009749,SNPTools name has no GRIN plant-name match — needs curation
9534,9534,CRR504516,PRJCA009749,SNPTools name has no GRIN plant-name match — needs curation
9580,9580,CRR504517,PRJCA009749,SNPTools name has no GRIN plant-name match — needs curation
TD282,TD282,CRR504525,PRJCA009749,SNPTools name has no GRIN plant-name match — needs curation
TE322,TE322,CRR504526,PRJCA009749,SNPTools name has no GRIN plant-name match — needs curation
TE350,TE350,CRR504529,PRJCA009749,SNPTools name has no GRIN plant-name match — needs curation
W_25,W_25,CRR504534,PRJCA009749,SNPTools name has no GRIN plant-name match — needs curation
HH4,HH4,CRR504537,PRJCA009749,SNPTools name has no GRIN plant-name match — needs curation
H446,H446,CRR504538,PRJCA009749,SNPTools name has no GRIN plant-name match — needs curation
L98,L98,CRR504542,PRJCA009749,SNPTools name has no GRIN plant-name match — needs curation
H81,H81,CRR504543,PRJCA009749,SNPTools name has no GRIN plant-name match — needs curation
Chang98,Chang98,CRR504547,PRJCA009749,SNPTools name has no GRIN plant-name match — needs curation
Jizi4658,Jizi4658,CRR504548,PRJCA009749,SNPTools name has no GRIN plant-name match — needs curation
B17,B17,CRR504549,PRJCA009749,SNPTools name has no GRIN plant-name match — needs curation
Jizi147048,Jizi147048,CRR504551,PRJCA009749,SNPTools name has no GRIN plant-name match — needs curation
Jizi13L115,Jizi13L115,CRR504553,PRJCA009749,SNPTools name has no GRIN plant-name match — needs curation
Jizi13L377,Jizi13L377,CRR504557,PRJCA009749,SNPTools name has no GRIN plant-name match — needs curation
JiziB154,JiziB154,CRR504560,PRJCA009749,SNPTools name has no GRIN plant-name match — needs curation
JiziA150,JiziA150,CRR504561,PRJCA009749,SNPTools name has no GRIN plant-name match — needs curation
JiziA199,JiziA199,CRR504562,PRJCA009749,SNPTools name has no GRIN plant-name match — needs curation
ZhengT22,ZhengT22,CRR504563,PRJCA009749,SNPTools name has no GRIN plant-name match — needs curation
Xun313,Xun313,CRR504566,PRJCA009749,SNPTools name has no GRIN plant-name match — needs curation
Xun5872,Xun5872,CRR504567,PRJCA009749,SNPTools name has no GRIN plant-name match — needs curation
ZK02_1,ZK02_1,CRR504568,PRJCA009749,SNPTools name has no GRIN plant-name match — needs curation
Luo1223,Luo1223,CRR504569,PRJCA009749,SNPTools name has no GRIN plant-name match — needs curation
A1393,A1393,CRR504571,PRJCA009749,SNPTools name has no GRIN plant-name match — needs curation
Zhu07,Zhu07,CRR504572,PRJCA009749,SNPTools name has no GRIN plant-name match — needs curation
5N65,5N65,CRR504575,PRJCA009749,SNPTools name has no GRIN plant-name match — needs curation
5N74,5N74,CRR504576,PRJCA009749,SNPTools name has no GRIN plant-name match — needs curation
5N78,5N78,CRR504578,PRJCA009749,SNPTools name has no GRIN plant-name match — needs curation
5N545,5N545,CRR504580,PRJCA009749,SNPTools name has no GRIN plant-name match — needs curation
Zheng600,Zheng600,CRR504589,PRJCA009749,SNPTools name has no GRIN plant-name match — needs curation
Zheng603,Zheng603,CRR504591,PRJCA009749,SNPTools name has no GRIN plant-name match — needs curation
Zheng561,Zheng561,CRR504592,PRJCA009749,SNPTools name has no GRIN plant-name match — needs curation
lx00_1,lx00_1,CRR504593,PRJCA009749,SNPTools name has no GRIN plant-name match — needs curation
16SD007,16SD007,CRR504595,PRJCA009749,SNPTools name has no GRIN plant-name match — needs curation
16SD034,16SD034,CRR504600,PRJCA009749,SNPTools name has no GRIN plant-name match — needs curation
16SD044,16SD044,CRR504603,PRJCA009749,SNPTools name has no GRIN plant-name match — needs curation
16SD088,16SD088,CRR504608,PRJCA009749,SNPTools name has no GRIN plant-name match — needs curation
50034,50034,CRR504620,PRJCA009749,SNPTools name has no GRIN plant-name match — needs curation
50035,50035,CRR504621,PRJCA009749,SNPTools name has no GRIN plant-name match — needs curation
50073,50073,CRR504624,PRJCA009749,SNPTools name has no GRIN plant-name match — needs curation
5660,5660,CRR504631,PRJCA009749,SNPTools name has no GRIN plant-name match — needs curation
5661,5661,CRR504632,PRJCA009749,SNPTools name has no GRIN plant-name match — needs curation
41006,41006,CRR504634,PRJCA009749,SNPTools name has no GRIN plant-name match — needs curation
M08N171,M08N171,CRR504638,PRJCA009749,SNPTools name has no GRIN plant-name match — needs curation
MZ_315,MZ_315,CRR504639,PRJCA009749,SNPTools name has no GRIN plant-name match — needs curation
M09N041,M09N041,CRR504643,PRJCA009749,SNPTools name has no GRIN plant-name match — needs curation
M05N32,M05N32,CRR504644,PRJCA009749,SNPTools name has no GRIN plant-name match — needs curation
M75,M75,CRR504648,PRJCA009749,SNPTools name has no GRIN plant-name match — needs curation
M6021C546,M6021C546,CRR504651,PRJCA009749,SNPTools name has no GRIN plant-name match — needs curation
M08N144,M08N144,CRR504653,PRJCA009749,SNPTools name has no GRIN plant-name match — needs curation
M9N165,M9N165,CRR504654,PRJCA009749,SNPTools name has no GRIN plant-name match — needs curation
M09N160,M09N160,CRR504659,PRJCA009749,SNPTools name has no GRIN plant-name match — needs curation
M45589,M45589,CRR504668,PRJCA009749,SNPTools name has no GRIN plant-name match — needs curation
M45172,M45172,CRR504669,PRJCA009749,SNPTools name has no GRIN plant-name match — needs curation
M15044,M15044,CRR504670,PRJCA009749,SNPTools name has no GRIN plant-name match — needs curation
M35119,M35119,CRR504671,PRJCA009749,SNPTools name has no GRIN plant-name match — needs curation
M15208,M15208,CRR504672,PRJCA009749,SNPTools name has no GRIN plant-name match — needs curation
M35457,M35457,CRR504673,PRJCA009749,SNPTools name has no GRIN plant-name match — needs curation
M45199,M45199,CRR504675,PRJCA009749,SNPTools name has no GRIN plant-name match — needs curation
M35124,M35124,CRR504678,PRJCA009749,SNPTools name has no GRIN plant-name match — needs curation
M15131,M15131,CRR504680,PRJCA009749,SNPTools name has no GRIN plant-name match — needs curation
ly328,ly328,CRR504690,PRJCA009749,SNPTools name has no GRIN plant-name match — needs curation
LY2211,LY2211,CRR504691,PRJCA009749,SNPTools name has no GRIN plant-name match — needs curation
Wu9086,Wu9086,CRR504693,PRJCA009749,SNPTools name has no GRIN plant-name match — needs curation
5172,5172,CRR504694,PRJCA009749,SNPTools name has no GRIN plant-name match — needs curation
Wu6127,Wu6127,CRR504696,PRJCA009749,SNPTools name has no GRIN plant-name match — needs curation
Wu6006,Wu6006,CRR504697,PRJCA009749,SNPTools name has no GRIN plant-name match — needs curation
XD973,XD973,CRR504700,PRJCA009749,SNPTools name has no GRIN plant-name match — needs curation
J398,J398,CRR504701,PRJCA009749,SNPTools name has no GRIN plant-name match — needs curation
Z78,Z78,CRR504702,PRJCA009749,SNPTools name has no GRIN plant-name match — needs curation
Jin103,Jin103,CRR504703,PRJCA009749,SNPTools name has no GRIN plant-name match — needs curation
Y687,Y687,CRR504708,PRJCA009749,SNPTools name has no GRIN plant-name match — needs curation
Y3_2,Y3_2,CRR504709,PRJCA009749,SNPTools name has no GRIN plant-name match — needs curation
806,806,CRR504710,PRJCA009749,SNPTools name has no GRIN plant-name match — needs curation
950,950,CRR504711,PRJCA009749,SNPTools name has no GRIN plant-name match — needs curation
ly5405,ly5405,CRR504713,PRJCA009749,SNPTools name has no GRIN plant-name match — needs curation
ly5502,ly5502,CRR504714,PRJCA009749,SNPTools name has no GRIN plant-name match — needs curation
ly5901,ly5901,CRR504716,PRJCA009749,SNPTools name has no GRIN plant-name match — needs curation
KW4M029,KW4M029,CRR504721,PRJCA009749,SNPTools name has no GRIN plant-name match — needs curation
W08,W08,CRR504725,PRJCA009749,SNPTools name has no GRIN plant-name match — needs curation
Nan7041_5,Nan7041_5,CRR504730,PRJCA009749,SNPTools name has no GRIN plant-name match — needs curation
Y1642,Y1642,CRR504745,PRJCA009749,SNPTools name has no GRIN plant-name match — needs curation
Y1665,Y1665,CRR504747,PRJCA009749,SNPTools name has no GRIN plant-name match — needs curation
Y1674,Y1674,CRR504748,PRJCA009749,SNPTools name has no GRIN plant-name match — needs curation
Y1697,Y1697,CRR504755,PRJCA009749,SNPTools name has no GRIN plant-name match — needs curation
Y1703,Y1703,CRR504758,PRJCA009749,SNPTools name has no GRIN plant-name match — needs curation
Y1704,Y1704,CRR504759,PRJCA009749,SNPTools name has no GRIN plant-name match — needs curation
Y1706,Y1706,CRR504761,PRJCA009749,SNPTools name has no GRIN plant-name match — needs curation
Y1745,Y1745,CRR504768,PRJCA009749,SNPTools name has no GRIN plant-name match — needs curation
Y1751,Y1751,CRR504770,PRJCA009749,SNPTools name has no GRIN plant-name match — needs curation
Y1754,Y1754,CRR504772,PRJCA009749,SNPTools name has no GRIN plant-name match — needs curation
Y1755,Y1755,CRR504773,PRJCA009749,SNPTools name has no GRIN plant-name match — needs curation
Y1757,Y1757,CRR504775,PRJCA009749,SNPTools name has no GRIN plant-name match — needs curation
TD5937,TD5937,CRR504787,PRJCA009749,SNPTools name has no GRIN plant-name match — needs curation
Jindan35M,Jindan35M,CRR504796,PRJCA009749,SNPTools name has no GRIN plant-name match — needs curation
Jinyu811F,Jinyu811F,CRR504798,PRJCA009749,SNPTools name has no GRIN plant-name match — needs curation
C822,C822,CRR504799,PRJCA009749,SNPTools name has no GRIN plant-name match — needs curation
X232,X232,CRR504801,PRJCA009749,SNPTools name has no GRIN plant-name match — needs curation
Ds_12a,Ds_12a,CRR504802,PRJCA009749,SNPTools name has no GRIN plant-name match — needs curation
178_1,178_1,CRR504805,PRJCA009749,SNPTools name has no GRIN plant-name match — needs curation
Jin0_3,Jin0_3,CRR504812,PRJCA009749,SNPTools name has no GRIN plant-name match — needs curation
X8531,X8531,CRR504813,PRJCA009749,SNPTools name has no GRIN plant-name match — needs curation
X48B,X48B,CRR504814,PRJCA009749,SNPTools name has no GRIN plant-name match — needs curation
DXA095,DXA095,CRR504819,PRJCA009749,SNPTools name has no GRIN plant-name match — needs curation
DXA105,DXA105,CRR504820,PRJCA009749,SNPTools name has no GRIN plant-name match — needs curation
DXB007,DXB007,CRR504826,PRJCA009749,SNPTools name has no GRIN plant-name match — needs curation
DXB060,DXB060,CRR504828,PRJCA009749,SNPTools name has no GRIN plant-name match — needs curation
DXB161,DXB161,CRR504831,PRJCA009749,SNPTools name has no GRIN plant-name match — needs curation
DXB165,DXB165,CRR504833,PRJCA009749,SNPTools name has no GRIN plant-name match — needs curation
DXB167,DXB167,CRR504834,PRJCA009749,SNPTools name has no GRIN plant-name match — needs curation
DXB171,DXB171,CRR504835,PRJCA009749,SNPTools name has no GRIN plant-name match — needs curation
DXB198,DXB198,CRR504837,PRJCA009749,SNPTools name has no GRIN plant-name match — needs curation
XF063,XF063,CRR504843,PRJCA009749,SNPTools name has no GRIN plant-name match — needs curation
LK58_8,LK58_8,CRR504845,PRJCA009749,SNPTools name has no GRIN plant-name match — needs curation
ly5711,ly5711,CRR504850,PRJCA009749,SNPTools name has no GRIN plant-name match — needs curation
LongF0202,LongF0202,CRR504851,PRJCA009749,SNPTools name has no GRIN plant-name match — needs curation
LongF0402,LongF0402,CRR504853,PRJCA009749,SNPTools name has no GRIN plant-name match — needs curation
LongF1011,LongF1011,CRR504855,PRJCA009749,SNPTools name has no GRIN plant-name match — needs curation
LongF2224,LongF2224,CRR504857,PRJCA009749,SNPTools name has no GRIN plant-name match — needs curation
72_125,72_125,CRR504878,PRJCA009749,SNPTools name has no GRIN plant-name match — needs curation
HR962,HR962,CRR504879,PRJCA009749,SNPTools name has no GRIN plant-name match — needs curation
Luyuan133,Luyuan133,CRR504884,PRJCA009749,SNPTools name has no GRIN plant-name match — needs curation
897,897,CRR504885,PRJCA009749,SNPTools name has no GRIN plant-name match — needs curation
Chang7_2,Chang7_2,CRR504887,PRJCA009749,SNPTools name has no GRIN plant-name match — needs curation
196,196,CRR504889,PRJCA009749,SNPTools name has no GRIN plant-name match — needs curation
Ji35,Ji35,CRR504891,PRJCA009749,SNPTools name has no GRIN plant-name match — needs curation
75_14Gao,75_14Gao,CRR504895,PRJCA009749,SNPTools name has no GRIN plant-name match — needs curation
Shuangtaiwu,Shuangtaiwu,CRR504899,PRJCA009749,SNPTools name has no GRIN plant-name match — needs curation
Ji856,Ji856,CRR504903,PRJCA009749,SNPTools name has no GRIN plant-name match — needs curation
Zhongyin10,Zhongyin10,CRR504908,PRJCA009749,SNPTools name has no GRIN plant-name match — needs curation
OO6,OO6,CRR504909,PRJCA009749,SNPTools name has no GRIN plant-name match — needs curation
Jiu138_5,Jiu138_5,CRR504910,PRJCA009749,SNPTools name has no GRIN plant-name match — needs curation
Ning36,Ning36,CRR504912,PRJCA009749,SNPTools name has no GRIN plant-name match — needs curation
Ning37,Ning37,CRR504917,PRJCA009749,SNPTools name has no GRIN plant-name match — needs curation
707,707,CRR504919,PRJCA009749,SNPTools name has no GRIN plant-name match — needs curation
Feng263,Feng263,CRR504926,PRJCA009749,SNPTools name has no GRIN plant-name match — needs curation
91Huang5,91Huang5,CRR504930,PRJCA009749,SNPTools name has no GRIN plant-name match — needs curation
Gan41,Gan41,CRR504932,PRJCA009749,SNPTools name has no GRIN plant-name match — needs curation
Jinruo,Jinruo,CRR504944,PRJCA009749,SNPTools name has no GRIN plant-name match — needs curation
Zhangjin6,Zhangjin6,CRR504953,PRJCA009749,SNPTools name has no GRIN plant-name match — needs curation
Yue20_3,Yue20_3,CRR504957,PRJCA009749,SNPTools name has no GRIN plant-name match — needs curation
Chengbei711,Chengbei711,CRR504959,PRJCA009749,SNPTools name has no GRIN plant-name match — needs curation
Lan766_4_2,Lan766_4_2,CRR504965,PRJCA009749,SNPTools name has no GRIN plant-name match — needs curation
Tai1_Lg,Tai1_Lg,CRR504970,PRJCA009749,SNPTools name has no GRIN plant-name match — needs curation
Ziduosui,Ziduosui,CRR504979,PRJCA009749,SNPTools name has no GRIN plant-name match — needs curation
Duo229,Duo229,CRR504982,PRJCA009749,SNPTools name has no GRIN plant-name match — needs curation
Fu8529,Fu8529,CRR504985,PRJCA009749,SNPTools name has no GRIN plant-name match — needs curation
Cheng435,Cheng435,CRR504996,PRJCA009749,SNPTools name has no GRIN plant-name match — needs curation
Zongxi241,Zongxi241,CRR505005,PRJCA009749,SNPTools name has no GRIN plant-name match — needs curation
Guangyou5,Guangyou5,CRR505008,PRJCA009749,SNPTools name has no GRIN plant-name match — needs curation
91Huang15,91Huang15,CRR505019,PRJCA009749,SNPTools name has no GRIN plant-name match — needs curation
Zhong128,Zhong128,CRR505032,PRJCA009749,SNPTools name has no GRIN plant-name match — needs curation
Ye488,Ye488,CRR505036,PRJCA009749,SNPTools name has no GRIN plant-name match — needs curation
Ye8112,Ye8112,CRR505041,PRJCA009749,SNPTools name has no GRIN plant-name match — needs curation
Zheng58,Zheng58,CRR505047,PRJCA009749,SNPTools name has no GRIN plant-name match — needs curation
75_322,75_322,CRR505054,PRJCA009749,SNPTools name has no GRIN plant-name match — needs curation
L069,L069,CRR505058,PRJCA009749,SNPTools name has no GRIN plant-name match — needs curation
L005,L005,CRR505060,PRJCA009749,SNPTools name has no GRIN plant-name match — needs curation
Shen135,Shen135,CRR505061,PRJCA009749,SNPTools name has no GRIN plant-name match — needs curation
Zun90110,Zun90110,CRR505065,PRJCA009749,SNPTools name has no GRIN plant-name match — needs curation
ShuangM9B_1,ShuangM9B_1,CRR505068,PRJCA009749,SNPTools name has no GRIN plant-name match — needs curation
Yue267_3_1,Yue267_3_1,CRR505072,PRJCA009749,SNPTools name has no GRIN plant-name match — needs curation
CN165,CN165,CRR505073,PRJCA009749,SNPTools name has no GRIN plant-name match — needs curation
P39_su,P39_su,CRR505081,PRJCA009749,SNPTools name has no GRIN plant-name match — needs curation
Guan17_1,Guan17_1,CRR505087,PRJCA009749,SNPTools name has no GRIN plant-name match — needs curation
RW64A,RW64A,CRR505090,PRJCA009749,SNPTools name has no GRIN plant-name match — needs curation
112_O2,112_O2,CRR505104,PRJCA009749,SNPTools name has no GRIN plant-name match — needs curation
BaiU8112,BaiU8112,CRR505105,PRJCA009749,SNPTools name has no GRIN plant-name match — needs curation
Daqiu36,Daqiu36,CRR505110,PRJCA009749,SNPTools name has no GRIN plant-name match — needs curation
Jing404,Jing404,CRR505113,PRJCA009749,SNPTools name has no GRIN plant-name match — needs curation
Tianya4,Tianya4,CRR505114,PRJCA009749,SNPTools name has no GRIN plant-name match — needs curation
55113_3_3_5,55113_3_3_5,CRR505117,PRJCA009749,SNPTools name has no GRIN plant-name match — needs curation
Lo1125,Lo1125,CRR505121,PRJCA009749,SNPTools name has no GRIN plant-name match — needs curation
975_12,975_12,CRR505130,PRJCA009749,SNPTools name has no GRIN plant-name match — needs curation
Z001E0010,Z001E0010,CRR505143,PRJCA009749,SNPTools name has no GRIN plant-name match — needs curation
Z004E0173,Z004E0173,CRR505144,PRJCA009749,SNPTools name has no GRIN plant-name match — needs curation
Z013E0072,Z013E0072,CRR505147,PRJCA009749,SNPTools name has no GRIN plant-name match — needs curation
Z021E0138,Z021E0138,CRR505153,PRJCA009749,SNPTools name has no GRIN plant-name match — needs curation
Z026E0069,Z026E0069,CRR505156,PRJCA009749,SNPTools name has no GRIN plant-name match — needs curation
A059,A059,CRR505184,PRJCA009749,SNPTools name has no GRIN plant-name match — needs curation
A072,A072,CRR505185,PRJCA009749,SNPTools name has no GRIN plant-name match — needs curation
C052,C052,CRR505190,PRJCA009749,SNPTools name has no GRIN plant-name match — needs curation
C061,C061,CRR505191,PRJCA009749,SNPTools name has no GRIN plant-name match — needs curation
E101,E101,CRR505193,PRJCA009749,SNPTools name has no GRIN plant-name match — needs curation
J006,J006,CRR505197,PRJCA009749,SNPTools name has no GRIN plant-name match — needs curation
Suixi704,Suixi704,CRR505199,PRJCA009749,SNPTools name has no GRIN plant-name match — needs curation
2FAD8,2FAD8,CRR505354,PRJCA009749,SNPTools name has no GRIN plant-name match — needs curation
Hai268,Hai268,CRR505380,PRJCA009749,SNPTools name has no GRIN plant-name match — needs curation
Sheng62,Sheng62,CRR505387,PRJCA009749,SNPTools name has no GRIN plant-name match — needs curation
6107A_2,6107A_2,CRR505389,PRJCA009749,SNPTools name has no GRIN plant-name match — needs curation
T0403,T0403,CRR505392,PRJCA009749,SNPTools name has no GRIN plant-name match — needs curation
489,489,CRR505394,PRJCA009749,SNPTools name has no GRIN plant-name match — needs curation
L201,L201,CRR505395,PRJCA009749,SNPTools name has no GRIN plant-name match — needs curation
WK858,WK858,CRR505397,PRJCA009749,SNPTools name has no GRIN plant-name match — needs curation
Dong62072,Dong62072,CRR505405,PRJCA009749,SNPTools name has no GRIN plant-name match — needs curation
L203,L203,CRR505406,PRJCA009749,SNPTools name has no GRIN plant-name match — needs curation
Si_287,Si_287,CRR505410,PRJCA009749,SNPTools name has no GRIN plant-name match — needs curation
Shen3265,Shen3265,CRR505413,PRJCA009749,SNPTools name has no GRIN plant-name match — needs curation
lx08_8,lx08_8,CRR505418,PRJCA009749,SNPTools name has no GRIN plant-name match — needs curation
lx03_2,lx03_2,CRR505419,PRJCA009749,SNPTools name has no GRIN plant-name match — needs curation
HC2_CGJ,HC2_CGJ,CRR505431,PRJCA009749,SNPTools name has no GRIN plant-name match — needs curation
B47,B47,CRR505455,PRJCA009749,SNPTools name has no GRIN plant-name match — needs curation
CNH3754,CNH3754,CRR505488,PRJCA009749,SNPTools name has no GRIN plant-name match — needs curation
F62,F62,CRR505490,PRJCA009749,SNPTools name has no GRIN plant-name match — needs curation
150_4,150_4,CRR505492,PRJCA009749,SNPTools name has no GRIN plant-name match — needs curation
GM406,GM406,CRR505498,PRJCA009749,SNPTools name has no GRIN plant-name match — needs curation
17MC3255,17MC3255,CRR505501,PRJCA009749,SNPTools name has no GRIN plant-name match — needs curation
17MC2621,17MC2621,CRR505502,PRJCA009749,SNPTools name has no GRIN plant-name match — needs curation
17MC2622,17MC2622,CRR505503,PRJCA009749,SNPTools name has no GRIN plant-name match — needs curation
17MC2623,17MC2623,CRR505504,PRJCA009749,SNPTools name has no GRIN plant-name match — needs curation
17MC2624,17MC2624,CRR505505,PRJCA009749,SNPTools name has no GRIN plant-name match — needs curation
17MC2627,17MC2627,CRR505506,PRJCA009749,SNPTools name has no GRIN plant-name match — needs curation
17MC2629,17MC2629,CRR505507,PRJCA009749,SNPTools name has no GRIN plant-name match — needs curation
17MC2630,17MC2630,CRR505508,PRJCA009749,SNPTools name has no GRIN plant-name match — needs curation
XF_1,XF_1,CRR505517,PRJCA009749,SNPTools name has no GRIN plant-name match — needs curation
T58765,T58765,CRR505523,PRJCA009749,SNPTools name has no GRIN plant-name match — needs curation
161223,161223,CRR505529,PRJCA009749,SNPTools name has no GRIN plant-name match — needs curation
YD7922,YD7922,CRR505531,PRJCA009749,SNPTools name has no GRIN plant-name match — needs curation
85123,85123,CRR505536,PRJCA009749,SNPTools name has no GRIN plant-name match — needs curation
Si_144Gai,Si_144Gai,CRR505540,PRJCA009749,SNPTools name has no GRIN plant-name match — needs curation
F0903,F0903,CRR505546,PRJCA009749,SNPTools name has no GRIN plant-name match — needs curation
6NH372,6NH372,CRR505547,PRJCA009749,SNPTools name has no GRIN plant-name match — needs curation
6NH717,6NH717,CRR505556,PRJCA009749,SNPTools name has no GRIN plant-name match — needs curation
6NH769,6NH769,CRR505559,PRJCA009749,SNPTools name has no GRIN plant-name match — needs curation
ZhengX959,ZhengX959,CRR505564,PRJCA009749,SNPTools name has no GRIN plant-name match — needs curation
Zheng578,Zheng578,CRR505569,PRJCA009749,SNPTools name has no GRIN plant-name match — needs curation
16NS545,16NS545,CRR505573,PRJCA009749,SNPTools name has no GRIN plant-name match — needs curation
P28,P28,CRR505575,PRJCA009749,SNPTools name has no GRIN plant-name match — needs curation
R107,R107,CRR505576,PRJCA009749,SNPTools name has no GRIN plant-name match — needs curation
HRB16219,HRB16219,CRR505583,PRJCA009749,SNPTools name has no GRIN plant-name match — needs curation
HRB16221,HRB16221,CRR505584,PRJCA009749,SNPTools name has no GRIN plant-name match — needs curation
HRB16225,HRB16225,CRR505586,PRJCA009749,SNPTools name has no GRIN plant-name match — needs curation
HRB16244,HRB16244,CRR505588,PRJCA009749,SNPTools name has no GRIN plant-name match — needs curation
M54Rel,M54Rel,CRR505593,PRJCA009749,SNPTools name has no GRIN plant-name match — needs curation
Liao0369,Liao0369,CRR505595,PRJCA009749,SNPTools name has no GRIN plant-name match — needs curation
JLXH_27,JLXH_27,CRR505600,PRJCA009749,SNPTools name has no GRIN plant-name match — needs curation
1007_3,1007_3,CRR505603,PRJCA009749,SNPTools name has no GRIN plant-name match — needs curation
16Y673_7,16Y673_7,CRR505608,PRJCA009749,SNPTools name has no GRIN plant-name match — needs curation
16Y685_6,16Y685_6,CRR505609,PRJCA009749,SNPTools name has no GRIN plant-name match — needs curation
271,271,CRR505613,PRJCA009749,SNPTools name has no GRIN plant-name match — needs curation
267,267,CRR505616,PRJCA009749,SNPTools name has no GRIN plant-name match — needs curation
Tx149,Tx149,CRR505619,PRJCA009749,SNPTools name has no GRIN plant-name match — needs curation
17CPB04,17CPB04,CRR505620,PRJCA009749,SNPTools name has no GRIN plant-name match — needs curation
Meng17j07,Meng17j07,CRR505622,PRJCA009749,SNPTools name has no GRIN plant-name match — needs curation
SD192,SD192,CRR505624,PRJCA009749,SNPTools name has no GRIN plant-name match — needs curation
SD198,SD198,CRR505626,PRJCA009749,SNPTools name has no GRIN plant-name match — needs curation
SD202,SD202,CRR505627,PRJCA009749,SNPTools name has no GRIN plant-name match — needs curation
Liao0619,Liao0619,CRR505634,PRJCA009749,SNPTools name has no GRIN plant-name match — needs curation
Zhongxi09102,Zhongxi09102,CRR505636,PRJCA009749,SNPTools name has no GRIN plant-name match — needs curation
121494,121494,CRR505640,PRJCA009749,SNPTools name has no GRIN plant-name match — needs curation
XF38P05F,XF38P05F,CRR505641,PRJCA009749,SNPTools name has no GRIN plant-name match — needs curation
Meng17j29,Meng17j29,CRR505643,PRJCA009749,SNPTools name has no GRIN plant-name match — needs curation
HD568,HD568,CRR505647,PRJCA009749,SNPTools name has no GRIN plant-name match — needs curation
Jing7huang,Jing7huang,CRR505649,PRJCA009749,SNPTools name has no GRIN plant-name match — needs curation
Xun926,Xun926,CRR505655,PRJCA009749,SNPTools name has no GRIN plant-name match — needs curation
Liao6082,Liao6082,CRR505656,PRJCA009749,SNPTools name has no GRIN plant-name match — needs curation
L5895,L5895,CRR505657,PRJCA009749,SNPTools name has no GRIN plant-name match — needs curation
S122,S122,CRR505658,PRJCA009749,SNPTools name has no GRIN plant-name match — needs curation
DH382,DH382,CRR505660,PRJCA009749,SNPTools name has no GRIN plant-name match — needs curation
Xun9058,Xun9058,CRR505661,PRJCA009749,SNPTools name has no GRIN plant-name match — needs curation
M340x,M340x,CRR505663,PRJCA009749,SNPTools name has no GRIN plant-name match — needs curation
SX3821,SX3821,CRR505667,PRJCA009749,SNPTools name has no GRIN plant-name match — needs curation
148,148,CRR505670,PRJCA009749,SNPTools name has no GRIN plant-name match — needs curation
D185,D185,CRR505674,PRJCA009749,SNPTools name has no GRIN plant-name match — needs curation
Tie98033_1,Tie98033_1,CRR505677,PRJCA009749,SNPTools name has no GRIN plant-name match — needs curation
Zhongzi03,Zhongzi03,CRR505679,PRJCA009749,SNPTools name has no GRIN plant-name match — needs curation
W172,W172,CRR505689,PRJCA009749,SNPTools name has no GRIN plant-name match — needs curation
Chen322,Chen322,CRR505698,PRJCA009749,SNPTools name has no GRIN plant-name match — needs curation
Shen151,Shen151,CRR505710,PRJCA009749,SNPTools name has no GRIN plant-name match — needs curation
Liao3162,Liao3162,CRR505711,PRJCA009749,SNPTools name has no GRIN plant-name match — needs curation
LX3999,LX3999,CRR505714,PRJCA009749,SNPTools name has no GRIN plant-name match — needs curation
D183,D183,CRR505715,PRJCA009749,SNPTools name has no GRIN plant-name match — needs curation
MC5831,MC5831,CRR505719,PRJCA009749,SNPTools name has no GRIN plant-name match — needs curation
MC5832,MC5832,CRR505720,PRJCA009749,SNPTools name has no GRIN plant-name match — needs curation
MC5837,MC5837,CRR505724,PRJCA009749,SNPTools name has no GRIN plant-name match — needs curation
MC5841,MC5841,CRR505728,PRJCA009749,SNPTools name has no GRIN plant-name match — needs curation
MC5842,MC5842,CRR505729,PRJCA009749,SNPTools name has no GRIN plant-name match — needs curation
MC5843,MC5843,CRR505730,PRJCA009749,SNPTools name has no GRIN plant-name match — needs curation
MC5844,MC5844,CRR505731,PRJCA009749,SNPTools name has no GRIN plant-name match — needs curation
MC5846,MC5846,CRR505733,PRJCA009749,SNPTools name has no GRIN plant-name match — needs curation
MC6231,MC6231,CRR505737,PRJCA009749,SNPTools name has no GRIN plant-name match — needs curation
MC6235,MC6235,CRR505740,PRJCA009749,SNPTools name has no GRIN plant-name match — needs curation
MC6236,MC6236,CRR505741,PRJCA009749,SNPTools name has no GRIN plant-name match — needs curation
MC3361,MC3361,CRR505742,PRJCA009749,SNPTools name has no GRIN plant-name match — needs curation
MC3362,MC3362,CRR505743,PRJCA009749,SNPTools name has no GRIN plant-name match — needs curation
MC3366,MC3366,CRR505745,PRJCA009749,SNPTools name has no GRIN plant-name match — needs curation
MC3367,MC3367,CRR505746,PRJCA009749,SNPTools name has no GRIN plant-name match — needs curation
