accession,n_traits,total_envs,in_snptools,collection,pedigree,countryOfOriginCode,IMPROVEMENT_LEVEL,PLANT_NAME
Ames 10268,19,21,False,Maize.Group.Ames.Panel.2010,,USA,Breeding material,SC16
Ames 10270,18,33,False,,SC333 x SC276,USA,Breeding material,SC73
Ames 10271,27,32,False,Maize.Group.Ames.Panel.2010,,USA,Breeding material,SC84E
Ames 10273,18,21,False,Maize.Group.Ames.Panel.2010,,USA,Breeding material,SC102
Ames 10274,20,25,False,Maize.Group.Ames.Panel.2010,,USA,Breeding material,SC144
Ames 10275,24,24,False,,(Latham's Double x T61) T61,USA,Breeding material,SC152
Ames 10276,19,21,False,Maize.Group.Ames.Panel.2010,,USA,Breeding material,SC225
Ames 10277,29,62,False,Maize.Group.Ames.Panel.2010,Fla3 x Huffman,USA,Breeding material,SC235
Ames 10665,18,20,False,,,COL,Landrace,Boyaca 547
Ames 13502,33,33,False,,B73 X Zea diploperennis Laventana collection.,USA,Breeding material,Ames 13502
Ames 13503,30,30,False,,Zea diploperennis collection #1190 X (A641 X W182B) Minihybrid 8201,USA,Breeding material,Ames 13503
Ames 14112,20,26,False,Maize.Group.Ames.Panel.2010,,USA,Breeding material,Va3A
Ames 14113,17,49,False,Maize.Group.Ames.Panel.2010,,USA,Breeding material,Va12C
Ames 14114,20,26,False,Maize.Group.Ames.Panel.2010,,USA,Breeding material,Va14A
Ames 14254,25,25,False,,,USA,Cultivar,Grahams Corn
Ames 14278,18,26,False,,,USA,Cultivar,Ladyfinger
Ames 14407,15,15,False,Maize.Group.Ames.Panel.Post.2010,,MEX,Breeding material,KS1
Ames 14408,18,34,False,Maize.Group.Ames.Panel.2010,,MEX,Breeding material,KS2
Ames 14409,15,15,False,Maize.Group.Ames.Panel.Post.2010,,MEX,Breeding material,KS3
Ames 14410,15,15,False,Maize.Group.Ames.Panel.Post.2010,,MEX,Breeding material,KS4
Ames 15920,28,42,False,Maize.Group.Ames.Panel.Post.2010,(M14 x R30) M14 ^2,USA,Breeding material,R146
Ames 15932,16,16,False,,,USA,Breeding material,Burford Ornamental Popcorn
Ames 15933,15,15,False,,,USA,Landrace,Vincent Yellow Dent
Ames 16407,16,29,False,,,PRY,Landrace,PCM-WCG 332
Ames 16610,16,29,False,,,PRY,Landrace,PCM-WCG 554
Ames 16625,18,31,False,,,BOL,Landrace,mais pisingallo (Pisankalla)
Ames 16950,49,63,False,,,BOL,Landrace,PCM-WCG 910
Ames 16969,15,15,False,,,BOL,Landrace,PCM-WCG 930
Ames 17085,15,15,False,,,CRI,Landrace,PCM-WCG 1047
Ames 17243,15,15,False,,,VEN,Landrace,PCM-WCG 1238
Ames 17252,15,15,False,,,VEN,Landrace,PCM-WCG 1247
Ames 17348,15,15,False,,,COL,Landrace,PCM-WCG 1349
Ames 17349,16,16,False,,,COL,Landrace,PCM-WCG 1350
Ames 17350,17,17,False,,,COL,Landrace,PCM-WCG 1351
Ames 17351,17,17,False,,,COL,Landrace,PCM-WCG 1352
Ames 17352,16,16,False,,,COL,Landrace,PCM-WCG 1353
Ames 17353,17,17,False,,,COL,Landrace,PCM-WCG 1354
Ames 17354,17,17,False,,,COL,Landrace,PCM-WCG 1355
Ames 17496,26,40,False,,,BOL,Landrace,PCM-WCG 1503
Ames 17526,15,15,False,,,VEN,Landrace,PCM-WCG 1533
Ames 17675,15,15,False,,,ECU,Landrace,PCM-WCG 1685
Ames 17676,25,25,False,,,URY,Landrace,PCM-WCG 1686
Ames 17694,15,15,False,,,MEX,Landrace,PCM-WCG 1704
Ames 19001,30,32,False,Maize.Group.Ames.Panel.2010,,USA,Breeding material,Va16
Ames 19003,30,32,False,Maize.Group.Ames.Panel.2010,,USA,Breeding material,Va18A
Ames 19004,29,33,False,Maize.Group.Ames.Panel.2010,Va Long Ear Syn.,USA,Breeding material,Va21A
Ames 19005,16,20,False,Maize.Group.Ames.Panel.2010,Va Long Ear Syn.,USA,Breeding material,Va21C
Ames 19006,29,33,False,Maize.Group.Ames.Panel.2010,Va17 x C103 Backcross,USA,Breeding material,Va22B
Ames 19007,30,31,False,Maize.Group.Ames.Panel.2010,,USA,Breeding material,Va23
Ames 19008,18,24,False,Maize.Group.Ames.Panel.2010,Va17 x Va36,USA,Breeding material,Va24
Ames 19009,28,31,False,Maize.Group.Ames.Panel.2010,(Va17 x Va36)Va17,USA,Breeding material,Va30
Ames 19010,19,26,False,Maize.Group.Ames.Panel.2010,,USA,Breeding material,Va37
Ames 19012,29,31,False,Maize.Group.Ames.Panel.2010,Va17 xd C103 Backcross,USA,Breeding material,Va39
Ames 19013,29,32,False,Maize.Group.Ames.Panel.2010,Va17 x Va36,USA,Breeding material,Va46
Ames 19015,30,32,False,Maize.Group.Ames.Panel.2010,[(C103 X T8(2)) X (C.I.21E X C103(2))],USA,Breeding material,Va58
Ames 19017,28,56,False,Maize.Group.Ames.Panel.2010,T8 x C103,USA,Breeding material,Va60
Ames 19018,26,69,False,Maize.Group.Ames.Panel.Post.2010,T8 x C103,USA,Breeding material,Va61
Ames 19019,29,32,False,Maize.Group.Ames.Panel.2010,Va17 x Va53,USA,Breeding material,Va91
Ames 1904,15,15,False,,,PER,Cultivated material,Ames 1904
Ames 19103,30,693,False,,,USA,Breeding material,Hybrid Silver Queen
Ames 19321,19,23,False,Maize.Group.Ames.Panel.2010,Stiff Stalk Synthetic 1,USA,Breeding material,N28
Ames 19324,28,28,False,Maize.Group.Ames.Panel.2010,,USA,Breeding material,Pa871
Ames 19714,22,22,False,,,MEX,Landrace,Duplicate of PI 586646
Ames 19879,24,24,False,,,MEX,Landrace,BENZ 542
Ames 19969,17,17,False,,,MEX,Landrace,BENZ 927
Ames 20005,17,17,False,,,SAU,Landrace,15003
Ames 20006,15,15,False,,,SAU,Landrace,15032
Ames 20007,26,26,False,,,SAU,Landrace,15041
Ames 20008,25,25,False,,,SAU,Landrace,15054
Ames 20009,26,26,False,,,SAU,Landrace,15060
Ames 20011,26,26,False,,,SAU,Landrace,15080
Ames 20118,29,45,False,Maize.Group.Ames.Panel.2010,(K10 x Ky49/Ziler Hi-Cob),USA,Breeding material,Mo25W
Ames 20119,26,28,False,Maize.Group.Ames.Panel.2010,Mo17 x C103 3rd Cycle,USA,Breeding material,Mo40
Ames 20120,17,20,False,Maize.Group.Ames.Panel.2010,Mo17 x C103 3rd Cycle,USA,Breeding material,Mo42
Ames 20190,30,60,False,Maize.Set.Inbred.Diversity.282.Plus.NAM.Parents,KE 3,CAN,Breeding material,CM37
Ames 20191,27,92,False,Maize.Group.Ames.Panel.2010,Pioneer 6124,CAN,Breeding material,CO159
Ames 21095,27,42,False,Maize.Group.Ames.Panel.2010,,USA,Breeding material,R12
Ames 21096,27,30,False,Maize.Group.Ames.Panel.2010,,USA,Breeding material,R35
Ames 21785,25,25,False,,,MEX,Wild material,I.A. 1
Ames 21787,25,25,False,,,MEX,Wild material,I.A. 4
Ames 21789,25,25,False,,,MEX,Wild material,I.A. 8
Ames 21790,25,25,False,,,MEX,Wild material,I.A. 9
Ames 21793,25,25,False,,,MEX,Wild material,I.A. 12
Ames 21796,25,25,False,,,MEX,Wild material,I.A. 15
Ames 21797,25,25,False,,,MEX,Wild material,I.A. 16
Ames 21798,25,25,False,,,MEX,Wild material,I.A. 18
Ames 21799,25,25,False,,,MEX,Wild material,I.A. 19
Ames 21800,25,25,False,,,MEX,Wild material,I.A. 20
Ames 21801,25,25,False,,,MEX,Wild material,I.A. 21
Ames 21802,25,25,False,,,MEX,Wild material,I.A. 22
Ames 21803,25,25,False,,,MEX,Wild material,I.A. 23
Ames 21808,25,25,False,,,MEX,Wild material,I.A. 28
Ames 21809,25,25,False,,,MEX,Wild material,I.A. 29
Ames 21810,25,25,False,,,MEX,Wild material,I.A. 31
Ames 21812,25,25,False,,,MEX,Wild material,I.A. 33
Ames 21814,25,25,False,,,MEX,Wild material,I.A. 36
Ames 21826,25,25,False,,,MEX,Wild material,2422
Ames 21828,25,25,False,,,MEX,Wild material,2451
Ames 21829,25,25,False,,,MEX,Wild material,2451
Ames 21830,25,25,False,,,MEX,Wild material,2560
Ames 21852,25,25,False,,Believed to be a temperate selection from Zea mays subsp. mexicana Race Nobogame and Gaspe Flint Maize selected to resemble the teosinte parent (MJM).,033,Wild material,IV.B. 7
Ames 21855,25,25,False,,Believed to be a temperate selection from Zea mays subsp. mexicana Race Nobogame and Gaspe Flint Maize selected to resemble the teosinte parent (MJM).,033,Wild material,IV.B. 12
Ames 21857,25,25,False,,Believed to be a temperate selection from Zea mays subsp. mexicana Race Nobogame and Gaspe Flint Maize selected to resemble the teosinte parent (MJM).,033,Wild material,IV.B. 16
Ames 21860,25,26,False,,Believed to be a temperate selection from Zea mays subsp. mexicana Race Nobogame and Gaspe Flint Maize selected to resemble the teosinte parent.,USA,Wild material,2607
Ames 21861,24,24,False,,,MEX,Wild material,V.B. 4
Ames 21869,23,23,False,,,MEX,Wild material,VIII.B. 1
Ames 21889,25,25,False,,,MEX,Wild material,BENZ 967
Ames 21894,25,25,False,,,MEX,Wild material,Unknown #1
Ames 21956,26,54,False,,,USA,Landrace,Black Beauty Popcorn
Ames 21959,25,41,False,,,USA,Landrace,Ohio Yellow Popcorn
Ames 21960,34,64,False,,,USA,Landrace,Red Popcorn
Ames 21961,16,29,False,,,USA,Landrace,Strawberry Popcorn
Ames 21962,20,34,False,,,USA,Landrace,Supergold Popcorn
Ames 21963,25,39,False,,,USA,Landrace,South American Popcorn
Ames 21969,16,59,False,,,USA,Landrace,Knobless Tama Flint
Ames 21971,16,29,False,,,USA,Landrace,Knobless Wilbur's Flint
Ames 21972,26,68,False,,,USA,Landrace,Maiz Chapalote
Ames 21973,15,28,False,,,USA,Landrace,Papago Flour Corn
Ames 21974,15,28,False,,,USA,Landrace,Parker's Flint
Ames 21976,26,54,False,,,USA,Landrace,Winnebago Flint
Ames 21977,17,17,False,,,USA,Landrace,Missouri Cob Corn
Ames 22012,19,36,False,Maize.Group.Ames.Panel.2010,Whipple Yellow (Harris),USA,Cultivar,C7
Ames 22026,30,34,False,Maize.Group.Ames.Panel.2010,Narrow Grain Evergreen.,USA,Cultivar,Ia Ev191
Ames 22069,30,33,False,,,USA,Landrace,Hayes White
Ames 22097,15,15,False,,,USA,Cultivar,B73 x B95
Ames 22442,17,19,False,Maize.Group.Ames.Panel.2010,(Oh40B x 38-11)MS1334,USA,Cultivar,Ms100
Ames 22707,16,30,False,,,USA,Landrace,Pennsylvania Colored Corn (Barnes Strain)
Ames 22758,26,43,False,Maize.Group.Ames.Panel.2010,[(T61 X Snelling Stiff Stalk) T61 (6)],USA,Cultivar,T61w.c.
Ames 22759,18,33,False,Maize.Group.Ames.Panel.2010,Tx61M X Tx325,USA,Cultivar,Tx29A
Ames 22760,19,38,False,Maize.Group.Ames.Panel.2010,Tx441 X 166,USA,Cultivar,Tx71
Ames 22761,20,37,False,Maize.Group.Ames.Panel.2010,Tx441 X166,USA,Cultivar,Tx81
Ames 22762,19,52,False,Maize.Group.Ames.Panel.2010,,USA,Cultivar,Tx118
Ames 22765,20,37,False,Maize.Group.Ames.Panel.2010,,USA,Cultivar,Tx738
Ames 22766,18,48,False,Maize.Group.Ames.Panel.2010,,USA,Cultivar,Tx817w
Ames 22768,17,19,False,,,USA,Breeding material,ZC 2451
Ames 22792,29,46,False,Maize.Group.Ames.Panel.2010,,USA,Breeding material,ABPl 2
Ames 22793,18,20,False,Maize.Group.Ames.Panel.2010,,USA,Breeding material,ABPl 4
Ames 22794,18,21,False,Maize.Group.Ames.Panel.2010,,USA,Breeding material,ABPl 5
Ames 23011,16,16,False,,,USA,Cultivar,INIA 160
Ames 23014,16,16,False,,,USA,Cultivar,HB 83
Ames 23015,15,15,False,,,USA,Cultivar,PM 102
Ames 23017,15,15,False,,,USA,Cultivar,PM 701
Ames 2325,28,75,False,Maize.Group.Ames.Panel.2010,,CHN,Breeding material,Luo 3
Ames 2326,30,31,False,Maize.Group.Ames.Panel.2010,,CHN,Breeding material,Taun 23
Ames 2334,28,29,False,Maize.Group.Ames.Panel.2010,,CHN,Breeding material,Yong 28 (br2)
Ames 2338,29,42,False,Maize.Group.Ames.Panel.2010,,CHN,Breeding material,(Twan x Tzuh)-S6
Ames 23391,27,30,False,Maize.Group.Ames.Panel.2010,Rustler (same as C15),USA,Breeding material,A34
Ames 23392,18,20,False,Maize.Group.Ames.Panel.2010,64 X 15-28 (64 is the same as C64; renamed A48. 15-28 same as C15-28; renamed A39),USA,Breeding material,A90
Ames 23403,18,21,False,Maize.Group.Ames.Panel.2010,"[(C14 X A374) C14(2)] Alternate in Schaefer & Bernardo [(A1 x A374) x A1(2)].  Gerdes, Behr, Coors & Tracey indicate C14 = A1.",USA,Breeding material,A218
Ames 23413,18,21,False,Maize.Group.Ames.Panel.2010,A334 X Oh07,USA,Breeding material,A286
Ames 23418,18,21,False,Maize.Group.Ames.Panel.2010,"C15 X 8-29. Alternate in Schaefer & Bernardo A34 X A25.  Gerdes, Behr, Coors & Tracey indicate C15 = A34 and 8-29 = A25.",USA,Breeding material,A308
Ames 23419,18,21,False,Maize.Group.Ames.Panel.2010,C6 X H,USA,Breeding material,A310
Ames 23439,27,54,False,Maize.Group.Ames.Panel.2010,,USA,Breeding material,A480
Ames 23442,17,20,False,Maize.Group.Ames.Panel.2010,A163 X W283.  A163 derives from the cross (A2 X 47).  Both A2 and 47 derive from Minnesota 13.,USA,Breeding material,A498
Ames 23444,17,20,False,Maize.Group.Ames.Panel.2010,A163 X W283.  A163 derives from the cross (A2 X 47).  Both A2 and 47 derive from Minnesota 13.,USA,Breeding material,A500
Ames 23445,17,19,False,Maize.Group.Ames.Panel.2010,A334 X Haney's Minnesota No. 13,USA,Breeding material,A502
Ames 23455,27,43,False,Maize.Group.Ames.Panel.2010,(A165 x Pioneer Long Ear) x A165,USA,Breeding material,A588
Ames 23457,19,33,False,Maize.Group.Ames.Panel.2010,,USA,Breeding material,A618
Ames 23458,27,68,False,Maize.Group.Ames.Panel.2010,,USA,Breeding material,A619HT
Ames 23459,27,45,False,Maize.Group.Ames.Panel.2010,[(A298 X Amargo 41.2504B) A298(2)],USA,Breeding material,A622
Ames 23460,18,20,False,Maize.Group.Ames.Panel.2010,[(A295 X ND230) A295],USA,Breeding material,A624
Ames 23464,27,30,False,Maize.Group.Ames.Panel.2010,,USA,Breeding material,A628
Ames 23466,17,21,False,Maize.Group.Ames.Panel.2010,(A116 x Wf9) x Wf9(3),USA,Breeding material,A630
Ames 23469,28,31,False,Maize.Group.Ames.Panel.2010,,USA,Breeding material,A632HTN
Ames 23470,28,31,False,Maize.Group.Ames.Panel.2010,,USA,Breeding material,A632RpRp
Ames 23473,28,31,False,Maize.Group.Ames.Panel.2010,,USA,Breeding material,A635RpRp
Ames 23474,19,22,False,Maize.Group.Ames.Panel.2010,[(ND302 X B14) B14 self B14(2)],USA,Breeding material,A636
Ames 23476,19,23,False,Maize.Group.Ames.Panel.2010,[(V3 X Wf9) S1 Wf9],USA,Breeding material,A638
Ames 23477,18,21,False,Maize.Group.Ames.Panel.2010,ND203 X B14,USA,Breeding material,A640
Ames 23479,19,21,False,Maize.Group.Ames.Panel.2010,Iowa Synthetic A,USA,Breeding material,A644
Ames 23481,28,31,False,Maize.Group.Ames.Panel.2010,Minnesota Synthetic 3,USA,Breeding material,A646
Ames 23483,18,22,False,Maize.Group.Ames.Panel.2010,[(V3 X A321) A321],USA,Breeding material,A650
Ames 23488,19,20,False,Maize.Group.Ames.Panel.2010,[(Mt42 X B14) S1 B14],USA,Breeding material,A656
Ames 23489,25,72,False,Maize.Group.Ames.Panel.Post.2010,Pennsylvania State Synthetic No. 2,USA,Breeding material,A658
Ames 23490,20,21,False,Maize.Group.Ames.Panel.2010,Minnesota Synthetic C,USA,Breeding material,A666
Ames 23492,27,42,False,Maize.Group.Ames.Panel.2010,[(A509 X C103) C103(2)],USA,Breeding material,A668
Ames 23494,28,31,False,Maize.Group.Ames.Panel.2010,[(A632 X A619) A619(4)],USA,Breeding material,A670
Ames 23500,18,21,False,Maize.Group.Ames.Panel.2010,A662 X B70,USA,Breeding material,A676
Ames 23502,28,54,False,Maize.Group.Ames.Panel.2010,[(A662 X B52) B52],USA,Breeding material,A678
Ames 23506,19,21,False,Maize.Group.Ames.Panel.2010,Golden Bantam,USA,Breeding material,C38
Ames 23508,18,20,False,Maize.Group.Ames.Panel.2010,,USA,Breeding material,S4
Ames 23509,30,47,False,Maize.Group.Ames.Panel.2010,,USA,Breeding material,S8
Ames 23515,28,28,False,,,USA,Breeding material,Component Long-Ear Synthetic
Ames 23516,27,51,False,,,USA,Breeding material,AS-DK
Ames 23518,25,25,False,,,USA,Landrace,Minnesota #13 (Mellums Strain)
Ames 23519,26,26,False,,,USA,Landrace,Minnesota #13 (University Farm Strain)
Ames 23520,26,26,False,,,USA,Landrace,Northwestern Red Dent
Ames 23521,27,27,False,,,USA,Landrace,Golden King
Ames 23522,26,26,False,,,USA,Landrace,Golden Jewell
Ames 23523,26,26,False,,,USA,Landrace,Rustler
Ames 23524,25,25,False,,,USA,Breeding material,AS-9
Ames 23525,26,26,False,,,USA,Breeding material,AS-10
Ames 23526,26,26,False,,,USA,Breeding material,AS5(X)C2
Ames 23527,25,25,False,,,USA,Breeding material,AS6(X)C2
Ames 23528,26,26,False,,,USA,Breeding material,AS7(X)C2
Ames 23529,26,26,False,,,USA,Breeding material,AS8(X)C2
Ames 23676,16,16,False,,NKS2(5)RM2,USA,Breeding material,NKS2(5)RM2
Ames 23710,32,683,False,,A619 X A632,USA,Cultivar,A619 X A632
Ames 23922,19,38,False,Maize.Group.Ames.Panel.2010,[(Oh51 X Oh17)Oh51],USA,Breeding material,Oh51A
Ames 23924,17,33,False,Maize.Group.Ames.Panel.2010,,USA,Breeding material,Tx706
Ames 24548,17,17,False,,,USA,Landrace,Corn 530
Ames 24574,39,693,False,,(DS91 x DS69) x DS28,USA,Cultivar,Iopop 12
Ames 24590,19,22,False,Maize.Group.Ames.Panel.2010,,USA,Breeding material,I198
Ames 24630,16,16,False,,,MEX,Landrace,Oaxaca 130
Ames 24636,23,23,False,,,MEX,Landrace,San Luis Potosi 108
Ames 24639,22,22,False,,,MEX,Landrace,Veracruz 128
Ames 24704,29,34,False,Maize.Group.Ames.Panel.2010,,USA,Breeding material,MS1
Ames 24707,18,20,False,Maize.Group.Ames.Panel.2010,[(Golden Glow X M. Amargo) S5 X Duncan] S2 X Golden Glow,USA,Breeding material,MS24
Ames 24709,28,33,False,Maize.Group.Ames.Panel.2010,W10 X Oh40B ,USA,Breeding material,MS57
Ames 24711,29,33,False,Maize.Group.Ames.Panel.2010,W10 X Oh40B,USA,Breeding material,MS68
Ames 24714,29,33,False,Maize.Group.Ames.Panel.2010,Michigan Early Synthetic 1 ,USA,Breeding material,MS74
Ames 24715,18,20,False,Maize.Group.Ames.Panel.2010,,USA,Breeding material,MS75
Ames 24716,18,20,False,Maize.Group.Ames.Panel.2010,,USA,Breeding material,MS76
Ames 24717,29,33,False,Maize.Group.Ames.Panel.2010,,USA,Breeding material,MS77
Ames 24718,29,33,False,Maize.Group.Ames.Panel.2010,,USA,Breeding material,MS78
Ames 24719,28,33,False,Maize.Group.Ames.Panel.2010,,USA,Breeding material,MS79
Ames 24720,20,25,False,Maize.Group.Ames.Panel.2010,Pioneer 373 ,USA,Breeding material,MS80
Ames 24721,26,42,False,Maize.Group.Ames.Panel.2010,,USA,Breeding material,MS81
Ames 24722,18,21,False,Maize.Group.Ames.Panel.2010,,USA,Breeding material,MS89
Ames 24723,29,56,False,Maize.Group.Ames.Panel.2010,(W10 X Ms206) W10,USA,Breeding material,MS91
Ames 24724,28,32,False,Maize.Group.Ames.Panel.2010,[(Oh40B X R53) R53] ,USA,Breeding material,MS92
Ames 24725,18,21,False,Maize.Group.Ames.Panel.2010,[(Oh40B X R53) R53] ,USA,Breeding material,MS93
Ames 24726,18,20,False,Maize.Group.Ames.Panel.2010,[(Oh40B X 38-11) MS1334] ,USA,Breeding material,MS100
Ames 24728,17,28,False,Maize.Group.Ames.Panel.2010,M14 X NY3,USA,Breeding material,MS107
Ames 24731,18,18,False,,[(49 X C105) X (Mo X MS206)] ,USA,Breeding material,MS140
Ames 24732,19,21,False,Maize.Group.Ames.Panel.2010,MS1334 X [(H X MS206) X (49 X C105)] ,USA,Breeding material,MS141
Ames 24735,28,32,False,Maize.Group.Ames.Panel.2010,,USA,Breeding material,MS198
Ames 24736,19,23,False,Maize.Group.Ames.Panel.2010,,USA,Breeding material,MS199
Ames 24738,28,33,False,Maize.Group.Ames.Panel.2010,(Oh40B X R53 ) Oh40B,USA,Breeding material,MS201
Ames 24739,29,47,False,Maize.Group.Ames.Panel.2010,,USA,Breeding material,MS203
Ames 24740,19,22,False,Maize.Group.Ames.Panel.2010,,USA,Breeding material,MS204
Ames 24741,29,33,False,Maize.Group.Ames.Panel.2010,[(Golden Glow X M. Amargo) S5 X Duncan] S2 X Duncan,USA,Breeding material,MS206
Ames 24743,19,22,False,Maize.Group.Ames.Panel.2010,Iowa Stiff Stalk Synthetic,USA,Breeding material,MS214
Ames 24744,28,32,False,Maize.Group.Ames.Panel.2010,,USA,Breeding material,MS215
Ames 24745,19,23,False,Maize.Group.Ames.Panel.2010,Open pollinated variety Pratt,USA,Breeding material,MS216
Ames 25005,18,18,False,,Developed by 12 cycles of reciprocal full-sib selection from Iowa Two-ear Synthetic #1 with Pioneer Two-ear Composite as the tester. ,USA,Breeding material,BS10(FR)C12
Ames 25006,18,18,False,,"Population developed by 12 cycles of reciprocal full-sib selection from Pioneer Two-ear Composite, with Iowa Two-ear Synthetic #1 as the tester. ",USA,Breeding material,BS11(FR)C12
Ames 25178,16,16,False,,,USA,Breeding material,Separation from GE129
Ames 25207,15,15,False,,,USA,Breeding material,Burford 2
Ames 25208,27,27,False,,,USA,Breeding material,Burford 5
Ames 25209,25,25,False,,,USA,Breeding material,Burford 7
Ames 25213,26,56,False,,,USA,Breeding material,Burford 22
Ames 25214,17,17,False,,,USA,Breeding material,Burford 24
Ames 25216,26,26,False,,,USA,Breeding material,Burford 45
Ames 25218,18,19,False,Maize.Group.Ames.Panel.2010,Coker 911 OP,USA,Breeding material,GA221
Ames 25222,25,53,False,,(Lambayeque 103:PI 503764 x B94)\\\B94 S1,USA,Breeding material,A98-090OB
Ames 25224,25,53,False,,(Libertad 3:Ames 10623 x B97)\\\B97 S1,USA,Breeding material,A98-208OB
Ames 25225,15,29,False,,(Piura 208:PI 503849 x B97)\\\B97 S1,USA,Breeding material,A98-19905
Ames 25250,18,18,False,,,URY,Landrace,Little Red Flint
Ames 25270,30,694,False,,CM105 (PI 587124) x W117 (PI 587153),USA,Breeding material,CM105 x W117
Ames 25957,17,17,False,,,POL,Cultivated material,POL 055095
Ames 25958,17,17,False,,,POL,Cultivated material,POL 055096
Ames 25975,27,41,False,,(Lambayeque 29:PI 503720 x B97)\\\B97 S1 bulk of selfed plants,USA,Breeding material,A98-116OB
Ames 26021,27,90,False,Maize.Group.Ames.Panel.2010,Palin Reid,USA,Breeding material,P8
Ames 26119,28,97,False,Maize.Group.Ames.Panel.2010,,USA,Breeding material,C.I. 19
Ames 26125,29,33,False,Maize.Group.Ames.Panel.2010,Midland Yellow Dent,USA,Breeding material,C.I. 31
Ames 26439,30,30,False,Maize.GEM.Group1.All-GEM-Releases,(PE001 x N16)F2S2-65; balanced bulk of S3's.,USA,Cultivar,GEMN-0034
Ames 26443,30,30,False,Maize.GEM.Group1.All-GEM-Releases,(PE001 x N16)F2S2-193; balanced bulk of S3's.,USA,Cultivar,GEMN-0038
Ames 26501,26,26,False,Maize.GEM.Group1.All-GEM-Releases,2228-03_DK370A_S11_F2S4_3358-Blk04/00,USA,Cultivar,GEMS-0026
Ames 26536,17,18,False,,,CUB,Landrace,Cuba 174
Ames 26593,25,26,False,,,URY,Landrace,Uruguay 168
Ames 26741,27,55,False,Maize.Group.Ames.Panel.2010,Inbred 187-2 crossed with waxy gene donor.,USA,Breeding material,WX187-2
Ames 26742,27,31,False,Maize.Group.Ames.Panel.2010,Inbred 33-16 crossed with waxy gene donor.,USA,Breeding material,WX33-16
Ames 26743,27,31,False,Maize.Group.Ames.Panel.2010,Inbred 38-11 crossed with waxy gene donor.,USA,Breeding material,WX38-11
Ames 26744,27,56,False,Maize.Group.Ames.Panel.2010,Inbred B14 crossed with waxy gene donor.,USA,Breeding material,WXB14
Ames 26746,28,57,False,Maize.Group.Ames.Panel.2010,Inbred Hy crossed with waxy gene donor.,USA,Breeding material,WXHy
Ames 26747,27,56,False,Maize.Group.Ames.Panel.2010,Inbred I198 crossed with waxy gene donor.,USA,Breeding material,WXI198
Ames 26748,28,57,False,Maize.Group.Ames.Panel.2010,Inbred I205 crossed with waxy gene donor.,USA,Breeding material,WXI205
Ames 26749,28,45,False,Maize.Group.Ames.Panel.2010,Inbred K41 crossed with waxy gene donor.,USA,Breeding material,WXK41
Ames 26750,27,56,False,Maize.Group.Ames.Panel.2010,Inbred K44 crossed with waxy gene donor.,USA,Breeding material,WXK44
Ames 26751,27,57,False,Maize.Group.Ames.Panel.2010,Inbred K55 crossed with waxy gene donor.,USA,Breeding material,WXK55
Ames 26752,28,47,False,Maize.Group.Ames.Panel.2010,Inbred K64 crossed with waxy gene donor.,USA,Breeding material,WXK64
Ames 26753,27,45,False,Maize.Group.Ames.Panel.2010,Inbred L289 crossed with waxy gene donor.,USA,Breeding material,WXL289
Ames 26754,27,54,False,Maize.Group.Ames.Panel.2010,Inbred L317 crossed with waxy gene donor.,USA,Breeding material,WXL317
Ames 26755,28,47,False,Maize.Group.Ames.Panel.2010,Inbred M14 crossed with waxy gene donor.,USA,Breeding material,WXM14
Ames 26756,27,54,False,Maize.Group.Ames.Panel.2010,Inbred Os420 crossed with waxy gene donor.,USA,Breeding material,WXOs420
Ames 26757,27,55,False,Maize.Group.Ames.Panel.2010,Inbred W22 crossed with waxy gene donor.,USA,Breeding material,WXW22
Ames 26758,27,45,False,Maize.Group.Ames.Panel.2010,Inbred WF9 crossed with waxy gene donor.,USA,Breeding material,WXWF9
Ames 26770,29,30,False,Maize.Group.Ames.Panel.2010,,USA,Breeding material,66
Ames 26812,27,51,False,Maize.Group.Ames.Panel.2010,Spanish Gold,USA,Breeding material,C3
Ames 26813,27,54,False,Maize.Group.Ames.Panel.2010,(P39 x Spancross) Spancross,USA,Breeding material,C5
Ames 26906,26,26,False,,L317 X Hy,USA,Breeding material,L317 X Hy
Ames 26907,26,26,False,,Wf9 X 38-11,USA,Breeding material,Wf9 X 38-11
Ames 26908,32,505,False,,(Wf9 X 38-11) X (L317 X Hy),USA,Breeding material,U.S. 13
Ames 26909,17,20,False,Maize.Group.Ames.Panel.2010,Mo17 X C103 3rd Cycle,USA,Breeding material,Mo41
Ames 27017,27,68,False,Maize.Group.Ames.Panel.2010,,CAN,Breeding material,CH705-8
Ames 27019,27,45,False,Maize.Group.Ames.Panel.2010,,CAN,Breeding material,CH732-12
Ames 27020,27,68,False,Maize.Group.Ames.Panel.2010,,CAN,Breeding material,CH741-6
Ames 27026,27,43,False,Maize.Group.Ames.Panel.2010,Undetermined,CAN,Breeding material,CL19
Ames 27027,26,41,False,Maize.Group.Ames.Panel.2010,Prides // New England Flint / Zacatecas 58,CAN,Breeding material,CL20
Ames 27028,26,91,False,Maize.Group.Ames.Panel.2010,Prides // New England Flint / Zacatecas 58,CAN,Breeding material,CL22
Ames 27032,26,67,False,Maize.Group.Ames.Panel.2010,,CAN,Breeding material,CM145
Ames 27033,27,45,False,Maize.Group.Ames.Panel.2010,,CAN,Breeding material,CM151
Ames 27034,26,66,False,Maize.Group.Ames.Panel.2010,,CAN,Breeding material,CM155
Ames 27035,27,45,False,Maize.Group.Ames.Panel.2010,,CAN,Breeding material,CM169
Ames 27036,27,44,False,Maize.Group.Ames.Panel.2010,,CAN,Breeding material,CM182
Ames 27037,26,65,False,Maize.Group.Ames.Panel.2010,,CAN,Breeding material,CM234
Ames 27040,27,45,False,Maize.Group.Ames.Panel.2010,,CAN,Breeding material,CO120
Ames 27041,27,44,False,Maize.Group.Ames.Panel.2010,,CAN,Breeding material,CO150
Ames 27045,27,30,False,Maize.Group.Ames.Panel.2010,,CAN,Breeding material,CO220
Ames 27049,27,45,False,Maize.Group.Ames.Panel.2010,,CAN,Breeding material,CO252
Ames 27050,27,59,False,Maize.Group.Ames.Panel.2010,"INRA 258, INRA 258 is a double cross hybrid (W33 X F115) X (F7 X EP1)",CAN,Breeding material,CO255
Ames 27054,25,64,False,Maize.Group.Ames.Panel.Post.2010,,CAN,Breeding material,CO261
Ames 27056,27,44,False,Maize.Group.Ames.Panel.2010,Synthetic A.  Synthetic A is a 9 line synthetic with the majority of the lines from Central Europe.,CAN,Breeding material,CSJ2
Ames 27070,28,60,False,Maize.Set.Inbred.Diversity.282.Plus.NAM.Parents,W85 x CMV3,CAN,Breeding material,CM7
Ames 27109,25,41,False,Maize.Set.Inbred.Diversity.282.Plus.NAM.Parents,,USA,Breeding material,Duplicate of PI 638551
Ames 27128,19,50,False,Maize.Set.Inbred.Diversity.282.Plus.NAM.Parents,,THA,Breeding material,KUI2007
Ames 28170,27,47,False,Maize.Group.Ames.Panel.2010,,USA,Breeding material,A619E
Ames 28181,16,16,False,,,USA,Breeding material,W117E
Ames 28332,25,25,False,Maize.Group.Ames.Panel.Post.2010,Funk 176A,USA,Breeding material,AR4
Ames 28333,25,50,False,,,USA,Breeding material,Fe2
Ames 28334,25,50,False,Maize.Group.Ames.Panel.Post.2010,,USA,Breeding material,GN2-2
Ames 28335,25,50,False,Maize.Group.Ames.Panel.Post.2010,,USA,Breeding material,L1546
Ames 28336,25,25,False,Maize.Group.Ames.Panel.Post.2010,,USA,Breeding material,LE773
Ames 28337,25,49,False,Maize.Group.Ames.Panel.Post.2010,O.P. Orange Flint,ARG,Breeding material,P465
Ames 28338,25,49,False,Maize.Group.Ames.Panel.Post.2010,Single hybrid semi-dent,ARG,Breeding material,P578
Ames 28339,25,49,False,Maize.Group.Ames.Panel.Post.2010,CMI x ETO,ARG,Breeding material,P1338
Ames 28340,25,25,False,Maize.Group.Ames.Panel.Post.2010,,USA,Breeding material,TEA
Ames 28341,25,25,False,Maize.Group.Ames.Panel.Post.2010,O.P. Orange Flint,ARG,Breeding material,ZN6
Ames 28360,28,33,False,Maize.Group.Ames.Panel.2010,(B37 x wx1)(B37^5)sel.,USA,Breeding material,Mo401
Ames 28415,19,22,False,Maize.Group.Ames.Panel.2010,(B73 x NC250) B73,USA,Breeding material,NC266B
Ames 28439,26,26,False,,,USA,Breeding material,Mexican Dent sh2 ####@@@@@RC#
Ames 28566,15,15,False,,,GTM,Landrace,Guatemala 597
Ames 28570,15,15,False,,,HTI,Landrace,Haiti 8
Ames 28571,15,29,False,,,HTI,Landrace,Haiti 11
Ames 28572,15,15,False,,,HTI,Landrace,Haiti 15
Ames 28573,15,29,False,,,CUB,Landrace,Cuba 60
Ames 28574,15,15,False,,,CUB,Landrace,CIMMYTMA 5658
Ames 28581,15,16,False,,,CUB,Landrace,Cuba 57
Ames 28582,15,16,False,,,CUB,Landrace,Cuba 62
Ames 28583,15,15,False,,,TTO,Landrace,Trinidad 1
Ames 28585,15,29,False,,,TTO,Landrace,Trinidad 13
Ames 28589,15,15,False,,,VEN,Landrace,Venezuela 576
Ames 28590,15,15,False,,,VEN,Landrace,Venezuela 604
Ames 28591,15,15,False,,,VEN,Landrace,Venezuela 981
Ames 28605,15,15,False,,,VEN,Landrace,Venezuela 318
Ames 28606,15,15,False,,,VEN,Landrace,Venezuela 405
Ames 28607,15,15,False,,,VEN,Landrace,Venezuela 331
Ames 28609,15,15,False,,,VEN,Landrace,Venezuela 352
Ames 28610,15,15,False,,,VEN,Landrace,Venezuela 432
Ames 28612,15,15,False,,,VEN,Landrace,Venezuela 489
Ames 28614,15,15,False,,,VEN,Landrace,Venezuela 775
Ames 28617,15,29,False,,,VEN,Landrace,Venezuela 312
Ames 28622,15,15,False,,,VEN,Landrace,Venezuela 414
Ames 28624,15,15,False,,,VEN,Landrace,Venezuela 767
Ames 28636,15,15,False,,,COL,Landrace,Cauca 331B
Ames 28751,15,16,False,,,BOL,Landrace,Bolivia 760
Ames 28752,15,16,False,,,BOL,Landrace,Bolivia 864
Ames 28771,25,25,False,,,CHL,Landrace,Chile 312
Ames 28772,25,25,False,,,CHL,Landrace,Chile 310
Ames 28780,25,25,False,,BRAZIL 2424,ARG,Breeding material,Argentina Group 7
Ames 28781,15,15,False,,,BRA,Breeding material,DES IB
Ames 28782,15,15,False,,,GUF,Landrace,French Guiana 790
Ames 28783,15,44,False,,,GUF,Landrace,French Guiana 792
Ames 28784,15,15,False,,BRAZIL 784 (Same as FRGU 784),GUF,Landrace,French Guiana Group 1
Ames 28785,16,30,False,,BRAZIL 785 ,GUF,Landrace,French Guiana Group 6
Ames 28786,15,16,False,,"BRAZIL 813, BRAZIL 815, BRAZIL 816, BRAZIL 817 ",GUY,Landrace,Guyana Group 2
Ames 28788,15,15,False,,,SUR,Landrace,Suriname 803
Ames 28805,15,15,False,,,ARG,Landrace,Argentina 482
Ames 28806,15,15,False,,,ARG,Landrace,Argentina 541
Ames 28807,15,15,False,,,ARG,Landrace,Argentina 485
Ames 28811,16,30,False,,,PRY,Landrace,Paraguay 422
Ames 28813,15,15,False,,,URY,Landrace,URG 660
Ames 28816,15,16,False,,,VEN,Breeding material,CHIRIMITO
Ames 28819,15,15,False,,,VEN,Breeding material,CANILLA
Ames 28820,15,29,False,,,VEN,Breeding material,CARIACO
Ames 28821,15,15,False,,,VEN,Breeding material,GUARIBERO
Ames 28822,15,29,False,,,VEN,Breeding material,PUYA
Ames 28823,15,15,False,,,VEN,Breeding material,CUBA YELLOW FLINT
Ames 28824,15,29,False,,,VEN,Breeding material,PUYA GRANDE
Ames 28825,15,29,False,,,VEN,Breeding material,NEGRITO
Ames 28827,15,29,False,,,COL,Breeding material,PIRA
Ames 28829,15,26,False,,,COL,Breeding material,CLAVO
Ames 28830,15,15,False,,,COL,Breeding material,GUIRUA
Ames 28831,15,15,False,,,COL,Breeding material,MAIZ DULCE
Ames 28832,15,15,False,,,COL,Breeding material,CARIACO
Ames 28833,15,29,False,,,COL,Breeding material,ANDAQUI
Ames 28840,15,15,False,,,COL,Breeding material,COMUN
Ames 28841,15,15,False,,,COL,Breeding material,YUCATAN
Ames 28842,15,15,False,,,COL,Breeding material,CACAO
Ames 28844,15,15,False,,,COL,Breeding material,NEGRITO
Ames 28845,15,15,False,,,COL,Breeding material,PUYA
Ames 28846,15,15,False,,,COL,Breeding material,PUYA GRANDE
Ames 28847,15,26,False,,,COL,Breeding material,CHOCOCENO
Ames 28851,15,23,False,,,ECU,Breeding material,CANDELA
Ames 28867,15,29,False,,,PER,Breeding material,PAGALADROGA
Ames 28870,15,15,False,,,PER,Breeding material,PIRICINCO
Ames 28873,15,15,False,,,PER,Breeding material,ALAZAN
Ames 28880,15,15,False,,,PER,Breeding material,CHANCAYANO BLANCO
Ames 28881,15,15,False,,,PER,Breeding material,CHANCAYANO PINTADO
Ames 28883,15,26,False,,,PER,Breeding material,PERLA
Ames 28884,15,29,False,,,PER,Breeding material,RIENDA
Ames 28887,15,15,False,,,PER,Breeding material,PARDO
Ames 28888,15,15,False,,,PER,Breeding material,ALEMAN
Ames 28890,15,15,False,,,PER,Breeding material,ARIZONA
Ames 28907,15,15,False,,,BOL,Breeding material,PEROLA
Ames 28908,15,15,False,,,BOL,Breeding material,YUNGUENO
Ames 28909,15,29,False,,,BOL,Breeding material,POJOSO CHICO
Ames 28911,15,15,False,,,BOL,Breeding material,CUBANO DENTADO
Ames 28913,15,15,False,,,BOL,Breeding material,PORORO
Ames 28914,15,29,False,,,BOL,Breeding material,COROICO BLANCO
Ames 28915,15,29,False,,,BOL,Breeding material,COROICO AMARILLO
Ames 28917,15,16,False,,,BRA,Breeding material,AVATI PICHINGA
Ames 28918,15,15,False,,,BRA,Landrace,Ames 28918
Ames 28919,15,29,False,,,BRA,Landrace,Ames 28919
Ames 28926,15,15,False,,,BRA,Landrace,Ames 28926
Ames 28927,29,75,False,Maize.Group.Ames.Panel.2010,,USA,Breeding material,Mo27W
Ames 28929,28,48,False,Maize.Group.Ames.Panel.2010,,USA,Breeding material,Mo29W
Ames 28930,28,30,False,Maize.Group.Ames.Panel.2010,See Hansey et.al. 2011,USA,Breeding material,Mo20W
Ames 28931,27,55,False,Maize.Group.Ames.Panel.2010,,USA,Breeding material,Mo31W
Ames 28932,27,30,False,Maize.Group.Ames.Panel.2010,,USA,Breeding material,Mo32W
Ames 28933,27,69,False,Maize.Group.Ames.Panel.2010,,USA,Breeding material,Mo33
Ames 28934,28,31,False,Maize.Group.Ames.Panel.2010,,USA,Breeding material,Mo36
Ames 28935,28,50,False,Maize.Group.Ames.Panel.2010,,USA,Breeding material,Mo37
Ames 28936,28,31,False,Maize.Group.Ames.Panel.2010,,USA,Breeding material,Mo38
Ames 28938,28,33,False,Maize.Group.Ames.Panel.2010,,USA,Breeding material,Mo43
Ames 28940,27,54,False,Maize.Group.Ames.Panel.2010,K55 Ga(s),USA,Breeding material,Mo501W
Ames 28941,27,30,False,Maize.Group.Ames.Panel.2010,,USA,Breeding material,Mo502W
Ames 28942,28,55,False,Maize.Group.Ames.Panel.2010,K6 Ga(s),USA,Breeding material,Mo506W
Ames 28943,29,33,False,Maize.Group.Ames.Panel.2010,,USA,Breeding material,Mo508W
Ames 28944,29,51,False,Maize.Group.Ames.Panel.2010,Ga1-S version of N72,USA,Breeding material,Mo510W
Ames 28945,28,50,False,Maize.Group.Ames.Panel.2010,,USA,Breeding material,Mo511W
Ames 28946,27,28,False,Maize.Group.Ames.Panel.2010,,USA,Breeding material,Mo512AW
Ames 28947,28,56,False,Maize.Group.Ames.Panel.2010,,USA,Breeding material,Mo512BW
Ames 28948,28,32,False,Maize.Group.Ames.Panel.2010,,USA,Breeding material,C.I. 4a
Ames 28949,23,44,False,Maize.Group.Ames.Panel.2010,,USA,Breeding material,CI 12
Ames 28957,15,30,False,Maize.Group.Ames.Panel.2010,,USA,Breeding material,Hi38 C1
Ames 28958,27,28,False,,,USA,Landrace,Reid Yellow Dent (Sears Strain)
Ames 28970,19,35,False,Maize.Group.Ames.Panel.2010,,USA,Breeding material,AD 147 DS
Ames 28971,19,33,False,Maize.Group.Ames.Panel.2010,,USA,Breeding material,AD 139 DS
Ames 28972,27,44,False,Maize.Group.Ames.Panel.2010,,USA,Breeding material,AD 123 DS
Ames 28973,19,33,False,Maize.Group.Ames.Panel.2010,,USA,Breeding material,AD 175
Ames 28974,28,69,False,Maize.Group.Ames.Panel.2010,,USA,Breeding material,AD 104 DS
Ames 28975,19,34,False,Maize.Group.Ames.Panel.2010,,USA,Breeding material,AD 147
Ames 28976,28,44,False,Maize.Group.Ames.Panel.2010,,USA,Breeding material,AD 139 DS??
Ames 28977,27,44,False,Maize.Group.Ames.Panel.2010,,USA,Breeding material,AD 316 DS
Ames 28978,16,27,False,Maize.Group.Ames.Panel.2010,,USA,Breeding material,AD 238 DS
Ames 28979,28,42,False,Maize.Group.Ames.Panel.2010,,USA,Breeding material,AD 230 DS
Ames 28980,28,43,False,Maize.Group.Ames.Panel.2010,,USA,Breeding material,AD 352
Ames 28981,28,46,False,Maize.Group.Ames.Panel.2010,,USA,Breeding material,AD 157 DS
Ames 28982,28,43,False,Maize.Group.Ames.Panel.2010,,USA,Breeding material,AD 187-1
Ames 28983,19,33,False,Maize.Group.Ames.Panel.2010,,USA,Breeding material,AD 187-2
Ames 28984,19,32,False,Maize.Group.Ames.Panel.2010,,USA,Breeding material,AD 284
Ames 28985,28,44,False,Maize.Group.Ames.Panel.2010,,USA,Breeding material,AD 188L
Ames 28986,27,44,False,Maize.Group.Ames.Panel.2010,,USA,Breeding material,AD 402 DS
Ames 28987,28,43,False,Maize.Group.Ames.Panel.2010,,USA,Breeding material,AD 233
Ames 28988,28,43,False,Maize.Group.Ames.Panel.2010,,USA,Breeding material,AD 26 DS
Ames 28989,28,43,False,Maize.Group.Ames.Panel.2010,,USA,Breeding material,AD H10
Ames 28990,19,33,False,Maize.Group.Ames.Panel.2010,,USA,Breeding material,AD 11 DS
Ames 28991,28,46,False,Maize.Group.Ames.Panel.2010,,USA,Breeding material,AD 330
Ames 28992,28,43,False,Maize.Group.Ames.Panel.2010,,USA,Breeding material,AD 363-1
Ames 28993,27,44,False,Maize.Group.Ames.Panel.2010,,USA,Breeding material,AD 363-2
Ames 28994,19,33,False,Maize.Group.Ames.Panel.2010,,USA,Breeding material,AD 188L DS
Ames 28995,16,19,False,Maize.Group.Ames.Panel.2010,,USA,Breeding material,AD 221
Ames 28996,28,44,False,Maize.Group.Ames.Panel.2010,,USA,Breeding material,AD 347 DS-1
Ames 28997,19,32,False,Maize.Group.Ames.Panel.2010,,USA,Breeding material,AD 347 DS-2
Ames 28998,27,44,False,Maize.Group.Ames.Panel.2010,,USA,Breeding material,AD 448 DS
Ames 28999,28,43,False,Maize.Group.Ames.Panel.2010,,USA,Breeding material,AD 440 DS-1
Ames 29000,19,33,False,Maize.Group.Ames.Panel.2010,,USA,Breeding material,AD 440 DS-2
Ames 29001,28,46,False,Maize.Group.Ames.Panel.2010,,USA,Breeding material,AD SA1
Ames 29002,28,44,False,Maize.Group.Ames.Panel.2010,,USA,Breeding material,AD SA2
Ames 29003,27,44,False,Maize.Group.Ames.Panel.2010,,USA,Breeding material,AD SA3
Ames 29004,27,35,False,Maize.Group.Ames.Panel.2010,,USA,Breeding material,AD SA4
Ames 29005,27,43,False,Maize.Group.Ames.Panel.2010,,USA,Breeding material,AD SA5
Ames 29006,27,43,False,Maize.Group.Ames.Panel.2010,,USA,Breeding material,AD SA6
Ames 29007,28,46,False,Maize.Group.Ames.Panel.2010,,USA,Breeding material,AD SA7
Ames 29008,28,46,False,Maize.Group.Ames.Panel.2010,,USA,Breeding material,AD SA8
Ames 29009,19,34,False,Maize.Group.Ames.Panel.2010,,USA,Breeding material,AD SA9
Ames 29010,20,35,False,Maize.Group.Ames.Panel.2010,,USA,Breeding material,AD SA10
Ames 29011,16,18,False,Maize.Group.Ames.Panel.2010,,USA,Breeding material,AD SA11
Ames 29012,16,18,False,Maize.Group.Ames.Panel.2010,,USA,Breeding material,AD SA12
Ames 29013,27,43,False,Maize.Group.Ames.Panel.2010,,USA,Breeding material,AD SA13
Ames 29014,16,19,False,Maize.Group.Ames.Panel.2010,,USA,Breeding material,AD SA14
Ames 29015,28,44,False,Maize.Group.Ames.Panel.2010,,USA,Breeding material,AD SA15
Ames 29016,27,43,False,Maize.Group.Ames.Panel.2010,,USA,Breeding material,AD SA16
Ames 29017,28,45,False,Maize.Group.Ames.Panel.2010,,USA,Breeding material,AD SA17
Ames 29018,27,43,False,Maize.Group.Ames.Panel.2010,,USA,Breeding material,AD SA18
Ames 29019,28,41,False,Maize.Group.Ames.Panel.2010,,USA,Breeding material,AD SA19
Ames 29020,19,34,False,Maize.Group.Ames.Panel.2010,,USA,Breeding material,AD SA20
Ames 29021,27,44,False,Maize.Group.Ames.Panel.2010,,USA,Breeding material,AD SA21
Ames 29022,27,54,False,Maize.Group.Ames.Panel.2010,,USA,Breeding material,AD Sg1501
Ames 29023,28,55,False,Maize.Group.Ames.Panel.2010,,USA,Breeding material,AD Sg1501-1
Ames 29024,27,43,False,Maize.Group.Ames.Panel.2010,,USA,Breeding material,AD Sg1501-2
Ames 29025,24,29,False,Maize.Group.Ames.Panel.2010,,USA,Breeding material,AD Sg1501-3
Ames 29026,27,43,False,Maize.Group.Ames.Panel.2010,,USA,Breeding material,AD Sg1501-4
Ames 29027,24,29,False,Maize.Group.Ames.Panel.2010,,USA,Breeding material,AD Sg1501-5
Ames 29028,28,55,False,Maize.Group.Ames.Panel.2010,,USA,Breeding material,AD Sg1501-6
Ames 29029,25,75,False,Maize.Group.Ames.Panel.Post.2010,,USA,Breeding material,AD Sg1501-7
Ames 29030,27,42,False,Maize.Group.Ames.Panel.2010,,USA,Breeding material,AD 370
Ames 29032,25,47,False,Maize.Group.Ames.Panel.Post.2010,,USA,Breeding material,AD 99
Ames 29169,15,16,False,,,GTM,Landrace,Guatemala 65
Ames 29186,25,50,False,,,GEO,Landrace,GSMO 2-26
Ames 29447,25,35,False,Maize.Group.Ames.Panel.2010,,USA,Breeding material,W438
Ames 29448,17,18,False,Maize.Group.Ames.Panel.2010,"(155 x 105.306) x B73Ht/Mo17Ht .  155 is Agroceres 155 from Brazil and contains Azteca and Tuxpan Yellow Dent germplasm. 105.306 is a cross between Pioneer X105A from Jamaica containing Tuxpeno, ETO, and Cuban Flint germplasm; and Pioneer X306B also from Jamaica containing Chandelle, Tuson, Coastal Tropical Flint, and Cuban Flint germplasm.",USA,Breeding material,1416-1
Ames 30480,15,16,False,Maize.Group.Ames.Panel.2010,T173/Cr1-172.  Cr1-172 is a selection from GEM PE 1:N16 and was assigned PI 639498 and registered as GEMS-0035.,USA,Breeding material,T179
Ames 30522,17,17,False,Maize.Group.Ames.Panel.2010,VEN 568 (PI 485415) Race Araguito.,USA,Breeding material,MR01 (Araguito) S6
Ames 30523,25,73,False,Maize.Group.Ames.Panel.2010,PI 213793 (Assiniboine),USA,Breeding material,MR02 (Assiniboine)
Ames 30524,26,42,False,Maize.Group.Ames.Panel.2010,BOV 635 (PI 471892) Race Cateto.,USA,Breeding material,MR05 (Cateto) S6
Ames 30527,27,54,False,Maize.Group.Ames.Panel.2010,RGS VII (PI 298525) Race Cravo Riogranense.,USA,Breeding material,MR09 (Cravo Riogranense) S6
Ames 30528,27,51,False,Maize.Group.Ames.Panel.Post.2010,CHI 349 (NSL 42737) Race Cristalino Norteno.,USA,Breeding material,MR10 (Cristalino Norteno) S6
Ames 30529,26,26,False,Maize.Group.Ames.Panel.2010,Cuba 65 (PI 483800) Race Cuban Flint.,USA,Breeding material,MR11 (Cuban Flint) S6
Ames 30530,24,58,False,Maize.Set.Inbred.MR.Landrace.Lines,PI 317675 (Havasupai) Race Southwestern 12 Row.,USA,Breeding material,MR12 (Havasupai)
Ames 30532,24,24,False,Maize.Set.Inbred.MR.Landrace.Lines,NAY 15 (PI 490921) Race Reventador.,USA,Breeding material,MR18 (Reventador) S6
Ames 30533,26,60,False,Maize.Group.Ames.Panel.2010,PI 218130 from the Santo Domingo Pueblo in New Mexico. Race Southwestern 12 Row.,USA,Breeding material,MR19 (Santo Domingo)
Ames 30534,28,55,False,Maize.Group.Ames.Panel.2010,PI 269743 (Shoepeg)  The Shoepeg source accession is a white soft dent on a red cob variety that is relative early compared to other shoepeg/gourdseed collections.,USA,Breeding material,MR20 (Shoe Peg) S7
Ames 30535,16,31,False,Maize.Group.Ames.Panel.2010,TAMS 125 (PI 586646) Race Tuxpeno.,USA,Breeding material,MR22 (Tuxpeno) S6
Ames 30536,24,48,False,Maize.Group.Ames.Panel.2010,OAX 70 (Ames 28457) Race Zapalote Chico.,USA,Breeding material,MR23 (Zapalote Chico) S6
Ames 30537,27,52,False,Maize.Group.Ames.Panel.2010,BOV 587 (NSL 286673) Race Pororo.,USA,Breeding material,MR25 (Pororo) S5
Ames 30561,26,27,False,,See Hansey et.al. 2011,USA,Breeding material,W804G
Ames 30562,26,26,False,,See Hansey et.al. 2011,USA,Breeding material,W805G
Ames 30563,24,65,False,,See Hansey et.al. 2011,USA,Breeding material,W806G
Ames 30564,24,48,False,,See Hansey et.al. 2011,USA,Breeding material,W807G
Ames 30565,24,48,False,,See Hansey et.al. 2011,USA,Breeding material,W808G
Ames 30865,18,18,False,Maize.Group.Ames.Panel.2010,,USA,Breeding material,SC76W
Ames 30885,18,19,False,Maize.Group.Ames.Panel.Post.2010,,USA,Breeding material,Rp1-C X H95(5)
Ames 30886,17,18,False,Maize.Group.Ames.Panel.Post.2010,,USA,Breeding material,Rp1-D X H95(6)
Ames 30888,18,19,False,Maize.Group.Ames.Panel.Post.2010,,USA,Breeding material,Rp1-J X H95(5)
Ames 30889,18,19,False,Maize.Group.Ames.Panel.Post.2010,,USA,Breeding material,Rp1-JD4 X H95(5)
Ames 30890,18,19,False,Maize.Group.Ames.Panel.Post.2010,,USA,Breeding material,Rp1-JF69 X H95(7)
Ames 30891,17,18,False,Maize.Group.Ames.Panel.Post.2010,,USA,Breeding material,Rp1-JFC X H95(5)
Ames 30893,18,19,False,Maize.Group.Ames.Panel.Post.2010,,USA,Breeding material,Rp3-A X H95(5)
Ames 30894,18,19,False,Maize.Group.Ames.Panel.Post.2010,,USA,Breeding material,Rp4-A X H95(6)
Ames 30895,18,19,False,Maize.Group.Ames.Panel.Post.2010,,USA,Breeding material,Rp4-B X H95(3)
Ames 30896,18,19,False,Maize.Group.Ames.Panel.Post.2010,,USA,Breeding material,Rp5 X H95(4)
Ames 30897,17,18,False,Maize.Group.Ames.Panel.Post.2010,,USA,Breeding material,Rp7 X H95(4)
Ames 30898,25,39,False,Maize.Group.Ames.Panel.Post.2010,,USA,Breeding material,Rp8-A X H95(7)
Ames 30900,18,19,False,Maize.Group.Ames.Panel.Post.2010,,USA,Breeding material,Rp-G5JC X H95(5)
Ames 30903,25,25,False,Maize.Group.Ames.Panel.Post.2010,,USA,Breeding material,Rp-IG X H95(8)
Ames 30904,18,19,False,Maize.Group.Ames.Panel.Post.2010,,USA,Breeding material,Rp-JC13a X H95(4)
Ames 30906,25,49,False,,,USA,Breeding material,Oh43 Rpp9
Ames 30907,27,51,False,Maize.Group.Ames.Panel.Post.2010,,USA,Breeding material,W64A Rpp9
Ames 30909,24,24,False,,,USA,Breeding material,KS23-4
Ames 30912,25,49,False,Maize.Group.Ames.Panel.Post.2010,,USA,Breeding material,B14 Ht
Ames 30915,26,26,False,Maize.Group.Ames.Panel.Post.2010,,USA,Breeding material,HPR-1
Ames 30916,28,28,False,Maize.Group.Ames.Panel.Post.2010,(WF9 x 38-11)38-11^2,USA,Breeding material,N 38A
Ames 30917,28,28,False,Maize.Group.Ames.Panel.Post.2010,M14 x W8 [Henderson]; Oh40B X W8 [Gerdes et al.],USA,Breeding material,Oh45
Ames 30918,26,26,False,Maize.Group.Ames.Panel.Post.2010,Leaming,USA,Breeding material,Pa36
Ames 30919,27,51,False,Maize.Group.Ames.Panel.Post.2010,,USA,Breeding material,Pa70
Ames 30920,27,27,False,Maize.Group.Ames.Panel.Post.2010,,USA,Breeding material,Pa884
Ames 30921,28,40,False,Maize.Group.Ames.Panel.Post.2010,,USA,Breeding material,R 802
Ames 30922,28,28,False,Maize.Group.Ames.Panel.Post.2010,,USA,Breeding material,Va50
Ames 30978,24,36,False,Maize.Group.Ames.Panel.Post.2010,,USA,Breeding material,Q66-7
Ames 31252,18,19,False,Maize.Group.Ames.Panel.2010,Open Pollinated Wf9,USA,Breeding material,GA224
Ames 31481,27,304,False,,,USA,Breeding material,(PH)B47 X PHZ51
Ames 32345,25,25,False,,,USA,Landrace,Bloody Butcher
Ames 32346,26,26,False,,,USA,Landrace,Braners YD
Ames 32347,26,26,False,,,USA,Landrace,Hills Blues and White
Ames 32348,26,26,False,,,USA,Landrace,Holdings Yellow Dent
Ames 32349,26,26,False,,,USA,Landrace,Honey June
Ames 32350,26,26,False,,,USA,Landrace,Kreids Yellow Dent
Ames 32351,26,26,False,,,USA,Landrace,Large Seed Yellow Dent
Ames 32352,26,26,False,,,USA,Landrace,McDonalds White
Ames 32353,26,26,False,,,USA,Landrace,Russlers Sweethorm
Ames 32354,25,25,False,,,USA,Landrace,Thomas White
Ames 32355,25,25,False,,,USA,Landrace,White Shoepeg
Ames 32356,26,26,False,,,USA,Landrace,White Shurcropper
Ames 32357,26,26,False,,,USA,Landrace,Wittiffs
Ames 32358,26,26,False,,,USA,Landrace,Yellow Tuxpan
Ames 32384,25,37,False,Maize.Group.Ames.Panel.Post.2010,(M14 x CI187-2)Oh45 x (Oh45A x Oh45T)Oh45,USA,Breeding material,Oh545
Ames 32913,15,29,False,Maize.Group.Ames.Panel.Post.2010,MOR 17 (S6) Race Pepitilla.  This accession has id CIMMYTMA 217.,USA,Cultivar,MR16 (Pepitilla)
Ames 33235,25,26,False,,,USA,Breeding material,Alaskan Composite
Ames 33993,25,25,False,,,USA,Cultivated material,Ames 33993
Ames 34055,15,43,False,,,THA,Breeding material,Ki20
Ames 34056,15,54,False,,,THA,Breeding material,Ki30
Ames 34057,15,30,False,,,THA,Breeding material,Ki45
Ames 34058,15,29,False,,,THA,Breeding material,Ki46
Ames 34059,15,15,False,,,THA,Breeding material,Ki47
Ames 34060,16,31,False,,,THA,Breeding material,Ki48
Ames 34064,15,15,False,,,THA,Breeding material,Ki59
Ames 34067,15,15,False,,,THA,Breeding material,Kei1421
Ames 34070,15,30,False,,,THA,Breeding material,KS23(S)C5
Ames 34155,15,15,False,,,USA,Breeding material,GT154
Ames 34156,15,15,False,,,USA,Breeding material,GT169a
Ames 34379,15,15,False,,P501-C0-F6-3-3-2-1-B,MEX,Cultivar,CML 313
Ames 34380,15,15,False,,TS6-C1-F118-1-2-3-1-2-B,MEX,Cultivar,CML 344
Ames 34382,15,15,False,,P501-C1-303-1-1-2-2-1-5-B,MEX,Cultivar,CML 380
Ames 34385,15,15,False,,P32MRRS-F2-C2-23-2-B,MEX,Cultivar,CML 449
Ames 34389,15,15,False,,LAPOSTASEQ-C4-F7-1-2-2-2-2-B,MEX,Cultivar,CML 494
Ames 34390,15,15,False,,KS23(S)C2-190-1-2-B-1-B-B-18-1-B. ,THA,Cultivar,NEI 402020
Ames 34434,15,15,False,,Oh11-6 X Oh07,USA,Cultivar,Oh07A
Ames 34435,15,15,False,,[(B37 X Oh07B) B37],USA,Cultivar,Oh509A
Ames 34436,15,15,False,,,USA,Cultivar,Oh512
Ames 34437,15,15,False,,[(Oh07 X L97) Oh07 (3)],USA,Cultivar,Oh513
Ames 34438,16,16,False,,H73 X Oh51A,USA,Cultivar,Oh551
Ames 34439,15,15,False,,W159 X WM13,USA,Cultivar,Pa33
Ames 34442,15,15,False,,PHJ89/(LH160/511L S2) S2 Bulk,USA,Breeding material,SWN Syn 02 OR
Ames 34444,15,15,False,,(SS Ga2s//93187//NK778/511M) x (93187^2//NK778/511M),USA,Breeding material,SWN Syn 04 OR
Ames 34445,15,15,False,,LH149^3/511M//(NYA665ECB/GEMS001 S6)^4/511M,USA,Breeding material,SWN Syn 05 OR
Ames 34446,15,15,False,,73157^3/511L,USA,Breeding material,SWN Syn 06 OR
Ames 34447,15,15,False,,"Complex cross of RS710, PHK05, LH149, and 511M",USA,Breeding material,SWN Syn 07 OR
Ames 34448,15,15,False,,"Early Stiff Stalk Ga1s, half CGSS lines",USA,Breeding material,SWN Syn 08 OR
Ames 34449,16,16,False,,"Early Stiff Stalk Ga1s, half RS710/LH146HT",USA,Breeding material,SWN Syn 09 OR
Ames 34450,15,15,False,,"Early Stiff Stalk Ga1s, half 73118/LH220HT",USA,Breeding material,SWN Syn 10 OR
Ames 34451,15,15,False,,"Early Stiff Stalk Ga1s, half 73118/LH149",USA,Breeding material,SWN Syn 11 OR
Ames 34452,16,16,False,,"Early Stiff Stalk Ga1s, half CG-SS and NK794",USA,Breeding material,SWN Syn 12 OR
Ames 34453,15,15,False,,"Early Non-Stiff Stalk Ga1s, half PHM81/PHR25",USA,Breeding material,SWN Syn 13 OR
Ames 34454,16,16,False,,"Early Non-Stiff Stalk Ga1s, half LH162/LH160",USA,Breeding material,SWN Syn 14 OR
Ames 34455,16,16,False,,"Complex cross of 73118, LH149, and 511M",USA,Breeding material,SWN Syn 15 OR
Ames 34456,16,16,False,,"Complex cross of ARZM16026, Tuxpeno, T177/T175, NCSU lines, and Tropical NCSU lines that carry Ga1",USA,Breeding material,SWN Syn 16 OR
Ames 34457,16,16,False,,"Complex cross of Pa91, Pa8551, Pa8574, Pa7903, Pa8728, Pa8540, Pa8885, Pa8734, B76, B84, B97, B114, LH82, LH132, LH51, LH123Ht, Mo42, N152, N196, N199, PH207, PHG35, PHG80, NECBR, and others with Mo501w, Mo505w, Mo506w, and Mo508w",USA,Breeding material,SWN Syn 17 OR
Ames 34458,16,16,False,,(LH160/511L S2)//(WQS/CG-SS)/(73157/511L S2)///(Wachichu/Compton's Early)//(WQS/CG-SS)/(LH149/511M S2),USA,Breeding material,SWN Syn 18 OR
Ames 34459,16,16,False,,(LH54/Non-Stiff Ga2s Synthetic) S2,USA,Breeding material,SWN 1 OR
Ames 34460,15,15,False,,SD69//Apurimac line/Painted Mountain S1,USA,Breeding material,SWN 2
Ames 34461,16,16,False,,(SD80/Mexi S5///SD80//A632/Painted Mountain) S1,USA,Breeding material,SWN 3
Ames 34462,15,15,False,,[CGSS #5/A665w//(A632/PM///SD69/ABPL//PM)] S1,USA,Breeding material,SWN 4
Ames 34463,15,15,False,,Mexident Cross/Wachichu S2,USA,Breeding material,SWN 5
Ames 34464,15,15,False,,(Tuxpeno/Lee's Original//Painted Mountain) S3,USA,Breeding material,SWN 6
Ames 34465,16,16,False,,LH149^3/511M,USA,Breeding material,SWN 7 OR
Ames 34466,15,15,False,,Cherokee//Cateto/Mex S5,USA,Breeding material,SWN 8
Ames 34467,15,15,False,,Q381^2/511M,USA,Breeding material,SWN 9 OR
Ames 34468,16,16,False,,initial cross of LH39 with a Ga2s carrying line,USA,Breeding material,LH 39 Cross
Ames 35051,26,42,False,,LH38 x LH7 . LH7 and LH38 are proprietary lines of Holden's.  The pedigree of LH7 is (Pioneer 3558 hybrid X N22A) X Pioneer 3558 hybrid.,USA,Cultivar,LH108
Ames 35264,15,15,False,,KE 3,CAN,Breeding material,CM37
Ames 35658,16,16,False,,,USA,Cultivar,Va84
Ames 35659,16,31,False,,(Tx127C x Tx132A) x (K4 x Kys),USA,Cultivar,AKh 42
Ames 35709,16,16,False,,Hi bt Comp 3 x Thai Composite 3-4,USA,Cultivar,Hi81
Ames 35798,15,15,False,,"Recovered SC333 (SC343 nonrecurrent parent)”, where SC333 = T115 × White Tuxpan and SC343 = Pee Dee 5 × Young. Rs3 possibly refers to a fertility restorer gene.",USA,Cultivar,SC33 Rs3
Ames 35854,26,26,False,,Derived from Mo17. Early.,USA,Cultivar,FR1080
Ames 35870,26,26,False,,Derived from B14,USA,Cultivar,FR3259
Ames 35972,16,16,False,,,USA,Cultivated material,Jarvis CR14
Ames 35973,15,15,False,,,USA,Cultivated material,Indian Chief CR14
Ames 5878,15,15,False,,,USA,Landrace,Andrews Amber Flint
Ames 5879,15,28,False,,,USA,Landrace,Gamble
Ames 8427,17,26,False,,,COL,Landrace,Cordoba 349
CIze 127,28,32,False,Maize.Group.Ames.Panel.2010,Strain of Ky27,USA,Breeding material,CI 127
CIze 81,17,20,False,Maize.Group.Ames.Panel.2010,Strain from (H893 x CI 19),USA,Breeding material,CI 81B
MGS 167041,24,24,False,,,USA,Genetic material,M142Y
MGS 175004,24,38,False,,,,Genetic material,MGS 175004
MGS 175006,24,38,False,,,,Genetic material,MGS 175006
NSL 102720,25,25,False,,,USA,Breeding material,Gene Pool B
NSL 102721,25,25,False,,,USA,Cultivar,Wisconsin Golden Glow
NSL 102722,25,25,False,,,USA,Cultivar,Northwest Dent
NSL 102723,17,17,False,,,USA,Landrace,WISCONSIN-EARLY
NSL 102724,17,17,False,,,USA,Landrace,WISCONSIN-MEDIUM
NSL 102725,20,20,False,,,USA,Landrace,CLAUDE KING
NSL 102726,25,25,False,,,USA,Cultivar,Akron Yellow Dent
NSL 102727,22,22,False,,,USA,Cultivar,Akron White
NSL 102728,25,25,False,,,USA,Cultivar,Golden Jewel
NSL 102729,17,17,False,,,USA,Landrace,GOLDEN KING
NSL 102730,17,17,False,,,USA,Landrace,MINN 13-EARLY
NSL 102731,25,25,False,,,USA,Cultivar,MINN 13-MELLUM
NSL 102732,25,25,False,,,USA,Cultivar,MINN 13-MORRIS
NSL 102733,25,25,False,,,USA,Cultivar,Minnesota 13-VR Farm
NSL 102734,17,17,False,,,USA,Landrace,MURDOCK
NSL 102735,25,25,False,,,USA,Cultivar,Northwest-Extra Early
NSL 102736,25,25,False,,,USA,Cultivar,Northwest Dent-Large
NSL 102737,25,25,False,,,USA,Cultivar,Rustler
NSL 103821,25,25,False,,,USA,Cultivar,434 Extra Early Honey Cream
NSL 116203,25,25,False,,,USA,Breeding material,Illinois Early-Early Synthetic
NSL 117226,28,55,False,Maize.Group.Ames.Panel.2010,(B37 x Ill. High Oil)B37 BC2,USA,Breeding material,R802A
NSL 117228,26,26,False,,,USA,Breeding material,WHITE O P POOL
NSL 15405,19,20,False,Maize.Group.Ames.Panel.2010,,USA,Breeding material,5261
NSL 16046,28,28,False,Maize.Group.Ames.Panel.Post.2010,,USA,Breeding material,GT 112D
NSL 165817,27,28,False,,,USA,Landrace,HOPI BLUE CORN
NSL 182306,25,25,False,,,USA,Breeding material,MO-2 ECB Germplasm
NSL 197104,27,30,False,Maize.Group.Ames.Panel.2010,[(C123 x Mb19) C123] C123,USA,Breeding material,H116
NSL 197105,27,30,False,Maize.Group.Ames.Panel.2010,B14 x Mb27-7,USA,Breeding material,H117
NSL 197106,27,45,False,Maize.Group.Ames.Panel.2010,Mayorbella (PI 209135),USA,Breeding material,H118
NSL 20130,17,32,False,,,027,,
NSL 20133,21,23,False,,,027,,
NSL 20135,16,16,False,,,BRA,Landrace,Paulista Dent
NSL 202116,26,41,False,,,USA,Cultivar,Johnny Cake Corn
NSL 202124,16,16,False,,,USA,Landrace,Six Nations Variety #1
NSL 202125,30,30,False,,,USA,Landrace,Six Nations Variety #2
NSL 202126,26,26,False,,,USA,Landrace,Six Nations Variety #3
NSL 202127,25,25,False,Maize.Group.Ames.Panel.Post.2010,,USA,Breeding material,I-28
NSL 219135,25,52,False,,,USA,Cultivar,Strawberry Ann
NSL 22633,19,23,False,Maize.Group.Ames.Panel.2010,,USA,Breeding material,KYS
NSL 236318,25,31,False,,,USA,Cultivar,Wright Round Strawberry
NSL 236319,25,32,False,,,USA,Cultivar,Wright Round White
NSL 242460,25,25,False,,,USA,Breeding material,NB(K)RF(5)
NSL 242461,25,25,False,,,USA,Breeding material,NB(S)RF(6)
NSL 242462,25,25,False,,,USA,Breeding material,NBS(6)
NSL 242479,25,25,False,,,USA,Breeding material,NK(B)RF(5)
NSL 242480,25,25,False,,,USA,Breeding material,NKS(5)
NSL 242481,25,25,False,,,USA,Breeding material,NS(B)RF(6)
NSL 242482,25,25,False,,,USA,Breeding material,NSS(6)
NSL 242483,28,56,False,Maize.Group.Ames.Panel.2010,Snelling Corn Borer Synthetic,USA,Breeding material,R105
NSL 242484,27,98,False,Maize.Group.Ames.Panel.2010,Snelling Corn Borer Synthetic,USA,Breeding material,R109B
NSL 246151,24,38,False,Maize.Group.Ames.Panel.2010,,USA,Breeding material,SC152
NSL 250323,26,77,False,,,RUS,Cultivar,Urozajnaja
NSL 250324,25,38,False,,,RUS,Cultivated material,VIR-1255
NSL 250327,26,40,False,,,RUS,Cultivated material,VIR-1309
NSL 250333,24,38,False,,,RUS,Cultivated material,VIR-2746
NSL 283086,26,26,False,,,USA,Breeding material,Mandan Collection
NSL 283385,26,26,False,,,MEX,Landrace,Nayarit 39
NSL 283395,19,19,False,,,ARG,Landrace,Argentina 481
NSL 285829,28,28,False,,,MEX,Landrace,Durango 95
NSL 285833,28,28,False,,,MEX,Landrace,Guanajuato 23
NSL 287621,20,20,False,,,MEX,Landrace,Puebla 109
NSL 287622 CYMT,22,22,False,,,MEX,Landrace,Veracruz 342
NSL 287729 CYMT,22,22,False,,,MEX,Landrace,Sinaloa 6
NSL 287730 CYMT,22,22,False,,,MEX,Landrace,Sinaloa 7
NSL 287731 CYMT,22,22,False,,,MEX,Landrace,Sonora 184
NSL 287732 CYMT,22,22,False,,,MEX,Landrace,Tamaulipas 66
NSL 287734 CYMT,22,22,False,,,MEX,Landrace,Veracruz 96
NSL 287758 CYMT,22,22,False,,,MEX,Landrace,Sinaloa 25
NSL 287759 CYMT,22,22,False,,,MEX,Landrace,Sinaloa 33
NSL 287832,20,20,False,,,MEX,Landrace,Puebla 82
NSL 288004 CYMT,22,22,False,,,MEX,Landrace,Morelos 154
NSL 288011,15,15,False,,,ARG,Landrace,Argentina 478
NSL 28964,24,48,False,,[(Oh26 X Oh56A) Oh26],USA,Breeding material,Oh26A
NSL 28967,19,22,False,Maize.Group.Ames.Panel.2010,(Oh56 x Wf9) x Oh56,USA,Breeding material,Oh56A
NSL 291456,16,16,False,,,MEX,Landrace,Chihuahua 31
NSL 29282,28,44,False,Maize.Group.Ames.Panel.2010,Pioneer Hi-Bred Strain (br2 ),USA,Breeding material,R901
NSL 29284,28,46,False,Maize.Group.Ames.Panel.2010,Recovered br2 Hy2,USA,Breeding material,R902A
NSL 29285,27,56,False,Maize.Group.Ames.Panel.2010,Recovered br2 C103,USA,Breeding material,R903B
NSL 29287,26,41,False,Maize.Group.Ames.Panel.2010,Recovered br2 Oh41,USA,Breeding material,R941
NSL 29289,15,16,False,Maize.Group.Ames.Panel.2010,,USA,Breeding material,YUBC3 (ILL)
NSL 29303,18,21,False,Maize.Group.Ames.Panel.2010,(M14 x Ht1A) BC3,USA,Breeding material,R216
NSL 29305,18,21,False,Maize.Group.Ames.Panel.2010,(W22R x Ht1A) Oh43 BC2,USA,Breeding material,R218
NSL 29316,27,30,False,Maize.Group.Ames.Panel.2010,(W187R x Ht1A) CI187-2 BC3,USA,Breeding material,R220
NSL 29317,18,21,False,Maize.Group.Ames.Panel.2010,(W187R x Ht1B) CI187-2 BC3,USA,Breeding material,R221
NSL 29319,18,23,False,Maize.Group.Ames.Panel.2010,(W64A x Ht1B) W64A BC3,USA,Breeding material,R222
NSL 29898,18,21,False,Maize.Group.Ames.Panel.2010,(W64A x Ht1B) W64A BC3,USA,Breeding material,R222A
NSL 30046,18,21,False,Maize.Group.Ames.Panel.2010,,USA,Breeding material,B41
NSL 30054,28,30,False,Maize.Group.Ames.Panel.2010,,USA,Breeding material,W182ETMS
NSL 30055,27,29,False,Maize.Group.Ames.Panel.2010,,USA,Breeding material,W374R2
NSL 30057,25,50,False,Maize.Group.Ames.Panel.Post.2010,,USA,Breeding material,W32TMS
NSL 30061,25,73,False,Maize.Group.Ames.Panel.Post.2010,,USA,Breeding material,W83
NSL 30063,28,30,False,Maize.Group.Ames.Panel.2010,,USA,Breeding material,W182D
NSL 30065,28,29,False,Maize.Group.Ames.Panel.2010,See Hansey et.al. 2011,USA,Breeding material,W9
NSL 30067,28,31,False,Maize.Group.Ames.Panel.2010,,USA,Breeding material,W22R
NSL 30068,26,41,False,Maize.Group.Ames.Panel.2010,,USA,Breeding material,W374B
NSL 30069,26,51,False,Maize.Group.Ames.Panel.Post.2010,,USA,Breeding material,WM13RTMS
NSL 30070,27,53,False,Maize.Group.Ames.Panel.2010,,USA,Breeding material,WM13R
NSL 30072,27,29,False,Maize.Group.Ames.Panel.2010,,USA,Breeding material,WR3TMS
NSL 30835,19,34,False,Maize.Group.Ames.Panel.2010,B8 X Oh56A,USA,Breeding material,SD10
NSL 30862,28,30,False,Maize.Group.Ames.Panel.2010,,USA,Breeding material,K
NSL 30863,28,45,False,Maize.Group.Ames.Panel.2010,Mann Leaming,USA,Breeding material,L
NSL 30864,27,53,False,Maize.Group.Ames.Panel.2010,,USA,Breeding material,HY2
NSL 30865,27,42,False,Maize.Group.Ames.Panel.2010,Reid Yellow Dent x Krug Yellow Dent,USA,Breeding material,R2
NSL 30866,27,29,False,Maize.Group.Ames.Panel.2010,Funk Yellow Dent,USA,Breeding material,R004
NSL 30868,27,30,False,Maize.Group.Ames.Panel.2010,Champion White Pearl,USA,Breeding material,R30
NSL 30871,27,30,False,Maize.Group.Ames.Panel.2010,(Commercial hybrid x S4 Lancaster line) S4 Lancaster line,USA,Breeding material,R61
NSL 30873,27,72,False,Maize.Group.Ames.Panel.2010,Snelling Corn Borer Synthetic,USA,Breeding material,R74
NSL 30874,19,25,False,Maize.Group.Ames.Panel.2010,(Ill. High Oil x WF9)WF9,USA,Breeding material,R75
NSL 30875,18,22,False,Maize.Group.Ames.Panel.2010,(Illinois High Oil x 38-11) 38-11,USA,Breeding material,R76
NSL 30877,18,21,False,Maize.Group.Ames.Panel.2010,(Illinois High Oil x CI187-2) Illinois High Oil,USA,Breeding material,R84
NSL 30879,28,43,False,Maize.Group.Ames.Panel.2010,Snelling Corn Borer Synthetic,USA,Breeding material,R103
NSL 30880,28,28,False,Maize.Group.Ames.Panel.2010,Snelling Corn Borer Synthetic,USA,Breeding material,R105
NSL 30885,28,31,False,Maize.Group.Ames.Panel.2010,(Hy2 x K55) Hy2 ^2,USA,Breeding material,R138
NSL 30888,17,19,False,Maize.Group.Ames.Panel.2010,Snelling Corn Borer Synthetic,USA,Breeding material,R154
NSL 30889,27,44,False,Maize.Group.Ames.Panel.2010,(Ill. High Protein x Hy)Hy,USA,Breeding material,R158
NSL 30890,28,44,False,Maize.Group.Ames.Panel.2010,Illinois Synthetic,USA,Breeding material,R159
NSL 30895,18,20,False,Maize.Group.Ames.Panel.2010,Snelling Corn Borer Synthetic,USA,Breeding material,R181
NSL 30898,28,31,False,Maize.Group.Ames.Panel.2010,Illinois Synthetic,USA,Breeding material,R192
NSL 30901,18,20,False,Maize.Group.Ames.Panel.2010,Hy2 x R83,USA,Breeding material,R196
NSL 30903,18,34,False,Maize.Group.Ames.Panel.2010,,USA,Breeding material,90
NSL 30905,27,44,False,Maize.Group.Ames.Panel.2010,,USA,Breeding material,5120B
NSL 30906,18,19,False,Maize.Group.Ames.Panel.2010,br2 recovery of K4,USA,Breeding material,R904A
NSL 30907,20,26,False,Maize.Group.Ames.Panel.2010,Pioneer Hi-Bred Strain (br2),USA,Breeding material,R906
NSL 30908,18,19,False,Maize.Group.Ames.Panel.2010,Recovered br2 Oh07,USA,Breeding material,R907
NSL 30909,18,21,False,Maize.Group.Ames.Panel.2010,Recovered br2 WF9,USA,Breeding material,R909
NSL 30910,17,19,False,Maize.Group.Ames.Panel.2010,Recovered br2 M14,USA,Breeding material,R914
NSL 30911,28,45,False,Maize.Group.Ames.Panel.2010,br2 recovery of L317,USA,Breeding material,R917A
NSL 30912,18,19,False,Maize.Group.Ames.Panel.2010,br2 recovery of CI21E,USA,Breeding material,R921E
NSL 30913,18,20,False,Maize.Group.Ames.Panel.2010,Recovered br2 B14,USA,Breeding material,R924
NSL 31347,25,25,False,,,USA,Breeding material,Australian Hulless
NSL 3230,25,25,False,,,USA,Breeding material,Late Synthetic
NSL 32720,28,79,False,Maize.Group.Ames.Panel.2010,Manitoba Yellow Flint,USA,Breeding material,ND33
NSL 32721,27,56,False,Maize.Group.Ames.Panel.2010,Manitoba Yellow Flint,USA,Breeding material,ND36
NSL 32730,18,35,False,Maize.Group.Ames.Panel.2010,ND230 x Oh51A,USA,Breeding material,ND405
NSL 32731,18,22,False,Maize.Group.Ames.Panel.2010,A344 x ND211^3,USA,Breeding material,ND385
NSL 32732,18,35,False,Maize.Group.Ames.Panel.2010,Haney's Minn. #13,USA,Breeding material,ND203
NSL 32734,18,22,False,Maize.Group.Ames.Panel.2010,Oh51A x ND230,USA,Breeding material,ND408
NSL 32736,17,21,False,Maize.Group.Ames.Panel.2010,Oh51A x ND230,USA,Breeding material,ND480
NSL 3318,17,31,False,,,COL,Landrace,PUYA SEGREGACIONES
NSL 34753,25,25,False,,,USA,Cultivar,Hickory King
NSL 3788,25,25,False,,,USA,Landrace,Prolific
NSL 407823,15,15,False,,,USA,Landrace,NSL 407823
NSL 42706,15,21,False,,,CHL,Landrace,Chile 314
NSL 42707,15,21,False,,,CHL,Landrace,Chile 315
NSL 42708,15,21,False,,,CHL,Landrace,Chile 316
NSL 42710,25,31,False,,,CHL,Landrace,Chile 318
NSL 42712,15,21,False,,,CHL,Landrace,Chile 320
NSL 42716,25,31,False,,,CHL,Landrace,Chile 324
NSL 42717,25,31,False,,,CHL,Landrace,Chile 325
NSL 42718,15,21,False,,,CHL,Landrace,Chile 326
NSL 42723,15,21,False,,,CHL,Landrace,Chile 331
NSL 42726,25,31,False,,,CHL,Landrace,Chile 334
NSL 42729,25,31,False,,,CHL,Landrace,Chile 337
NSL 42730,15,21,False,,,CHL,Landrace,Chile 338
NSL 42732,15,21,False,,,CHL,Landrace,Chile 340
NSL 42733,15,21,False,,,CHL,Landrace,Chile 341
NSL 42737,15,21,False,,,CHL,Landrace,Chile 349
NSL 42742,15,21,False,,,CHL,Landrace,Chile 393
NSL 42747,15,22,False,,,CHL,Landrace,Chile 401
NSL 42750,25,31,False,,,CHL,Landrace,Chile 404
NSL 42751,25,31,False,,,CHL,Landrace,Chile 405
NSL 42753,15,21,False,,,CHL,Landrace,Chile 409
NSL 42754,15,21,False,,,CHL,Landrace,Chile 410
NSL 42755,25,31,False,,,CHL,Landrace,Chile 411
NSL 42756,15,21,False,,,CHL,Landrace,Chile 412
NSL 42759,15,21,False,,,CHL,Landrace,Chile 416
NSL 42760,25,31,False,,,CHL,Landrace,Chile 437
NSL 42762,15,21,False,,,CHL,Landrace,Chile 448
NSL 42763,15,21,False,,,CHL,Landrace,Chile 449
NSL 42804,18,21,False,Maize.Group.Ames.Panel.2010,(W153R x Ht1B) W153R BC2,USA,Breeding material,R223
NSL 42809,26,26,False,,,USA,Landrace,ARMELS REID YELLOW DENT
NSL 42872,28,43,False,Maize.Group.Ames.Panel.2010,Minnesota No. 13 (same as C46),USA,Breeding material,A7
NSL 43411,25,25,False,,,USA,Cultivar,Wisconsin 25
NSL 43597,19,19,False,Maize.Group.Ames.Panel.2010,,USA,Breeding material,Tx441
NSL 437857,15,25,False,,"Developed from selected full-season inbreds, using Gardeners R.M.B. method, for grain yield per plant and stalk rot resistance.",AUS,Breeding material,AusTRCF 305565
NSL 437858,15,27,False,,"Developed from diallel series of crosses involving ten inbreds selected for there resistance to turcica leaf blight(Dreschlera turcica) prolificacy, and/or resistance to maize dwarf mosic (sugarcane mosaic viris Jg strain).",AUS,Breeding material,AusTRCF 305566
NSL 437862,15,23,False,,"Similar development to NLB#1, but with a group of early inbreds, selected to maximise combining ability between the two synthetics.",AUS,Breeding material,AusTRCF 305570
NSL 437864,16,26,False,,,AUS,Breeding material,AusTRCF 305646
NSL 437865,15,27,False,,M11451/ Early inbred Syn V.,AUS,Breeding material,AusTRCF 305647
NSL 437872,23,31,False,Maize.Group.Ames.Panel.Post.2010,22-5-1-2-4,AUS,Breeding material,AusTRCF 305796
NSL 437884,26,26,False,Maize.Group.Ames.Panel.2010,{HCxNC605}xHC-1-1-1-2-1(BR2),AUS,Breeding material,AusTRCF 305808
NSL 437889,23,31,False,,FF46/46-3-2-2-1,AUS,Breeding material,AusTRCF 305815
NSL 437915,27,45,False,Maize.Group.Ames.Panel.2010,{<{{{38-11(WX)xCJ(2)}-sibbed(WX)}xCJ(2)}-sibbed(WX)>xCJ(2)}-(WX),AUS,Breeding material,AusTRCF 305841
NSL 437918,22,53,False,,{{{CJxHB}-1 sibed}-sxCJ}-1-1-2-1-1,AUS,Breeding material,AusTRCF 305844
NSL 437964,28,29,False,Maize.Group.Ames.Panel.2010,{{{CJ x W153Rbm3}-2-1-1-2}-4 x CJ}-2-3-2-1,AUS,Breeding material,AusTRCF 306278
NSL 437973,27,39,False,Maize.Group.Ames.Panel.2010,{{{CJ x A619bm3}-B-1-2-1}-3 x CJ}-3-1-1-1,AUS,Breeding material,AusTRCF 306287
NSL 437980,28,39,False,Maize.Group.Ames.Panel.2010,{{{CJ x W64Abm3} x CJ}-8-2-1-2sibbed}-2-2-1-1,AUS,Breeding material,AusTRCF 306294
NSL 437983,26,39,False,Maize.Group.Ames.Panel.2010,{{{{CJ x W64Abm3} x CJ}-8-2-1}-4 x CJ}-1-1-1-1,AUS,Breeding material,AusTRCF 306297
NSL 438022,28,29,False,Maize.Group.Ames.Panel.2010,{W64Abm3 x Gn32}-3-1-1-1-1,AUS,Breeding material,AusTRCF 306336
NSL 438037,28,29,False,Maize.Group.Ames.Panel.2010,{{A619bm3 x HB}-2sibbed-2sibbed x HB}-1-1-1-1 {{A619bm3 x HB}-2 sibbed-2 sibbed x HB}-1-1-1-1,AUS,Breeding material,AusTRCF 306351
NSL 44794,25,25,False,,,USA,Cultivar,Phillips County Yellow Dent
NSL 45072,25,25,False,,,USA,Cultivar,Colorado 13
NSL 4764,25,25,False,,,USA,Breeding material,Cornell II
NSL 53079,25,39,False,,,USA,Breeding material,SC246C
NSL 53081,25,54,False,Maize.Group.Ames.Panel.2010,,USA,Breeding material,SC 276Q
NSL 53082,25,40,False,Maize.Group.Ames.Panel.2010,,USA,Breeding material,SC 301E
NSL 53083,29,87,False,Maize.Set.Inbred.Diversity.282.Plus.NAM.Parents,SC213,USA,Breeding material,SC213R
NSL 53084,25,53,False,Maize.Group.Ames.Panel.2010,,USA,Breeding material,SC152
NSL 53085,24,38,False,Maize.Group.Ames.Panel.Post.2010,,USA,Breeding material,SC 152CMS
NSL 53086,26,42,False,Maize.Group.Ames.Panel.2010,,USA,Breeding material,SC212M
NSL 53087,25,37,False,Maize.Group.Ames.Panel.2010,,USA,Breeding material,SC235R3
NSL 53088,15,15,False,Maize.Group.Ames.Panel.2010,,USA,Breeding material,SC277
NSL 53089,16,29,False,Maize.Group.Ames.Panel.2010,,USA,Breeding material,SC285
NSL 53090,25,39,False,Maize.Group.Ames.Panel.Post.2010,,USA,Breeding material,SC 332
NSL 53091,25,50,False,Maize.Group.Ames.Panel.2010,,USA,Breeding material,SC 343
NSL 53092,26,54,False,Maize.Group.Ames.Panel.2010,,USA,Breeding material,SC344
NSL 53093,16,16,False,Maize.Group.Ames.Panel.2010,,USA,Breeding material,SC353
NSL 53095,24,46,False,Maize.Group.Ames.Panel.2010,,USA,Breeding material,SC 359
NSL 53097,25,39,False,Maize.Group.Ames.Panel.Post.2010,,USA,Breeding material,SC 301D
NSL 53098,26,42,False,Maize.Group.Ames.Panel.2010,,USA,Breeding material,SC333
NSL 54070,25,79,False,,,USA,Breeding material,MP488
NSL 5780,26,44,False,,,USA,Landrace,ILLINOIS HULLESS
NSL 6528,16,30,False,,,BRA,Landrace,Brazil 26
NSL 6533,17,17,False,,,ARG,Landrace,Argentina 2420
NSL 6534,27,28,False,,,ARG,Landrace,Argentina 538
NSL 6535,29,43,False,,,BRA,Landrace,CHARRUA (R G S) CATETO
NSL 6537,27,42,False,,,ARG,Landrace,Argentina 487
NSL 6538,30,44,False,,,ARG,Landrace,Argentina 2397
NSL 6539,27,41,False,,,ARG,Landrace,COLORADO SESSENTON
NSL 6540,26,41,False,,,ARG,Landrace,CANARIO DE OCHO
NSL 6547,29,29,False,,,ARG,Landrace,Argentina 474
NSL 6548,16,30,False,,,BRA,Landrace,Brazil 2095
NSL 6549,29,29,False,,,BRA,Landrace,Brazil 2180
NSL 65852,15,15,False,,,USA,Cultivar,Waimea Dent
NSL 65862,26,48,False,Maize.Group.Ames.Panel.2010,,USA,Breeding material,B6
NSL 65863,18,21,False,Maize.Group.Ames.Panel.2010,Recovered I233.,USA,Breeding material,B7
NSL 65867,25,79,False,Maize.Group.Ames.Panel.Post.2010,,USA,Breeding material,B16
NSL 65868,17,19,False,Maize.Group.Ames.Panel.2010,See Hansey et.al. 2011,USA,Breeding material,B21
NSL 65869,16,31,False,Maize.Group.Ames.Panel.2010,,USA,Breeding material,B38
NSL 65916,25,25,False,,,USA,Cultivar,Gills Golden Early Market
NSL 67787,25,27,False,,(K64 x aeK) x (K64^5) selection.,USA,Breeding material,Mo302ae
NSL 67791,25,39,False,,(WF9 x aeK) x (WF9^4)sel.,USA,Breeding material,Mo306ae
NSL 67792,27,68,False,Maize.Group.Ames.Panel.2010,(C103 x aeK) x (C103^4)sel.,USA,Breeding material,Mo307ae
NSL 67794,24,24,False,,(MoB2 x aeK) x (MoB2^4)sel.,USA,Breeding material,Mo309ae
NSL 67795,23,33,False,,(Mo10 x aeK) x (Mo10^5)sel.,USA,Breeding material,Mo310ae
NSL 67800,24,24,False,,(Mo12144W x aeK) x (Mo12144^2)sel.,USA,Breeding material,Mo315ae
NSL 67801,26,79,False,,Bolivia 561 selection.,USA,Breeding material,Mo316ae
NSL 68211,28,56,False,Maize.Group.Ames.Panel.2010,,USA,Breeding material,Oh422
NSL 68241,25,40,False,Maize.Group.Ames.Panel.2010,,USA,Breeding material,SC152
NSL 68242,25,40,False,Maize.Group.Ames.Panel.2010,,USA,Breeding material,SC212M
NSL 68243,25,36,False,Maize.Group.Ames.Panel.2010,,USA,Breeding material,SC235R3
NSL 68244,15,16,False,Maize.Group.Ames.Panel.2010,,USA,Breeding material,SC277
NSL 68245,25,40,False,Maize.Group.Ames.Panel.2010,,USA,Breeding material,SC301D
NSL 68246,25,39,False,Maize.Group.Ames.Panel.Post.2010,,USA,Breeding material,SC 301E
NSL 68247,25,39,False,Maize.Group.Ames.Panel.Post.2010,,USA,Breeding material,SC 332
NSL 68248,25,40,False,Maize.Group.Ames.Panel.2010,,USA,Breeding material,SC333
NSL 68249,25,39,False,Maize.Group.Ames.Panel.2010,,USA,Breeding material,SC 343
NSL 68250,28,58,False,Maize.Group.Ames.Panel.2010,,USA,Breeding material,SC344
NSL 68251,25,34,False,Maize.Group.Ames.Panel.Post.2010,,USA,Breeding material,SC 359
NSL 68252,28,45,False,Maize.Group.Ames.Panel.2010,,USA,Breeding material,SC 357
NSL 6844,25,25,False,,,USA,Breeding material,Japanese Hulless
NSL 6845,25,25,False,,,USA,Cultivar,South American Dynamite
NSL 6879,25,25,False,,,USA,Cultivar,Faribo-Hulless White
NSL 73299,25,25,False,,,USA,Cultivated material,1960-7
NSL 73300,25,25,False,,,USA,Cultivated material,1964-1
NSL 73303,25,25,False,,,USA,Cultivated material,1965-1
NSL 73305,25,25,False,,,USA,Cultivated material,1965-3
NSL 73306,25,25,False,,,USA,Cultivated material,1965-4
NSL 73307,25,25,False,,,USA,Cultivated material,1967-1
NSL 73309,25,25,False,,,USA,Cultivated material,1967-3
NSL 73310,25,25,False,,,USA,Cultivated material,1967-4
NSL 73311,25,25,False,,,USA,Cultivated material,1967-5
NSL 73312,25,25,False,,,USA,Cultivated material,1967-6
NSL 73318,25,25,False,,,USA,Cultivated material,1967-13
NSL 73321,25,25,False,,,USA,Cultivated material,1967-17
NSL 73322,25,25,False,,,USA,Cultivated material,1967-18
NSL 73323,25,25,False,,,USA,Cultivated material,1967-19
NSL 73324,25,25,False,,,USA,Cultivated material,1967-20
NSL 73325,25,25,False,,,USA,Cultivated material,1967-21
NSL 73326,25,25,False,,,USA,Cultivated material,1967-22
NSL 73327,25,25,False,,,USA,Cultivated material,1967-23
NSL 73328,25,25,False,,,USA,Cultivated material,1967-24
NSL 73329,25,25,False,,,USA,Cultivated material,1967-25
NSL 73331,25,25,False,,,USA,Cultivated material,1967-28
NSL 73332,25,25,False,,,USA,Cultivated material,1967-29
NSL 73333,25,25,False,,,USA,Cultivated material,1967-30
NSL 75758,26,26,False,,,USA,Breeding material,MO-CRW-1
NSL 75955,15,29,False,,,NGA,Breeding material,NIGERIAN COMPOSITE A
NSL 75956,15,29,False,,,NGA,Breeding material,NIGERIAN COMPOSITE B
NSL 81595,28,31,False,Maize.Group.Ames.Panel.2010,A347 X A73,USA,Breeding material,A238
NSL 81600,27,69,False,Maize.Group.Ames.Panel.2010,Minnesota Synthetic 3,USA,Breeding material,A660
NSL 82638,25,25,False,,,USA,Cultivar,Yellow Prolific Seed Corn
NSL 82743,25,25,False,,,USA,Cultivar,Lemon
NSL 84702,23,23,False,,,MEX,Wild material,El Salado
NSL 84703,23,23,False,,,MEX,Wild material,Chalco
NSL 8523,15,29,False,,,NGA,Breeding material,SAMARU BIU YELLOW
NSL 8524,15,29,False,,,NGA,Breeding material,SAMARU COMPOSITE 3
NSL 8525,15,29,False,,,NGA,Breeding material,NIGERIA COMPOSITE A
NSL 8579,18,22,False,Maize.Group.Ames.Panel.2010,P39 x 81-1,USA,Breeding material,245
NSL 86670,23,23,False,,,MEX,Wild material,Guerrero
NSL 91995,29,30,False,,,USA,Cultivar,Purple Husk Rainbow Indian
NSL 92577,15,15,False,,,KEN,Breeding material,KITALE II (R11)C5
NSL 92578,15,29,False,,,KEN,Breeding material,ECUADOR 573(R12)C5
NSL 92580,15,15,False,,,KEN,Breeding material,KCA(E7)C10
NSL 92581,15,29,False,,,KEN,Breeding material,KCA(M10)C10
NSL 92582,15,15,False,,,KEN,Breeding material,KCA(S13)C5
NSL 92583,15,15,False,,,KEN,Breeding material,KCA(HL15)C5
NSL 92584,15,15,False,,,KEN,Breeding material,KCA(H14)C5
NSL 92643,17,17,False,,,USA,Breeding material,CORNELL TROPICAL COMPOSITE
NSL 92644,17,17,False,,,USA,Breeding material,CORNELL EARLY COMPOSITE
NSL 92645,18,18,False,,,USA,Breeding material,Cornell Early Tetraploid
NSL 92646,25,25,False,,,USA,Breeding material,Cornell Tetraploid Composite
NSL 92647,18,18,False,,,USA,Breeding material,Cornell Cold Tolerant Syn No 1
NSL 92648,18,18,False,,,USA,Breeding material,Cornell Cold Tolerant Syn No 2
NSL 92649,26,26,False,,,USA,Breeding material,Cornell Cold Tolerant Syn No 3
NSL 92650,17,17,False,,,USA,Breeding material,CORNELL TERMINAL EAR COMPOSITE
NSL 9358,25,25,False,,,,Cultivar,Eastern Sunburst
NSL 9370,16,16,False,,,USA,Landrace,Lathams Double Cross
NSL 9371,16,16,False,,,USA,Landrace,Lathams Yellow Cross
NSL 9401,25,25,False,,,,Cultivar,Carnival
NSL 9404,26,26,False,,,USA,Landrace,B Hanna Mixed Dent
NSL 9407,26,26,False,,,USA,Landrace,D Willis Yellow Dent
NSL 9408,26,26,False,,,USA,Landrace,D Sharpe Yellow Dent
NSL 9416,26,26,False,,,USA,Landrace,A Hanna Yellow Dent
NSL 9422,26,26,False,,,USA,Landrace,C Harrison Mixed Dent
NSL 9426,26,26,False,,,USA,Landrace,S Windham Mixed Dent
NSL 9436,26,26,False,,,USA,Landrace,C C Hicks Yellow Dent
NSL 9443,26,26,False,,,USA,Landrace,W Chandler White Dent
NSL 9445,26,26,False,,,USA,Landrace,Cherokee
NSL 95175,24,24,False,,,USA,Landrace,Yellow Dent
NSL 95717,16,17,False,,,USA,Cultivar,SURESWEET
PI 146367,19,21,False,,(23 x 4-8d) - B1-S1-1-2-1-1-X Composite,USA,Breeding material,CI 2
PI 146369,28,31,False,,U.S. Selection 119 (strain of Boone Co. White),USA,Breeding material,C.I. 11b
PI 146370,28,31,False,,U.S. Selection 119 (strain of Boone Co. White),USA,Breeding material,C.I. 41
PI 146371,27,77,False,,Boone County White,USA,Breeding material,C.I. 43
PI 146375,21,25,False,Maize.Set.Inbred.Diversity.282.Plus.NAM.Parents,Johnson County White,USA,Breeding material,Indiana 33-16
PI 151093,31,48,False,Maize.Set.Inbred.Diversity.282.Plus.NAM.Parents,,USA,Breeding material,Illinois R 4
PI 151507,31,58,False,Maize.Iowa.Stiff.Stalk.Inbreds,,USA,Breeding material,Illinois Hy
PI 151512,31,70,False,Maize.Set.Inbred.Diversity.282.Plus.NAM.Parents,,USA,Breeding material,Illinois 4226
PI 151515,30,72,False,Maize.Iowa.Stiff.Stalk.Inbreds,Butler Reid,USA,Breeding material,Indiana B 2
PI 151517,28,65,False,,Reid Yellow Dent (Troyer strain),USA,Breeding material,Indiana Tr
PI 151523,29,194,False,Maize.Set.Inbred.Diversity.282.Plus.NAM.Parents,Iodent,USA,Breeding material,Iowa I 205
PI 151530,32,64,False,Maize.Iowa.Stiff.Stalk.Inbreds,"Osterland Yellow Dent, a strain of Reid Yellow Dent",USA,Breeding material,Iowa Os 420
PI 151535,30,48,False,Maize.Set.Inbred.Diversity.282.Plus.NAM.Parents,,USA,Breeding material,Missouri G
PI 151539,28,66,False,,,USA,Breeding material,Oh51
PI 151543,27,54,False,,,USA,Breeding material,Oh84
PI 154377,31,74,False,Maize.Set.Inbred.Diversity.282.Plus.NAM.Parents,See Hansey et.al. 2011,USA,Breeding material,La 578
PI 154380,29,34,False,Maize.Set.Inbred.Diversity.282.Plus.NAM.Parents,Kansas Sunflower,USA,Breeding material,K 4
PI 161418,41,59,False,,,ARG,Cultivated material,No. 1
PI 162574,34,36,False,,,ARG,Cultivated material,Piamonte
PI 162575,49,67,False,,,ARG,Cultivated material,Pisingallo
PI 162700,36,38,False,,,ARG,Cultivated material,Maiz Colorado Klein
PI 162701,38,43,False,,,ARG,Cultivated material,Maiz Amarillo Canario Klein
PI 162702,44,55,False,,,ARG,Cultivated material,Maiz Colorado Cuarenton Klein
PI 162703,32,34,False,,,ARG,Cultivated material,Maiz Amarillow Klein
PI 162926,33,35,False,,,PRY,Cultivated material,"(MKT., ASUNCION)"
PI 162927,32,34,False,,,PRY,Cultivated material,"(MKT., ASUNCION)"
PI 162928,32,35,False,,Said to be developed from Venezuelan flint corn.,PRY,Cultivated material,No. 257
PI 162931,34,46,False,,,PRY,Cultivated material,"(MKT., VILLARRICA)"
PI 163144,31,33,False,,,IND,Cultivated material,MAKKI
PI 163145,30,32,False,,,IND,Cultivated material,MAKKI
PI 163558,32,35,False,,,GTM,Cultivated material,No. 1004
PI 163597,32,35,False,,,GTM,Cultivated material,No. 1043
PI 164375,42,76,False,,,IND,Cultivated material,MAKKAI
PI 164381,30,32,False,,,IND,Cultivated material,MAKKAI
PI 164994,37,48,False,,,TUR,Cultivated material,No. 70
PI 165036,32,34,False,,,TUR,Cultivated material,No. 112
PI 165041,28,31,False,,,TUR,Cultivated material,No. 116
PI 165057,32,35,False,,,TUR,Cultivated material,No. 132
PI 165457,32,34,False,,,MEX,Cultivated material,No. 1088
PI 165458,33,35,False,,,MEX,Cultivated material,No. 1089
PI 165982,38,50,False,,,IND,Cultivated material,MAKA
PI 166042,33,35,False,,,IND,Cultivated material,MAKA
PI 166160,29,31,False,,,NPL,Cultivated material,No. 9706
PI 166161,28,31,False,,,NPL,Cultivated material,No. 9707
PI 166162,31,33,False,,,NPL,Cultivated material,No. 9708
PI 166163,37,49,False,,,NPL,Cultivated material,No. 9709
PI 166164,31,33,False,,,NPL,Cultivated material,No. 9710
PI 166976,28,30,False,,,TUR,Cultivated material,No. 174
PI 167030,32,35,False,,,TUR,Cultivated material,No. 227
PI 167048,29,35,False,,,TUR,Cultivated material,No. 245
PI 167088,30,34,False,,,TUR,Cultivated material,No. 285
PI 167090,31,33,False,,,TUR,Cultivated material,No. 287
PI 167095,32,51,False,,,TUR,Cultivated material,No. 292
PI 167123,30,32,False,,,TUR,Cultivated material,No. 320
PI 167247,26,28,False,,,TUR,Cultivated material,No. 441
PI 167369,32,35,False,,,TUR,Cultivated material,No. 564
PI 167388,25,27,False,,,TUR,Cultivated material,No. 583
PI 167947,30,33,False,,,TUR,Cultivated material,No. 3325
PI 167948,31,33,False,,,TUR,Cultivated material,No. 3500
PI 167949,32,34,False,,,TUR,Cultivated material,No. 3193
PI 167950,29,31,False,,,TUR,Cultivated material,No. 1398
PI 167951,26,28,False,,,TUR,Cultivated material,No. 1482
PI 167952,26,28,False,,,TUR,Cultivated material,No. 1485
PI 167953,29,31,False,,,TUR,Cultivated material,No. 1497
PI 167954,28,30,False,,,TUR,Cultivated material,No. 1554
PI 167955,32,35,False,,,TUR,Cultivated material,No. 1587
PI 167956,32,35,False,,,TUR,Cultivated material,No. 1588
PI 167957,29,31,False,,,TUR,Cultivated material,No. 1640
PI 167958,40,55,False,,,TUR,Cultivated material,No. 1647
PI 167959,26,28,False,,,TUR,Cultivated material,No. 1659
PI 167960,29,31,False,,,TUR,Cultivated material,No. 1680
PI 167961,32,34,False,,,TUR,Cultivated material,No. 1683
PI 167962,34,36,False,,,TUR,Cultivated material,No. 1688
PI 167963,33,36,False,,,TUR,Cultivated material,No. 1707
PI 167964,30,32,False,,,TUR,Cultivated material,No. 1728
PI 167965,32,34,False,,,TUR,Cultivated material,No. 1746
PI 167966,32,34,False,,,TUR,Cultivated material,No. 1757
PI 167967,33,35,False,,,TUR,Cultivated material,No. 1762
PI 167968,29,31,False,,,TUR,Cultivated material,No. 1764
PI 167969,28,30,False,,,TUR,Cultivated material,No. 1765
PI 167970,32,34,False,,,TUR,Cultivated material,No. 1766
PI 167971,33,35,False,,,TUR,Cultivated material,No. 1774
PI 167972,29,31,False,,,TUR,Cultivated material,No. 1777
PI 167973,31,34,False,,,TUR,Cultivated material,No. 1782
PI 167974,31,33,False,,,TUR,Cultivated material,No. 1822
PI 167975,29,31,False,,,TUR,Cultivated material,No. 1825
PI 167976,32,34,False,,,TUR,Cultivated material,No. 1828
PI 167977,29,31,False,,,TUR,Cultivated material,No. 1847
PI 167978,34,59,False,,,TUR,Cultivated material,No. 1848
PI 167979,29,32,False,,,TUR,Cultivated material,No. 1876
PI 167980,36,48,False,,,TUR,Cultivated material,No. 1886
PI 167981,33,35,False,,,TUR,Cultivated material,No. 1906
PI 167982,31,34,False,,,TUR,Cultivated material,No. 1913
PI 167983,38,59,False,,,TUR,Cultivated material,No. 1928
PI 167984,30,32,False,,,TUR,Cultivated material,No. 1935
PI 167985,30,32,False,,,TUR,Cultivated material,No. 1988
PI 167986,34,60,False,,,TUR,Cultivated material,No. 2013
PI 167987,28,30,False,,,TUR,Cultivated material,No. 2028
PI 167988,26,28,False,,,TUR,Cultivated material,No. 2048
PI 167989,33,37,False,,,TUR,Cultivated material,No. 2115
PI 167990,27,29,False,,,TUR,Cultivated material,No. 2147
PI 167991,26,29,False,,,TUR,Cultivated material,No. 2164
PI 167992,29,31,False,,,TUR,Cultivated material,No. 2168
PI 167993,33,39,False,,,TUR,Cultivated material,No. 2179
PI 167994,29,31,False,,,TUR,Cultivated material,No. 2191-B
PI 167995,32,38,False,,,TUR,Cultivated material,No. 2230
PI 167996,28,30,False,,,TUR,Cultivated material,No. 2297
PI 167997,33,35,False,,,TUR,Cultivated material,No. 2298
PI 167998,34,40,False,,,TUR,Cultivated material,No. 2299
PI 167999,32,34,False,,,TUR,Cultivated material,No. 2300
PI 168000,37,40,False,,,TUR,Cultivated material,No. 2360
PI 168001,30,32,False,,,TUR,Cultivated material,No. 2374
PI 168002,28,30,False,,,TUR,Cultivated material,No. 2512
PI 168003,29,31,False,,,TUR,Cultivated material,No. 2525
PI 168004,32,34,False,,,TUR,Cultivated material,No. 2538
PI 168005,29,31,False,,,TUR,Cultivated material,No. 2550
PI 168006,43,64,False,,,TUR,Cultivated material,No. 2600
PI 168007,41,61,False,,,TUR,Cultivated material,No. 2601
PI 168008,34,38,False,,,TUR,Cultivated material,No. 2602
PI 168009,29,31,False,,,TUR,Cultivated material,No. 2603
PI 168010,30,32,False,,,TUR,Cultivated material,No. 2615
PI 168011,31,33,False,,,TUR,Cultivated material,No. 2652
PI 168012,29,31,False,,,TUR,Cultivated material,No. 2675
PI 168013,29,31,False,,,TUR,Cultivated material,No. 2678
PI 168014,30,32,False,,,TUR,Cultivated material,No. 2719
PI 168015,25,27,False,,,TUR,Cultivated material,No. 2739
PI 168016,45,60,False,,,TUR,Cultivated material,No. 2741
PI 168017,35,38,False,,,TUR,Cultivated material,No. 2745
PI 168018,25,27,False,,,TUR,Cultivated material,No. 2747
PI 168019,30,33,False,,,TUR,Cultivated material,No. 2765
PI 168020,29,31,False,,,TUR,Cultivated material,No. 2797
PI 168021,34,59,False,,,TUR,Cultivated material,No. 2808
PI 168022,35,40,False,,,TUR,Cultivated material,No. 2840
PI 168023,41,57,False,,,TUR,Cultivated material,No. 2857
PI 168024,28,30,False,,,TUR,Cultivated material,No. 2884
PI 168025,37,56,False,,,TUR,Cultivated material,No. 2910
PI 168026,31,33,False,,,TUR,Cultivated material,No. 2950
PI 168027,36,40,False,,,TUR,Cultivated material,No. 3011
PI 168028,26,28,False,,,TUR,Cultivated material,No. 3022
PI 168029,31,33,False,,,TUR,Cultivated material,No. 3093
PI 168030,28,30,False,,,TUR,Cultivated material,No. 3107
PI 168031,38,43,False,,,TUR,Cultivated material,No. 3150
PI 168032,34,37,False,,,TUR,Cultivated material,No. 3160
PI 168033,35,38,False,,,TUR,Cultivated material,No. 3189
PI 168034,34,53,False,,,TUR,Cultivated material,No. 3227
PI 168035,28,30,False,,,TUR,Cultivated material,No. 3267
PI 168036,28,30,False,,,TUR,Cultivated material,No. 3282
PI 168037,31,33,False,,,TUR,Cultivated material,No. 3330
PI 168038,35,54,False,,,TUR,Cultivated material,No. 3336
PI 168039,37,40,False,,,TUR,Cultivated material,No. 3337
PI 168040,29,32,False,,,TUR,Cultivated material,No. 3341
PI 168041,34,53,False,,,TUR,Cultivated material,No. 3344
PI 168042,29,31,False,,,TUR,Cultivated material,No. 3347
PI 168043,28,30,False,,,TUR,Cultivated material,No. 3366
PI 168044,30,32,False,,,TUR,Cultivated material,No. 3394
PI 168045,29,32,False,,,TUR,Cultivated material,No. 3400
PI 168046,28,30,False,,,TUR,Cultivated material,No. 3401
PI 168047,30,32,False,,,TUR,Cultivated material,No. 3405
PI 168048,30,32,False,,,TUR,Cultivated material,No. 3421
PI 168049,29,31,False,,,TUR,Cultivated material,No. 3436
PI 168050,34,40,False,,,TUR,Cultivated material,No. 3441
PI 168051,40,56,False,,,,Cultivated material,No. 3443
PI 168052,30,32,False,,,TUR,Cultivated material,No. 3481
PI 168053,28,30,False,,,TUR,Cultivated material,No. 3527
PI 168054,35,41,False,,,TUR,Cultivated material,No. 3533
PI 168055,35,55,False,,,TUR,Cultivated material,No. 3553
PI 168056,28,30,False,,,TUR,Cultivated material,No. 3558
PI 168057,31,34,False,,,TUR,Cultivated material,No. 3593
PI 168058,29,31,False,,,TUR,Cultivated material,No. 3596
PI 168059,33,35,False,,,TUR,Cultivated material,No. 3601
PI 168060,28,30,False,,,TUR,Cultivated material,No. 3602
PI 168061,30,33,False,,,TUR,Cultivated material,No. 3759
PI 168062,31,33,False,,,TUR,Cultivated material,No. 3761
PI 168063,32,34,False,,,TUR,Cultivated material,No. 3764
PI 168064,38,51,False,,,TUR,Cultivated material,No. 3780
PI 168065,26,28,False,,,TUR,Cultivated material,No. 3799
PI 168066,41,64,False,,,TUR,Cultivated material,No. 3810
PI 170877,35,39,False,,,TUR,Cultivated material,No. 1471
PI 170878,30,32,False,,,TUR,Cultivated material,No. 2144
PI 170879,36,40,False,,,TUR,Cultivated material,No. 2186
PI 170880,36,39,False,,,TUR,Cultivated material,No. 2339
PI 170881,38,41,False,,,TUR,Cultivated material,No. 2442
PI 170882,28,30,False,,,TUR,Cultivated material,No. 2506
PI 170883,40,56,False,,,TUR,Cultivated material,No. 2589
PI 171892,33,39,False,,,TUR,Cultivated material,No. 6529
PI 171893,29,32,False,,,TUR,Cultivated material,No. 6551
PI 171894,28,31,False,,,TUR,Cultivated material,No. 6576
PI 171895,31,33,False,,,TUR,Cultivated material,No. 6577
PI 171896,29,31,False,,,TUR,Cultivated material,No. 6586
PI 171897,22,24,False,,,TUR,Cultivated material,No. 6624
PI 171898,28,30,False,,,TUR,Cultivated material,No. 6626
PI 171899,27,28,False,,,TUR,Cultivated material,No. 6639
PI 171900,40,53,False,,,TUR,Cultivated material,No. 6621
PI 171901,20,21,False,,,TUR,Cultivated material,No. 6667
PI 171902,29,30,False,,,TUR,Cultivated material,No. 6689
PI 171903,26,27,False,,,TUR,Cultivated material,No. 6701
PI 171904,36,40,False,,,TUR,Cultivated material,No. 6704
PI 171905,27,29,False,,,TUR,Cultivated material,No. 6733
PI 171906,29,30,False,,,TUR,Cultivated material,No. 6734
PI 171907,40,54,False,,,TUR,Cultivated material,No. 6735
PI 171908,27,28,False,,,TUR,Cultivated material,No. 6740
PI 171909,16,17,False,,,TUR,Cultivated material,No. 6743
PI 171910,29,30,False,,,TUR,Cultivated material,No. 6763
PI 171912,37,40,False,,,TUR,Cultivated material,No. 6852
PI 171913,40,55,False,,,TUR,Cultivated material,No. 6891
PI 171914,29,30,False,,,TUR,Cultivated material,No. 7312
PI 171915,46,62,False,,,TUR,Cultivated material,No. 6903
PI 171916,29,30,False,,,TUR,Cultivated material,No. 6905
PI 171917,32,35,False,,,TUR,Cultivated material,No. 6912
PI 171918,40,56,False,,,TUR,Cultivated material,No. 6913
PI 171919,40,52,False,,,TUR,Cultivated material,No. 6959
PI 171920,28,29,False,,,TUR,Cultivated material,No. 6970
PI 171921,26,27,False,,,TUR,Cultivated material,No. 6973
PI 171922,28,29,False,,,TUR,Cultivated material,No. 6976-A
PI 171923,29,30,False,,,TUR,Cultivated material,No. 6980
PI 171924,30,33,False,,,TUR,Cultivated material,No. 6985
PI 171925,27,29,False,,,TUR,Cultivated material,No. 7050
PI 172323,30,34,False,,,AUS,Cultivated material,Wellington Grove
PI 172324,30,34,False,,,AUS,Cultivated material,GOLDEN MINE CROSS-DENT
PI 172325,28,30,False,,,AUS,Cultivated material,Wellington Grove
PI 172326,28,30,False,,,AUS,Cultivated material,GOLDEN MINE-DENT
PI 172327,31,34,False,,,AUS,Cultivated material,Funk's Yellow Dent
PI 172328,30,32,False,,,AUS,Cultivated material,Golden GLow Cross Dent
PI 172329,22,24,False,,,AUS,Cultivated material,Early Morn Dent
PI 172330,41,68,False,,,AUS,Cultivated material,Hickory King
PI 172331,30,32,False,,,AUS,Cultivated material,SILVERMINE-CROSS DENT
PI 172332,41,57,False,,,AUS,Cultivated material,Wellington Grove
PI 172333,34,46,False,,,AUS,Cultivated material,Golden Mine Cross
PI 172334,32,34,False,,,AUS,Cultivated material,CORNISH-DENT
PI 172335,37,49,False,,,AUS,Cultivated material,SILVERMINE-DENT
PI 172590,29,31,False,,,TUR,Cultivated material,No. 7054
PI 172591,28,30,False,,,TUR,Cultivated material,No. 7326
PI 172592,34,36,False,,,TUR,Cultivated material,No. 7384
PI 172593,32,34,False,,,TUR,Cultivated material,No. 7407
PI 172594,33,35,False,,,TUR,Cultivated material,No. 7411
PI 172595,27,29,False,,,TUR,Cultivated material,No. 7412
PI 172596,28,30,False,,,TUR,Cultivated material,No. 7413
PI 172597,25,27,False,,,TUR,Cultivated material,No. 7431
PI 172598,31,33,False,,,TUR,Cultivated material,No. 7561
PI 172599,28,30,False,,,TUR,Cultivated material,No. 7736
PI 172600,30,32,False,,,TUR,Cultivated material,No. 7567
PI 172601,29,32,False,,,TUR,Cultivated material,No. 8176
PI 172602,27,29,False,,,TUR,Cultivated material,No. 8294
PI 172603,28,30,False,,,TUR,Cultivated material,No. 8569
PI 173828,29,32,False,,,TUR,Cultivated material,No. 7861
PI 173829,34,40,False,,,TUR,Cultivated material,No. 7989
PI 173830,45,62,False,,,TUR,Cultivated material,No. 8619
PI 173831,30,32,False,,,TUR,Cultivated material,No. 8670
PI 174412,30,32,False,,,TUR,Cultivated material,No. 7583
PI 174413,30,32,False,,,TUR,Cultivated material,No. 8087
PI 174414,30,33,False,,,TUR,Cultivated material,No. 8187
PI 174415,31,33,False,,,TUR,Cultivated material,No. 8366
PI 174416,21,23,False,,,TUR,Cultivated material,No. 8370
PI 174417,32,38,False,,,TUR,Cultivated material,No. 9435
PI 174418,30,32,False,,,TUR,Cultivated material,No. 8665
PI 174419,29,31,False,,,TUR,Cultivated material,No. 8689
PI 174990,28,32,False,,,MMR,Cultivated material,"(Pakokku, Burma)"
PI 175334,30,32,False,,,NPL,Cultivated material,(TUSA RANI)
PI 175335,30,32,False,,,IND,Cultivated material,Gogha
PI 175336,31,33,False,,,IND,Cultivated material,Makki
PI 175337,27,29,False,,,IND,Cultivated material,Chelli
PI 175966,29,31,False,,,TUR,Cultivated material,No. 5202
PI 175967,30,32,False,,,TUR,Cultivated material,No. 5203
PI 175968,31,33,False,,,TUR,Cultivated material,No. 5374
PI 175969,28,31,False,,,TUR,Cultivated material,No. 5428
PI 175970,28,31,False,,,TUR,Cultivated material,No. 5454
PI 175971,33,39,False,,,TUR,Cultivated material,No. 5476
PI 175972,32,34,False,,,TUR,Cultivated material,No. 5481
PI 175973,34,43,False,,,TUR,Cultivated material,No. 5527
PI 175974,39,61,False,,,TUR,Cultivated material,No. 5530
PI 175975,31,33,False,,,TUR,Cultivated material,No. 5732
PI 175976,33,36,False,,,TUR,Cultivated material,No. 5950
PI 175977,35,42,False,,,TUR,Cultivated material,No. 5958
PI 175978,28,30,False,,,TUR,Cultivated material,No. 5961
PI 175979,42,59,False,,,TUR,Cultivated material,No. 6052
PI 175980,28,31,False,,,TUR,Cultivated material,No. 6081
PI 175981,31,33,False,,,TUR,Cultivated material,No. 6085
PI 175982,33,39,False,,,TUR,Cultivated material,No. 8809
PI 175983,32,38,False,,,TUR,Cultivated material,No. 9027
PI 175984,29,31,False,,,TUR,Cultivated material,No. 9122
PI 176799,31,34,False,,,TUR,Cultivated material,No. 8808
PI 176800,28,30,False,,,TUR,Cultivated material,No. 8893
PI 176801,41,53,False,,,TUR,Cultivated material,No. 8910
PI 176802,29,31,False,,,TUR,Cultivated material,No. 8932
PI 176803,32,37,False,,,TUR,Cultivated material,No. 9372
PI 176804,31,33,False,,,TUR,Cultivated material,No. 9405
PI 176805,33,39,False,,,TUR,Cultivated material,No. 9533
PI 176806,27,29,False,,,TUR,Cultivated material,No. 9549
PI 177103,36,43,False,,,TUR,Cultivated material,No. 5538
PI 177104,26,27,False,,,TUR,Cultivated material,No. 5357
PI 177105,38,61,False,,,TUR,Cultivated material,No. 5389
PI 177106,30,31,False,,,TUR,Cultivated material,No. 5429
PI 177107,31,43,False,,,TUR,Cultivated material,No. 5577
PI 177108,26,27,False,,,TUR,Cultivated material,No. 5607
PI 177110,27,28,False,,,TUR,Cultivated material,No. 5653
PI 177111,41,54,False,,,TUR,Cultivated material,No. 5657
PI 177112,26,27,False,,,TUR,Cultivated material,No. 5820
PI 177113,31,32,False,,,TUR,Cultivated material,No. 5834
PI 177114,32,33,False,,,TUR,Cultivated material,No. 5919
PI 177115,26,27,False,,,TUR,Cultivated material,No. 9276
PI 177116,38,60,False,,,TUR,Cultivated material,No. 9353
PI 177117,27,28,False,,,TUR,Cultivated material,No. 9423
PI 177118,28,29,False,,,TUR,Cultivated material,No. 9479
PI 177583,27,28,False,,,TUR,Cultivated material,No. 4405
PI 177584,29,30,False,,,TUR,Cultivated material,No. 4427
PI 177585,35,40,False,,,TUR,Cultivated material,No. 5221
PI 177586,26,28,False,,,TUR,Cultivated material,No. 5228
PI 177587,33,38,False,,,TUR,Cultivated material,No. 5229
PI 177588,29,30,False,,,TUR,Cultivated material,No. 5230
PI 177589,26,27,False,,,TUR,Cultivated material,No. 5231
PI 177590,28,29,False,,,TUR,Cultivated material,No. 5232
PI 177591,33,39,False,,,TUR,Cultivated material,No. 5233
PI 177592,28,30,False,,,TUR,Cultivated material,No. 5234
PI 177593,39,51,False,,,TUR,Cultivated material,No. 5235
PI 177594,28,29,False,,,TUR,Cultivated material,No. 5236
PI 177595,26,27,False,,,TUR,Cultivated material,No. 5237
PI 177596,37,47,False,,,TUR,Cultivated material,No. 5238
PI 177597,33,39,False,,,TUR,Cultivated material,No. 5239
PI 177598,34,40,False,,,TUR,Cultivated material,No. 5240
PI 177599,31,32,False,,,TUR,Cultivated material,No. 5241
PI 177600,27,29,False,,,TUR,Cultivated material,No. 5242
PI 177601,29,30,False,,,TUR,Cultivated material,No. 5243
PI 177602,41,56,False,,,TUR,Cultivated material,No. 5244
PI 177603,42,53,False,,,TUR,Cultivated material,No. 5245
PI 177604,27,28,False,,,TUR,Cultivated material,No. 5246
PI 177605,32,39,False,,,TUR,Cultivated material,No. 5247
PI 177606,29,30,False,,,TUR,Cultivated material,No. 5248
PI 177607,28,30,False,,,TUR,Cultivated material,No. 5249
PI 177608,28,28,False,,,TUR,Cultivated material,No. 5250
PI 177609,28,28,False,,,TUR,Cultivated material,No. 5251
PI 177610,28,28,False,,,TUR,Cultivated material,No. 5252
PI 177611,34,40,False,,,TUR,Cultivated material,No. 5253
PI 177612,27,27,False,,,TUR,Cultivated material,No. 5254
PI 177613,34,40,False,,,TUR,Cultivated material,No. 5255
PI 177614,27,27,False,,,TUR,Cultivated material,No. 5256
PI 177615,26,26,False,,,TUR,Cultivated material,No. 5257
PI 177616,34,39,False,,,TUR,Cultivated material,No. 5258
PI 177617,26,26,False,,,TUR,Cultivated material,No. 5259
PI 177618,34,40,False,,,TUR,Cultivated material,No. 5260
PI 177619,34,40,False,,,TUR,Cultivated material,No. 5261
PI 177620,27,27,False,,,TUR,Cultivated material,No. 5262
PI 177621,27,27,False,,,TUR,Cultivated material,No. 5263
PI 177622,28,28,False,,,TUR,Cultivated material,No. 5264
PI 177623,28,29,False,,,TUR,Cultivated material,No. 5265
PI 177624,28,28,False,,,TUR,Cultivated material,No. 5266
PI 177625,26,26,False,,,TUR,Cultivated material,No. 5267
PI 177626,28,28,False,,,TUR,Cultivated material,No. 5268
PI 177627,35,41,False,,,TUR,Cultivated material,No. 5269
PI 177628,28,28,False,,,TUR,Cultivated material,No. 5270
PI 177629,27,27,False,,,TUR,Cultivated material,No. 5271
PI 177630,34,40,False,,,TUR,Cultivated material,No. 5272
PI 177631,28,30,False,,,TUR,Cultivated material,No. 5273
PI 177632,24,24,False,,,TUR,Cultivated material,No. 5274
PI 177633,33,34,False,,,TUR,Cultivated material,No. 5275
PI 177634,40,52,False,,,TUR,Cultivated material,No. 5276
PI 177635,39,50,False,,,TUR,Cultivated material,No. 5277
PI 177636,27,27,False,,,TUR,Cultivated material,No. 5278
PI 177637,30,31,False,,,TUR,Cultivated material,No. 5279
PI 177638,27,27,False,,,TUR,Cultivated material,No. 5280
PI 177639,29,29,False,,,TUR,Cultivated material,No. 5281
PI 177640,26,26,False,,,TUR,Cultivated material,No. 5282
PI 177641,27,28,False,,,TUR,Cultivated material,No. 5283
PI 177642,24,24,False,,,TUR,Cultivated material,No. 5284
PI 177643,27,28,False,,,TUR,Cultivated material,No. 5285
PI 177644,26,27,False,,,TUR,Cultivated material,No. 5894
PI 177645,32,33,False,,,TUR,Cultivated material,No. 6250
PI 177647,40,54,False,,,TUR,Cultivated material,No. 6292
PI 177648,33,39,False,,,TUR,Cultivated material,No. 6316
PI 177649,34,40,False,,,TUR,Cultivated material,No. 6320
PI 177650,27,28,False,,,TUR,Cultivated material,No. 6350
PI 177651,33,34,False,,,SYR,Cultivated material,"(ARNET, DAMASCUS)"
PI 177652,27,28,False,,,SYR,Cultivated material,(DAMASCUS)
PI 179127,44,58,False,,,TUR,Cultivated material,No. 5571
PI 179128,29,31,False,,,TUR,Cultivated material,No. 5574
PI 179129,27,28,False,,,TUR,Cultivated material,No. 5592
PI 179130,27,28,False,,,TUR,Cultivated material,No. 8871
PI 179131,30,33,False,,,TUR,Cultivated material,No. 9632
PI 179132,29,31,False,,,TUR,Cultivated material,No. 9633
PI 179133,26,27,False,,,TUR,Cultivated material,No. 9709
PI 179134,27,28,False,,,TUR,Cultivated material,No. 10164
PI 179135,27,29,False,,,TUR,Cultivated material,No. 10171
PI 179136,25,26,False,,,TUR,Cultivated material,No. 10175
PI 179137,28,29,False,,,TUR,Cultivated material,No. 10193
PI 179138,28,29,False,,,TUR,Cultivated material,No. 10194
PI 179139,36,42,False,,,TUR,Cultivated material,No. 10203
PI 179140,26,27,False,,,TUR,Cultivated material,No. 10209
PI 179141,29,31,False,,,TUR,Cultivated material,No. 10210
PI 179142,42,56,False,,,TUR,Cultivated material,No. 10211
PI 179143,27,28,False,,,TUR,Cultivated material,No. 10245
PI 179144,28,29,False,,,TUR,Cultivated material,No. 10250
PI 179560,26,26,False,,,TUR,Cultivated material,No. 4514
PI 179561,23,25,False,,,TUR,Cultivated material,No. 5017
PI 179562,28,29,False,,,TUR,Cultivated material,No. 5184
PI 179563,29,30,False,,,TUR,Cultivated material,No. 5674
PI 179564,33,39,False,,,TUR,Cultivated material,No. 5877
PI 179565,26,27,False,,,TUR,Cultivated material,No. 5887
PI 179566,32,34,False,,,TUR,Cultivated material,No. 5917
PI 179567,30,31,False,,,TUR,Cultivated material,No. 5927
PI 179568,29,30,False,,,TUR,Cultivated material,No. 5918
PI 179569,33,39,False,,,TUR,Cultivated material,No. 5943
PI 179570,30,31,False,,,TUR,Cultivated material,No. 6101
PI 179571,29,30,False,,,TUR,Cultivated material,No. 6102
PI 179572,27,28,False,,,TUR,Cultivated material,No. 10038
PI 179573,42,57,False,,,TUR,Cultivated material,No. 10039
PI 179574,20,21,False,,,TUR,Cultivated material,No. 10040
PI 179575,29,30,False,,,TUR,Cultivated material,No. 10041
PI 179576,29,30,False,,,TUR,Cultivated material,No. 10042
PI 179577,25,26,False,,,TUR,Cultivated material,No. 10043
PI 179578,29,30,False,,,TUR,Cultivated material,No. 10044
PI 179579,27,28,False,,,TUR,Cultivated material,No. 10237
PI 179580,29,30,False,,,TUR,Cultivated material,No. 10243
PI 179581,26,27,False,,,TUR,Cultivated material,No. 10251
PI 179582,24,25,False,,,TUR,Cultivated material,No. 10349
PI 180016,27,28,False,,,IND,Cultivated material,(DELHI)
PI 180162,26,26,False,,,AUT,Cultivated material,GELBER VORARLBERGER KOERNER
PI 180163,32,37,False,,,AUT,Cultivated material,Jenetzki's Gloria
PI 180164,27,28,False,,,AUT,Cultivated material,KEMATENER
PI 180165,27,28,False,,,AUT,Cultivated material,LOOSDORFER SILO (RANNINGER)
PI 180166,27,29,False,,,AUT,Cultivated material,WEISSER MARCHFELDER LOERNER
PI 180167,29,30,False,,,AUT,Cultivated material,WEISSER VORARLBERGER FRUEH
PI 180230,36,42,False,,,GBR,Cultivated material,JEHU
PI 180231,26,27,False,,,GBR,Cultivated material,Golden Standard
PI 180359,28,29,False,,,IND,Cultivated material,MAKKI
PI 181834,28,30,False,,,SYR,Cultivated material,(MOUNT HERMON VILLAGE)
PI 181836,28,29,False,,,LBN,Cultivated material,(CHTURA)
PI 181837,28,29,False,,,LBN,Cultivated material,(CHTURA)
PI 181838,29,30,False,,,LBN,Cultivated material,"(AL-MARJ, ZAHLE)"
PI 181839,28,29,False,,,LBN,Cultivated material,"(PESTON, ANDJAR-BEKAA)"
PI 181840,36,41,False,,,LBN,Cultivated material,(ANDJAR-BEKAA)
PI 181841,28,29,False,,,LBN,Cultivated material,(ANDJAR-BEKAA)
PI 181842,28,29,False,,,LBN,Cultivated material,(ANDJAR-BEKAA)
PI 181843,32,37,False,,,LBN,Cultivated material,(ANDJAR-BEKAA)
PI 181844,30,31,False,,,LBN,Cultivated material,NAIN
PI 181903,30,31,False,,,SYR,Cultivated material,No. 34
PI 181966,29,31,False,,,SYR,Cultivated material,No. 35
PI 181988,28,29,False,,,SRB,Cultivated material,FLAJSMAN ZLANTI
PI 181989,29,30,False,,,SRB,Cultivated material,BANKU ZUTI
PI 181990,28,29,False,,,SRB,Cultivated material,TURDUNAC ZUTI
PI 182319,30,31,False,,,TUR,Cultivated material,No. 10416
PI 182320,24,25,False,,,TUR,Cultivated material,No. 10448
PI 182321,27,29,False,,,TUR,Cultivated material,No. 10455
PI 182322,27,28,False,,,TUR,Cultivated material,No. 10460
PI 182323,26,28,False,,,TUR,Cultivated material,No. 10461
PI 182324,26,27,False,,,TUR,Cultivated material,No. 10462
PI 182325,26,27,False,,,TUR,Cultivated material,No. 10518
PI 182326,28,29,False,,,TUR,Cultivated material,No. 10536
PI 182327,40,54,False,,,TUR,Cultivated material,No. 10553
PI 182328,29,30,False,,,TUR,Cultivated material,No. 10622
PI 182329,32,38,False,,,TUR,Cultivated material,No. 10629
PI 182785,28,30,False,,,TUR,Cultivated material,No. 10378-A
PI 183004,28,29,False,,,IND,Cultivated material,Makki
PI 183367,27,28,False,,,IND,Cultivated material,Jondra
PI 183368,28,29,False,,,IND,Cultivated material,Jondra
PI 183639,33,42,False,,,AUT,Cultivated material,Brucker Gelber Landmas
PI 183640,28,29,False,,,AUT,Cultivated material,Burgenlandischer Silomais
PI 183641,25,25,False,,,AUT,Cultivated material,Gelber Vorarlberger
PI 183642,26,26,False,,,AUT,Cultivated material,Hohenauer Weisser
PI 183643,26,26,False,,,AUT,Cultivated material,Kematner
PI 183644,33,39,False,,,AUT,Cultivated material,Nikelsderfer Pferdezahn
PI 183645,28,28,False,,,AUT,Cultivated material,Pettender Goldflut Pferdezahn
PI 183646,27,27,False,,,AUT,Cultivated material,Ranninger Silomais
PI 183647,27,27,False,,,AUT,Cultivated material,Waldviertler Fruhmais
PI 183648,33,39,False,,,AUT,Cultivated material,Weisser Vorarlberger
PI 183649,27,28,False,,,AUT,Cultivated material,Weisser Vararlberger-Rheintaler
PI 183726,31,38,False,,,TUR,Cultivated material,No. 10719
PI 183727,28,28,False,,,TUR,Cultivated material,No. 10726
PI 183728,26,26,False,,,TUR,Cultivated material,No. 10727
PI 183729,27,27,False,,,TUR,Cultivated material,No. 10728
PI 183730,28,28,False,,,TUR,Cultivated material,No. 10747
PI 183731,26,26,False,,,TUR,Cultivated material,No. 10748
PI 183732,26,26,False,,,TUR,Cultivated material,No. 10749
PI 183733,28,28,False,,,TUR,Cultivated material,No. 10750
PI 183734,25,25,False,,,TUR,Cultivated material,No. 10751
PI 183735,27,27,False,,,TUR,Cultivated material,No. 10752
PI 183736,26,26,False,,,TUR,Cultivated material,No. 10753
PI 183737,25,25,False,,,TUR,Cultivated material,No. 10754
PI 183738,27,27,False,,,TUR,Cultivated material,No. 10755
PI 183739,27,27,False,,,TUR,Cultivated material,No. 10756
PI 183740,23,23,False,,,TUR,Cultivated material,No. 10757
PI 183741,38,48,False,,,TUR,Cultivated material,No. 10758
PI 183742,25,25,False,,,TUR,Cultivated material,No. 10759
PI 183743,30,36,False,,,TUR,Cultivated material,No. 10760
PI 183744,28,28,False,,,TUR,Cultivated material,No. 10761
PI 183745,26,27,False,,,TUR,Cultivated material,No. 10762
PI 183746,24,24,False,,,TUR,Cultivated material,No. 10763
PI 183747,26,26,False,,,TUR,Cultivated material,No. 10764
PI 183748,25,25,False,,,,Cultivated material,No. 10765
PI 183749,25,25,False,,,TUR,Cultivated material,No. 10766
PI 183750,25,25,False,,,TUR,Cultivated material,No. 10767
PI 183751,34,41,False,,,TUR,Cultivated material,No. 10768
PI 183752,26,26,False,,,TUR,Cultivated material,No. 10769
PI 183753,24,24,False,,,TUR,Cultivated material,No. 10770
PI 183754,24,25,False,,,TUR,Cultivated material,No. 10771
PI 183755,34,40,False,,,TUR,Cultivated material,No. 10772
PI 183756,34,40,False,,,TUR,Cultivated material,No. 10773
PI 183757,34,44,False,,,TUR,Cultivated material,No. 10774
PI 183758,23,23,False,,,TUR,Cultivated material,No. 10775
PI 183759,24,24,False,,,TUR,Cultivated material,No. 10776
PI 183760,34,40,False,,,TUR,Cultivated material,No. 10777
PI 183761,26,26,False,,,TUR,Cultivated material,No. 10778
PI 183762,35,42,False,,,TUR,Cultivated material,No. 10779
PI 183763,25,25,False,,,TUR,Cultivated material,No. 10780
PI 183764,28,28,False,,,TUR,Cultivated material,No. 10781
PI 183765,26,26,False,,,TUR,Cultivated material,No. 10782
PI 183766,22,23,False,,,TUR,Cultivated material,No. 10783
PI 183767,24,24,False,,,TUR,Cultivated material,No. 10784
PI 183768,34,40,False,,,TUR,Cultivated material,No. 10785
PI 183769,28,28,False,,,TUR,Cultivated material,No. 10786
PI 183770,22,22,False,,,TUR,Cultivated material,No. 10787
PI 183771,23,23,False,,,TUR,Cultivated material,No. 10788
PI 183772,24,24,False,,,TUR,Cultivated material,No. 10789
PI 183773,26,26,False,,,TUR,Cultivated material,No. 10790
PI 183774,28,28,False,,,TUR,Cultivated material,No. 10791
PI 183775,25,26,False,,,TUR,Cultivated material,No. 10792
PI 183776,32,37,False,,,TUR,Cultivated material,No. 10793
PI 183777,27,28,False,,,TUR,Cultivated material,No. 10794
PI 183778,26,26,False,,,TUR,Cultivated material,No. 10795
PI 183779,25,26,False,,,TUR,Cultivated material,No. 10796
PI 183780,25,25,False,,,TUR,Cultivated material,No. 10797
PI 183781,39,50,False,,,TUR,Cultivated material,No. 10798
PI 183782,26,27,False,,,TUR,Cultivated material,No. 10799
PI 183783,27,28,False,,,TUR,Cultivated material,No. 10800
PI 183784,27,28,False,,,TUR,Cultivated material,No. 10801
PI 183785,27,28,False,,,TUR,Cultivated material,No. 10802
PI 183786,28,28,False,,,TUR,Cultivated material,No. 10803
PI 183787,27,27,False,,,TUR,Cultivated material,No. 10804
PI 183788,27,27,False,,,TUR,Cultivated material,No. 10805
PI 183789,26,26,False,,,TUR,Cultivated material,No. 10806
PI 183790,27,27,False,,,TUR,Cultivated material,No. 10807
PI 183791,26,26,False,,,TUR,Cultivated material,No. 10808
PI 183792,35,41,False,,,TUR,Cultivated material,No. 10809
PI 183793,32,39,False,,,TUR,Cultivated material,No. 10810
PI 183794,20,20,False,,,TUR,Cultivated material,No. 10811
PI 183795,39,61,False,,,TUR,Cultivated material,No. 10812
PI 183796,24,24,False,,,TUR,Cultivated material,No. 10813
PI 183797,20,20,False,,,TUR,Cultivated material,No. 10814
PI 183798,29,29,False,,,TUR,Cultivated material,No. 10815
PI 183799,28,28,False,,,TUR,Cultivated material,No. 10816
PI 183800,30,30,False,,,TUR,Cultivated material,No. 10817
PI 183801,26,26,False,,,TUR,Cultivated material,No. 10818
PI 183802,27,27,False,,,TUR,Cultivated material,No. 10819
PI 183803,34,39,False,,,TUR,Cultivated material,No. 10820
PI 183804,24,25,False,,,TUR,Cultivated material,No. 10821
PI 183805,26,26,False,,,TUR,Cultivated material,No. 10822
PI 183806,27,27,False,,,TUR,Cultivated material,No. 10823
PI 183807,34,40,False,,,TUR,Cultivated material,No. 10824
PI 183808,29,29,False,,,TUR,Cultivated material,No. 10825
PI 183809,28,29,False,,,TUR,Cultivated material,No. 10826
PI 183810,29,29,False,,,TUR,Cultivated material,No. 10827
PI 183811,29,30,False,,,TUR,Cultivated material,No. 10828
PI 183812,27,27,False,,,TUR,Cultivated material,No. 10829
PI 183813,26,26,False,,,TUR,Cultivated material,No. 10830
PI 183814,25,25,False,,,TUR,Cultivated material,No. 10831
PI 183815,28,28,False,,,TUR,Cultivated material,No. 10832
PI 184276,27,27,False,,,HRV,Cultivated material,Osmak K-9
PI 184277,29,29,False,,,HRV,Cultivated material,Beljski Zuban
PI 184278,30,30,False,,,HRV,Cultivated material,Vukovarski Zuban
PI 184279,25,25,False,,,HRV,Cultivated material,Koricev Rani
PI 184280,26,26,False,,,SRB,Cultivated material,Bankut
PI 184281,24,24,False,,,SRB,Cultivated material,HRVATTCA K-1
PI 184282,42,51,False,,,SRB,Cultivated material,Mastadon
PI 184283,28,28,False,,,SRB,Cultivated material,BELI BANKUT
PI 184284,27,27,False,,,SRB,Cultivated material,DOMACI
PI 184285,27,27,False,,,SRB,Cultivated material,NOVOSADSKT ZLATNI ZUBAN
PI 184286,24,24,False,,,SRB,Cultivated material,KORICEV BRZAK
PI 184287,26,26,False,,,SRB,Cultivated material,Fleischmann
PI 185042,27,27,False,,,TUR,Cultivated material,No. 10833
PI 185043,25,25,False,,,TUR,Cultivated material,No. 10834
PI 185044,24,24,False,,,TUR,Cultivated material,No. 10835
PI 185045,28,28,False,,,TUR,Cultivated material,No. 10836
PI 185046,17,17,False,,,TUR,Cultivated material,No. 10837
PI 185047,35,41,False,,,TUR,Cultivated material,No. 10838
PI 185048,26,26,False,,,TUR,Cultivated material,No. 10839
PI 185049,25,25,False,,,TUR,Cultivated material,No. 10840
PI 185050,20,20,False,,,TUR,Cultivated material,No. 10841
PI 185051,25,25,False,,,TUR,Cultivated material,No. 10842
PI 185052,39,48,False,,,TUR,Cultivated material,No. 10843
PI 185053,35,41,False,,,TUR,Cultivated material,No. 10844
PI 185054,33,39,False,,,TUR,Cultivated material,No. 10845
PI 185055,41,51,False,,,TUR,Cultivated material,No. 10846
PI 185056,25,25,False,,,TUR,Cultivated material,No. 10847
PI 185057,26,26,False,,,TUR,Cultivated material,No. 10848
PI 185058,25,25,False,,,TUR,Cultivated material,No. 10849
PI 185059,20,21,False,,,TUR,Cultivated material,No. 10850
PI 185060,24,25,False,,,TUR,Cultivated material,No. 10851
PI 185061,23,23,False,,,TUR,Cultivated material,No. 10852
PI 185062,29,29,False,,,TUR,Cultivated material,No. 10853
PI 185063,28,28,False,,,TUR,Cultivated material,No. 10854
PI 185064,26,27,False,,,TUR,Cultivated material,No. 10855
PI 185065,26,26,False,,,TUR,Cultivated material,No. 10856
PI 185066,28,29,False,,,TUR,Cultivated material,No. 10857
PI 185067,36,43,False,,,TUR,Cultivated material,No. 10858
PI 185068,26,26,False,,,TUR,Cultivated material,No. 10859
PI 185069,28,28,False,,,TUR,Cultivated material,No. 10860
PI 185070,27,28,False,,,TUR,Cultivated material,No. 10861
PI 185071,28,29,False,,,TUR,Cultivated material,No. 10862
PI 185072,24,25,False,,,TUR,Cultivated material,No. 10863
PI 185073,28,29,False,,,TUR,Cultivated material,No. 10864
PI 185074,26,26,False,,,TUR,Cultivated material,No. 10903
PI 185444,38,47,False,,,USA,Landrace,French Cold - germinating corn
PI 185618,36,42,False,,,EGY,Cultivated material,American Early
PI 185619,30,30,False,,,EGY,Cultivated material,Giza Beladi
PI 185620,30,33,False,,,EGY,Cultivated material,Single Cross 14 (American X Beladi)
PI 185664,26,27,False,,,HTI,Cultivated material,"(Port-au-Prince,90-day Type)"
PI 185665,27,27,False,,,HTI,Cultivated material,"(Port-au-Prince,75-day Type)"
PI 185844,26,27,False,,,163,Cultivated material,No. 1
PI 185845,28,28,False,,,163,Cultivated material,No. 2
PI 185846,27,27,False,,,163,Cultivated material,No. 3
PI 185847,27,27,False,,,163,Cultivated material,No. 4
PI 185848,20,20,False,,,163,Cultivated material,No. 5
PI 185849,27,27,False,,,163,Cultivated material,No. 6
PI 185850,27,27,False,,,163,Cultivated material,No. 7
PI 185851,21,22,False,,,163,Cultivated material,No. 8
PI 185852,27,27,False,,,163,Cultivated material,No. 9
PI 185853,32,35,False,,,163,Cultivated material,No. 10
PI 185854,26,26,False,,,163,Cultivated material,No. 11
PI 185855,29,29,False,,,163,Cultivated material,No. 12
PI 186182,43,86,False,Maize.Group.Ames.Panel.2010,,URY,Breeding material,INBRED 378
PI 186183,28,30,False,Maize.Group.Ames.Panel.2010,,URY,Breeding material,INBRED 379
PI 186184,44,70,False,Maize.Group.Ames.Panel.2010,,URY,Breeding material,INBRED 381
PI 186185,31,32,False,Maize.Group.Ames.Panel.2010,,URY,Breeding material,INBRED 605
PI 186186,25,26,False,,,URY,Breeding material,INBRED 606
PI 186187,40,47,False,Maize.Group.Ames.Panel.2010,,URY,Breeding material,INBRED 610
PI 186188,43,51,False,Maize.Group.Ames.Panel.2010,,URY,Breeding material,INBRED 619
PI 186189,30,30,False,,,URY,Breeding material,INBRED 621
PI 186190,44,112,False,Maize.Group.Ames.Panel.2010,,URY,Breeding material,INBRED 624
PI 186191,36,45,False,Maize.Group.Ames.Panel.2010,,URY,Breeding material,INBRED 627
PI 186192,42,69,False,Maize.Group.Ames.Panel.2010,,AUS,Breeding material,INBRED 45
PI 186193,30,34,False,Maize.Group.Ames.Panel.2010,,ZAF,Breeding material,INBRED A-243-1
PI 186195,45,92,False,Maize.Group.Ames.Panel.2010,,AUS,Breeding material,INBRED 41
PI 186196,26,28,False,Maize.Group.Ames.Panel.2010,,AUS,Breeding material,INBRED 109
PI 186197,42,59,False,Maize.Group.Ames.Panel.2010,,AUS,Breeding material,INBRED 100
PI 186198,42,114,False,Maize.Group.Ames.Panel.2010,,AUS,Breeding material,INBRED 64
PI 186199,41,68,False,Maize.Group.Ames.Panel.2010,,AUS,Breeding material,INBRED 141
PI 186200,18,18,False,,,AUS,Breeding material,INBRED 122
PI 186204,18,18,False,,,ISR,Cultivated material,Yellow Dent
PI 186206,43,51,False,,,ARG,Cultivated material,White Pearl Popcorn
PI 186208,42,52,False,,,ZAF,Cultivated material,Boesman Yellow Flint
PI 186209,29,31,False,,,VEN,Landrace,Yellow Flint
PI 186210,26,26,False,,,IND,Cultivated material,Yellow Flint
PI 186211,29,31,False,,,PER,Cultivated material,Yellow Flint
PI 186212,19,19,False,,,ZAF,Cultivated material,Goutron Flint
PI 186213,19,20,False,,,ZAF,Cultivated material,NATAL 8-ROW FLINT
PI 186214,26,26,False,,,ZAF,Cultivated material,White Flint
PI 186215,39,47,False,Maize.Group.Ames.Panel.2010,,ARG,Breeding material,INBRED 2-687
PI 186216,41,86,False,Maize.Group.Ames.Panel.2010,,ARG,Breeding material,INBRED 1-1265
PI 186217,32,36,False,Maize.Group.Ames.Panel.2010,,ARG,Breeding material,INBRED 19-86
PI 186218,27,30,False,Maize.Group.Ames.Panel.2010,,ARG,Breeding material,INBRED 34-1141
PI 186219,29,32,False,Maize.Group.Ames.Panel.2010,,ARG,Breeding material,INBRED 34-1181
PI 186220,42,47,False,Maize.Group.Ames.Panel.2010,,ARG,Breeding material,INBRED 34-1196
PI 186221,34,55,False,Maize.Group.Ames.Panel.2010,,ARG,Breeding material,INBRED 39-1084
PI 186222,38,58,False,Maize.Group.Ames.Panel.Post.2010,,ARG,Breeding material,INBRED 39-1546
PI 186223,25,27,False,Maize.Group.Ames.Panel.2010,,ARG,Breeding material,INBRED 41-1781
PI 186224,29,33,False,Maize.Group.Ames.Panel.2010,,BRA,Breeding material,INBRED 42-492
PI 186225,24,28,False,,,AUS,Breeding material,INBRED 46
PI 186226,27,29,False,Maize.Group.Ames.Panel.2010,,URY,Breeding material,INBRED 305
PI 186227,29,31,False,Maize.Group.Ames.Panel.2010,,URY,Breeding material,INBRED 309
PI 186228,42,101,False,Maize.Group.Ames.Panel.2010,,URY,Breeding material,INBRED 317
PI 186229,30,31,False,Maize.Group.Ames.Panel.2010,,URY,Breeding material,INBRED 321
PI 186230,32,33,False,Maize.Group.Ames.Panel.2010,,URY,Breeding material,INBRED 334
PI 186231,30,31,False,Maize.Group.Ames.Panel.2010,,URY,Breeding material,INBRED 358
PI 186233,26,26,False,,,AUS,Cultivated material,Fitzroy OP
PI 190081,27,28,False,,,GTM,Cultivated material,(JACALTENANGO)
PI 192946,26,26,False,,,CHN,Cultivated material,
PI 193423,23,23,False,,,108,Cultivated material,CHERKES O.P.
PI 193424,28,28,False,,,HUN,Cultivated material,LATE YELLOW DENT
PI 193425,25,25,False,,,HUN,Cultivated material,LATE YELLOW DENT
PI 193426,20,20,False,,,HUN,Cultivated material,MENDSZENT PUSZTA 09
PI 193427,28,29,False,,,HUN,Cultivated material,PETTEND
PI 193428,42,54,False,,,HUN,Cultivated material,F 06
PI 193429,21,22,False,,,HUN,Cultivated material,PRECOCE DE BANKUT 02
PI 193430,29,29,False,,,HUN,Cultivated material,PUSZTAKAJMAD
PI 193431,43,54,False,,,HUN,Cultivated material,MAJLATH
PI 193432,26,28,False,,,HUN,Cultivated material,MESTERHAZY
PI 193433,29,29,False,,,ROU,Cultivated material,CINCANTIN
PI 193434,26,26,False,,,ROU,Cultivated material,De Aries
PI 193435,29,29,False,,,ROU,Cultivated material,FLINT CORN (HUNGARY)
PI 193436,42,54,False,,,ROU,Cultivated material,Hybrid Saulescu
PI 193437,30,31,False,,,ROU,Cultivated material,Portocaliu
PI 193438,43,53,False,,,ROU,Cultivated material,I.C.A.R. 54
PI 193652,37,43,False,,,ETH,Cultivated material,No. 8692
PI 193653,23,23,False,,,ETH,Cultivated material,No. 8753
PI 193655,34,40,False,,,ETH,Cultivated material,No. 8544
PI 193656,26,26,False,,,ETH,Cultivated material,No. 8553
PI 193657,29,29,False,,,ETH,Cultivated material,No. 8572
PI 193658,43,54,False,,,ETH,Cultivated material,No. 8575
PI 193901,36,42,False,,,ETH,Cultivated material,No. 8986
PI 193902,30,30,False,,,ETH,Cultivated material,No. 8987
PI 193903,36,42,False,,,ETH,Cultivated material,No. 8927
PI 193904,27,27,False,,,ETH,Cultivated material,No. 8981
PI 193905,38,44,False,,,ETH,Cultivated material,No. 8982
PI 193906,16,16,False,,,ETH,Cultivated material,No. 8983
PI 193907,26,26,False,,,ETH,Cultivated material,No. 8984
PI 193908,23,23,False,,,ETH,Cultivated material,No. 8985
PI 194047,29,29,False,,,ETH,Cultivated material,No. 8815
PI 194048,26,26,False,,,ETH,Cultivated material,No. 9050
PI 194384,37,51,False,,,ETH,Cultivated material,No. 9176
PI 194385,38,44,False,,,ETH,Cultivated material,No. 9177
PI 194386,28,28,False,,,ETH,Cultivated material,No. 9178
PI 194387,28,28,False,,,ETH,Cultivated material,No. 9179
PI 194388,30,30,False,,,ETH,Cultivated material,No. 9180
PI 194389,29,29,False,,,ETH,Cultivated material,No. 9181
PI 194390,26,26,False,,,ETH,Cultivated material,No. 9182
PI 194791,26,26,False,,,IND,Cultivated material,No. 11749
PI 195112,29,29,False,,,ETH,Cultivated material,No. 9193
PI 195113,26,26,False,,,ETH,Cultivated material,No. 9297
PI 195114,33,39,False,,,ETH,Cultivated material,No. 9298
PI 195115,26,26,False,,,ETH,Cultivated material,No. 9386
PI 195116,39,45,False,,,ETH,Cultivated material,No. 9387
PI 195117,28,29,False,,,ETH,Cultivated material,No. 9388
PI 195118,39,45,False,,,ETH,Cultivated material,No. 9389
PI 195119,38,44,False,,,ETH,Cultivated material,No. 9390
PI 195233,26,26,False,,,HUN,Cultivated material,BANKUT 01
PI 195234,26,26,False,,,HUN,Cultivated material,Duplicate of PI 193429
PI 195235,25,25,False,,,HUN,Cultivated material,Duplicate of PI 193428
PI 195236,26,26,False,,,HUN,Cultivated material,LOVASF 03
PI 195237,25,25,False,,,HUN,Cultivated material,Duplicate of PI 193431
PI 195238,23,23,False,,,HUN,Cultivated material,Duplicate of PI 193432
PI 195239,25,25,False,,,HUN,Cultivated material,Duplicate of PI 193427
PI 195240,26,26,False,,,ISR,Cultivated material,G.C.
PI 195241,26,26,False,,,ISR,Cultivated material,Gherkes
PI 195242,24,24,False,,,ROU,Cultivated material,Duplicate of PI 193433
PI 195243,23,23,False,,,ROU,Cultivated material,Duplicate of PI 193434
PI 195244,24,24,False,,,ROU,Cultivated material,Duplicate of PI 193436
PI 195245,26,26,False,,,ROU,Cultivated material,Duplicate of PI 193437
PI 195741,29,29,False,,,ETH,Cultivated material,"(MKT., GUDER)"
PI 195756,27,27,False,,,CHN,Cultivated material,H.N.2.
PI 195757,27,27,False,,,CHN,Cultivated material,H.N.1.
PI 196125,34,40,False,,,ETH,Cultivated material,No. 9677
PI 196126,27,28,False,,,ETH,Cultivated material,No. 9678
PI 196127,26,26,False,,,ETH,Cultivated material,No. 9679
PI 196128,25,25,False,,,ETH,Cultivated material,No. 9680
PI 196129,27,27,False,,,ETH,Cultivated material,No. 9775
PI 196130,25,25,False,,,ETH,Cultivated material,No. 9776
PI 196131,26,26,False,,,ETH,Cultivated material,No. 9848
PI 196917,33,47,False,,,ETH,Cultivated material,"(MKT., LEKEMTI)"
PI 196940,17,17,False,,,MEX,Cultivated material,No. 10420
PI 197094,25,25,False,,,IND,Cultivated material,No. 11767
PI 197261,35,41,False,,,ETH,Cultivated material,"(SHASHAMANNA,ARUSSI)"
PI 197502,36,42,False,,,ETH,Cultivated material,(MKT DIREDAWA)
PI 197503,29,29,False,,,ETH,Cultivated material,(VARIOUS MARKETS)
PI 198741,26,26,False,,,AFG,Cultivated material,
PI 198768,27,39,False,,,AUS,Breeding material,M16
PI 198889,29,31,False,Maize.Group.Ames.Panel.2010,,ARG,Breeding material,4F-182 BS 11
PI 198890,44,57,False,Maize.Group.Ames.Panel.2010,,ARG,Breeding material,4F-203 AM 6
PI 198891,35,41,False,,,ARG,Breeding material,4F-216 BT 15
PI 198893,29,30,False,Maize.Group.Ames.Panel.2010,,ARG,Breeding material,4F-240 BX 16
PI 198894,28,32,False,Maize.Group.Ames.Panel.2010,,ARG,Breeding material,4F-259 HQ
PI 198896,29,32,False,Maize.Group.Ames.Panel.2010,,ARG,Breeding material,4F-300 AD 3
PI 198898,25,25,False,,,ARG,Breeding material,4F-316 CB 19
PI 198899,27,27,False,,,ARG,Breeding material,4F-321 CE 22
PI 198900,27,27,False,,,ARG,Breeding material,4F-332 LJ 2F
PI 198901,29,31,False,Maize.Group.Ames.Panel.2010,,ARG,Breeding material,4F-342 CM 4
PI 198902,26,27,False,Maize.Group.Ames.Panel.2010,,ARG,Breeding material,4F-345 CN 12
PI 198903,35,39,False,Maize.Group.Ames.Panel.2010,,ARG,Breeding material,4F-350 CN 2
PI 198904,45,58,False,Maize.Group.Ames.Panel.2010,,ARG,Breeding material,4F-353 CN 33
PI 198905,28,30,False,Maize.Group.Ames.Panel.2010,,ARG,Breeding material,4F-374 GE 3
PI 198906,23,25,False,Maize.Group.Ames.Panel.2010,See Hansey et.al. 2011,ARG,Breeding material,4F-403 JV 15
PI 200179,29,31,False,Maize.Group.Ames.Panel.2010,,ISR,Breeding material,NY 3 (Neveh Yaar)
PI 200180,27,30,False,Maize.Group.Ames.Panel.2010,,ISR,Breeding material,NY 51 (Neveh Yaar)
PI 200181,27,30,False,Maize.Group.Ames.Panel.2010,,ISR,Breeding material,NY 65 (Neveh Yaar)
PI 200183,27,29,False,,,ISR,Breeding material,NY 162 (Neveh Yaar)
PI 200185,29,31,False,Maize.Group.Ames.Panel.2010,,ISR,Breeding material,NY 188 (Neveh Yaar)
PI 200187,26,27,False,Maize.Group.Ames.Panel.2010,,ISR,Breeding material,NY 318 (Nevey Yaar)
PI 200188,28,28,False,Maize.Group.Ames.Panel.2010,,ISR,Breeding material,NY 364 (Neveh Yaar)
PI 200189,28,31,False,Maize.Group.Ames.Panel.2010,,ISR,Breeding material,NY 428 (Neveh Yaar)
PI 200191,29,33,False,Maize.Group.Ames.Panel.2010,,ISR,Breeding material,NY 476 (Neveh Yaar)
PI 200192,28,30,False,Maize.Group.Ames.Panel.2010,,ISR,Breeding material,NY 592 (Neveh Yaar)
PI 200193,42,77,False,Maize.Group.Ames.Panel.2010,,ISR,Breeding material,NY 643 (Neveh Yaar)
PI 200194,32,34,False,Maize.Group.Ames.Panel.2010,,ISR,Breeding material,NY 971 (Neveh Yaar)
PI 200195,26,28,False,Maize.Group.Ames.Panel.2010,,ISR,Breeding material,NY 992 (Neveh Yaar)
PI 200196,27,28,False,Maize.Group.Ames.Panel.2010,,ISR,Breeding material,NY 1000 (Neveh Yaar)
PI 200197,25,25,False,,,PRT,Cultivated material,DENTE DE RATO
PI 200198,25,25,False,,,FRA,Cultivated material,GRAND ROUX BASQUE
PI 200199,22,22,False,,,ITA,Cultivated material,MARANO VICENTINO
PI 200200,21,21,False,,,FRA,Cultivated material,MILLETTE DE FINHAN
PI 200201,28,28,False,,,FRA,Cultivated material,MILLETTE DU LAURAGAIS
PI 200202,24,24,False,,,ITA,Cultivated material,NOSTRANO D'ELL ISOLA
PI 200203,25,25,False,,,FRA,Cultivated material,POUYASTRUC
PI 200204,23,23,False,,,FRA,Cultivated material,ROUX DE CHALOSSE
PI 200205,22,22,False,,,FRA,Cultivated material,Scagliolo Long Kernel
PI 200282,19,20,False,,,HRV,Breeding material,No. 1101
PI 200283,20,20,False,,,HRV,Breeding material,No. 1102
PI 200284,26,26,False,,,HRV,Breeding material,No. 1103
PI 200285,42,51,False,,,HRV,Breeding material,No. 1104
PI 200286,27,27,False,,,HRV,Breeding material,No. 1105
PI 200287,20,20,False,,,HRV,Breeding material,No. 1105
PI 200288,40,51,False,,,HRV,Breeding material,No. 1106
PI 200289,19,19,False,,,HRV,Breeding material,No. 1109
PI 200290,27,27,False,,,HRV,Breeding material,No. 1110
PI 200291,39,47,False,,,HRV,Breeding material,No. 1111
PI 200292,19,19,False,,,HRV,Breeding material,No. 1112
PI 200293,26,27,False,,,HRV,Breeding material,No. 1113
PI 200294,26,27,False,,,HRV,Breeding material,No. 1113
PI 200295,41,51,False,,,HRV,Breeding material,No. 1114
PI 200296,26,26,False,,,HRV,Breeding material,No. 1115
PI 200297,19,19,False,,,HRV,Breeding material,No. 1116
PI 200298,25,25,False,,,HRV,Breeding material,No. 1117
PI 200299,26,26,False,,,HRV,Breeding material,No. 1118
PI 200300,39,47,False,,,HRV,Breeding material,No. 1119
PI 200301,20,20,False,,,HRV,Breeding material,No. 1120
PI 200302,18,18,False,,,HRV,Breeding material,No. 1121
PI 200303,42,53,False,,,HRV,Breeding material,No. 1121
PI 200304,26,27,False,,,HRV,Breeding material,No. 1122
PI 200305,25,25,False,,,HRV,Breeding material,No. 1123
PI 200306,29,30,False,,,HRV,Breeding material,No. 1125
PI 200307,41,51,False,,,HRV,Breeding material,No. 1126
PI 200308,28,28,False,,,HRV,Breeding material,No. 1127
PI 200309,26,26,False,,,HRV,Breeding material,No. 1128
PI 200310,25,25,False,,,HRV,Breeding material,No. 1129
PI 200767,16,16,False,,,SLV,Cultivated material,No. 3393
PI 201540,24,24,False,,,164,Cultivated material,VOKUVAR
PI 201542,26,26,False,,,164,Cultivated material,BAUKUT
PI 201543,26,26,False,,,164,Cultivated material,SID
PI 201546,25,25,False,,,164,Cultivated material,VOKUVAR
PI 201554,21,21,False,,,164,Cultivated material,NIKSIC
PI 201555,26,26,False,,,164,Cultivated material,STAPAR KRAGUJEVAC
PI 201559,27,27,False,,,164,Cultivated material,KOSMAJ
PI 201842,25,25,False,,,MLI,Cultivated material,MANIO
PI 201843,24,24,False,,,MLI,Cultivated material,MANIO BA
PI 201844,24,24,False,,,MLI,Cultivated material,MANIO DJIENI
PI 203258,22,39,False,,,AGO,Cultivated material,Branco Redondo X 366 4-7-5
PI 203329,28,29,False,,,BRA,Cultivated material,No. 1537
PI 204791,27,27,False,,,TUR,Cultivated material,No. 683
PI 204792,24,24,False,,,TUR,Cultivated material,No. 706a
PI 204793,28,28,False,,,TUR,Cultivated material,No. 726
PI 204794,24,24,False,,,TUR,Cultivated material,No. 735
PI 204795,24,24,False,,,TUR,Cultivated material,No. 739
PI 204796,26,26,False,,,TUR,Cultivated material,No. 747
PI 204797,43,53,False,,,TUR,Cultivated material,No. 752
PI 204798,26,27,False,,,TUR,Cultivated material,No. 780
PI 204799,31,32,False,,,TUR,Cultivated material,No. 835
PI 204800,46,57,False,,,TUR,Cultivated material,No. 836
PI 204801,31,32,False,,,TUR,Cultivated material,No. 837
PI 204802,27,29,False,,,TUR,Cultivated material,No. 838
PI 204803,32,35,False,,,TUR,Cultivated material,No. 839
PI 204804,33,35,False,,,TUR,Cultivated material,No. 840
PI 204805,30,32,False,,,TUR,Cultivated material,No. 841
PI 204806,22,24,False,,,TUR,Cultivated material,No. 842
PI 204807,28,29,False,,,TUR,Cultivated material,No. 843
PI 204808,30,32,False,,,TUR,Cultivated material,No. 844
PI 204809,25,25,False,,,TUR,Cultivated material,No. 845
PI 204810,25,25,False,,,TUR,Cultivated material,No. 846
PI 204811,25,25,False,,,TUR,Cultivated material,No. 847
PI 204812,25,25,False,,,TUR,Cultivated material,No. 848
PI 204813,27,27,False,,,TUR,Cultivated material,No. 849
PI 204814,25,25,False,,,TUR,Cultivated material,No. 850
PI 204815,35,41,False,,,TUR,Cultivated material,No. 851
PI 204816,26,26,False,,,TUR,Cultivated material,No. 852
PI 204817,25,25,False,,,TUR,Cultivated material,No. 853
PI 204818,25,25,False,,,TUR,Cultivated material,No. 854
PI 204819,30,33,False,,,TUR,Cultivated material,No. 910
PI 204820,18,18,False,,,TUR,Cultivated material,No. 911
PI 204821,29,29,False,,,TUR,Cultivated material,No. 912
PI 204822,28,28,False,,,TUR,Cultivated material,No. 913
PI 204823,23,23,False,,,TUR,Cultivated material,No. 918
PI 204824,18,18,False,,,TUR,Cultivated material,No. 948
PI 204825,26,26,False,,,TUR,Cultivated material,No. 963
PI 204826,20,20,False,,,TUR,Cultivated material,No. 984
PI 204827,18,18,False,,,TUR,Cultivated material,No. 993
PI 204828,17,17,False,,,TUR,Cultivated material,No. 994
PI 204829,25,25,False,,,TUR,Cultivated material,No. 1029
PI 204830,26,26,False,,,TUR,Cultivated material,No. 1040
PI 204831,41,52,False,,,TUR,Cultivated material,No. 1041
PI 204832,26,26,False,,,TUR,Cultivated material,No. 1054
PI 204833,19,19,False,,,TUR,Cultivated material,No. 1060
PI 204834,25,25,False,,,TUR,Cultivated material,No. 1061
PI 204835,19,19,False,,,TUR,Cultivated material,No. 1062
PI 204836,19,19,False,,,TUR,Cultivated material,No. 1081
PI 204837,33,39,False,,,TUR,Cultivated material,No. 1089
PI 204838,28,28,False,,,TUR,Cultivated material,No. 1119
PI 204839,29,29,False,,,TUR,Cultivated material,No. 1129
PI 204840,18,18,False,,,TUR,Cultivated material,No. 1130
PI 204841,19,19,False,,,TUR,Cultivated material,No. 1131
PI 204842,20,20,False,,,TUR,Cultivated material,No. 1132
PI 204843,18,18,False,,,TUR,Cultivated material,No. 1135
PI 204844,18,18,False,,,TUR,Cultivated material,No. 1147
PI 204845,18,18,False,,,TUR,Cultivated material,No. 1187
PI 204846,24,24,False,,,TUR,Cultivated material,No. 1188
PI 204847,19,19,False,,,TUR,Cultivated material,No. 1189
PI 204848,28,28,False,,,TUR,Cultivated material,No. 1190
PI 204849,25,25,False,,,TUR,Cultivated material,No. 1191
PI 204850,26,26,False,,,TUR,Cultivated material,No. 1197
PI 205102,28,28,False,,11 x 13Wwx x TD-3,JPN,Cultivated material,11 x 13Wwx x TD-3
PI 207528,35,45,False,,,AFG,Cultivated material,No. 12614
PI 208468,24,24,False,,,NPL,Cultivated material,No. 1
PI 208469,26,26,False,,,NPL,Cultivated material,(NGAWAL)
PI 208470,23,24,False,,,NPL,Cultivated material,(SANKHU)
PI 208471,26,27,False,,,NPL,Cultivated material,(MAJERIPATAN)
PI 208472,37,43,False,,,NPL,Cultivated material,(POKHARA)
PI 208473,25,25,False,,,NPL,Cultivated material,(KATHMMANDV VALLEY)
PI 208849,15,44,False,,,CUB,Cultivated material,Criollo
PI 208913,28,28,False,,,IRQ,Cultivated material,LAL-TON
PI 209135,28,30,False,,,USA,Cultivar,Mayorbela
PI 209515,16,16,False,,,CRI,Cultivated material,No. 3840
PI 210398,27,28,False,,,ZAF,Cultivated material,American White Flint
PI 210399,41,52,False,,,ZAF,Cultivated material,Early King
PI 210402,41,49,False,,,ZAF,Cultivated material,Robyn
PI 210404,26,26,False,,,ZAF,Cultivated material,POTCHEFSTROOM PEARL SYNTHETIC
PI 210405,27,28,False,,,ZAF,Cultivated material,Teko Yellow
PI 210551,29,30,False,,,IND,Cultivated material,No. 11845
PI 211757,24,24,False,,,AFG,Cultivated material,No. 12897
PI 212335,25,25,False,,,AFG,Cultivated material,SEE 231749 FOR ST.CORN
PI 212637,24,24,False,,,AFG,Cultivated material,No. 13119
PI 212873,26,26,False,,,AFG,Cultivated material,
PI 213287,39,73,False,,,IND,Cultivated material,No. 13311
PI 213695,28,28,False,,Leaming X Gold Standard indicated by name.,USA,Landrace,Leaming X Gold Standard
PI 213696,28,31,False,,,USA,Landrace,Funk's Yellow Dent
PI 213697,46,58,False,,,USA,Landrace,Lancaster Sure Crop (Hershey Strain)
PI 213698,30,33,False,,,USA,Landrace,Reids Yellow Dent
PI 213699,31,34,False,,,USA,Landrace,Krug Yellow Dent
PI 213700,26,27,False,,,USA,Landrace,Reids Yellow Dent
PI 213701,39,66,False,,,CAN,Landrace,Tom Thumb Pop
PI 213702,44,55,False,,,USA,Landrace,Reids Yellow Dent
PI 213703,44,55,False,,,USA,Landrace,Yellow Dent (Baum Strain)
PI 213704,30,31,False,,,USA,Landrace,Amman Corn
PI 213705,32,35,False,,,USA,Landrace,Reids Yellow Dent
PI 213706,70,96,False,,,USA,Landrace,Osterland Reids Yellow Dent
PI 213707,30,32,False,,,USA,Landrace,Kalkins Special
PI 213708,29,31,False,,,USA,Landrace,Krug Yellow Dent
PI 213709,27,29,False,,,USA,Landrace,Reids Yellow Dent
PI 213710,27,27,False,,,USA,Landrace,St. Charles Yellow Dent
PI 213711,29,30,False,,Krug X Reid.,USA,Landrace,Yellow Dent
PI 213712,29,32,False,,,USA,Landrace,Midland Yellow Dent
PI 213713,29,29,False,,,USA,Landrace,Mortgage Lifter
PI 213714,32,33,False,,,USA,Landrace,Papago Flour
PI 213715,46,72,False,,,USA,Landrace,Gourdseed Dent
PI 213716,31,34,False,,,USA,Landrace,Legal Tender Yellow Dent
PI 213717,31,34,False,,,USA,Landrace,Krug Yellow Dent
PI 213718,27,27,False,,,USA,Landrace,Smith Yellow Dent
PI 213719,29,31,False,,,USA,Landrace,Reids Yellow Dent
PI 213720,30,30,False,,Midland X Reid.,USA,Landrace,Midland X Reid
PI 213721,28,29,False,,,USA,Landrace,Osterland Reids Yellow Dent
PI 213722,30,33,False,,,USA,Landrace,Golden Glow
PI 213723,46,58,False,,,USA,Landrace,Falconer
PI 213724,30,33,False,,,USA,Landrace,Blacks Yellow Dent
PI 213725,31,34,False,,,USA,Landrace,Midland Yellow Dent
PI 213726,26,27,False,,,USA,Landrace,Miller Yellow Dent
PI 213728,49,63,False,,,USA,Landrace,Apache White
PI 213729,35,39,False,,,USA,Landrace,Apache Red Cob
PI 213730,44,95,False,,"Selection from PI 213729 ""Apache Red Cob"".",USA,Landrace,Selection from Apache Red Cob
PI 213731,42,68,False,,,USA,Landrace,Apache Red
PI 213732,42,54,False,,,USA,Landrace,Bighead
PI 213733,44,56,False,,,USA,Landrace,Kokoma
PI 213734,31,33,False,,,USA,Landrace,NRC 5180
PI 213735,26,27,False,,,USA,Landrace,NRC 5181
PI 213736,31,35,False,,,USA,Landrace,Globe Variegated
PI 213737,44,55,False,,,USA,Landrace,Red Navajo
PI 213738,27,28,False,,,USA,Landrace,Blue Navajo
PI 213739,34,41,False,,,USA,Landrace,Yellow Navajo
PI 213740,32,37,False,,,USA,Landrace,Defiance White 1
PI 213741,32,34,False,,,USA,Landrace,Wallapai White
PI 213742,28,30,False,,,USA,Landrace,Oklahoma Bronze
PI 213743,32,34,False,,,USA,Landrace,De-aur-le (Cherokee)
PI 213744,33,35,False,,,USA,Landrace,Sallu-yah (Cherokee)
PI 213745,25,27,False,,,USA,Landrace,Yellow Eagle
PI 213746,43,53,False,,,USA,Landrace,Separation from Walter Fire
PI 213747,45,56,False,,,USA,Landrace,Walter Fire
PI 213748,47,59,False,,,USA,Landrace,Concho Brown
PI 213749,44,55,False,,,USA,Landrace,Pampa
PI 213750,37,59,False,,,USA,Landrace,Stilwell
PI 213751,30,32,False,,,USA,Landrace,NRC 5197
PI 213753,45,59,False,,,USA,Landrace,Arapaho White
PI 213754,43,127,False,,,USA,Landrace,Binger Blue
PI 213755,47,58,False,,,USA,Landrace,Bighorse Spotted
PI 213756,47,100,False,,,USA,Landrace,Fairfax Brown
PI 213757,42,64,False,,,USA,Landrace,Quapaw Red
PI 213758,47,59,False,,,USA,Landrace,Shawnee
PI 213759,33,39,False,,,USA,Landrace,Many Horses
PI 213760,26,27,False,,,USA,Landrace,Onehorn
PI 213761,28,28,False,,,USA,Landrace,Separation from Onehorn
PI 213762,43,54,False,,,USA,Landrace,Gehu Yellow
PI 213763,29,31,False,,,USA,Landrace,White Thunder
PI 213764,45,57,False,,,USA,Landrace,Rhee Flint
PI 213765,44,55,False,,,USA,Landrace,Potawatomi Mixed
PI 213766,44,82,False,,,USA,Landrace,Potawatomi White
PI 213767,30,32,False,,,USA,Landrace,Albuquerque Pink
PI 213768,41,49,False,,,USA,Landrace,Sac Blue
PI 213769,45,57,False,,,USA,Landrace,Shoshoni Mixed
PI 213770,42,81,False,,,USA,Landrace,Creek
PI 213771,37,43,False,,,USA,Landrace,Wa-haa-ha-kow (Yankee cheat)
PI 213772,40,78,False,,,USA,Landrace,Winnebago Spotted
PI 213773,41,96,False,,,USA,Landrace,Wa ruch skaw (squaw)
PI 213774,31,34,False,,,USA,Landrace,Winnebago Mixed
PI 213775,45,57,False,,,USA,Landrace,Rainbow Flint
PI 213776,30,30,False,,,USA,Landrace,Northwestern Dent
PI 213777,30,32,False,,,USA,Landrace,Golden Jewel
PI 213778,25,26,False,,,USA,Landrace,Gehu
PI 213779,45,56,False,,,USA,Landrace,Blue Flour
PI 213780,31,32,False,,,USA,Landrace,Fulton Yellow Dent
PI 213781,27,29,False,,,USA,Landrace,Falconer
PI 213782,45,56,False,,,USA,Cultivar,Brookings 86
PI 213783,24,24,False,,,USA,Landrace,Brown County Yellow Dent
PI 213784,30,30,False,,,USA,Landrace,Dakota White
PI 213785,30,32,False,,,USA,Landrace,Black Hill Special
PI 213786,29,30,False,,,USA,Landrace,Early Murdock
PI 213787,26,28,False,,,USA,Landrace,Rainbow Flint
PI 213788,31,32,False,,,USA,Landrace,Northwestern Dent
PI 213789,43,53,False,,,USA,Landrace,Wimples Yellow Dent
PI 213790,25,26,False,,,USA,Landrace,Dakota White Flint
PI 213791,25,25,False,,,USA,Landrace,South Dakota Rainbow
PI 213792,25,26,False,,,USA,Landrace,Gehu
PI 213793,41,67,False,,,USA,Landrace,Assiniboine
PI 213794,27,28,False,,,USA,Landrace,Mandan Yellow Flour
PI 213795,24,24,False,,,USA,Landrace,Great Plains Rainbow
PI 213797,27,27,False,,,USA,Landrace,Cheyenne Agency Striped
PI 213798,43,55,False,,,USA,Landrace,Mated Chief Speckled Mandan
PI 213799,29,31,False,,,USA,Landrace,Zuni Blue
PI 213800,44,80,False,,,USA,Landrace,Mandan Yellow Flint
PI 213801,42,80,False,,,USA,Landrace,Bear Island Chippewa
PI 213802,48,86,False,,,USA,Landrace,Mandan White Flint
PI 213803,36,42,False,,,CAN,Landrace,Gaspe Flint
PI 213804,35,37,False,,,USA,Landrace,Pipestone Flint
PI 213805,28,30,False,,,USA,Landrace,Wild Goose
PI 213806,40,73,False,,,USA,Landrace,Mandan Black
PI 213807,43,93,False,,,USA,Landrace,Mandan Clay Red
PI 213808,43,79,False,,,USA,Landrace,Mandan Red Flour
PI 213809,28,28,False,,,USA,Landrace,POLISH BYDGOLGASKAYA
PI 213810,25,25,False,,,USA,Landrace,BEZENKCHONSKAYA SIBERIAN FLINT
PI 213811,44,71,False,,,USA,Landrace,Mandan Blue
PI 214123,27,27,False,,,BOL,Cultivated material,No. 168
PI 214124,24,24,False,,,BOL,Cultivated material,No. 169
PI 214186,32,34,False,,,CAN,Landrace,Bailey
PI 214187,34,40,False,,,CAN,Landrace,Beacon
PI 214188,26,27,False,,,CAN,Landrace,Comptons Early
PI 214189,39,51,False,,,CAN,Landrace,Falconer
PI 214190,25,26,False,,,CAN,Landrace,Gehu
PI 214191,28,28,False,,,CAN,Landrace,Golden Glow
PI 214192,28,29,False,,,CAN,Landrace,Golden Glow
PI 214193,27,28,False,,,CAN,Landrace,Golden Glow
PI 214194,26,27,False,,,CAN,Landrace,Howes Alberta Flint
PI 214195,49,62,False,,,CAN,Landrace,Longfellow
PI 214196,23,24,False,,,CAN,Landrace,Manalta
PI 214197,34,36,False,,,CAN,Landrace,Minnesota #13
PI 214198,45,56,False,,,CAN,Landrace,Northwestern Dent (Brandon Strain)
PI 214199,42,54,False,,,CAN,Landrace,Rainbow Flint
PI 214200,31,32,False,,,CAN,Landrace,Rutherford
PI 214201,43,57,False,,,CAN,Landrace,Salzers White Flint
PI 214202,43,54,False,,,CAN,Landrace,Saskatchewan White Flint
PI 214203,26,27,False,,,CAN,Landrace,Twitchells Pride
PI 214204,29,29,False,,,CAN,Landrace,Silver King
PI 214273,37,43,False,,,CAN,Landrace,Northwestern Dent
PI 214274,24,25,False,,"12-rowed corn grown 100 years prior to 1907 on the Reed Farm Ulverton, Quebec.",CAN,Landrace,QUEBEC 28
PI 214275,27,31,False,,,CAN,Landrace,NRC 5279
PI 214276,25,25,False,,,CAN,Landrace,NRC 5280
PI 214277,22,23,False,,,CAN,Landrace,NRC 5281
PI 214278,25,25,False,,,CAN,Landrace,NRC 5282
PI 214279,38,44,False,,"8-rowed yellow flint collected originally from farmers around Gaspe Village, Quebec, Canada.",CAN,Landrace,Gaspe Yellow Flint
PI 214280,25,25,False,,,CAN,Landrace,NRC 5284
PI 214281,23,24,False,,,CAN,Landrace,NRC 5285
PI 214287,30,31,False,,,USA,Landrace,Cassell White
PI 214288,34,36,False,,,USA,Landrace,Cottrells Best White
PI 214289,33,34,False,,,USA,Landrace,Early White
PI 214290,34,35,False,,,USA,Landrace,Emges White
PI 214291,47,61,False,,,USA,Landrace,Havel Long Ear
PI 214292,32,35,False,,,USA,Landrace,Kansas Sunflower
PI 214293,27,28,False,,,USA,Landrace,Lancaster Sure Cropper (Ricedorf Strain)
PI 214294,42,52,False,,,USA,Landrace,Leaming
PI 214295,34,37,False,,,USA,Landrace,Pride of Saline
PI 214296,22,22,False,,,USA,Landrace,Rainbow Flint
PI 214297,32,33,False,,,USA,Landrace,Thomas Utility White Corn
PI 217404,56,62,False,,,ARG,Landrace,Argentine Pop
PI 217405,45,83,False,,,USA,Landrace,Gourdseed
PI 217406,29,30,False,,,USA,Landrace,Japanese Hull-less
PI 217407,46,80,False,,,USA,Landrace,Ladyfinger
PI 217408,41,76,False,,,USA,Landrace,Longfellow Flint
PI 217409,44,53,False,,,MEX,Landrace,Maiz Chapalote
PI 217410,46,73,False,,,USA,Landrace,Papago Flour Corn
PI 217411,46,72,False,,,USA,Landrace,Tama Flint
PI 217412,46,73,False,,,USA,Landrace,Tom Thumb
PI 217413,35,40,False,,,MEX,Landrace,Zapalote Chico
PI 217414,43,54,False,,,USA,Landrace,Drought Proof Yellow Dent
PI 217415,31,32,False,,,USA,Landrace,Drought Proof Yellow Dent
PI 217460,35,46,False,,,USA,Landrace,King Philip
PI 217461,24,24,False,,,USA,Landrace,King Philip
PI 217462,39,49,False,,,USA,Landrace,Rainbow
PI 217463,41,52,False,,,USA,Landrace,Eight Row
PI 217464,26,27,False,,,USA,Landrace,Eight Row
PI 217465,24,24,False,,,USA,Landrace,Eight Row
PI 217466,26,28,False,,,USA,Landrace,Flint
PI 217467,33,40,False,,,USA,Landrace,Flint
PI 217468,23,23,False,,,USA,Landrace,Flint
PI 217469,25,27,False,,,USA,Landrace,Flint
PI 217470,23,23,False,,,USA,Landrace,Golden Flint
PI 217471,23,24,False,,,USA,Landrace,Yellow Flint
PI 217472,27,27,False,,,USA,Landrace,Early Butler
PI 217473,30,33,False,,,USA,Landrace,Early Butler
PI 217474,26,27,False,,,USA,Landrace,Lycoming
PI 217475,29,30,False,,,USA,Landrace,Northern Wonder
PI 217476,24,24,False,,,USA,Landrace,Pride of Michigan
PI 217477,25,26,False,,,USA,Landrace,Red Robin
PI 217478,25,25,False,,,USA,Landrace,Red Robin
PI 217479,24,24,False,,,USA,Landrace,Red Field
PI 217480,26,26,False,,,USA,Landrace,Northwestern Dent
PI 217481,40,52,False,,,USA,Landrace,Windus White Dent
PI 217482,26,28,False,,,USA,Landrace,Amber Flint
PI 217483,24,24,False,,,USA,Landrace,Gehu Flint
PI 217484,27,27,False,,,USA,Landrace,Windus Red Cob
PI 217485,22,23,False,,,USA,Landrace,Thayer Yellow Dent
PI 217486,29,30,False,,,USA,Landrace,Dakota Flint
PI 217487,31,32,False,,,USA,Landrace,Squaw Corn
PI 217488,25,26,False,,,USA,Landrace,Row 6
PI 217489,29,36,False,,,USA,Landrace,Row 8
PI 217490,39,50,False,,,USA,Landrace,Row 13
PI 217491,25,26,False,,,USA,Landrace,White Flint
PI 217492,23,23,False,,,USA,Landrace,Flint
PI 217493,25,26,False,,,USA,Landrace,Yellow Dent
PI 217642,24,24,False,,,AFG,Cultivated material,No. 13119
PI 218005,31,34,False,,,USA,Landrace,Clarage
PI 218037,24,25,False,,,NLD,Cultivated material,AZC 2
PI 218038,23,24,False,,Selection from Elgereta.,NLD,Cultivated material,ELG 3
PI 218039,27,29,False,,,NLD,Cultivated material,KUMA
PI 218040,23,23,False,,Selection from open-pollinated Lisargarater.,NLD,Cultivated material,LIS 1
PI 218041,25,25,False,,Selection from open-pollinated Lisargarater.,NLD,Cultivated material,LIS 2
PI 218042,27,27,False,,,NLD,Cultivated material,VGCB
PI 218043,24,24,False,,,NLD,Cultivated material,A
PI 218044,22,22,False,,,NLD,Cultivated material,B
PI 218129,28,29,False,,,USA,Landrace,"(Terra Alta, West Virginia)"
PI 218130,45,59,False,,,USA,Landrace,NRC 5297
PI 218131,37,42,False,,,USA,Landrace,NRC 5298
PI 218132,43,65,False,,,USA,Landrace,NRC 5299
PI 218133,29,30,False,,,USA,Landrace,NRC 5300
PI 218134,44,58,False,,,USA,Landrace,NRC 5301
PI 218135,42,101,False,,,USA,Landrace,NRC 5302
PI 218136,37,50,False,,,USA,Landrace,NRC 5303
PI 218137,30,33,False,,,USA,Landrace,NRC 5304
PI 218138,30,32,False,,,USA,Landrace,NRC 5305
PI 218139,42,58,False,,,USA,Landrace,NRC 5306
PI 218140,53,72,False,,,USA,Landrace,NRC 5307
PI 218141,31,33,False,,,USA,Landrace,NRC 5308
PI 218142,27,29,False,,,USA,Landrace,NRC 5309
PI 218143,29,31,False,,,USA,Landrace,NRC 5310
PI 218144,42,54,False,,,USA,Landrace,NRC 5311
PI 218145,26,28,False,,,USA,Landrace,NRC 5312
PI 218146,25,26,False,,,USA,Landrace,NRC 5313
PI 218147,40,57,False,,,USA,Landrace,NRC 5314
PI 218148,40,55,False,,,USA,Landrace,NRC 5315
PI 218149,26,28,False,,,USA,Landrace,NRC 5316
PI 218150,43,71,False,,,USA,Landrace,NRC 5318
PI 218151,45,59,False,,,USA,Landrace,NRC 5319
PI 218152,27,29,False,,,USA,Landrace,NRC 5320
PI 218153,30,33,False,,,USA,Landrace,NRC 5321
PI 218154,28,31,False,,,USA,Landrace,NRC 5322
PI 218155,27,29,False,,,USA,Landrace,NRC 5323
PI 218156,33,37,False,,,USA,Landrace,NRC 5324
PI 218157,26,28,False,,,USA,Landrace,NRC 5325
PI 218158,26,29,False,,,USA,Landrace,NRC 5326
PI 218159,30,33,False,,,USA,Landrace,NRC 5327
PI 218160,29,30,False,,,USA,Landrace,NRC 5328
PI 218161,31,32,False,,,USA,Landrace,NRC 5329
PI 218162,27,29,False,,,USA,Landrace,NRC 5330
PI 218163,38,44,False,,,USA,Landrace,NRC 5331
PI 218164,40,52,False,,,USA,Landrace,NRC 5332
PI 218165,30,33,False,,,USA,Landrace,NRC 5333
PI 218166,25,25,False,,,USA,Landrace,NRC 5334
PI 218167,43,56,False,,,USA,Landrace,NRC 5335
PI 218168,29,32,False,,,USA,Landrace,NRC 5336
PI 218169,28,30,False,,,USA,Landrace,NRC 5337
PI 218170,24,26,False,,,USA,Landrace,NRC 5338
PI 218171,27,29,False,,,USA,Landrace,NRC 5339
PI 218172,44,57,False,,,USA,Landrace,NRC 5340
PI 218173,27,28,False,,,USA,Landrace,NRC 5341
PI 218174,41,48,False,,,USA,Landrace,NRC 5342
PI 218175,45,55,False,,,USA,Landrace,NRC 5343
PI 218176,25,25,False,,,USA,Landrace,NRC 5344
PI 218177,34,39,False,,,USA,Landrace,NRC 5345
PI 218178,27,27,False,,,USA,Landrace,NRC 5346
PI 218179,25,25,False,,,USA,Landrace,NRC 5347
PI 218181,40,46,False,,,USA,Landrace,NRC 5349
PI 218182,36,39,False,,,USA,Landrace,NRC 5350
PI 218183,39,45,False,,,USA,Landrace,NRC 5351
PI 218184,31,33,False,,,USA,Landrace,NRC 5353
PI 218185,25,25,False,,,USA,Landrace,NRC 5354
PI 218186,61,82,False,,,USA,Landrace,NRC 5355
PI 218187,37,43,False,,,USA,Landrace,NRC 5356
PI 218188,37,43,False,,,USA,Landrace,NRC 5357
PI 218189,26,26,False,,,USA,Landrace,NRC 5358
PI 218190,42,51,False,,,USA,Landrace,NRC 5359
PI 218191,32,33,False,,,USA,Landrace,NRC 5360
PI 218195,29,32,False,,,USA,Landrace,Bloody Butcher (Rector Strain)
PI 219715,23,23,False,,,PAK,Cultivated material,"(MARKET, HUNGU)"
PI 219870,34,36,False,,,CAN,Landrace,Alta Gold
PI 219872,34,60,False,,,USA,Landrace,Baby Orchard
PI 219873,44,76,False,,,USA,Landrace,Carnival
PI 219874,15,15,False,,,USA,Landrace,Dakota Squaw (Burleigh County Mixed)
PI 219875,15,16,False,,,USA,Landrace,Dakota White
PI 219876,37,39,False,,,USA,Landrace,Early June
PI 219879,38,41,False,,,USA,Landrace,Golden Bantam
PI 219881,22,24,False,,,USA,Landrace,Japanese Hulless
PI 219882,16,16,False,,,USA,Landrace,Minnesota #13 (Boyd Strain)
PI 219883,15,15,False,,,USA,Landrace,Minnesota #13 (Haney Strain)
PI 219884,15,15,False,,,USA,Landrace,Minnesota #13
PI 219887,16,16,False,,,USA,Landrace,Pioneer
PI 219888,15,16,False,,,USA,Landrace,Rainbow (Great Plains Strain)
PI 219892,15,15,False,,,USA,Landrace,Square Deal
PI 220406,27,27,False,,,AFG,Cultivated material,JAWARI
PI 220866,38,48,False,,,CAN,Landrace,Dorinny Sweet
PI 221703,23,23,False,,,IDN,Cultivated material,No. 9
PI 221704,25,26,False,,,IDN,Cultivated material,No. 10
PI 221733,35,45,False,Maize.Group.Ames.Panel.2010,Potchefstroom Pearl,ZAF,Breeding material,A13-2 INBRED (POTCHEFSTROOM PEARL)
PI 221734,28,33,False,Maize.Group.Ames.Panel.2010,Potchefstroom Pearl,ZAF,Breeding material,A14 INBRED (POTCHEFSTROOM PEARL)
PI 221735,20,21,False,Maize.Group.Ames.Panel.2010,Potchefstroom Pearl,ZAF,Breeding material,A15-1 INBRED (POTCHEFSTROOM PEARL)
PI 221736,20,22,False,Maize.Group.Ames.Panel.2010,Potchefstroom Pearl,ZAF,Breeding material,A16-3-2 INBRED (POTCHEFSTROOM PEARL)
PI 221737,20,22,False,Maize.Group.Ames.Panel.2010,Potchefstroom Pearl,ZAF,Breeding material,A17-1-1 INBRED (POTCHEFSTROOM PEARL)
PI 221738,18,18,False,Maize.Group.Ames.Panel.2010,Hickory King,ZAF,Breeding material,A20-4 INBRED (HICKORY KING)
PI 221739,34,46,False,Maize.Group.Ames.Panel.2010,Hickory King,ZAF,Breeding material,A21-4-1 INBRED (HICKORY KING)
PI 221741,34,57,False,Maize.Group.Ames.Panel.2010,Hickory King,ZAF,Breeding material,A22-3-1 INBRED (HICKORY KING)
PI 221743,18,20,False,Maize.Group.Ames.Panel.2010,,ZAF,Breeding material,N72-3-1-1 INBRED
PI 221746,17,17,False,Maize.Group.Ames.Panel.2010,S5 Syn. Anveld,ZAF,Breeding material,E198-2-1-1 INBRED (S5 SYN. ANVELD)
PI 221747,35,62,False,Maize.Group.Ames.Panel.2010,S5 Syn. Anveld,ZAF,Breeding material,E205-1-1-1 INBRED (S5 SYN. ANVELD)
PI 221749,19,19,False,Maize.Group.Ames.Panel.2010,S5 Syn. Anveld 40,ZAF,Breeding material,E199-1-1 INBRED (S5 SYN. ANVELD 40)
PI 221750,19,23,False,Maize.Group.Ames.Panel.2010,S5 Syn. Anveld X Minn. 706,ZAF,Breeding material,E292-1-1-1 INB(S5 SYN ANVELD X MINN.706)
PI 221775,28,33,False,Maize.Group.Ames.Panel.2010,,ZAF,Breeding material,A436-1 INBRED
PI 221785,34,69,False,Maize.Group.Ames.Panel.2010,,ZAF,Breeding material,A468-1 INBRED
PI 221789,18,18,False,Maize.Group.Ames.Panel.2010,,ZAF,Breeding material,E683-1-2-1(S5) INBRED
PI 221790,17,19,False,Maize.Group.Ames.Panel.2010,,ZAF,Breeding material,E684-1-1-1(S5) INBRED
PI 221794,19,20,False,Maize.Group.Ames.Panel.2010,,ZAF,Breeding material,E697-1-1-1(S5) INBRED
PI 221804,20,21,False,Maize.Group.Ames.Panel.2010,Peruvian,ZAF,Breeding material,A242-2(S10) INBRED (PERUVIAN)
PI 221805,18,19,False,Maize.Group.Ames.Panel.2010,Peruvian,ZAF,Breeding material,A243-1-2(S10) INBRED (PERUVIAN)
PI 221806,31,38,False,Maize.Group.Ames.Panel.2010,Peruvian,ZAF,Breeding material,A256-1(S10) INBRED (PERUVIAN)
PI 221813,17,17,False,Maize.Group.Ames.Panel.2010,Hotnot,ZAF,Breeding material,A325-1(S10) INBRED (HOTNOT)
PI 221817,21,22,False,Maize.Group.Ames.Panel.2010,Robyn,ZAF,Breeding material,A413-3A-1-1(S10) INBRED (ROBYN)
PI 221820,20,21,False,Maize.Group.Ames.Panel.2010,Hotnot crosses.,ZAF,Breeding material,C410-1(F11) INBRED (HOTNOT CROSSES)
PI 221821,20,21,False,Maize.Group.Ames.Panel.2010,,ZAF,Breeding material,E680
PI 221822,34,48,False,Maize.Group.Ames.Panel.2010,STS. 4222,ZAF,Breeding material,E783-1-2-1(S6) STS. 4222 INBRED
PI 221825,18,18,False,,,ZAF,Landrace,POTCHEFSTROOM PEARL
PI 221826,18,18,False,,,ZAF,Cultivated material,ANVELD
PI 221827,15,15,False,,,ZAF,Landrace,Duplicate of PI 210399
PI 221828,18,19,False,,,ZAF,Landrace,MICS SUCCESS
PI 221829,32,44,False,,,ZAF,Cultivated material,Hickory King (Bechino Strain)
PI 221830,30,42,False,,,ZAF,Cultivated material,Hickory King (Schlanders Strain)
PI 221831,33,79,False,,,ZAF,Cultivated material,Hickory King(Schroeder Strain)
PI 221832,19,20,False,,,ZAF,Cultivated material,Ladysmiths White Pearl
PI 221833,18,19,False,,,ZAF,Cultivated material,Iowa Silvermine
PI 221834,18,20,False,,,ZAF,Cultivated material,White Cob Silver King
PI 221836,19,19,False,,,ZAF,Cultivated material,SALISBURY WHITE (1)
PI 221837,18,19,False,,,ZAF,Cultivated material,SALISBURY WHITE (2)
PI 221839,18,18,False,,,ZAF,Cultivated material,NAMELENGA
PI 221840,18,19,False,,,ZAF,Cultivated material,MAKENGA
PI 221841,15,15,False,,,ZAF,Landrace,Duplicate of PI 210405
PI 221842,15,15,False,,,ZAF,Landrace,Duplicate of PI 210402
PI 221843,18,19,False,,,ZAF,Cultivated material,Sahara (Mottram Strain)
PI 221844,26,32,False,,,ZAF,Cultivated material,Sahara (Basson Strain)
PI 221845,40,43,False,,,ZAF,Landrace,Homedale
PI 221846,32,43,False,,,ZAF,Cultivated material,Natal Yellow Horsetooth
PI 221847,32,42,False,,,ZAF,Cultivated material,SPYKEPIT 53
PI 221848,33,45,False,,,ZAF,Cultivated material,CHESTER COUNTY (1)
PI 221849,19,19,False,,,ZAF,Cultivated material,Chester County (2)
PI 221850,18,20,False,,,ZAF,Cultivated material,Golden Beauty
PI 221851,17,17,False,,,ZAF,Landrace,Yellow Boesman
PI 221852,17,17,False,,,ZAF,Cultivated material,Peruvian
PI 221853,17,17,False,,,ZAF,Landrace,Hotnot
PI 221854,19,19,False,,,ZAF,Cultivated material,NATAL 8-ROW
PI 221863,17,17,False,,,USA,Landrace,Improved Reids Yellow Dent
PI 221864,43,47,False,,,USA,Landrace,Oklahoma Large Southeastern Dent
PI 221865,42,46,False,,,USA,Landrace,Gundy Special Yellow
PI 221867,43,47,False,,,USA,Landrace,90-Day Yellow
PI 221868,18,18,False,,,USA,Landrace,Iowa Silvermine
PI 221869,20,21,False,,,USA,Landrace,Johnson County White
PI 221870,39,42,False,,,USA,Landrace,Reids Yellow Dent
PI 221871,32,35,False,,,USA,Landrace,Delta Prolific White
PI 221872,35,41,False,,,USA,Landrace,Neals Paymaster
PI 221873,21,21,False,,,USA,Landrace,White Surecropper
PI 221874,20,21,False,,,USA,Landrace,Yellow Surecropper
PI 221875,20,21,False,,,USA,Landrace,Ferguson Yellow Dent
PI 221876,42,46,False,,,USA,Landrace,Jarvis Golden Prolific
PI 221877,20,21,False,,,USA,Landrace,Midland
PI 221878,40,43,False,,,USA,Landrace,Leaming
PI 221879,41,45,False,,,USA,Landrace,St. Charles White
PI 221880,39,43,False,,,USA,Landrace,Midland
PI 221881,40,41,False,,,USA,Landrace,St. Charles
PI 221882,17,18,False,,,USA,Landrace,Reids
PI 221883,22,23,False,,,USA,Landrace,Blattel White
PI 221885,33,36,False,,,USA,Landrace,White Dent
PI 221886,41,44,False,,,USA,Landrace,Early Yellow Dent
PI 221887,32,35,False,,,USA,Landrace,Iowa Gold Mine
PI 221888,63,67,False,,,USA,Landrace,Missouri Pipe Corn Meerschaum
PI 221889,45,48,False,,,USA,Landrace,Mexican June
PI 221890,20,20,False,,,USA,Landrace,Frerer Yellow Dent
PI 221891,20,20,False,,,USA,Landrace,West Virginia Yellow Dent
PI 221892,17,17,False,,,USA,Landrace,Ozark Mortgage Lifter
PI 221893,17,17,False,,,USA,Landrace,Ozark Early Adams
PI 221894,20,21,False,,,USA,Landrace,Ozark Yellow Silvermine
PI 221895,43,47,False,,,USA,Landrace,Dill White Dent
PI 221896,19,19,False,,,USA,Landrace,Osborn White Dent
PI 221976,27,27,False,,,JPN,Cultivated material,CHOKO 202
PI 222218,22,22,False,,,AFG,Cultivated material,JAWARI
PI 222285,37,40,False,,,USA,Landrace,Cudu
PI 222297,33,72,False,,,USA,Landrace,Peruvian Red
PI 222300,37,63,False,,,USA,Landrace,Rosebud Blue
PI 222307,15,15,False,,Bulk of mixed colored flints.,USA,Breeding material,North Dakota Mixed Flint Bulk 3
PI 222310,42,45,False,,,USA,Landrace,Cattle Corn
PI 222311,17,19,False,,,USA,Landrace,Dawes #2
PI 222312,42,45,False,,,USA,Breeding material,Nebraska Early Composite
PI 222313,32,35,False,,,USA,Breeding material,Nebraska Mid-season Composite
PI 222314,41,44,False,,,USA,Landrace,Reid Yellow Dent (Barber Strain)
PI 222315,22,23,False,,,USA,Landrace,Hays Golden
PI 222316,22,23,False,,,USA,Landrace,Krug Yellow Dent (Shroup strain)
PI 222317,21,21,False,,,USA,Landrace,Reid Yellow Dent (Nubold Strain)
PI 222318,23,24,False,,,USA,Landrace,Golden Republic
PI 222319,38,40,False,,,USA,Landrace,Red Meadowbrook Reid
PI 222468,42,45,False,,,USA,Landrace,Nothstine
PI 222469,17,17,False,,,USA,Landrace,Golden Glow (Smithers Strain)
PI 222470,21,22,False,,,USA,Landrace,Pickett (Dickerson Strain)
PI 222471,37,40,False,,Field of corn of Duncan and Golden Glow.,USA,Landrace,MAC
PI 222472,20,20,False,,,USA,Landrace,Duncan
PI 222473,35,38,False,,,USA,Landrace,Pickett (Thurman Strain)
PI 222474,16,16,False,,Duncan,USA,Landrace,Polar Dent
PI 222475,43,70,False,,,USA,Landrace,Yonderian
PI 222476,40,45,False,,,USA,Landrace,Bussey
PI 222477,41,44,False,,,USA,Landrace,Ranger
PI 222479,18,18,False,,,USA,Landrace,Pratt
PI 222480,43,47,False,,,USA,Landrace,Folks White Cap
PI 222481,19,20,False,,,USA,Landrace,Pride of the North
PI 222483,18,18,False,,,USA,Landrace,Pickett (Diedrich Strain)
PI 222484,20,20,False,,Open-pollinated variety from Illinois.,USA,Landrace,Ferden Yellow Dent
PI 222485,42,69,False,,,USA,Landrace,Early Golden Glow
PI 222486,41,44,False,,,USA,Landrace,Late Golden Glow
PI 222487,21,21,False,,,USA,Landrace,Bethkey
PI 222488,18,18,False,,,USA,Landrace,Schmiege
PI 222489,20,20,False,,,USA,Landrace,Huron
PI 222490,19,19,False,,,USA,Landrace,Smut Nose
PI 222491,21,21,False,,,USA,Landrace,Improved Red Cob Fodder Corn
PI 222492,17,17,False,,,USA,Landrace,White Cap Yellow Dent
PI 222493,21,22,False,,,USA,Landrace,Golden Glow
PI 222494,38,41,False,,,USA,Landrace,Pickett
PI 222495,38,65,False,,,USA,Landrace,Golden Glow
PI 222496,19,19,False,,,USA,Landrace,Unnamed Variety
PI 222497,17,17,False,,,USA,Landrace,Unnamed Variety
PI 222498,39,42,False,,,USA,Landrace,Unnamed Variety
PI 222609,59,64,False,,,USA,Landrace,Original Midland #1
PI 222610,17,17,False,,A composite of 12 midseason yellow varieties mostly of Reid Yellow Dent type.,USA,Breeding material,Kansas Reid Type Composite #3
PI 222611,17,17,False,,A composite of 12 early white varieties mostly from northwest Kansas.,USA,Breeding material,Kansas Early White Composite #2
PI 222612,16,16,False,,A composite of 9 late white varieties.,USA,Breeding material,Kansas Late White Composite #6
PI 222613,21,22,False,,,USA,Landrace,Reid Yellow Dent
PI 222614,19,19,False,,Midland (Oscar Rhoades version) and introduced germplasm.,USA,Landrace,Midland
PI 222615,22,23,False,,,USA,Landrace,Midland
PI 222616,40,43,False,,,USA,Landrace,Zahnley Yellow Dent
PI 222617,31,33,False,,,USA,Landrace,Richards White
PI 222618,37,63,False,,,USA,Landrace,Hays Golden
PI 222619,23,24,False,,,USA,Landrace,Freed White
PI 222620,17,18,False,,,USA,Landrace,Cassel White
PI 222621,17,17,False,,,USA,Landrace,Golden Republic
PI 222622,19,19,False,,,USA,Landrace,Mortgage Lifter Yellow
PI 222623,21,21,False,,,USA,Landrace,Montgomery County White
PI 222624,18,18,False,,,USA,Landrace,Montgomery County Blue and White
PI 222625,27,42,False,,,USA,Landrace,Woodson County Yellow
PI 222626,18,18,False,,,USA,Landrace,Crawford County White
PI 222627,41,44,False,,,USA,Landrace,St. Charles White
PI 222628,28,30,False,,,USA,Landrace,Brown County Yellow
PI 222629,22,23,False,,,USA,Landrace,Challender Blue and White
PI 222630,22,23,False,,,USA,Landrace,Bill Day Yellow
PI 222631,20,20,False,,,USA,Landrace,Labette County Yellow
PI 222632,19,20,False,,,USA,Landrace,Labette County Yellow
PI 222633,17,17,False,,,USA,Landrace,Labette County Yellow
PI 222634,17,18,False,,,USA,Landrace,Shawnee White (Muskrush)
PI 222635,17,19,False,,,USA,Landrace,Bowmans Cole Creek
PI 222636,32,48,False,,,USA,Landrace,Allen County Yellow
PI 222637,22,23,False,,Selected from Boone Co. White.,USA,Landrace,Crawford County Chief
PI 222638,18,18,False,,,USA,Landrace,Neosho County White
PI 222639,19,19,False,,,USA,Landrace,Pride of Saline
PI 222640,29,44,False,,,USA,Landrace,Butler County White
PI 222641,41,44,False,,,USA,Landrace,Butler County Yellow
PI 222642,40,43,False,,,USA,Landrace,Kansas Sunflower
PI 222643,19,19,False,,St. Charles White.,USA,Landrace,Commercial White
PI 222645,28,30,False,,"A composite of 9 late yellow varieties, several of Midland type.",USA,Breeding material,Kansas Late Yellow Composite #4
PI 222646,17,18,False,,"A composite of 9 varieties, mostly of white grain but some blue aleurone, hardy and high yielding.",USA,Breeding material,Kansas Blue and White Composite #5
PI 222647,30,48,False,,,USA,Landrace,South American Popcorn
PI 222648,39,90,False,,,USA,Landrace,Supergold Popcorn
PI 222649,27,31,False,,,USA,Landrace,Improved South American Popcorn
PI 223549,26,26,False,,,AFG,Cultivated material,Jawari
PI 223550,25,25,False,,,AFG,Cultivated material,Jawari
PI 223829,28,28,False,,,AFG,Cultivated material,JOWERI
PI 223830,28,28,False,,,AFG,Cultivated material,JOWERI
PI 223831,28,28,False,,,AFG,Cultivated material,JOWERI
PI 224083,19,19,False,,,USA,Landrace,Porritt
PI 224945,27,28,False,,,USA,Landrace,Reid Yellow Dent
PI 226581,26,27,False,,,ETH,Cultivated material,No. 393
PI 226582,26,26,False,,,ETH,Cultivated material,No. 394
PI 226685,40,53,False,,,GTM,Cultivated material,Tiquioate Golden Yellow
PI 227398,40,74,False,,,IRN,Cultivated material,ZORAT
PI 227679,25,25,False,,,IRN,Cultivated material,DURAT
PI 227937,29,29,False,,,ESP,Cultivated material,LANZAROTE
PI 227938,27,27,False,,,ESP,Cultivated material,SUR DE GRAN CANARIA
PI 228164,25,25,False,,,108,Cultivated material,No. 5064
PI 228165,28,28,False,,,RUS,Cultivated material,Mestnaya Risovaya Belaya
PI 228166,25,25,False,,,108,Cultivated material,No. 1628
PI 228167,26,26,False,,,108,Cultivated material,No. 1630
PI 228168,28,28,False,,,108,Cultivated material,No. 4905
PI 228169,24,24,False,,,108,Cultivated material,No. 5010
PI 228170,24,24,False,,,108,Cultivated material,No. 7792
PI 228171,26,26,False,,,108,Cultivated material,No. 8084
PI 228172,24,24,False,,,108,Cultivated material,No. 8921
PI 228173,23,24,False,,,108,Cultivated material,No. 10747
PI 228174,24,24,False,,,108,Cultivated material,No. 11221
PI 228175,26,26,False,,,108,Cultivated material,No. 11305
PI 228176,23,23,False,,,108,Cultivated material,No. 11327
PI 228177,24,24,False,,,108,Cultivated material,No. 7803
PI 228178,26,26,False,,,108,Cultivated material,No. 8083
PI 228179,26,26,False,,,108,Cultivated material,No. 9100
PI 228180,24,24,False,,,108,Cultivated material,No. 10712
PI 228181,28,28,False,,,108,Cultivated material,No. 10749
PI 228183,41,51,False,,,108,Cultivated material,Early Pearl
PI 229797,25,25,False,,,IRN,Cultivated material,Col. No. 15406
PI 230320,29,30,False,,,USA,Landrace,Bloody Butcher
PI 230321,42,53,False,,,USA,Landrace,Unnamed Variety
PI 231227,22,22,False,,,CAN,Landrace,Dwarf Gaspe
PI 231228,22,22,False,,,CAN,Landrace,Dwarf Gaspe
PI 231298,41,51,False,,,USA,Landrace,Howling Mob
PI 231299,44,55,False,,,USA,Landrace,Oregon Evergreen
PI 231744,24,24,False,,,TUR,Cultivated material,SEPARATION FROM 179127
PI 231747,26,26,False,,,USA,Breeding material,SEPARATION FROM 185444
PI 232666,20,20,False,,,USA,Breeding material,Logan County Composite
PI 232667,21,21,False,,,USA,Breeding material,Keith County Composite
PI 232960,25,25,False,,,HUN,Cultivated material,ARANYOZON
PI 232961,25,25,False,,,HUN,Cultivated material,BADENI
PI 232962,25,25,False,,,HUN,Cultivated material,FERTODI B. KORAI SARGA LOFOGU
PI 232963,41,51,False,,,HUN,Cultivated material,IREGSZEMCSEI 12 HETES
PI 232964,26,26,False,,,HUN,Cultivated material,KORAI F. SARGA LOFOGU
PI 232965,42,52,False,,,HUN,Cultivated material,M. SILO
PI 232966,26,26,False,,,HUN,Cultivated material,MARTONVASARI 1 HYBRID
PI 232967,42,52,False,,,HUN,Cultivated material,MARTONVASARI 2 HYBRID
PI 232968,27,27,False,,,HUN,Cultivated material,MARTONVASARI 5 HYBRID
PI 232969,25,25,False,,,HUN,Cultivated material,MEZOHEGYESI F. LOFOGU
PI 232970,41,51,False,,,HUN,Cultivated material,MINDSZENTPUSZTAI FEHER
PI 232971,25,25,False,,,HUN,Cultivated material,MINDSZENTPUSZTAI SARGA
PI 232972,27,27,False,,,HUN,Cultivated material,0-1 FAJTAHIBRID
PI 232973,41,51,False,,,HUN,Cultivated material,0-3 FAJTAHIBRID
PI 232974,42,52,False,,,HUN,Cultivated material,0-4 FAJTAHIBRID
PI 232975,26,26,False,,,HUN,Cultivated material,SZEGEDI SARGA LOFOGU
PI 233000,32,36,False,,,USA,Landrace,Gatepost
PI 233001,43,46,False,,,USA,Landrace,White Dent
PI 233002,42,45,False,,,USA,Landrace,Krug
PI 233003,21,21,False,,,USA,Landrace,100-Day
PI 233004,40,43,False,,,USA,Landrace,Midland Showears
PI 233005,39,42,False,,,USA,Landrace,Indian Corn Bulk
PI 233006,32,34,False,,,USA,Landrace,Krug Yellow Dent
PI 233007,34,37,False,,,USA,Landrace,Calico Corn
PI 233008,18,18,False,,,USA,Landrace,Duplicate of PI 221866
PI 233009,18,18,False,,,USA,Landrace,Reids
PI 233010,42,45,False,,,USA,Landrace,Yellow Dent
PI 233012,18,18,False,,,USA,Landrace,White Dent
PI 233013,19,19,False,,,USA,Landrace,Ziler
PI 233312,29,33,False,Maize.Group.Ames.Panel.2010,Selection from P-39.,USA,Breeding material,42
PI 233313,28,29,False,Maize.Group.Ames.Panel.2010,Selection from Golden Sunshine.,USA,Breeding material,176
PI 233314,37,45,False,Maize.Group.Ames.Panel.2010,Selection from Golden Market.,USA,Breeding material,226
PI 233315,27,33,False,Maize.Group.Ames.Panel.2010,Selection from Golden Cross Bantam.,USA,Breeding material,277
PI 233316,28,30,False,Maize.Group.Ames.Panel.2010,Selection from Borden's Wonder Bantam.,USA,Breeding material,469
PI 233317,27,28,False,Maize.Group.Ames.Panel.2010,Selection from Bloomcross P39.,USA,Breeding material,592
PI 233318,28,29,False,Maize.Group.Ames.Panel.2010,Selection from an experimental hybrid 7983.,USA,Breeding material,789
PI 233319,36,45,False,Maize.Group.Ames.Panel.2010,Selection from Burbank Bantam.,USA,Breeding material,829
PI 233320,31,34,False,Maize.Group.Ames.Panel.2010,"Selection from P-39. (P39 (81M) according to J. T. Gerdes et. al., Compilation of North American Maize Breeding Germplasm).",USA,Breeding material,883
PI 233321,42,54,False,Maize.Group.Ames.Panel.2010,"Selection from C-78A. (C-98A-284-1-2 according to J. T. Gerdes et. al., Compilation of North American Maize Breeding Germplasm)",USA,Breeding material,908
PI 233322,26,27,False,Maize.Group.Ames.Panel.2010,"Selection from P-39.  (P39-10-1-1-1-1-1 according to J. T. Gerdes et. al., Compilation of North American Maize Breeding Germplasm)",USA,Breeding material,909
PI 233323,28,30,False,Maize.Group.Ames.Panel.2010,Selection from USDA 1313.,USA,Breeding material,884
PI 233330,18,18,False,,,ZAF,Landrace,Blythe Early
PI 233331,41,45,False,,,ZAF,Landrace,Early Pearl
PI 233333,39,42,False,,,ZAF,Landrace,Jackson White Dent
PI 233335,30,32,False,,,ZAF,Landrace,SAHARA
PI 233336,17,17,False,,,ZAF,Landrace,White Boesman
PI 233337,19,19,False,,,ZAF,Landrace,Woodgate
PI 234767,65,73,False,,,ESP,Cultivated material,ENANO
PI 235282,25,25,False,,,BOL,Cultivated material,Bayito
PI 236995,25,25,False,,,UKR,Landrace,Nebraska A
PI 236997,26,28,False,Maize.Group.Ames.Panel.2010,,UKR,Breeding material,Inbred 6-907
PI 236998,24,24,False,,,UKR,Landrace,Nebraska D
PI 236999,21,21,False,,,USA,Landrace,110-Day Yellow
PI 237000,21,22,False,,,USA,Landrace,Midland
PI 237001,44,47,False,,,USA,Landrace,Cassell
PI 239032,30,30,False,,,TUR,Cultivated material,
PI 239099,27,27,False,,,SRB,Cultivated material,BELJIKI ZLATNI ZUBAN
PI 239100,26,27,False,,,SRB,Cultivated material,BOSANAC LIJENAC
PI 239101,28,28,False,,,SRB,Cultivated material,BOSANAC ZUTAO
PI 239102,27,27,False,,,SRB,Cultivated material,BRZAK OSJEK
PI 239103,26,26,False,,,SRB,Cultivated material,DOLENSKA HITRICA
PI 239104,27,27,False,,,SRB,Cultivated material,KRIZEVACKI OSMAK
PI 239105,27,27,False,,,SRB,Cultivated material,LADJEVAC
PI 239106,26,26,False,,,SRB,Cultivated material,MAKSIKIRSKI ZLATNI ZUBA
PI 239107,25,25,False,,,SRB,Cultivated material,MILICEVICEV
PI 239108,28,28,False,,,SRB,Cultivated material,NOVOSADSKI BELI ZUBAN
PI 239109,27,27,False,,,SRB,Cultivated material,OSMAK OROGATICA
PI 239110,25,25,False,,,SRB,Cultivated material,RUMENA BOHI NJKA
PI 239111,26,26,False,,,SRB,Cultivated material,RUMSKI ZIAYNI UBAN
PI 239112,27,28,False,,,SRB,Cultivated material,SIROKOZRNI OSMAK-ISTRA
PI 239113,26,27,False,,,SRB,Cultivated material,STAKLASTI SIROKOZRNI OSMAK
PI 239114,42,52,False,,,SRB,Cultivated material,STAKLENAC ZUTI
PI 239115,28,28,False,,,SRB,Cultivated material,VISEREDNI TIMOCKI BELI
PI 239116,26,26,False,,,SRB,Cultivated material,VISEREDNI TIMOCKI ZUTI
PI 239117,25,25,False,,,SRB,Cultivated material,VUKOVARSKI ZUBAN
PI 239570,27,27,False,,,TUR,Cultivated material,(SAMSUN)
PI 239571,26,26,False,,,TUR,Cultivated material,(SAMSUN)
PI 239572,27,27,False,,,TUR,Cultivated material,(SAMSUN)
PI 239573,27,27,False,,,TUR,Cultivated material,(SAMSUN)
PI 240318,59,61,False,,,BOL,Landrace,No. 1
PI 240319,33,35,False,,,BOL,Landrace,No. 2
PI 240320,32,35,False,,,BOL,Landrace,No. 3
PI 240321,33,35,False,,,BOL,Landrace,No. 4
PI 240326,33,36,False,,,BOL,Landrace,No. 9
PI 240327,32,33,False,,,BOL,Landrace,No 10
PI 240328,30,33,False,,,BOL,Landrace,No. 11
PI 240330,36,39,False,,,BOL,Landrace,No. 13
PI 244067,28,28,False,,,YEM,Cultivated material,No. 21
PI 244068,28,28,False,,,YEM,Cultivated material,No. 22
PI 245131,29,31,False,,,USA,Landrace,Rhode Island Flint
PI 245132,26,26,False,,,RUS,Cultivated material,Motto
PI 245133,27,28,False,,,RUS,Cultivated material,Mestnaya (Local)
PI 245134,27,27,False,,,RUS,Cultivated material,Mestnaya (Local)
PI 245135,26,26,False,,,RUS,Cultivated material,Burley County
PI 245136,27,27,False,,,RUS,Cultivated material,Pervenets
PI 245137,26,26,False,,,RUS,Cultivated material,Mestnaya Bezenchukskaya
PI 245138,25,25,False,,,RUS,Cultivated material,Beloyaroe Psheno (White millet)
PI 247070,27,27,False,,,ESP,Cultivated material,HEMBRILLE DE ARAGON
PI 247071,29,29,False,,,ESP,Cultivated material,ROJO VINOSO
PI 247750,27,27,False,,,COD,Cultivated material,No. 21156
PI 250239,27,27,False,,,PAK,Cultivated material,No. K489
PI 250418,27,38,False,,,PAK,Cultivated material,No. K491
PI 250798,25,25,False,,,AFG,Cultivated material,Col. No. K724
PI 250799,40,50,False,,,AFG,Cultivated material,Col. No. K725
PI 250800,25,25,False,,,AFG,Cultivated material,Col. No. K777
PI 250907,24,24,False,,,IRN,Cultivated material,ZORAT
PI 251009,24,24,False,,,164,Cultivated material,Col. No. 17239
PI 251645,40,50,False,,,SRB,Cultivated material,VUKOVAR DENT
PI 251646,28,28,False,,,SRB,Cultivated material,
PI 251647,25,25,False,,,SRB,Cultivated material,BANKUTY BAJAHA
PI 251648,40,50,False,,,SRB,Cultivated material,BELJE GOLDEN DENT
PI 251649,22,22,False,,,SRB,Cultivated material,K.S.R.Z.
PI 251650,40,50,False,,,SRB,Cultivated material,SHID DENT
PI 251651,26,26,False,,,SRB,Cultivated material,WHITE OR SAVINJA
PI 251652,25,25,False,,,SRB,Cultivated material,NOVI SAD WHITE DENT
PI 251653,22,22,False,,,SRB,Cultivated material,MAXIMIR EARLY
PI 251654,25,26,False,,,SRB,Cultivated material,ZAJECAR OR TIMOK HARD YELLOW
PI 251655,22,22,False,,,SRB,Cultivated material,ISTRA
PI 251656,25,25,False,,,SRB,Cultivated material,KRIZEVCI CROATCORN
PI 251657,26,26,False,,,SRB,Cultivated material,MILICEVIC DENT
PI 251881,25,25,False,,,108,Cultivated material,MILOVAKAYA 25
PI 251883,27,27,False,,,108,Cultivated material,CHAKINSKAYA ZHEMCHUZHIN
PI 251884,31,50,False,,,108,Cultivated material,BELOYHARVE PSHENO
PI 251885,25,25,False,,,108,Cultivated material,KHARKOVSKAYA WHITE DENT
PI 251886,28,28,False,,,108,Cultivated material,PUNDURIS
PI 251887,35,55,False,,,108,Cultivated material,SIBIRIACHKA
PI 251888,27,28,False,,,108,Cultivated material,VORONEZH 76
PI 251889,26,26,False,,,108,Cultivated material,VORONEZH 80
PI 251890,25,26,False,,,DEU,Cultivated material,GLORIA VANETSKAYA
PI 251891,27,27,False,,,108,Cultivated material,BESSARABKA
PI 251893,41,50,False,,,MDA,Cultivated material,Karpatskaya 239
PI 251894,25,25,False,,,108,Cultivated material,FLINT 98 (MOLDAVIA)
PI 251929,25,25,False,,,DEU,Cultivated material,SCHINDELMEISER
PI 251930,39,48,False,,,DEU,Cultivated material,Mahndorfer
PI 251934,43,53,False,,,UKR,Cultivated material,CHEROVITSKAYA 21
PI 251935,25,25,False,,,POL,Cultivated material,WIELNOPOLAAMA
PI 251936,24,24,False,,,BGR,Cultivated material,Ames 4
PI 251937,25,25,False,,,BGR,Cultivated material,K13048 (BULGARIA)
PI 251938,25,25,False,,,BGR,Cultivated material,K13072 (BULGARIA)
PI 251939,28,28,False,,,BGR,Cultivated material,OSMAK K13103 (BULGARIA)
PI 251940,25,25,False,,,BGR,Cultivated material,K13086 (BULGARIA)
PI 251941,25,25,False,,,BGR,Cultivated material,CHIRPAN 96 K13061(BULG)
PI 251942,25,25,False,,,108,Cultivated material,ROZENBURG K11119
PI 251943,25,25,False,,,108,Cultivated material,DNEPROPRITROVSK K7529
PI 252005,24,24,False,,,TUR,Cultivated material,K1888
PI 253811,25,25,False,,,IRQ,Cultivated material,K919
PI 254007,26,26,False,,,SYR,Cultivated material,K1134
PI 254008,28,30,False,,,SYR,Cultivated material,K1135
PI 254009,26,26,False,,,SYR,Cultivated material,K1136
PI 254010,28,28,False,,,AFG,Cultivated material,JOWAR K1707
PI 254851,25,25,False,,,AUT,Cultivated material,BURGENLANDISHER SILO
PI 254852,40,50,False,,,AUT,Cultivated material,GELBER BURGENLANDER
PI 254853,41,51,False,,,AUT,Cultivated material,GELBER SILOZAHN: LOOSDORF-RANNINGER
PI 254854,40,50,False,,,AUT,Cultivated material,GELBER SILOZAHN: MONCHHO
PI 254855,24,24,False,,,AUT,Cultivated material,KEMATENER
PI 254856,41,52,False,,,AUT,Cultivated material,Maiskonig
PI 254857,41,52,False,,,AUT,Cultivated material,WEISSER MARCHFELDER
PI 254858,41,51,False,,,AUT,Cultivated material,WEISSER MONCHHOFER: PEDUANER
PI 255974,28,28,False,,,USA,Landrace,Extra Early Russian Flint
PI 255975,43,80,False,,,USA,Landrace,West Brookfield White Stweet
PI 255976,45,58,False,,,USA,Landrace,Golden Bantam
PI 255977,42,55,False,,,USA,Landrace,Golden Bantam
PI 255978,44,55,False,,,USA,Landrace,Rhode Island White Cap Flint
PI 255979,35,43,False,,,USA,Landrace,Parker Flint
PI 255980,26,26,False,,,USA,Landrace,G 7401
PI 255984,27,28,False,,,USA,Landrace,Knowlton
PI 255985,24,24,False,,,USA,Landrace,G 7406
PI 255986,26,27,False,,,USA,Landrace,Hubbard Flint
PI 257508,38,45,False,Maize.Group.Ames.Panel.2010,Etiole de Normandie.,FRA,Breeding material,F10
PI 257509,26,26,False,Maize.Group.Ames.Panel.2010,Bresse.,FRA,Breeding material,F22
PI 257510,26,27,False,,Tarbes.,FRA,Breeding material,F47
PI 257511,36,43,False,Maize.Group.Ames.Panel.2010,Blanc de Chalosse X American hybrid.,FRA,Breeding material,F49
PI 257512,35,42,False,Maize.Group.Ames.Panel.2010,Grand Roux Basque.,FRA,Breeding material,F52
PI 257514,36,46,False,Maize.Group.Ames.Panel.2010,Netherlands.,FRA,Breeding material,FV181
PI 257516,28,31,False,Maize.Group.Ames.Panel.2010,Grand Roux Basque.,FRA,Breeding material,F39
PI 257605,39,48,False,,,ETH,Cultivated material,GAMBELA 1
PI 257606,37,46,False,,,ETH,Cultivated material,GAMBELA 2
PI 257607,26,26,False,,,ETH,Cultivated material,GAMBELA 3
PI 257608,26,26,False,,,ETH,Cultivated material,GAMBELA 4
PI 257609,38,58,False,,,ETH,Cultivated material,GAMBELA 5
PI 257610,26,27,False,,,ETH,Cultivated material,GAMBELA 6
PI 257611,27,27,False,,,ETH,Cultivated material,GAMBELA 7
PI 257612,29,29,False,,,ETH,Cultivated material,GAMBELA 8
PI 257613,27,27,False,,,ETH,Cultivated material,GAMBELA 9
PI 257615,27,27,False,,,ETH,Cultivated material,GAMBELA 11
PI 257616,38,64,False,,,ETH,Cultivated material,GAMBELA 12
PI 257617,29,29,False,,,ETH,Cultivated material,GAMBELA 13
PI 257618,26,27,False,,,ETH,Cultivated material,GAMBELA 14
PI 257619,25,25,False,,,ETH,Cultivated material,GAMBELA 15
PI 257620,28,28,False,,,ETH,Cultivated material,GAMBELA 16
PI 257621,29,29,False,,,ETH,Cultivated material,GAMBELA 17
PI 257622,24,24,False,,,ETH,Cultivated material,GAMBELA 18
PI 257623,25,25,False,,,ETH,Cultivated material,GAMBELA 19
PI 257624,27,28,False,,,ETH,Cultivated material,GAMBELA 20
PI 257625,36,56,False,,,ETH,Cultivated material,GAMBELA 21
PI 257626,25,25,False,,,ETH,Cultivated material,GAMBELA 22
PI 257627,25,25,False,,,ETH,Cultivated material,GAMBELA 23
PI 257628,26,26,False,,,ETH,Cultivated material,GAMBELA 24
PI 257629,25,25,False,,,ETH,Cultivated material,GAMBELA 25
PI 257630,25,25,False,,,ETH,Cultivated material,GAMBELA 26
PI 257631,37,46,False,,,ETH,Cultivated material,GAMBELA 27
PI 257632,36,42,False,,,ETH,Cultivated material,GAMBELA 28
PI 257633,26,26,False,,,ETH,Cultivated material,GAMBELA 29
PI 257634,33,38,False,,,ETH,Cultivated material,GAMBELA 30
PI 257635,37,45,False,,,ETH,Cultivated material,GAMBELA 31
PI 257636,25,25,False,,,ETH,Cultivated material,GAMBELA 32
PI 257637,37,62,False,,,ETH,Cultivated material,GAMBELA 33
PI 257638,35,41,False,,,ETH,Cultivated material,GAMBELA 34
PI 257639,38,45,False,,,ETH,Cultivated material,GAMBELA 35
PI 260381,15,15,False,,,COL,Breeding material,Cariaco
PI 260614,36,89,False,,,KEN,Cultivated material,KITALE II
PI 261265,20,22,False,,,PER,Cultivated material,Blanco de Urubamba
PI 262472,25,25,False,,,BLR,Cultivated material,VIR 11076
PI 262473,24,24,False,,,RUS,Cultivated material,VIR 11139
PI 262474,23,23,False,,,RUS,Cultivated material,VIR 11145
PI 262475,26,26,False,,,RUS,Cultivated material,VIR 11147
PI 262476,26,26,False,,,RUS,Cultivated material,VIR 11148
PI 262477,42,52,False,,,AZE,Cultivated material,VIR 11361
PI 262478,39,49,False,,,UKR,Cultivated material,VIR 11392
PI 262479,26,26,False,,,UZB,Cultivated material,VIR 11468
PI 262480,43,53,False,,,UZB,Cultivated material,VIR 11469
PI 262481,26,26,False,,,UZB,Cultivated material,VIR 11477
PI 262482,26,26,False,,,RUS,Cultivated material,VIR 11522
PI 262483,42,52,False,,,KAZ,Cultivated material,VIR 11857
PI 262484,24,24,False,,,GEO,Cultivated material,VIR 11953
PI 262485,41,51,False,,,UKR,Cultivated material,VIR 11976
PI 262486,25,25,False,,,UKR,Cultivated material,VIR 11979
PI 262487,26,26,False,,,108,Cultivated material,VIR 11980
PI 262488,29,29,False,,,108,Cultivated material,VIR 11984
PI 262489,28,28,False,,,RUS,Cultivated material,VIR 11993
PI 262490,28,28,False,,,UKR,Cultivated material,VIR 12013
PI 262491,25,25,False,,,UKR,Cultivated material,VIR 12032
PI 262492,25,25,False,,,RUS,Cultivated material,VIR 12036
PI 262493,27,27,False,,,UKR,Cultivated material,VIR 12038
PI 262494,26,26,False,,,AZE,Cultivated material,VIR 12253
PI 262495,23,23,False,,,GEO,Cultivated material,VIR 12268
PI 262496,41,51,False,,,GEO,Cultivated material,VIR 12269
PI 262497,25,25,False,,,GEO,Cultivated material,VIR 12271
PI 262498,25,25,False,,,TJK,Cultivated material,VIR 12277
PI 262499,26,26,False,,,RUS,Cultivated material,VIR 12312
PI 262500,26,26,False,,,MDA,Cultivated material,VIR 12325
PI 262501,25,25,False,,,108,Cultivated material,VIR 12332
PI 262587,25,25,False,,,108,Cultivated material,Hybrid VIR-156 F
PI 262588,23,23,False,,,108,Cultivated material,ODESSKAYA 10
PI 263904,26,26,False,,,MEX,Cultivated material,NABOGAME (CHIHUAHUA)
PI 266967,24,24,False,,,UKR,Cultivated material,K-12000
PI 266968,28,29,False,,,108,Cultivated material,LINE 133A NORTH CAUCASU
PI 266969,26,26,False,,,108,Cultivated material,LINE 157 NORTH CAUCASUS
PI 266970,27,27,False,,,108,Cultivated material,LINE 158 NORTH CAUCASUS
PI 267156,29,29,False,,,108,Cultivated material,ALASHSKAYA ZHOLTAYA
PI 267157,29,29,False,,,108,Cultivated material,CINGUANTINA
PI 267158,24,24,False,,,108,Cultivated material,Dakota White
PI 267159,27,27,False,,,108,Cultivated material,DROZENENSKAYA
PI 267160,21,21,False,,,108,Cultivated material,FUBOWIDNAYA 3135
PI 267161,40,73,False,,,USA,Landrace,GEHU
PI 267162,24,24,False,,,108,Cultivated material,GORETZ CAUCASUS
PI 267164,42,52,False,Maize.Group.Ames.Panel.2010,,108,Breeding material,CR 2 INBRED
PI 267166,27,29,False,Maize.Group.Ames.Panel.2010,,108,Breeding material,2 KM 368 INBRED
PI 267167,33,40,False,Maize.Group.Ames.Panel.2010,,108,Breeding material,T8144 INBRED
PI 267168,35,43,False,Maize.Group.Ames.Panel.2010,,108,Breeding material,T8146 INBRED
PI 267169,25,27,False,Maize.Group.Ames.Panel.2010,,108,Breeding material,T8302 INBRED
PI 267170,25,27,False,Maize.Group.Ames.Panel.2010,,108,Breeding material,T8354 INBRED
PI 267171,26,28,False,Maize.Group.Ames.Panel.2010,,108,Breeding material,T8445 INBRED
PI 267172,40,49,False,Maize.Group.Ames.Panel.Post.2010,,108,Breeding material,T8614 INBRED
PI 267173,23,23,False,,,108,Cultivated material,T8827 INBRED
PI 267174,23,23,False,,,108,Cultivated material,KARTULI-KRUGI
PI 267175,24,24,False,,,108,Cultivated material,KNESKH 9896
PI 267176,25,25,False,,,108,Cultivated material,LIMING KRUGLIK
PI 267177,24,24,False,,,108,Cultivated material,LIMING KUBANSKI
PI 267178,24,24,False,,,USA,Landrace,MEXICAN TYPE FROM CALIF
PI 267179,24,24,False,,,USA,Landrace,Minnesota 13
PI 267180,36,41,False,,,USA,Landrace,Minnesota 23
PI 267181,26,26,False,,,USA,Landrace,Northwestern
PI 267183,25,25,False,,,108,Cultivated material,OSSETINSKAYA CELAYA FUBOWIDNAYA
PI 267184,24,25,False,,,108,Cultivated material,PIONEER DORSKI
PI 267185,25,25,False,,,USA,Landrace,QUEBEC 28
PI 267186,25,25,False,,,108,Cultivated material,STERLING
PI 267187,26,26,False,,,108,Cultivated material,ZAKARPATSKAYA
PI 267203,24,24,False,,,GEO,Cultivated material,ABHAZKAYA ZHOLTAYA
PI 267204,39,49,False,,,GEO,Cultivated material,ADZHAMETSKAYA BELAYA
PI 267205,25,25,False,,,ROU,Cultivated material,BANATEAN
PI 267206,27,28,False,,,BGR,Cultivated material,CHIRPAN 90
PI 267207,24,24,False,,,ROU,Cultivated material,CINCANTIN
PI 267208,24,24,False,,,POL,Cultivated material,CZECHNICKA
PI 267209,24,24,False,,,108,Cultivated material,GORETS RANNITY
PI 267210,28,28,False,,,ROU,Cultivated material,ICAR 54
PI 267211,40,50,False,,,ROU,Cultivated material,LAPUSNEAC
PI 267212,25,25,False,,,MDA,Cultivated material,Ames 15
PI 267213,23,23,False,,,BGR,Cultivated material,MESTNAYA
PI 267214,39,49,False,,,ALB,Cultivated material,MESTNAYA ZHOLTAYA DALINNAYA
PI 267215,23,24,False,,,BGR,Cultivated material,MESTNAYA ZHOLTAYA ULUCHENNAYA
PI 267216,24,24,False,,,POL,Cultivated material,OKSONSKA
PI 267217,25,25,False,,,108,Cultivated material,PIONER GORSKIY
PI 267218,24,24,False,,,ROU,Cultivated material,PORTOCALIN
PI 267219,28,28,False,,,ROU,Cultivated material,ROMNESE-STUDINA
PI 267220,23,23,False,,,ROU,Cultivated material,SCORUMNIC
PI 267221,24,24,False,,,ALB,Cultivated material,SLYANIC
PI 267222,23,23,False,,,ALB,Cultivated material,SULYEVA BELAYA
PI 267223,23,23,False,,,ROU,Cultivated material,Ames 29
PI 267224,26,26,False,,,BGR,Cultivated material,Ames 38
PI 267225,26,26,False,,,108,Cultivated material,(NORTHERN CAUCASUS)
PI 267226,23,23,False,,,BGR,Cultivated material,MESTNAYA
PI 268323,28,28,False,,,IRN,Cultivated material,Col. No. 1
PI 268481,25,25,False,,,AFG,Cultivated material,JAM-OR
PI 269413,23,23,False,,,AFG,Cultivated material,JAWARI
PI 269741,40,57,False,,,USA,Landrace,Quitmans White Dent
PI 269742,20,21,False,,,USA,Landrace,Rustlers White Dent
PI 269743,42,73,False,,,USA,Landrace,Shoepeg
PI 269744,17,18,False,,,USA,Landrace,Perkins Yellow Dent
PI 269745,18,19,False,,,USA,Landrace,Knapp White
PI 269746,16,16,False,,,USA,Landrace,Commercial White
PI 269747,17,17,False,,,USA,Landrace,90-Day White
PI 269748,20,21,False,,,USA,Landrace,Ozark White
PI 269752,17,18,False,,,USA,Landrace,Big St. Charles White
PI 269757,22,23,False,,Bulk of Tom Thumb varieties.,USA,Breeding material,North Dakota Tom Thumb Bulk 9
PI 269758,19,20,False,,Bulk of Jap Hulless varieties.,USA,Breeding material,North Dakota Jap Hulless Bulk 10
PI 270070,24,24,False,,,PAK,Cultivated material,No. 415
PI 270071,40,50,False,,,PAK,Cultivated material,No. 444
PI 270072,24,24,False,,,PAK,Cultivated material,No. 499
PI 270073,24,24,False,,,PAK,Cultivated material,Jo
PI 270074,40,50,False,,,PAK,Cultivated material,Kashmioian Jowar
PI 270075,39,49,False,,,PAK,Cultivated material,Spit-ami
PI 270076,23,23,False,,,PAK,Cultivated material,Jowar
PI 270077,24,24,False,,,PAK,Cultivated material,Jowar
PI 270078,25,25,False,,,PAK,Cultivated material,No. 563
PI 270080,42,53,False,,,PAK,Cultivated material,No. 595
PI 270081,24,24,False,,,PAK,Cultivated material,No. 596
PI 270082,23,23,False,,,PAK,Cultivated material,No. 606
PI 270083,40,49,False,,,PAK,Cultivated material,No. 607
PI 270084,40,50,False,,,PAK,Cultivated material,SEMI-POD
PI 270085,25,25,False,,,PAK,Cultivated material,No. 671
PI 270086,24,24,False,,,PAK,Cultivated material,No. 680
PI 270087,24,24,False,,,PAK,Cultivated material,No. 686
PI 270088,24,24,False,,,PAK,Cultivated material,Sher-Jila
PI 270089,25,25,False,,,PAK,Cultivated material,No. 767
PI 270090,40,50,False,,,PAK,Cultivated material,No. 844
PI 270091,40,49,False,,,PAK,Cultivated material,No. 863
PI 270092,22,22,False,,,PAK,Cultivated material,No. 873
PI 270093,26,26,False,,,PAK,Cultivated material,No. 904
PI 270095,40,50,False,,,PAK,Cultivated material,No. 917
PI 270096,26,26,False,,,PAK,Cultivated material,No. 923
PI 270097,28,28,False,,,PAK,Cultivated material,No. 933
PI 270098,26,26,False,,,PAK,Cultivated material,No. 937
PI 270099,39,49,False,,,PAK,Cultivated material,No. 969
PI 270100,41,51,False,,,PAK,Cultivated material,No. 1004
PI 270101,24,24,False,,,PAK,Cultivated material,No. 1005
PI 270102,25,26,False,,,PAK,Cultivated material,No. 1021
PI 270288,24,24,False,,,RUS,Cultivated material,(DAGESTAN)
PI 270289,26,26,False,,,AZE,Cultivated material,(AZERBIJAN)
PI 270290,28,28,False,,,AZE,Cultivated material,(AZERBIJAN)
PI 270291,27,27,False,,,MDA,Cultivated material,FLINT 234
PI 270292,24,25,False,,,BGR,Cultivated material,CHIRPAN 87
PI 270293,28,28,False,,,MDA,Cultivated material,BESSARABKA
PI 270294,23,23,False,,,RUS,Cultivated material,GORKY AT LENIN
PI 270295,26,27,False,,,RUS,Cultivated material,PERVENETS
PI 270296,33,34,False,,,TUR,Cultivated material,SEPARATION FROM 182325
PI 271265,24,24,False,,,IND,Cultivated material,1751
PI 271637,24,24,False,,,IND,Cultivated material,1064A
PI 273474,39,43,False,,Tom and Jerry.,USA,Landrace,McCormick White
PI 274008,26,27,False,,,ETH,Cultivated material,1846
PI 274009,25,26,False,,,ETH,Cultivated material,1892
PI 274010,25,25,False,,,ETH,Cultivated material,1894
PI 274011,40,50,False,,,ETH,Cultivated material,1913
PI 274012,26,26,False,,,ETH,Cultivated material,1926
PI 274013,24,24,False,,,ETH,Cultivated material,2000
PI 274014,24,24,False,,,ETH,Cultivated material,2004
PI 274015,26,26,False,,,ETH,Cultivated material,2053
PI 274016,24,24,False,,,ERI,Cultivated material,2105
PI 274017,34,40,False,,,ERI,Cultivated material,2115
PI 275828,40,50,False,,,USA,Landrace,G 8819
PI 275829,37,49,False,,,USA,Landrace,Hapler Ear 2
PI 275830,26,31,False,,,USA,Landrace,Hapler Ear 8
PI 275831,23,25,False,,,USA,Landrace,G 8822
PI 275832,22,22,False,,,USA,Landrace,G 8823
PI 275833,35,46,False,,,USA,Landrace,G 8824
PI 275834,20,20,False,,,USA,Landrace,G 8825
PI 275835,61,73,False,,,USA,Landrace,Penna Leaming
PI 275836,33,45,False,,,USA,Landrace,G 8827
PI 275837,24,25,False,,,USA,Landrace,G 8828
PI 275838,21,23,False,,,USA,Landrace,G 8829
PI 275839,27,32,False,,,USA,Landrace,G 8830
PI 275840,33,44,False,,,USA,Landrace,G 8831
PI 275841,41,52,False,,,USA,Landrace,G 8832
PI 275842,22,22,False,,,USA,Landrace,G 8833
PI 275843,35,46,False,,,USA,Landrace,G 8834
PI 275844,22,23,False,,,USA,Landrace,G 8835
PI 276376,26,26,False,,P.P.P. X (K6L.2 X Mex 155),ZAF,Cultivated material,
PI 277158,20,20,False,,,MEX,Cultivated material,Papaloapan
PI 278708,43,47,False,,,USA,Landrace,Blue Clarage
PI 278709,42,45,False,,,USA,Landrace,Brauns 90 Day
PI 278710,23,25,False,,,USA,Landrace,Cash
PI 278711,39,42,False,,,USA,Landrace,Cash White
PI 278712,41,44,False,,,USA,Landrace,Cooks Early Yellow Dent
PI 278713,20,21,False,,,USA,Landrace,Eichelburger Clarage
PI 278715,39,66,False,,,USA,Landrace,Kantz Flint
PI 278716,39,42,False,,,USA,Landrace,Late Clarage
PI 278717,19,20,False,,,USA,Landrace,Leaming
PI 278718,16,16,False,,,USA,Landrace,Medina Pride
PI 278719,40,43,False,,,USA,Landrace,Reids Yellow Dent
PI 278720,18,19,False,,,USA,Landrace,Woodburn
PI 278721,17,17,False,,,USA,Landrace,Wooster Clarage
PI 278722,21,22,False,,,USA,Landrace,Alph
PI 278723,21,22,False,,,USA,Landrace,Iowa Ideal
PI 278724,21,22,False,,,USA,Landrace,Johnson County White
PI 278725,17,17,False,,,USA,Landrace,Pattersons Small Cob
PI 278726,36,39,False,,,USA,Landrace,Smiley Silage
PI 279014,28,30,False,,,ESP,,
PI 279015,42,78,False,,,ESP,Landrace,Daxa de la Bella
PI 279016,28,28,False,,,ESP,,
PI 279017,37,44,False,,,ESP,,
PI 279018,26,26,False,,,ESP,,
PI 279019,25,25,False,,,ESP,,
PI 279020,26,28,False,,,ESP,,
PI 279021,27,27,False,,,ESP,,
PI 279022,39,57,False,,,ESP,Landrace,Enano
PI 279023,25,26,False,,,ESP,Landrace,Rastrojero
PI 279024,24,24,False,,,ESP,Landrace,No. 124
PI 279025,25,26,False,,,ESP,Landrace,Rubio
PI 279026,26,27,False,,,ESP,Landrace,Naranja
PI 279027,26,26,False,,,ESP,,
PI 279028,28,28,False,,,ESP,,
PI 279029,23,23,False,,,ESP,,
PI 279030,27,27,False,,,ESP,,
PI 279031,25,25,False,,,ESP,,
PI 279032,27,27,False,,,ESP,,
PI 279033,27,27,False,,,ESP,,
PI 279034,27,27,False,,,ESP,Landrace,Millo de Regadio
PI 279037,26,26,False,,,ESP,Landrace,Pejo de Cuna
PI 279038,41,50,False,,,ESP,,
PI 280061,41,44,False,,,USA,Landrace,Lancaster Surecrop
PI 280692,24,24,False,,,MEX,Cultivated material,Cacahuacintle
PI 280850,37,40,False,,"A composite of selections of up to 30 open-pollinated, widespread, but unrecorded, midwestern varieties of 20 years ago from Illinois, Michigan, Minnesota, South Dakota, and Wisconsin.",USA,Breeding material,Wisconsin Late Composite
PI 280851,37,40,False,,"A composite of selections of up to 30 open-pollinated, widespread, but unrecorded, midwestern varieties of 20 years ago from Illinois, Michigan, Minnesota, South Dakota, and Wisconsin.",USA,Breeding material,Wisconsin Mid-Season Composite
PI 280852,20,21,False,,,USA,Landrace,Golden Glow
PI 280853,20,21,False,,,USA,Landrace,Silver King
PI 284939,16,42,False,,,BFA,Cultivated material,Farako-Ba No. 56 AB
PI 284941,16,16,False,,,BFA,Cultivated material,Farako-Ba No. 146 AB
PI 284944,15,15,False,,,BFA,Cultivated material,Farako-Ba No. 245 AB
PI 286382,24,24,False,,,USA,Landrace,White Pod Corn Selection
PI 286383,41,53,False,,,USA,Landrace,Pony Express Museum Red Pod Corn
PI 286440,26,26,False,,,NPL,Cultivated material,
PI 289765,18,18,False,,,VEN,Cultivated material,VENE 1
PI 289766,25,25,False,,,108,Cultivated material,KUBANSKAYA KONSERVNAYA 148
PI 289767,22,22,False,,,108,Cultivated material,BELAYA POZDNAYA
PI 289768,22,23,False,,,108,Cultivated material,ZARYA 123
PI 289769,22,22,False,,,108,Cultivated material,ZOLOTAYA 299/2
PI 289770,23,23,False,,,108,Cultivated material,NAGRADA
PI 289771,23,23,False,,,108,Cultivated material,YANTARNAYA 122
PI 289772,22,22,False,,,108,Cultivated material,YUBILEINYI 427
PI 289773,24,24,False,,,108,Cultivated material,OSNOVA 209
PI 289774,26,26,False,,,108,Cultivated material,SMENA 144-2
PI 289775,26,26,False,,,108,Cultivated material,VARIETY 310
PI 291018,25,27,False,,,PER,Cultivated material,MAIZ BLANCO
PI 291386,25,25,False,,,CHN,Cultivated material,No. 184
PI 291387,25,25,False,,,CHN,Cultivated material,No. 185
PI 291388,21,21,False,,,CHN,Cultivated material,No. 186
PI 291389,25,25,False,,,CHN,Cultivated material,No. 187
PI 291390,37,47,False,,,CHN,Cultivated material,No. 188
PI 291391,40,49,False,,,CHN,Cultivated material,Bantam Sweet Corn
PI 296723,28,54,False,,,CAN,Landrace,Altagold
PI 298527,25,25,False,,"BRAZIL 1346, BRAZIL 1352 , BRAZIL 1364 (PI 483687), BRAZIL 1389 (PI 483698), BRAZIL 1403 (PI 483705), BRAZIL 1433, BRAZIL 1439 (PI 483718), BRAZIL 1445 (PI 483719), BRAZIL 1483 (PI 511523), BRAZIL 1492 (PI 483739), BRAZIL 1493, BRAZIL 1495, BRAZIL 1499, BRAZIL 1517 (PI 483751), BRAZIL 1719 (PI 484230)",BRA,Breeding material,Brazil Rio Grande do Sul Group 9
PI 303848,25,25,False,,,CHL,Cultivated material,PG No. 3
PI 303849,25,25,False,,,CHL,Cultivated material,PG NO.9
PI 303850,31,33,False,,,CHL,Cultivated material,PG NO.10
PI 303851,27,28,False,,,CHL,Cultivated material,PG NO.11
PI 303852,41,51,False,,,CHL,Cultivated material,PG NO.12
PI 303853,32,38,False,,,BGR,Cultivated material,LEKCHAVSKAYA (BULGARIA)
PI 303854,24,24,False,,,108,Cultivated material,CHERNOVITSKY DENT 3135
PI 303855,24,24,False,,,108,Cultivated material,CHENOVITSKAYA 21
PI 303856,23,23,False,,,108,Cultivated material,CHESKY KONSKY ZUB(CZE.)
PI 303857,22,22,False,,,108,Cultivated material,FROM BULGARIA
PI 303858,24,24,False,,,108,Cultivated material,Karkorskaya (UKRAINE)
PI 303859,31,37,False,,,108,Cultivated material,LEKCHEVSKAYA (BULGARIA)
PI 303860,37,46,False,,,108,Cultivated material,PCZEBENDOWSKA  (POLAND)
PI 303861,21,21,False,,,108,Cultivated material,"MAXIMIRSKY KONS.ZUB,BUL"
PI 303862,22,22,False,,,108,Cultivated material,PCZEBENDOWSKA BU.(POL.)
PI 303863,39,49,False,,,108,Cultivated material,COLD RESISTANCE
PI 303864,37,46,False,,,108,Cultivated material,GRUSHENKO
PI 303865,26,26,False,,,JPN,Cultivated material,Angel of Midnight
PI 303866,24,24,False,,,JPN,Cultivated material,"KLEIN K.OR.,MAIS""MOTTO"""
PI 303867,38,48,False,,,JPN,Cultivated material,PARR KIRCHNER MAIS
PI 303868,23,23,False,,,JPN,Cultivated material,PANTZ FELDER SAAI MAIS
PI 303869,38,47,False,,,JPN,Cultivated material,MEINERSER FRUHMAIS
PI 303870,37,47,False,,,JPN,Cultivated material,MECKLINBURGEL KORNER
PI 303871,23,23,False,,,JPN,Cultivated material,SAPPORO 8-ROW
PI 303872,23,23,False,,,JPN,Cultivated material,SA KA SHITA
PI 303873,37,47,False,,,JPN,Cultivated material,KI WA SE
PI 303874,24,24,False,,,JPN,Cultivated material,I RA RE KO
PI 303875,22,22,False,,,JPN,Cultivated material,IWA NAI ZAI RAI-A
PI 303876,25,25,False,,,JPN,Cultivated material,Yates County Flint
PI 303877,27,27,False,,,JPN,Cultivated material,SOUTH AMERICAN CORN
PI 303878,25,25,False,,,JPN,Cultivated material,SHIRO SAKI GAKE
PI 303879,24,24,False,,,JPN,Cultivated material,WHITE 8-ROW
PI 303880,25,25,False,,,JPN,Cultivated material,White Corn
PI 303881,22,22,False,,,JPN,Cultivated material,Black Corn
PI 303882,31,37,False,,,JPN,Cultivated material,Longfellow
PI 303883,37,46,False,,,JPN,Cultivated material,ONOA
PI 303884,23,23,False,,,JPN,Cultivated material,MASUKE ZAI RAI
PI 303885,23,23,False,,,JPN,Cultivated material,SHU TSU SAN-A
PI 303886,23,23,False,,,JPN,Cultivated material,CHOSEN ZAI RAI
PI 303887,24,24,False,,,JPN,Cultivated material,CHO HA KU ZAI RAI
PI 303888,24,24,False,,,JPN,Cultivated material,HU TA HI SHI EARLY
PI 303889,25,25,False,,,JPN,Cultivated material,O SHOKU RIMIN
PI 303890,26,26,False,,,JPN,Cultivated material,DAI KIN CHO
PI 303891,25,25,False,,,JPN,Cultivated material,KAHO MAI
PI 303892,25,25,False,,,JPN,Cultivated material,CHAMUSU ZAI RAI-A
PI 303893,25,25,False,,,JPN,Cultivated material,KOHO MAI
PI 303894,26,26,False,,,JPN,Cultivated material,O YA BYO ZAI RAI-A
PI 303895,27,27,False,,,JPN,Cultivated material,O YA BYO ZAI RAI-B
PI 303896,24,24,False,,,JPN,Cultivated material,BENGE NTCHONSKAYA
PI 303897,25,25,False,,,JPN,Cultivated material,YASAKU CORN
PI 303898,24,24,False,,,JPN,Cultivated material,MO KU SHU
PI 303899,27,27,False,,,JPN,Cultivated material,ALMENIA SAN
PI 303900,25,25,False,,,JPN,Cultivated material,QUEBEC
PI 303901,41,52,False,,,JPN,Cultivated material,GRANOTUR CO MARANO
PI 303902,41,51,False,,,JPN,Cultivated material,MAIS PETA
PI 303903,28,28,False,,,JPN,Cultivated material,MO KYO ZAI RAI-A
PI 303904,25,25,False,,,JPN,Cultivated material,SAN KO SHO ZAE RAI #110
PI 303905,36,46,False,,,JPN,Cultivated material,DAI HO KO
PI 303906,24,25,False,,,JPN,Cultivated material,Camptens Early
PI 303907,25,25,False,,,JPN,Cultivated material,MAN SHU ZAI RAI NO.1
PI 303908,26,26,False,,,JPN,Cultivated material,SHO HO KO
PI 303909,28,28,False,,,JPN,Cultivated material,DAI HO KO
PI 303910,26,27,False,,,JPN,Cultivated material,KO SHU
PI 303911,26,26,False,,,JPN,Cultivated material,Wills Gehu Yellow Flint
PI 303912,27,27,False,,,JPN,Cultivated material,TURKISTAN WHITE FLINT
PI 303913,25,25,False,,,JPN,Cultivated material,NEPARU NO.70
PI 303915,27,27,False,,,JPN,Cultivated material,NEPARU NO.92
PI 303916,23,23,False,,,JPN,Cultivated material,"W.GRAUSICHER,KORNER MAI"
PI 303917,27,28,False,,,JPN,Cultivated material,CHIEMGAUER ZUCHT MAIS
PI 303918,25,25,False,,,JPN,Cultivated material,DOMENTS KOA
PI 303919,27,27,False,,,JPN,Cultivated material,YO SHU NO.1
PI 303920,24,24,False,,,108,Cultivated material,GRUSHEVSKAYA(DNEPROPE.)
PI 303921,25,25,False,,,108,Cultivated material,MINUSINKA  (SIBERIA)
PI 303922,30,32,False,,,USA,Landrace,Hastings Yellow Prolific (GA)
PI 303923,38,44,False,,,USA,Landrace,Hastings White Prolific (GA)
PI 303925,25,27,False,Maize.Group.Ames.Panel.2010,,ESP,Breeding material,NO. 1004 INBRED
PI 303926,29,30,False,Maize.Group.Ames.Panel.2010,,ESP,Breeding material,NO. 1019 INBRED
PI 303927,43,54,False,Maize.Group.Ames.Panel.2010,,ESP,Breeding material,NO. 1026 INBRED
PI 303928,25,28,False,Maize.Group.Ames.Panel.2010,,ESP,Breeding material,NO. 1032 INBRED
PI 303929,26,29,False,Maize.Group.Ames.Panel.2010,,ESP,Breeding material,NO. 1037 INBRED
PI 303930,30,32,False,Maize.Group.Ames.Panel.2010,,ESP,Breeding material,NO. 1049 INBRED
PI 303931,42,53,False,Maize.Group.Ames.Panel.2010,,ESP,Breeding material,NO. 1051 INBRED
PI 303932,29,30,False,Maize.Group.Ames.Panel.2010,,ESP,Breeding material,NO. 1068 INBRED
PI 303933,25,27,False,Maize.Group.Ames.Panel.2010,,ESP,Breeding material,NO. 1070 INBRED
PI 303934,27,27,False,,,ESP,Breeding material,NO. 1131 INBRED
PI 303935,41,52,False,Maize.Group.Ames.Panel.2010,,ESP,Breeding material,NO. 1163 INBRED
PI 303936,43,68,False,Maize.Group.Ames.Panel.2010,,ESP,Breeding material,NO. 1174 INBRED
PI 303937,24,24,False,Maize.Group.Ames.Panel.2010,,ESP,Breeding material,NO. 1175 INBRED
PI 303938,29,30,False,Maize.Group.Ames.Panel.2010,,ESP,Breeding material,NO. 1185 INBRED
PI 303939,25,27,False,Maize.Group.Ames.Panel.2010,,ESP,Breeding material,NO. 1197 INBRED
PI 303940,30,31,False,Maize.Group.Ames.Panel.2010,,ESP,Breeding material,NO. 1201 INBRED
PI 303941,37,44,False,Maize.Group.Ames.Panel.2010,,ESP,Breeding material,NO. 1266 INBRED
PI 303942,34,42,False,Maize.Group.Ames.Panel.2010,,TWN,Breeding material,TN 54-6
PI 303943,25,28,False,Maize.Group.Ames.Panel.2010,,TWN,Breeding material,TN 53-1-2
PI 303944,28,29,False,Maize.Group.Ames.Panel.2010,,TWN,Breeding material,TN 50-14-1
PI 311229,67,79,False,,,USA,Landrace,Navajo Tribe
PI 311230,44,55,False,,,USA,Landrace,Eureka
PI 311231,30,32,False,,,USA,Landrace,Copper Strawberry
PI 311232,32,35,False,,,USA,Landrace,White Dent
PI 311233,28,29,False,,,USA,Landrace,Yellow Sweepstakes
PI 311234,41,49,False,,,USA,Landrace,Oklahoma Silvermine
PI 311235,49,62,False,,,USA,Landrace,Tennessee Red Cob
PI 311236,32,34,False,,,USA,Landrace,Improved Leaming
PI 311237,49,88,False,,,USA,Landrace,Hickory King
PI 311238,29,30,False,,,USA,Landrace,Douthet's Yellow
PI 311239,28,28,False,,,USA,Landrace,Douthet's White
PI 311240,30,31,False,,,USA,,
PI 311241,32,34,False,,,USA,Landrace,Woods Dixie
PI 311242,31,32,False,,,USA,Landrace,McNeills Little Cob
PI 311243,46,58,False,,,USA,Landrace,Mexican June
PI 311244,32,34,False,,,USA,Landrace,Golden Dent
PI 311245,34,38,False,,,USA,Landrace,Truckers Favorite
PI 311246,30,32,False,,,USA,Landrace,Pamunkey
PI 311247,33,35,False,,,USA,Landrace,GIibbs Special
PI 311248,31,31,False,,,USA,Landrace,Burkes Garden White
PI 311249,44,58,False,,,USA,Landrace,Spanish Pop
PI 311250,32,38,False,,,USA,Landrace,White Rice Pop
PI 311251,48,65,False,,,USA,Landrace,White Hulless Pop
PI 311252,35,37,False,,,USA,Landrace,White Hulless Pop
PI 311253,35,37,False,,,USA,Landrace,White Hulless Pop
PI 311254,49,78,False,,,USA,Landrace,Yellow Pearl Pop
PI 311255,49,80,False,,,USA,Landrace,Yellow Pearl Pop
PI 314844,39,68,False,,,USA,Landrace,Mammoth White Pearl
PI 317326,34,41,False,,,GTM,Cultivated material,DORADO TIQUISATE
PI 317328,27,28,False,,,GTM,Cultivated material,
PI 317329,25,27,False,,,GTM,Cultivated material,
PI 317330,35,42,False,,,GTM,Cultivated material,
PI 317331,24,25,False,,,GTM,Cultivated material,
PI 317673,23,23,False,,,JPN,Cultivated material,MAIS MANO 16
PI 317674,41,51,False,,,USA,Landrace,Ames 728
PI 317675,44,54,False,,,USA,Landrace,Ames 729
PI 317676,44,56,False,,,USA,Landrace,All White Supai Corn
PI 317677,40,51,False,,,USA,Landrace,Ames 731
PI 317678,40,50,False,,,USA,Landrace,Ames 732
PI 317679,43,54,False,,,USA,Landrace,Ames 733
PI 317680,37,43,False,,,USA,Landrace,Black Beauty
PI 317681,41,49,False,,,USA,Landrace,Ames 1056
PI 317682,26,26,False,,,USA,Landrace,Mercer Flint
PI 317683,46,74,False,,,USA,Landrace,Blue Ridge White Cap
PI 317684,44,87,False,,,USA,Landrace,Blue Ridge White Cap
PI 318728,28,31,False,,,BRA,Cultivated material,Doce de Cuba
PI 321038,24,24,False,,,HUN,Breeding material,P4
PI 321108,25,25,False,,,KEN,Cultivated material,No. 4568
PI 321109,25,26,False,,,KEN,Cultivated material,MBEMBE
PI 321110,27,27,False,,,KEN,Cultivated material,No. No. 4589
PI 321111,31,36,False,,,KEN,Cultivated material,MBEMBE
PI 325812,16,16,False,,,KEN,Breeding material,KATUMANI V
PI 325813,16,16,False,,,KEN,Breeding material,KATUMANI VI
PI 325814,16,16,False,,,KEN,Breeding material,ILONGA COMPOSITE A
PI 325815,16,30,False,,,KEN,Breeding material,KITALE COMPOSITE C
PI 325816,16,30,False,,,KEN,Breeding material,KITALE COMPOSITE E
PI 325818,16,30,False,,,KEN,Breeding material,UKIRIGURU COMPOSITE A-66
PI 325819,17,31,False,,,KEN,Breeding material,ZAMBIA COMPOSITE I
PI 326534,19,19,False,,,BWA,Cultivated material,(BOTSWANA)
PI 326535,28,35,False,,,BWA,Cultivated material,(BOTSWANA)
PI 331439,19,19,False,,,ETH,Cultivated material,Bakolo
PI 331440,22,22,False,,,ETH,Cultivated material,Bakolo
PI 331441,29,35,False,,,ETH,Cultivated material,"(TEPI, KAFFA PROVINCE)"
PI 331442,32,37,False,,,ETH,Cultivated material,"(TEPI, KAFFA PROVINCE)"
PI 331443,28,34,False,,,ETH,Cultivated material,(GORI ILLUBABOR PROV.)
PI 331444,37,54,False,,,ETH,Cultivated material,(GHIMEERIA KAFFA PROV.)
PI 331445,20,20,False,,,ETH,Cultivated material,"(GILO RIVER,ILLUBABOR)"
PI 331446,35,44,False,,,ETH,Cultivated material,"(GAMBELA,ILLUBABOR PR.)"
PI 331447,20,21,False,,,ETH,Cultivated material,"(W.ADDIS ABABA,ILLUBA.)"
PI 331448,28,35,False,,,ETH,Cultivated material,"(W.ADDIS ABABA,ILLUBA.)"
PI 331449,33,39,False,,,ETH,Cultivated material,"(S.ADDIS ABABA,ILLUBA.)"
PI 331450,23,23,False,,,ETH,Cultivated material,"(S.ADDIS ABABA,ILLUBA."
PI 331451,37,46,False,,,ETH,Cultivated material,Bokolo
PI 331452,32,38,False,,,ERI,Cultivated material,Bokolo
PI 331453,19,19,False,,,ERI,Cultivated material,Bokolo
PI 331454,23,23,False,,,ERI,Cultivated material,Bokolo
PI 331455,18,18,False,,,ETH,Cultivated material,"(MKT CHUAHE,TIGRE PROV)"
PI 331456,18,18,False,,,ETH,Cultivated material,"(MKT ADDIS ZENNEN,BEG.)"
PI 331457,30,37,False,,,ETH,Cultivated material,"(S.BA AR DAR,BEGEMDER)"
PI 331458,19,19,False,,,ETH,Cultivated material,"(W.SHASHAMANE,SHOA)"
PI 331459,22,22,False,,,ETH,Cultivated material,Sedacha
PI 331707,31,40,False,,,ETH,Cultivated material,"(MKT DEMBIDOLO,WOLLEGA)"
PI 331708,30,50,False,,,ETH,Cultivated material,"(MKT DEMBIDOLO,WOLLEGA)"
PI 331709,32,41,False,,,ETH,Cultivated material,"(MKT DEMBIDOLO,WOLLEGA)"
PI 331710,32,38,False,,,ETH,Cultivated material,"(MKT GAMBELA,ILLUBABOR"
PI 331711,19,19,False,,,ETH,Cultivated material,(MKT GAMBELA ILLUBABOR)
PI 331712,19,19,False,,,ETH,Cultivated material,(MKT GAMBELA ILLUBABOR)
PI 331713,17,17,False,,,ETH,Cultivated material,(MKT GAMBELA ILLUBABOR)
PI 331714,19,19,False,,,ETH,Cultivated material,(MKT GAMBELA ILLUBABOR)
PI 331715,26,32,False,,,ETH,Cultivated material,(MKT GAMBELA ILLUBABOR)
PI 331716,20,20,False,,,ETH,Cultivated material,(MKT GAMBELA ILLUBABOR)
PI 340805,23,23,False,,,ISR,Breeding material,NY 39 (Neveh Yaar)
PI 340806,22,22,False,,,ISR,Breeding material,NY 47 (Neveh Yaar)
PI 340807,23,23,False,,,ISR,Breeding material,NY 85 (Neveh Yaar)
PI 340808,20,20,False,,,ISR,Breeding material,NY 95 (Neveh Yaar)
PI 340809,19,19,False,,,ISR,Breeding material,NY 109 (Neveh Yaar)
PI 340810,20,20,False,,,ISR,Breeding material,NY 111 (Neveh Yaar)
PI 340811,21,21,False,,,ISR,Breeding material,NY 113 (Neveh Yaar)
PI 340812,28,34,False,Maize.Group.Ames.Panel.2010,,ISR,Breeding material,NY 121 (Neveh Yaar)
PI 340813,25,27,False,Maize.Group.Ames.Panel.2010,,ISR,Breeding material,NY 123 (Neveh Yaar)
PI 340814,24,24,False,,,ISR,Breeding material,NY 131 (Neveh Yaar)
PI 340815,35,46,False,Maize.Group.Ames.Panel.Post.2010,,ISR,Breeding material,NY 155 (Neveh Yaar)
PI 340816,19,19,False,,,ISR,Breeding material,NY 439 (Neveh Yaar)
PI 340817,21,23,False,Maize.Group.Ames.Panel.2010,Selection IG 3.  IG 3 is from a local population originally from Germany.,ROU,Breeding material,T5
PI 340818,21,22,False,Maize.Group.Ames.Panel.2010,Selection IG 3.  IG 3 is from a local population originally from Germany.,ROU,Breeding material,T5a
PI 340820,37,48,False,Maize.Group.Ames.Panel.2010,"D-Be 1413; an inbred line from Bernburg, Germany.",ROU,Breeding material,T14F
PI 340825,24,26,False,Maize.Group.Ames.Panel.2010,Selection IG 15 (1-2-1-3).  IG 15 is from Falkoner hybrid from Germany.,ROU,Breeding material,T134a
PI 340826,37,62,False,Maize.Group.Ames.Panel.2010,Selection from a cross [Romanian local population(Portocaliu de Targul Frumos) x Minesota hybrid] (34-0-0-0-1-1),ROU,Breeding material,T140
PI 340831,21,22,False,,,USA,Landrace,Mercer Flint
PI 340832,31,51,False,,,USA,Landrace,PETITE MIC MAC
PI 340835,35,44,False,Maize.Group.Ames.Panel.2010,Possibly a selection from Japanese Hulless crossed to an unnamed variety.,USA,Breeding material,BR-1-1
PI 340837,38,50,False,Maize.Group.Ames.Panel.2010,Selection from Japanese Hulless White crossed to unnamed variety.,USA,Breeding material,R-4524
PI 340838,29,34,False,Maize.Group.Ames.Panel.2010,A selection from a white rice popcorn crossed to unnamed variety.,USA,Breeding material,B-4541
PI 340839,40,59,False,Maize.Group.Ames.Panel.2010,"Selection from an unknown open-pollinated variety obtained from a corn show sponsored by WHO Radio Station in Des Moines, Iowa.",USA,Breeding material,B-WHO-201
PI 340840,35,42,False,,,USA,Landrace,R-Strawberry Open Pollinated
PI 340841,34,43,False,Maize.Group.Ames.Panel.2010,'South American Pop' crossed to an unnamed variety.,USA,Breeding material,B-15 DENT STERILE
PI 340842,40,56,False,Maize.Group.Ames.Panel.2010,'South American Pop' crossed to an unnamed variety.,USA,Breeding material,CA-15-1 DENT STERILE
PI 340843,33,44,False,Maize.Group.Ames.Panel.2010,'South American Pop' crossed to an unnamed variety.,USA,Breeding material,CA-15-2 DENT STERILE
PI 340844,28,33,False,Maize.Group.Ames.Panel.2010,'South American Pop' crossed to an unnamed variety.,USA,Breeding material,R-15 DENT STERILE
PI 340845,37,44,False,Maize.Group.Ames.Panel.2010,'South American Pop' crossed to an unnamed variety.,USA,Breeding material,BR-15 DENT STERILE
PI 340846,34,43,False,Maize.Group.Ames.Panel.2010,'South American Pop' crossed to an unnamed variety.,USA,Breeding material,RB-15 DENT STERILE
PI 340847,42,74,False,Maize.Group.Ames.Panel.2010,'Supergold' crossed to an unnamed variety.,USA,Breeding material,B-16 INBR.FR.SUPERGOLD
PI 340850,37,48,False,Maize.Group.Ames.Panel.2010,'Supergold' crossed to an unnamed variety.,USA,Breeding material,B-17 INBR.FR.SUPERGOLD
PI 340851,37,51,False,Maize.Group.Ames.Panel.2010,'Supergold' crossed to an unnamed variety.,USA,Breeding material,BR-17 INBR.FR.SUPERGOLD
PI 340853,27,32,False,Maize.Group.Ames.Panel.2010,'Supergold' crossed to an unnamed variety.,USA,Breeding material,R-17 INBR.FR.SUPERGOLD
PI 340854,25,31,False,Maize.Group.Ames.Panel.2010,'Supergold' crossed to an unnamed variety.,USA,Breeding material,RB-17 INBR.FR.SUPERGOLD
PI 340856,29,33,False,Maize.Group.Ames.Panel.2010,'Supergold' crossed to an unnamed variety.,USA,Breeding material,R-18 INBR.FR.SUPERGOLD
PI 340857,43,58,False,Maize.Group.Ames.Panel.2010,'Supergold' crossed to an unnamed variety.,USA,Breeding material,B-22 INBR.FR.SUPERGOLD
PI 340858,43,57,False,Maize.Group.Ames.Panel.2010,'Supergold' crossed to an unnamed variety.,USA,Breeding material,BR-22
PI 340859,33,45,False,Maize.Group.Ames.Panel.2010,'Supergold' crossed to an unnamed variety.,USA,Breeding material,R-22 INBR.FR.SUPERGOLD
PI 340861,31,35,False,Maize.Group.Ames.Panel.2010,'Yellow Pearl' crossed to an unnamed variety.,USA,Breeding material,BR-28 INBR.FR.YEL.PEARL
PI 340862,31,33,False,Maize.Group.Ames.Panel.2010,'Yellow Pearl' crossed to an unnamed variety.,USA,Breeding material,R-28
PI 340863,30,35,False,Maize.Group.Ames.Panel.2010,'Yellow Pearl' crossed to an unnamed variety.,USA,Breeding material,R-28-2
PI 340865,37,46,False,Maize.Group.Ames.Panel.2010,'Burbank's Golden Amber' crossed to an unnamed variety.,USA,Breeding material,CA-53 INBR.FR.YELPEARL
PI 340866,40,54,False,Maize.Group.Ames.Panel.2010,'Burbank's Golden Amber' crossed to an unnamed variety.,USA,Breeding material,R-53-1 INBR.FR.YELPEARL
PI 340867,34,42,False,Maize.Group.Ames.Panel.2010,'Burbank's Golden Amber' crossed to an unnamed variety.,USA,Breeding material,R-53-2 INBR.FR.YELPEARL
PI 340868,37,48,False,Maize.Group.Ames.Panel.2010,,USA,Breeding material,RB-53 INBR.FR.YELPEARL
PI 340869,30,36,False,Maize.Group.Ames.Panel.2010,Derived from 'Tom Thumb' type crossed to an unnamed variety.,USA,Breeding material,R-PAH-1 IN.FR.TOM-THUMB
PI 340870,30,33,False,Maize.Group.Ames.Panel.2010,Derived from 'Tom Thumb' type crossed to an unnamed variety.,USA,Breeding material,R-PAH-2
PI 340871,41,61,False,Maize.Group.Ames.Panel.2010,Derived from 'Tom Thumb' type crossed to an unnamed variety.,USA,Breeding material,WH-PAH-2 IN.FR.TOMTHUMB
PI 340872,31,36,False,Maize.Group.Ames.Panel.2010,Derived from 'Tom Thumb' type crossed to an unnamed variety.,USA,Breeding material,R-PAH-1
PI 340873,30,33,False,Maize.Group.Ames.Panel.2010,Derived from 'Tom Thumb' type crossed to an unnamed variety.,USA,Breeding material,R-RAH-2 IN.FR.TOM-THUMB
PI 340874,27,51,False,Maize.Group.Ames.Panel.2010,'Japanese Hulless White',USA,Breeding material,IA DS 38-W
PI 340875,23,41,False,Maize.Group.Ames.Panel.2010,,USA,Breeding material,IA DS 43-W
PI 343055,20,20,False,,,UKR,Cultivated material,HYB.DNEPROVSKII 98(UKR)
PI 343056,35,45,False,,,108,Cultivated material,HYB.VIR 25 TW KRASNODAR
PI 343057,35,46,False,,,UKR,Cultivated material,HYB.BUKOVINSKII 3(UKRA)
PI 343058,20,20,False,,,UKR,Cultivated material,"HYB.DNEPROVSKII 56T,UKR"
PI 343175,31,38,False,,,EGY,Cultivated material,D.C. 17S
PI 343176,20,21,False,,,EGY,Cultivated material,D.C. 186
PI 343177,22,23,False,,,EGY,Cultivated material,Giza Baladi
PI 343178,31,38,False,,,EGY,Cultivated material,Nab El Gamal
PI 343179,20,20,False,,,EGY,Cultivated material,Sabeihi White
PI 343180,20,20,False,,,EGY,Cultivated material,No varietal name (FAO)
PI 343951,23,25,False,,Open pollinated variety Wielkopolanda'.,POL,Breeding material,PLS 14
PI 343953,22,24,False,Maize.Group.Ames.Panel.2010,Developed from the open-pollinated variety Wigor.,POL,Breeding material,PLS 61/10870 subline-1
PI 343954,29,36,False,,,POL,Breeding material,PLS 62/10870 subline-4
PI 344756,22,23,False,,,FRA,Cultivated material,AA POPULATION
PI 344757,21,22,False,,,FRA,Cultivated material,AC POPULATION
PI 345569,35,46,False,,,108,Cultivated material,ZARIA 123
PI 345570,35,46,False,,,108,Cultivated material,KUBANSKAYA KONSERVNAYA
PI 345571,37,47,False,,,108,Cultivated material,TIRASPOLSKAYA SKOROSPE.
PI 345732,36,46,False,,,POL,Cultivated material,SYZLDECKA
PI 346433,29,36,False,,,AIA,Cultivated material,"(Anguilla, West Indies)"
PI 347251,20,20,False,,,ETH,Cultivated material,"FASHA MKT., KONSO"
PI 347252,29,35,False,,,ETH,Cultivated material,"DOKATU MKT., KONSO"
PI 347253,20,20,False,,,ETH,Cultivated material,"DOKATU MKT., SMALL SEED"
PI 347254,21,22,False,,,ETH,Cultivated material,DOSHA
PI 349255,19,19,False,,"Developed from Colombian and Corn Belt germplasm. Source material included Nigeria Western yellow, Nigeria-094, Nigeria Biu Yellow, Kenya Kitale Composite E. Colombia Diacol V 153, CBK (BS7), SK (BS8), and Nigeria Samaru Composite 1.",NGA,Cultivated material,IBADAN A
PI 349256,32,39,False,,,NGA,Cultivated material,Ibadan B
PI 349257,30,36,False,,,NGA,Cultivated material,IBADAN C
PI 355016,17,17,False,,,KEN,Breeding material,EMBU COMPOSITE 1
PI 355017,17,17,False,,,KEN,Breeding material,EMBU COMPOSITE 2
PI 355018,16,16,False,,,TZA,Breeding material,ILONGA COMPOSITE A
PI 355019,16,16,False,,,TZA,Breeding material,ILONGA COMPOSITE B/WHITE
PI 355021,16,16,False,,,KEN,Breeding material,KATUMANI SYNTHETIC 7
PI 355023,17,31,False,,,KEN,Breeding material,KITALE COMPOSITE F
PI 357095,29,38,False,,,ETH,Cultivated material,18
PI 357096,18,18,False,,,ETH,Cultivated material,26
PI 357097,20,21,False,,,ETH,Cultivated material,28
PI 357098,19,19,False,,,ETH,Cultivated material,42
PI 357099,28,37,False,,,ETH,Cultivated material,43
PI 357100,29,35,False,,,ETH,Cultivated material,45
PI 357101,28,33,False,,,ETH,Cultivated material,50
PI 357102,30,52,False,,,ETH,Cultivated material,51
PI 357103,20,20,False,,,ETH,Cultivated material,52
PI 357104,21,21,False,,,ETH,Cultivated material,72
PI 357105,30,39,False,,,ETH,Cultivated material,73
PI 357106,29,35,False,,,ETH,Cultivated material,74
PI 357107,29,38,False,,,ETH,Cultivated material,75
PI 357108,20,21,False,,,ETH,Cultivated material,76
PI 357109,28,42,False,,,ETH,Cultivated material,No. 22753
PI 357110,29,35,False,,,ETH,Cultivated material,No. 22754
PI 357111,21,21,False,,,ETH,Cultivated material,No. 22755
PI 357112,20,20,False,,,ETH,Cultivated material,No. 22756
PI 357113,24,24,False,,,ETH,Cultivated material,No. 22761
PI 357114,29,35,False,,,ETH,Cultivated material,No. 22780
PI 357115,29,35,False,,,ETH,Cultivated material,No. 22815
PI 357116,30,36,False,,,ETH,Cultivated material,No. 22819
PI 357117,30,36,False,,,ETH,Cultivated material,No. 22824
PI 357118,33,39,False,,,ETH,Cultivated material,No. 22855
PI 357119,32,38,False,,,ETH,Cultivated material,No. 22868
PI 357120,30,39,False,,,ETH,Cultivated material,No. 22883
PI 357121,29,36,False,,,ETH,Cultivated material,No. 22884
PI 357122,28,35,False,,,ETH,Cultivated material,No. 22885
PI 357123,23,23,False,,,ETH,Cultivated material,No. 22897
PI 357124,29,35,False,,,ETH,Cultivated material,No. 22898
PI 357125,28,34,False,,,ETH,Cultivated material,No. 22906
PI 357126,29,35,False,,,ETH,Cultivated material,No. 22907
PI 357127,28,48,False,,,ETH,Cultivated material,No. 22908
PI 357128,26,31,False,,,ETH,Cultivated material,No. 22909
PI 357129,29,48,False,,,ETH,Cultivated material,No. 22910
PI 358271,25,27,False,,,164,Cultivated material,DOMASEN
PI 358272,25,27,False,,,164,Cultivated material,MESTNA
PI 358273,21,21,False,,,164,Cultivated material,BELA
PI 358274,23,26,False,,,164,Cultivated material,CRVENA
PI 358275,25,27,False,,,164,Cultivated material,PUKANKA
PI 358276,21,21,False,,,164,Cultivated material,SRPSKA PUKANKA
PI 358277,24,26,False,,,164,Cultivated material,LOKALNA
PI 358278,39,53,False,,,164,Cultivated material,BELA LOKALNA
PI 358279,38,76,False,,,164,Cultivated material,CRVENA LOKALNA
PI 358280,26,28,False,,,164,Cultivated material,BELA PUKANKA
PI 358281,23,25,False,,,164,Cultivated material,CRVENA PUKANKA
PI 358282,39,51,False,,,164,Cultivated material,BELA PUKANKA
PI 358521,25,28,False,Maize.Group.Ames.Panel.2010,,USA,Breeding material,11D-586-68(A)
PI 358524,35,51,False,Maize.Group.Ames.Panel.2010,Selection from Country Gentleman sweetcorn.,USA,Breeding material,18B-5-69
PI 358526,23,25,False,Maize.Group.Ames.Panel.2010,Selection from yellow sweet type X Fe.,USA,Breeding material,197A-381-68(A)
PI 358527,34,42,False,Maize.Group.Ames.Panel.2010,Selection from 101T X 11e.,USA,Breeding material,304A-408-68(B)
PI 358528,34,41,False,Maize.Group.Ames.Panel.2010,Selection from CC5 X Evergreen sweetcorn.,USA,Breeding material,442A-431-68(D)
PI 358529,25,29,False,Maize.Group.Ames.Panel.2010,Selection from Cogent X Long Island Bantam,USA,Breeding material,451B-4-68(B)
PI 358530,31,40,False,Maize.Group.Ames.Panel.2010,Selection from H63 X Yellow Sweet,USA,Breeding material,465A-421-68(B)
PI 358531,25,28,False,Maize.Group.Ames.Panel.2010,Selection from Cogent X 304a.,USA,Breeding material,675A-415-68(B)
PI 358533,26,28,False,Maize.Group.Ames.Panel.2010,Selection from  line 14 X 'Yellow',USA,Breeding material,T36(101T)-394-68(B)
PI 358534,22,25,False,Maize.Group.Ames.Panel.2010,Selection from the multi-eared line 101T.,USA,Breeding material,T20-2-68(B)
PI 358535,22,25,False,Maize.Group.Ames.Panel.2010,Selection from the multi-eared line 101T.,USA,Breeding material,T21-396-68(B)
PI 358536,31,40,False,Maize.Group.Ames.Panel.2010,Selection from the multi-eared line 101T.,USA,Breeding material,T24-395-68(B)
PI 358537,24,26,False,Maize.Group.Ames.Panel.2010,Selection from the multi-eared line 101T.,USA,Breeding material,T32-397-68(B)
PI 358538,38,50,False,Maize.Group.Ames.Panel.2010,Selection from the multi-eared line 101T.,USA,Breeding material,T33-399-68(B)
PI 358539,38,50,False,Maize.Group.Ames.Panel.2010,Selection from the multi-eared line 101T.,USA,Breeding material,T35-388-68(A)
PI 358542,37,47,False,,,ESP,Cultivated material,B 1418
PI 358543,22,22,False,,,ESP,Cultivated material,B 1419
PI 358544,37,47,False,,SPAIN 'PERLA X ROSERO',ESP,Cultivated material,B 1420
PI 358545,38,48,False,,,ESP,Cultivated material,B 1421
PI 358546,25,25,False,,,ESP,Cultivated material,B 1422
PI 358547,37,47,False,,,ESP,Cultivated material,B 1423
PI 358548,21,21,False,,,ESP,Cultivated material,B 1424
PI 358549,24,24,False,,,ESP,Cultivated material,B 1425
PI 358550,22,22,False,,,ESP,Cultivated material,B 1427
PI 358551,23,23,False,,,ESP,Cultivated material,B 1428
PI 358552,24,24,False,,,ESP,Cultivated material,B 1429
PI 358553,22,22,False,,,ESP,Cultivated material,B 1430
PI 358554,23,23,False,,,ESP,Cultivated material,B 1431
PI 358555,23,23,False,,,ESP,Cultivated material,B 1432
PI 358556,37,47,False,,,ESP,Cultivated material,B 1433
PI 358557,24,24,False,,,ROU,Cultivated material,B 1434
PI 358558,21,21,False,,RUMAN CINCANTIN X HINGA,ROU,Cultivated material,B 1435
PI 358559,22,22,False,,,ROU,Cultivated material,B 1436
PI 358560,22,22,False,,,ROU,Cultivated material,B 1437
PI 358561,34,44,False,,,ROU,Cultivated material,B 1438
PI 358562,22,22,False,,RUMAN MOLDOVENESC X DEN,ROU,Cultivated material,B 1439
PI 358563,22,22,False,,,ROU,Cultivated material,B 1440
PI 358564,22,22,False,,,ROU,Cultivated material,B 1441
PI 358565,21,21,False,,,ROU,Cultivated material,B 1442
PI 358566,37,46,False,,RUMAN ARDELENESC X MOLD,ROU,Cultivated material,B 1443
PI 358567,31,37,False,,,ROU,Cultivated material,B 1444
PI 358568,29,35,False,,,ROU,Cultivated material,B 1445
PI 358569,20,21,False,,,ROU,Cultivated material,B 1446
PI 358570,34,44,False,,,ROU,Cultivated material,B 1447
PI 358571,21,21,False,,RUMAN ROMANESC X DENTA,ROU,Cultivated material,B 1448
PI 358572,20,20,False,,,ROU,Cultivated material,B 1449
PI 358573,34,44,False,,,ROU,Cultivated material,B 1450
PI 358574,21,22,False,,,ROU,Cultivated material,B 1451
PI 358575,34,44,False,,RUMAN DINTE DE CAL X RO,ROU,Cultivated material,B 1452
PI 358576,36,46,False,,,ROU,Cultivated material,B 1453
PI 358577,21,21,False,,,ROU,Cultivated material,B 1454
PI 358578,20,20,False,,,ROU,Cultivated material,B 1455
PI 358579,22,22,False,,,ROU,Cultivated material,B 1456
PI 358580,29,35,False,,,ROU,Cultivated material,B 1457
PI 358581,37,47,False,,,ROU,Cultivated material,B 1458
PI 358582,32,43,False,,,POL,Cultivated material,POLAN 'SYZLDECKA
PI 358583,36,47,False,,,POL,Cultivated material,POLAN URNISINKO
PI 358584,24,24,False,,,CAN,Landrace,CANA  FORT KENT
PI 358585,30,36,False,,,CAN,Landrace,Morden
PI 358586,26,28,False,,,USA,Landrace,Big Grain Yellow
PI 360877,46,50,False,,,USA,Landrace,H Maydis Resistant
PI 363067,28,31,False,,"Mix of 'Neil's Paymaster', 'St. Charles White', 'Tennessee Red Cob', and some 'Mexican June'.",USA,Landrace,"(Walcott, Arkansas)"
PI 368828,26,28,False,,,MKD,Cultivated material,PUKANKI BELI  1237
PI 368829,33,68,False,,,MKD,Cultivated material,PUKANKI ZOLTI 1288
PI 368830,26,28,False,,,MKD,Cultivated material,PUKANKI ZOLTI 1294
PI 368831,39,52,False,,,MKD,Cultivated material,PUKANKA       1296
PI 368832,33,43,False,,,MKD,Cultivated material,PUKANKA ZOLTA 1299
PI 368833,25,27,False,,,MKD,Cultivated material,PUKANKA       1326
PI 368834,39,52,False,,,MKD,Cultivated material,PUKANKA       1377
PI 368835,26,28,False,,,MKD,Cultivated material,PUKANKA       1381
PI 368836,39,52,False,,,MKD,Cultivated material,PUKANKA       1400
PI 368837,25,27,False,,,MKD,Cultivated material,PUKANKA       1455
PI 368838,24,26,False,,,MKD,Cultivated material,PUKANKA I     1468
PI 368839,24,26,False,,,MKD,Cultivated material,PUKANKA II    1477
PI 368840,25,27,False,,,MKD,Cultivated material,PUKANKA       1513
PI 368841,25,27,False,,,MKD,Cultivated material,PUKANKA       1584
PI 368842,24,26,False,,,MKD,Cultivated material,PUKANKA       1614
PI 368843,26,28,False,,,MKD,Cultivated material,BOCKALKA      1634
PI 368844,22,23,False,,,MKD,Cultivated material,PUKANKA       1662
PI 368845,20,20,False,,,MKD,Cultivated material,PUKANKA       1679
PI 369342,20,25,False,,,BEN,Cultivated material,SCAR III
PI 369361,19,20,False,,,USA,Landrace,ZAPALOTE GRANDE
PI 369362,37,50,False,,,JPN,Landrace,KIWASE
PI 370603,26,28,False,,,164,Cultivated material,PUKANKA       1895
PI 370604,26,28,False,,,164,Cultivated material,DUNJSKA       1897
PI 370605,21,21,False,,,164,Cultivated material,PUKANKA       1933
PI 370606,22,22,False,,,164,Cultivated material,LOKALNA       1942
PI 370607,34,44,False,,,164,Cultivated material,DOMASNA       1993
PI 370608,21,21,False,,,164,Cultivated material,PUKANKA       2008
PI 370609,26,28,False,,,164,Cultivated material,LOKALNA       2059
PI 370610,24,26,False,,,164,Cultivated material,PUKANKA       2064
PI 370611,34,46,False,,,164,Cultivated material,TETOVSKA      2104
PI 372154,20,20,False,,,108,Cultivated material,GERVENETS   K 5424
PI 372155,21,21,False,,,108,Cultivated material,K 5663
PI 372156,33,44,False,,,108,Cultivated material,K 5665
PI 372157,20,20,False,,,108,Cultivated material,K 8732
PI 372158,21,21,False,,,DEU,Cultivated material,BROUNES    K 11080
PI 372159,21,21,False,,,DEU,Cultivated material,BRAUNER SCHINDELMEISER
PI 372160,21,22,False,,,UKR,Cultivated material,LINE T22     K 11124
PI 372161,22,22,False,,,108,Cultivated material,ODESSKAJA 10 K 12000
PI 372162,21,21,False,,,UKR,Cultivated material,BUKOVINSKIJ  K 12281
PI 372163,17,17,False,,,108,Cultivated material,VORONESKAJA 80 K 12315
PI 372164,21,21,False,,,108,Cultivated material,MOSKOVSKAJA 3  K 12337
PI 372165,21,21,False,,,UKR,Cultivated material,BUKOVINSKIJ 2  K 12472
PI 372166,21,21,False,,,UKR,Breeding material,HIBRID DNEPROVSKIJ
PI 372167,21,21,False,,,108,Breeding material,HIBRID DNEPROVSKIJ
PI 372168,20,20,False,,,BGR,Cultivated material,K 14758
PI 372169,21,21,False,,,BGR,Cultivated material,K 14777
PI 372170,19,19,False,,,108,Cultivated material,LINE QU4       K 15342
PI 372171,18,18,False,,,108,Cultivated material,LINE QU112     K 15349
PI 377746,29,34,False,,,THA,Cultivated material,Baby Sugar Sweet
PI 377747,27,33,False,,,THA,Cultivated material,"(Bangkok, Thailand)"
PI 384062,25,25,False,,,MEX,Wild material,B-K 4
PI 384063,25,25,False,,,MEX,Wild material,B-K 7
PI 384065,25,25,False,,,MEX,Wild material,Wilkes 2
PI 384066,25,25,False,,,MEX,Wild material,Wilkes 3
PI 384071,25,25,False,,,MEX,Wild material,Wilkes 10
PI 390552,43,56,False,,,ECU,Cultivated material,W-C 990
PI 390833,17,17,False,,,PER,Landrace,Maize morado
PI 390836,15,15,False,,,PER,Cultivated material,Cancha
PI 390837,29,40,False,,,PER,Cultivated material,W-C 1183
PI 390840,18,18,False,,,PER,Cultivated material,Chunco
PI 390842,31,32,False,,,PER,Cultivated material,Pardo
PI 391412,20,20,False,,,PHL,Cultivated material,Aroman White Flint
PI 391413,20,20,False,,,PHL,Cultivated material,MINIMIES WHITE FLINT
PI 391414,22,24,False,Maize.Group.Ames.Panel.2010,,PHL,Breeding material,PH 9
PI 391416,28,35,False,Maize.Group.Ames.Panel.2010,,PHL,Breeding material,PH 17
PI 391660,21,23,False,Maize.Group.Ames.Panel.2010,,CHN,Breeding material,CHI-41
PI 391663,22,25,False,Maize.Group.Ames.Panel.2010,,CHN,Breeding material,T IEH 84
PI 391664,18,18,False,,,CHN,Breeding material,T IEH 133
PI 391667,27,46,False,Maize.Group.Ames.Panel.2010,,CHN,Breeding material,CHI-503
PI 391669,18,18,False,Maize.Group.Ames.Panel.2010,,CHN,Breeding material,FENG 1B
PI 391670,22,24,False,Maize.Group.Ames.Panel.2010,,CHN,Breeding material,NIU 11
PI 391676,21,22,False,Maize.Group.Ames.Panel.2010,,CHN,Breeding material,TUO 229
PI 391677,34,45,False,Maize.Group.Ames.Panel.Post.2010,,CHN,Breeding material,TZU-CHIAO-HSI-WU 102
PI 391679,35,47,False,Maize.Group.Ames.Panel.2010,,CHN,Breeding material,TZU-CHIAO-HSI-WU 302
PI 393701,21,21,False,,,MKD,Cultivated material,VIII/1
PI 393702,21,21,False,,,MKD,Cultivated material,VIII/2
PI 393703,21,21,False,,,MKD,Cultivated material,VIII/3
PI 393704,21,21,False,,,MKD,Cultivated material,VIII/4
PI 393705,34,45,False,,,MKD,Cultivated material,VIII/5
PI 393706,19,19,False,,,MKD,Cultivated material,VIII/6
PI 393707,20,20,False,,,MKD,Cultivated material,VIII/7
PI 393708,21,21,False,,,MKD,Cultivated material,VIII/8
PI 393709,20,20,False,,,MKD,Cultivated material,VIII/9
PI 393710,34,45,False,,,MKD,Cultivated material,VIII/10
PI 393711,22,22,False,,,MKD,Cultivated material,VIII/11
PI 393712,21,21,False,,,MKD,Cultivated material,VIII/12
PI 393713,36,47,False,,,MKD,Cultivated material,VIII/13
PI 393714,22,22,False,,,MKD,Cultivated material,VIII/14
PI 393715,34,46,False,,,MKD,Cultivated material,VIII/15
PI 393716,21,21,False,,,MKD,Cultivated material,VIII/16
PI 393717,34,46,False,,,MKD,Cultivated material,VIII/17
PI 393718,22,22,False,,,MKD,Cultivated material,VIII/18
PI 393719,22,22,False,,,MKD,Cultivated material,VIII/19
PI 393720,22,22,False,,,MKD,Cultivated material,VIII/20
PI 393721,22,22,False,,,MKD,Cultivated material,VIII/21
PI 393722,22,22,False,,,MKD,Cultivated material,VIII/22
PI 393723,22,22,False,,,MKD,Cultivated material,VIII/23
PI 393724,22,23,False,,,MKD,Cultivated material,VIII/24
PI 393725,21,21,False,,,MKD,Cultivated material,VIII/25
PI 393726,34,46,False,,,MKD,Cultivated material,VIII/26
PI 393727,29,35,False,,,MKD,Cultivated material,VIII/27
PI 393728,21,21,False,,,MKD,Cultivated material,VIII/28
PI 393729,22,22,False,,,MKD,Cultivated material,VIII/29
PI 393730,21,21,False,,,MKD,Cultivated material,VIII/30
PI 393731,21,21,False,,,MKD,Cultivated material,VIII/31
PI 393732,22,22,False,,,MKD,Cultivated material,VIII/32
PI 393733,22,22,False,,,MKD,Cultivated material,VIII/33
PI 393734,22,23,False,,,MKD,Cultivated material,VIII/34
PI 393735,22,22,False,,,MKD,Cultivated material,VIII/35
PI 393736,29,35,False,,,MKD,Cultivated material,VIII/36
PI 393737,22,22,False,,,MKD,Cultivated material,VIII/37
PI 393738,22,22,False,,,MKD,Cultivated material,VIII/38
PI 393739,22,22,False,,,MKD,Cultivated material,VIII/39
PI 393740,34,45,False,,,MKD,Cultivated material,VIII/40
PI 393741,21,21,False,,,MKD,Cultivated material,VIII/41
PI 393742,22,22,False,,,MKD,Cultivated material,VIII/42
PI 393743,22,22,False,,,MKD,Cultivated material,VIII/43
PI 393744,22,22,False,,,MKD,Cultivated material,VIII/44
PI 393745,21,21,False,,,MKD,Cultivated material,VIII/45
PI 393746,36,47,False,,,MKD,Cultivated material,VIII/46
PI 393747,22,22,False,,,MKD,Cultivated material,VIII/47
PI 393748,29,35,False,,,MKD,Cultivated material,VIII/48
PI 393749,35,46,False,,,MKD,Cultivated material,VIII/49
PI 393750,36,47,False,,,MKD,Cultivated material,VIII/50
PI 393751,22,22,False,,,MKD,Cultivated material,VIII/51
PI 393752,34,69,False,,,MKD,Cultivated material,VIII/52
PI 393753,36,47,False,,,MKD,Cultivated material,VIII/53
PI 393754,23,23,False,,,MKD,Cultivated material,VIII/54
PI 393755,23,24,False,,,MKD,Cultivated material,VIII/55
PI 393756,35,47,False,,,MKD,Cultivated material,VIII/56
PI 393757,21,21,False,,,MKD,Cultivated material,VIII/57
PI 393758,22,22,False,,,MKD,Cultivated material,VIII/58
PI 393759,34,45,False,,,MKD,Cultivated material,VIII/59
PI 393760,21,21,False,,,MKD,Cultivated material,VIII/60
PI 393761,21,21,False,,,MKD,Cultivated material,VIII/61
PI 393762,20,20,False,,,MKD,Cultivated material,VIII/62
PI 393763,21,21,False,,,MKD,Cultivated material,VIII/63
PI 393764,22,23,False,,,MKD,Cultivated material,VIII/64
PI 393765,34,45,False,,,MKD,Cultivated material,VIII/65
PI 393766,20,20,False,,,MKD,Cultivated material,VIII/66
PI 393767,34,45,False,,,MKD,Cultivated material,VIII/67
PI 393768,21,21,False,,,MKD,Cultivated material,VIII/68
PI 393769,22,22,False,,,MKD,Cultivated material,VIII/69
PI 393770,21,21,False,,,MKD,Cultivated material,VIII/70
PI 393771,36,47,False,,,MKD,Cultivated material,VIII/71
PI 393772,22,22,False,,,MKD,Cultivated material,VIII/72
PI 393773,21,21,False,,,MKD,Cultivated material,VIII/73
PI 393774,21,21,False,,,MKD,Cultivated material,VIII/74
PI 393775,29,35,False,,,MKD,Cultivated material,VIII/75
PI 393776,36,47,False,,,MKD,Cultivated material,VIII/76
PI 393777,21,21,False,,,MKD,Cultivated material,VIII/77
PI 393778,22,22,False,,,MKD,Cultivated material,VIII/78
PI 393779,21,21,False,,,MKD,Cultivated material,VIII/79
PI 393780,21,21,False,,,MKD,Cultivated material,VIII/80
PI 393781,21,22,False,,,MKD,Cultivated material,VIII/81
PI 401754,60,86,False,,,USA,Landrace,Seneca Hominy Corn
PI 401755,60,61,False,,,USA,Landrace,Sioux Tribe
PI 401756,31,32,False,,,AUT,Cultivated material,STEIRISCHER KLEINKORNIGER
PI 401757,50,72,False,,,CAN,Landrace,Gaspe Flint
PI 401758,32,72,False,,This variety originated from a cross of 'Leaming' and the 'Pride of the North'.,USA,Landrace,Fuller Corn
PI 401759,32,56,False,,Bulk sample of 'Longfellow' (yellow kernels) and 'King Philip' (red kernels).,USA,Landrace,Comstock Family Flint
PI 401762,25,27,False,,,MEX,Landrace,Bravo Padella White
PI 401763,20,21,False,,,USA,Landrace,Whitemaster Hybrid
PI 401765,19,20,False,,,CHN,Cultivated material,Ames 1446
PI 40262,33,35,False,,,ESP,Cultivated material,Cuenca
PI 405706,18,21,False,Maize.Group.Ames.Panel.2010,,CHN,Breeding material,CHI-69 INB.
PI 405712,18,20,False,Maize.Group.Ames.Panel.2010,,CHN,Breeding material,DA BA TANG INB. (JI 0241)
PI 405713,20,21,False,Maize.Group.Ames.Panel.2010,,CHN,Breeding material,DA JIN DING (JI 0018)
PI 405714,21,24,False,Maize.Group.Ames.Panel.2010,,CHN,Breeding material,HUO BAO MI (JI 0235)
PI 406107,18,20,False,Maize.Group.Ames.Panel.2010,Oh45r^2.HtN,ZAF,Breeding material,A57N
PI 406108,22,24,False,Maize.Group.Ames.Panel.2010,Oh45r^2.HtN,ZAF,Breeding material,A98NW
PI 406109,27,34,False,Maize.Group.Ames.Panel.2010,C103^3.HtN,ZAF,Breeding material,A166N
PI 406110,21,22,False,Maize.Group.Ames.Panel.2010,C103^3.HtN,ZAF,Breeding material,A178N
PI 406112,38,51,False,Maize.Group.Ames.Panel.2010,B68^2.HtN,ZAF,Breeding material,A214N
PI 406113,31,52,False,Maize.Group.Ames.Panel.2010,B68^2.HtN,ZAF,Breeding material,A266N
PI 406114,29,35,False,Maize.Group.Ames.Panel.Post.2010,Mo12^3.HtN,ZAF,Breeding material,A319N
PI 406115,29,48,False,Maize.Group.Ames.Panel.2010,K64r0^4.HtN,ZAF,Breeding material,A328NW
PI 406116,23,23,False,Maize.Group.Ames.Panel.2010,K64r0^4.HtN,ZAF,Breeding material,A347NW
PI 406117,36,63,False,Maize.Group.Ames.Panel.2010,K64r0^4.HtN,ZAF,Breeding material,A359NW
PI 406118,29,48,False,Maize.Group.Ames.Panel.2010,A509 x B37^2.HtN,ZAF,Breeding material,A509N
PI 406119,19,23,False,Maize.Group.Ames.Panel.2010,B37^2.HtN,ZAF,Breeding material,A553N (Orange Halo)
PI 406124,29,36,False,Maize.Group.Ames.Panel.2010,B57A^4.HtN,ZAF,Breeding material,A622N
PI 406125,20,22,False,Maize.Group.Ames.Panel.2010,B14A^4.HtN,ZAF,Breeding material,A641N
PI 406126,21,21,False,Maize.Group.Ames.Panel.2010,B14A^4.HtN,ZAF,Breeding material,A661N
PI 406127,28,33,False,Maize.Group.Ames.Panel.2010,B14A^4.HtN,ZAF,Breeding material,A664N
PI 406128,19,22,False,Maize.Group.Ames.Panel.2010,W22^4.HtN,ZAF,Breeding material,A691N
PI 406129,21,22,False,Maize.Group.Ames.Panel.2010,K64^4.HtN,ZAF,Breeding material,A759NW
PI 406132,19,20,False,,MIT var. 2 X Cuba Gpo I,PHL,Cultivated material,Philippines DMR Composite 1
PI 406133,29,35,False,,College White X Tuxpeno,PHL,Cultivated material,Philippines DMR Composite 2
PI 406134,20,20,False,,MIT Var. 2 X Flint Composite Amarillo,PHL,Cultivated material,Philippines DMR Composite 3
PI 406135,20,20,False,,MIT Var. 2 X Flint Composite Amarillo,PHL,Cultivated material,Philippines DMR Composite 4
PI 406136,28,34,False,,MIT Var. 2 X Cupurico,PHL,Cultivated material,Philippines DMR Composite 5
PI 406137,28,35,False,,Eto Blanco X Aroman White Flint,PHL,Cultivated material,Philippines DMR Composite 6
PI 406172,21,21,False,,,164,Cultivated material,VIII/82
PI 406173,21,21,False,,,164,Cultivated material,VIII/83
PI 406174,34,44,False,,,164,Cultivated material,VIII/84
PI 406175,28,34,False,,,164,Cultivated material,VIII/85
PI 406176,28,34,False,,,164,Cultivated material,VIII/86
PI 406177,21,21,False,,,164,Cultivated material,VIII/87
PI 406178,28,34,False,,,164,Cultivated material,VIII/88
PI 406179,21,21,False,,,164,Cultivated material,VIII/89
PI 406180,28,34,False,,,164,Cultivated material,VIII/90
PI 406181,21,21,False,,,164,Cultivated material,VIII/91
PI 406182,20,20,False,,,164,Cultivated material,VIII/92
PI 406183,21,21,False,,,164,Cultivated material,VIII/93
PI 406184,19,19,False,,,164,Cultivated material,VIII/94
PI 406185,21,21,False,,,164,Cultivated material,VIII/95
PI 406186,21,21,False,,,164,Cultivated material,VIII/96
PI 406187,20,20,False,,,164,Cultivated material,VIII/97
PI 406188,21,21,False,,,164,Cultivated material,VIII/98
PI 406189,20,21,False,,,164,Cultivated material,VIII/99
PI 406190,20,20,False,,,164,Cultivated material,VIII/100
PI 406191,29,34,False,,,164,Cultivated material,VIII/101
PI 406192,28,34,False,,,164,Cultivated material,VIII/102
PI 406193,19,19,False,,,164,Cultivated material,VIII/103
PI 406194,20,21,False,,,164,Cultivated material,VIII/104
PI 406195,35,46,False,,,164,Cultivated material,VIII/105
PI 406196,34,44,False,,,164,Cultivated material,VIII/106
PI 406197,19,19,False,,,164,Cultivated material,VIII/107
PI 406198,21,21,False,,,164,Cultivated material,VIII/108
PI 406199,21,21,False,,,164,Cultivated material,VIII/109
PI 406200,21,21,False,,,164,Cultivated material,VIII/110
PI 406201,21,21,False,,,164,Cultivated material,VIII/111
PI 406202,33,44,False,,,164,Cultivated material,VIII/112
PI 406203,32,68,False,,,164,Cultivated material,VIII/113
PI 406204,20,20,False,,,164,Cultivated material,VIII/114
PI 406205,21,22,False,,,164,Cultivated material,VIII/115
PI 406206,21,21,False,,,164,Cultivated material,VIII/116
PI 406207,21,22,False,,,164,Cultivated material,VIII/117
PI 406208,35,46,False,,,164,Cultivated material,VIII/118
PI 406209,21,21,False,,,164,Cultivated material,VIII/119
PI 406210,21,21,False,,,164,Cultivated material,VIII/120
PI 406211,21,21,False,,,164,Cultivated material,VIII/121
PI 406212,28,33,False,,,164,Cultivated material,VIII/122
PI 406213,35,46,False,,,164,Cultivated material,VIII/123
PI 406214,21,21,False,,,164,Cultivated material,VIII/124
PI 406215,35,46,False,,,164,Cultivated material,VIII/125
PI 406216,20,21,False,,,164,Cultivated material,VIII/126
PI 406217,20,20,False,,,164,Cultivated material,VIII/127
PI 406218,21,21,False,,,164,Cultivated material,VIII/128
PI 406219,21,21,False,,,164,Cultivated material,VIII/129
PI 406220,21,21,False,,,164,Cultivated material,VIII/130
PI 406221,28,34,False,,,164,Cultivated material,VIII/131
PI 406222,21,21,False,,,164,Cultivated material,VIII/132
PI 406223,21,21,False,,,164,Cultivated material,VIII/133
PI 406224,21,21,False,,,164,Cultivated material,VIII/134
PI 406225,25,27,False,,,164,Cultivated material,VIII/135
PI 406226,39,51,False,,,164,Cultivated material,VIII/136
PI 406227,22,22,False,,,164,Cultivated material,VIII/137
PI 406228,25,27,False,,,164,Cultivated material,VIII/138
PI 406229,25,27,False,,,164,Cultivated material,VIII/139
PI 406230,21,21,False,,,164,Cultivated material,VIII/140
PI 406231,26,28,False,,,164,Cultivated material,VIII/141
PI 406232,26,28,False,,,164,Cultivated material,VIII/142
PI 406233,25,26,False,,,164,Cultivated material,VIII/143
PI 406234,38,51,False,,,164,Cultivated material,VIII/144
PI 406235,39,53,False,,,164,Cultivated material,VIII/145
PI 406236,21,21,False,,,164,Cultivated material,VIII/146
PI 406237,25,28,False,,,164,Cultivated material,VIII/147
PI 406238,21,22,False,,,164,Cultivated material,VIII/148
PI 406239,25,28,False,,,164,Cultivated material,VIII/149
PI 406240,38,52,False,,,164,Cultivated material,VIII/150
PI 406241,24,27,False,,,164,Cultivated material,VIII/151
PI 406242,23,24,False,,,164,Cultivated material,VIII/152
PI 406243,34,44,False,,,164,Cultivated material,VIII/153
PI 406244,20,21,False,,,164,Cultivated material,VIII/154
PI 406245,21,22,False,,,164,Cultivated material,VIII/155
PI 406246,20,21,False,,,164,Cultivated material,VIII/156
PI 406247,21,22,False,,,164,Cultivated material,VIII/157
PI 406248,22,24,False,,,164,Cultivated material,VIII/158
PI 406249,21,22,False,,,164,Cultivated material,VIII/159
PI 406946,16,16,False,,,HND,Cultivated material,LN ZAMORANO H-2
PI 408705,15,17,False,,,USA,Landrace,Reids Yellow Dent
PI 409026,22,24,False,,,FRA,Cultivated material,CHAUMATOU WHITE FLINT OP
PI 409028,17,17,False,,,FRA,Cultivated material,LAPRIE WHITE FLINT OP
PI 409029,26,32,False,,,FRA,Cultivated material,MARCO YELLOW FLINT OP
PI 409030,26,32,False,,,FRA,Cultivated material,MEILHAN YE FLINT OP
PI 411137,19,19,False,,,CHN,Cultivated material,HUA BAO MI (JI 0235)
PI 411138,19,19,False,,,CHN,Cultivated material,SMALL SEED
PI 411139,30,41,False,,,CHN,Cultivated material,SMALL SEED
PI 414175,35,46,False,,,USA,Landrace,Rhode Island Double White Cap Flint
PI 414176,25,28,False,,,USA,Landrace,Little Briton
PI 414177,24,27,False,,,USA,Landrace,Separation from Argentine Pop
PI 414178,33,45,False,,,USA,Landrace,Breve Padilla White
PI 414179,38,76,False,,,USA,Landrace,Gourdseed
PI 414180,20,21,False,,,USA,Landrace,Rio Padilla
PI 414181,35,45,False,,Laguna White X unknown sweet corn variety. 'Laguna White' being the female parent.,USA,Landrace,Texas Honey June
PI 414182,33,40,False,,,USA,Landrace,A Native Texas Dent
PI 414183,33,54,False,,,USA,Landrace,Gourdseed
PI 414184,32,39,False,,,USA,Landrace,Strawberry Dent
PI 414185,35,45,False,,,USA,Landrace,Old Wisconsin Red
PI 415077,33,45,False,Maize.Group.Ames.Panel.2010,,HUN,Breeding material,4528. INBRED
PI 415078,17,19,False,Maize.Group.Ames.Panel.2010,,HUN,Breeding material,4533. INBRED
PI 415079,18,20,False,Maize.Group.Ames.Panel.2010,,HUN,Breeding material,4537. INBRED
PI 415080,19,21,False,Maize.Group.Ames.Panel.2010,,HUN,Breeding material,4550. INBRED
PI 415081,19,20,False,Maize.Group.Ames.Panel.2010,,HUN,Breeding material,4554. INBRED
PI 415082,19,21,False,Maize.Group.Ames.Panel.2010,,HUN,Breeding material,4554 INBRED
PI 415083,19,19,False,Maize.Group.Ames.Panel.2010,,HUN,Breeding material,4562 INBRED
PI 415084,18,20,False,Maize.Group.Ames.Panel.2010,,HUN,Breeding material,4564 INBRED
PI 415085,18,18,False,Maize.Group.Ames.Panel.2010,,HUN,Breeding material,4566 INBRED
PI 415086,19,21,False,Maize.Group.Ames.Panel.2010,,HUN,Breeding material,4578 INBRED
PI 415089,19,21,False,Maize.Group.Ames.Panel.2010,,HUN,Breeding material,4655 INBRED
PI 415090,19,22,False,Maize.Group.Ames.Panel.2010,,HUN,Breeding material,4659 INBRED
PI 415091,33,47,False,Maize.Group.Ames.Panel.2010,,HUN,Breeding material,4664 INBRED
PI 415092,19,19,False,,,HUN,Cultivated material,SYN. 61165
PI 415206,18,18,False,,,164,Cultivated material,VIII/160
PI 415207,18,18,False,,,164,Cultivated material,VIII/161
PI 415208,32,43,False,,,164,Cultivated material,VIII/162
PI 415209,25,30,False,,,164,Cultivated material,VIII/163
PI 415210,25,31,False,,,164,Cultivated material,VIII/164
PI 415211,18,18,False,,,164,Cultivated material,VIII/165
PI 415212,25,32,False,,,164,Cultivated material,VIII/166
PI 415213,18,18,False,,,164,Cultivated material,VIII/167
PI 415214,18,18,False,,,164,Cultivated material,VIII/168
PI 415215,18,18,False,,,164,Cultivated material,VIII/169
PI 415216,17,17,False,,,164,Cultivated material,VIII/170
PI 415217,18,18,False,,,164,Cultivated material,VIII/171
PI 415218,18,18,False,,,164,Cultivated material,VIII/172
PI 415219,18,18,False,,,164,Cultivated material,VIII/173
PI 415220,18,19,False,,,164,Cultivated material,VIII/174
PI 415221,18,18,False,,,164,Cultivated material,VIII/175
PI 415222,18,18,False,,,164,Cultivated material,VIII/176
PI 415223,26,32,False,,,164,Cultivated material,VIII/177
PI 415224,17,18,False,,,164,Cultivated material,VIII/178
PI 415225,18,18,False,,,164,Cultivated material,VIII/179
PI 415226,18,18,False,,,164,Cultivated material,VIII/180
PI 415227,18,18,False,,,164,Cultivated material,VIII/181
PI 415228,25,32,False,,,164,Cultivated material,VIII/182
PI 415229,18,18,False,,,164,Cultivated material,VIII/183
PI 415230,18,18,False,,,164,Cultivated material,VIII/184
PI 415231,18,18,False,,,164,Cultivated material,VIII/185
PI 415232,18,18,False,,,164,Cultivated material,VIII/186
PI 415233,18,18,False,,,164,Cultivated material,VIII/187
PI 415234,32,42,False,,,164,Cultivated material,VIII/188
PI 415235,27,33,False,,,164,Cultivated material,VIII/189
PI 415236,25,31,False,,,164,Cultivated material,VIII/190
PI 415237,18,18,False,,,164,Cultivated material,VIII/191
PI 415238,18,18,False,,,164,Cultivated material,VIII/192
PI 415239,25,31,False,,,164,Cultivated material,VIII/193
PI 415240,18,18,False,,,164,Cultivated material,VIII/194
PI 415241,18,18,False,,,164,Cultivated material,VIII/195
PI 415242,18,18,False,,,164,Cultivated material,VIII/196
PI 415243,18,18,False,,,164,Cultivated material,VIII/197
PI 415244,18,18,False,,,164,Cultivated material,VIII/198
PI 415245,25,31,False,,,164,Cultivated material,VIII/199
PI 415246,18,18,False,,,164,Cultivated material,VIII/200
PI 415247,18,18,False,,,164,Cultivated material,VIII/201
PI 415248,18,18,False,,,164,Cultivated material,VIII/202
PI 415249,18,18,False,,,164,Cultivated material,VIII/203
PI 415250,32,42,False,,,164,Cultivated material,VIII/204
PI 415251,25,31,False,,,164,Cultivated material,VIII/205
PI 415252,32,43,False,,,164,Cultivated material,VIII/206
PI 415253,18,18,False,,,164,Cultivated material,VIII/207
PI 415254,18,18,False,,,164,Cultivated material,VIII/208
PI 415255,32,43,False,,,164,Cultivated material,VIII/209
PI 415256,25,31,False,,,164,Cultivated material,VIII/210
PI 415257,25,31,False,,,164,Cultivated material,VIII/211
PI 415258,17,17,False,,,164,Cultivated material,VIII/212
PI 415259,18,18,False,,,164,Cultivated material,VIII/213
PI 415260,25,31,False,,,164,Cultivated material,VIII/214
PI 415261,18,18,False,,,164,Cultivated material,VIII/215
PI 415262,18,18,False,,,164,Cultivated material,VIII/216
PI 415263,32,43,False,,,164,Cultivated material,VIII/217
PI 415264,18,18,False,,,164,Cultivated material,VIII/218
PI 415265,25,31,False,,,164,Cultivated material,VIII/219
PI 415266,18,18,False,,,164,Cultivated material,VIII/220
PI 415267,18,18,False,,,164,Cultivated material,VIII/221
PI 415268,27,33,False,,,164,Cultivated material,VIII/222
PI 415269,18,18,False,,,164,Cultivated material,VIII/223
PI 415270,18,18,False,,,164,Cultivated material,VIII/224
PI 415271,18,18,False,,,164,Cultivated material,VIII/225
PI 415272,18,18,False,,,164,Cultivated material,VIII/226
PI 415273,18,18,False,,,164,Cultivated material,VIII/227
PI 415274,18,18,False,,,164,Cultivated material,VIII/228
PI 415275,18,18,False,,,164,Cultivated material,VIII/229
PI 415276,18,19,False,,,164,Cultivated material,VIII/230
PI 415277,19,20,False,,,164,Cultivated material,VIII/231
PI 415278,19,20,False,,,164,Cultivated material,VIII/232
PI 415279,18,19,False,,,164,Cultivated material,VIII/233
PI 415280,19,20,False,,,164,Cultivated material,VIII/234
PI 415281,17,18,False,,,164,Cultivated material,VIII/235
PI 415282,32,43,False,,,164,Cultivated material,VIII/236
PI 415283,17,18,False,,,164,Cultivated material,VIII/237
PI 415284,19,20,False,,,164,Cultivated material,VIII/238
PI 415285,32,40,False,,,164,Cultivated material,VIII/239
PI 419225,39,49,False,,,USA,Landrace,Cow Corn
PI 420051,18,18,False,,,ARG,Cultivated material,POZO COLORADO ARGENTINO I
PI 420244,35,79,False,,,MEX,Landrace,Maiz Reventador
PI 420245,32,73,False,,,USA,Landrace,Chapalote
PI 420246,35,46,False,,,USA,Landrace,Blue corn
PI 420247,18,19,False,,,USA,Landrace,Tawa'ktci
PI 420248,35,65,False,,,USA,Landrace,Pala'qua'3
PI 420249,36,48,False,,,USA,Landrace,Koko'ma
PI 420250,33,44,False,,,USA,Landrace,sakwa'fqa'3
PI 420251,29,35,False,,,USA,Landrace,LN HUHNA
PI 420252,30,37,False,,,USA,Landrace,LN ONAVENO
PI 422162,24,24,False,,,MEX,Wild material,CHAPINGO
PI 427154,32,38,False,,,164,Cultivated material,VIII/243
PI 427156,32,38,False,,,164,Cultivated material,VIII/245
PI 427157,32,38,False,,,164,Cultivated material,VIII/246
PI 427158,32,38,False,,,164,Cultivated material,VIII/247
PI 427160,30,35,False,,,164,Cultivated material,VIII/249
PI 427161,25,26,False,,,164,Cultivated material,VIII/250
PI 427164,29,34,False,,,164,Cultivated material,VIII/253
PI 427166,30,35,False,,,164,Cultivated material,VIII/255
PI 427168,24,25,False,,,164,Cultivated material,VIII/257
PI 427169,25,26,False,,,164,Cultivated material,VIII/258
PI 427170,29,34,False,,,164,Cultivated material,VIII/259
PI 427178,25,26,False,,,164,Cultivated material,VIII/267
PI 427187,26,27,False,,,164,Cultivated material,VIII/276
PI 427190,25,26,False,,,164,Cultivated material,VIII/279
PI 427199,30,35,False,,,164,Cultivated material,VIII/288
PI 427203,27,28,False,,,164,Cultivated material,VIII/292
PI 430274,18,19,False,,S1 selection from CIMMYT Pool 5.,NZL,Breeding material,5-379
PI 430452,30,31,False,,,CHN,Landrace,
PI 430453,30,31,False,,,CHN,Landrace,
PI 430454,32,40,False,,,CHN,Cultivated material,
PI 430472,28,29,False,,,CHN,Cultivated material,CHENG TAN NO. 1
PI 433485,24,25,False,Maize.Group.Ames.Panel.2010,,NLD,Breeding material,Prior A
PI 433486,16,17,False,Maize.Group.Ames.Panel.2010,,NLD,Breeding material,Prior B
PI 433487,35,72,False,Maize.Group.Ames.Panel.2010,,NLD,Breeding material,Prior C
PI 433488,27,29,False,Maize.Group.Ames.Panel.2010,,NLD,Breeding material,Prior D
PI 433640,20,22,False,,,ITA,Landrace,Barbina Tortonese
PI 433648,28,32,False,,,ITA,Landrace,Cinquantino nostrano
PI 433653,19,21,False,,,ITA,Landrace,Marano Vicentino
PI 433654,17,18,False,,,ITA,Landrace,Nostrano dell' Isola di Este
PI 433655,15,16,False,,,ITA,Landrace,Scagliolo frassine (conico)
PI 433656,18,20,False,,,ITA,Landrace,Bianco perla
PI 433678,19,21,False,,,ITA,Landrace,Righetta bianca ottofile
PI 433681,29,32,False,,,ITA,Landrace,Rostrato per dentato
PI 433683,19,21,False,,,ITA,Landrace,Granoturco maggengo
PI 433687,19,22,False,,,ITA,Landrace,Tre nodi
PI 433696,20,23,False,,,ITA,Landrace,Quarantino di Cingoli
PI 433700,28,42,False,,,ITA,Landrace,Nostrale di Borgocollefegato
PI 433701,28,30,False,,,ITA,Landrace,Agostino o agostinello
PI 433708,28,42,False,,,ITA,Landrace,Quarantino chiaro
PI 433719,20,23,False,,,ITA,Landrace,Locale quarantino di vigne
PI 434863,17,18,False,,,VNM,Breeding material,TAINAN DMR COMPOSITE 7
PI 438943,48,50,False,,,MEX,Cultivated material,Olotillo blanco
PI 439737,17,19,False,,,PHL,Cultivated material,Philippine DMR Composite 4
PI 441933,25,27,False,,,GTM,Wild material,G-5
PI 441934,25,27,False,,,GTM,Wild material,G-120
PI 443770,17,21,False,,,COL,Landrace,Antioquia 331
PI 443779,18,22,False,,,COL,Landrace,Antioquia 346
PI 443781,27,27,False,,,COL,Landrace,Antioquia 348
PI 443785,16,16,False,,,COL,Landrace,Antioquia 352
PI 443795,18,22,False,,,COL,Landrace,Antioquia 364
PI 443798,18,22,False,,,COL,Landrace,Antioquia 368
PI 443826,18,22,False,,,COL,Landrace,Antioquia 400
PI 443829,16,19,False,,,COL,Landrace,Antioquia 403
PI 443830,16,19,False,,,COL,Landrace,Antioquia 404
PI 443871,17,18,False,,,COL,Landrace,Antioquia 455
PI 443892,17,31,False,,,COL,Landrace,Antioquia 476
PI 443895,16,44,False,,,COL,Landrace,Antioquia 479
PI 443905,18,19,False,,,COL,Landrace,Antioquia 489
PI 443921,17,34,False,,,COL,Landrace,Antioquia 505
PI 443926,18,35,False,,,COL,Landrace,Antioquia 510
PI 443939,16,19,False,,,COL,Landrace,Antioquia 523
PI 443963,29,29,False,,,COL,Landrace,Antioquia 547
PI 443968,17,20,False,,,COL,Landrace,Antioquia 552
PI 443973,16,19,False,,,COL,Landrace,Antioquia 557
PI 443984,16,19,False,,,COL,Landrace,Atlantico 306
PI 443985,18,23,False,,,COL,Landrace,Atlantico 307
PI 443992,19,25,False,,,COL,Landrace,Atlantico 314
PI 443999,16,19,False,,,COL,Landrace,Atlantico 322
PI 444000,16,20,False,,,COL,Landrace,Atlantico 323
PI 444005,31,31,False,,,COL,Landrace,Atlantico 328
PI 444006,17,21,False,,,COL,Landrace,Atlantico 329
PI 444036,16,19,False,,,COL,Landrace,Bolivar 333
PI 444042,16,20,False,,,COL,Landrace,Bolivar 339
PI 444053,16,19,False,,,COL,Landrace,Bolivar 351
PI 444056,16,19,False,,,COL,Landrace,Bolivar 354
PI 444069,17,18,False,,,COL,Landrace,Bolivar 375
PI 444073,16,16,False,,,COL,Landrace,Bolivar 384
PI 444074,15,15,False,,,COL,Landrace,Bolivar 385
PI 444087,19,37,False,,,COL,Landrace,Boyaca 328
PI 444095,31,31,False,,,COL,Landrace,Boyaca 336
PI 444097,18,36,False,,,COL,Landrace,Boyaca 338
PI 444103,17,21,False,,,COL,Landrace,Boyaca 346
PI 444105,15,28,False,,,COL,Landrace,Boyaca 348
PI 444117,16,30,False,,,COL,Landrace,Boyaca 386
PI 444125,44,46,False,,,COL,Landrace,Boyaca 406
PI 444135,19,22,False,,,COL,Landrace,Boyaca 427
PI 444139,18,18,False,,,COL,Landrace,Boyaca 433
PI 444142,19,24,False,,,COL,Landrace,Boyaca 437
PI 444147,18,18,False,,,COL,Landrace,Boyaca 442
PI 444165,34,36,False,,,COL,Landrace,Boyaca 462
PI 444169,15,15,False,,,COL,Landrace,Boyaca 466
PI 444173,40,43,False,,,COL,Landrace,Boyaca 475
PI 444191,17,17,False,,,COL,Landrace,Boyaca 496
PI 444192,16,17,False,,,COL,Landrace,Boyaca 497
PI 444199,16,17,False,,,COL,Landrace,Boyaca 504
PI 444223,18,18,False,,,COL,Landrace,Caldas 312
PI 444225,15,15,False,,,COL,Landrace,Caldas 314
PI 444235,15,28,False,,,COL,Landrace,Caldas 324
PI 444239,18,18,False,,,COL,Landrace,Caldas 328
PI 444244,17,32,False,,,COL,Landrace,Caldas 335
PI 444252,16,19,False,,,COL,Landrace,Caldas 347
PI 444266,27,27,False,,,COL,Landrace,Caldas 367
PI 444290,15,15,False,,,COL,Landrace,Caqueta 313
PI 444293,17,21,False,,,COL,Landrace,Caqueta 317
PI 444306,15,15,False,,,COL,Landrace,Caqueta 330
PI 444331,18,22,False,,,COL,Landrace,Cauca 305
PI 444336,16,19,False,,,COL,Landrace,Cauca 312
PI 444337,17,20,False,,,COL,Landrace,Cauca 313
PI 444341,18,22,False,,,COL,Landrace,Cauca 317
PI 444366,16,16,False,,,COL,Landrace,Cauca 343
PI 444376,15,15,False,,,COL,Landrace,Cauca 354
PI 444386,15,18,False,,,COL,Landrace,Cauca 364
PI 444400,17,21,False,,,COL,Landrace,Cauca 380
PI 444408,40,44,False,,,COL,Landrace,Cauca 390
PI 444421,15,15,False,,,COL,Landrace,Cauca 420
PI 444422,17,21,False,,,COL,Landrace,Cauca 421
PI 444466,16,16,False,,,COL,Landrace,Cordoba 310
PI 444473,20,21,False,,,COL,Landrace,Cordoba 320
PI 444480,21,28,False,,,COL,Landrace,Cordoba 327
PI 444486,15,15,False,,,COL,Landrace,Cordoba 334
PI 444492,17,18,False,,,COL,Landrace,Cordoba 342
PI 444496,18,22,False,,,COL,Landrace,Cundinamarca 301
PI 444498,30,30,False,,,COL,Landrace,Cundinamarca 303
PI 444499,30,30,False,,,COL,Landrace,Cundinamarca 304
PI 444512,19,22,False,,,COL,Landrace,Cundinamarca 327
PI 444533,17,21,False,,,COL,Landrace,Cundinamarca 350
PI 444543,18,31,False,,,COL,Landrace,Cundinamarca 366
PI 444560,18,36,False,,,COL,Landrace,Cundinamarca 393
PI 444562,18,18,False,,,COL,Landrace,Cundinamarca 400
PI 444563,15,15,False,,,COL,Landrace,Cundinamarca 401
PI 444576,15,29,False,,,COL,Landrace,Cundinamarca 424
PI 444587,16,30,False,,,COL,Landrace,Cundinamarca 440
PI 444591,17,25,False,,,COL,Landrace,Cundinamarca 444
PI 444612,18,22,False,,,COL,Landrace,Cundinamarca 471
PI 444613,17,21,False,,,COL,Landrace,Cundinamarca 472
PI 444614,17,20,False,,,COL,Landrace,Cundinamarca 473
PI 444617,16,16,False,,,COL,Landrace,Cundinamarca 476
PI 444620,16,19,False,,,COL,Landrace,Cundinamarca 479
PI 444621,23,33,False,,,COL,Landrace,Cundinamarca 480
PI 444642,26,26,False,,,COL,Landrace,Cundinamarca 502
PI 444643,17,18,False,,,COL,Landrace,Cundinamarca 503
PI 444695,18,19,False,,,COL,Landrace,Cundinamarca 564
PI 444785,16,17,False,,,COL,Landrace,Guajira 308
PI 444819,16,20,False,,,COL,Landrace,Huila 338
PI 444820,15,18,False,,,COL,Landrace,Huila 339
PI 444828,18,22,False,,,COL,Landrace,Huila 348
PI 444859,16,16,False,,,COL,Landrace,Huila 383
PI 444861,18,18,False,,,COL,Landrace,Huila 385
PI 444872,18,33,False,,,COL,Landrace,Huila 396
PI 444897,28,28,False,,,COL,Landrace,Magdalena 321
PI 444898,16,16,False,,,COL,Landrace,Magdalena 322
PI 444923,19,21,False,,,COL,Landrace,Magdalena 355
PI 444954,46,51,False,,,COL,Landrace,Magdalena 399
PI 444968,17,21,False,,,COL,Landrace,Magdalena 423
PI 444985,16,19,False,,,COL,Landrace,Magdalena 446
PI 444991,18,19,False,,,COL,Landrace,Magdalena 453
PI 444993,16,31,False,,,COL,Landrace,Magdalena 455
PI 444999,17,18,False,,,COL,Landrace,Magdalena 461
PI 445002,17,18,False,,,COL,Landrace,Magdalena 464
PI 445005,15,16,False,,,COL,Landrace,Magdalena 467
PI 445006,18,18,False,,,COL,Landrace,Magdalena 468
PI 445013,18,19,False,,,COL,Landrace,Magdalena 476
PI 445054,16,17,False,,,COL,Landrace,Narino 310
PI 445056,18,18,False,,,COL,Landrace,Narino 320
PI 445057,17,32,False,,,COL,Landrace,Narino 321
PI 445065,17,26,False,,,COL,Landrace,Narino 337
PI 445067,25,25,False,,,COL,Landrace,Narino 352
PI 445073,15,18,False,,,COL,Landrace,Narino 358
PI 445082,40,44,False,,,COL,Landrace,Narino 369
PI 445089,16,16,False,,,COL,Landrace,Narino 376
PI 445126,17,22,False,,,COL,Landrace,Narino 471
PI 445142,16,19,False,,,COL,Landrace,Narino 492
PI 445144,18,19,False,,,COL,Landrace,Narino 494
PI 445151,18,32,False,,,COL,Landrace,Narino 506
PI 445163,23,30,False,,,COL,Landrace,Narino 521
PI 445247,16,16,False,,,COL,Landrace,Narino 620
PI 445249,16,16,False,,,COL,Landrace,Narino 622
PI 445251,27,27,False,,,COL,Landrace,Narino 624
PI 445254,16,16,False,,,COL,Landrace,Narino 627
PI 445298,41,70,False,,,COL,Landrace,Putumayo 358
PI 445299,18,19,False,,,COL,Landrace,Putumayo 359
PI 445300,16,27,False,,,COL,Landrace,Putumayo 360
PI 445302,17,18,False,,,COL,Landrace,Putumayo 362
PI 445307,18,19,False,,,COL,Landrace,Putumayo 367
PI 445310,18,19,False,,,COL,Landrace,Putumayo 370
PI 445318,16,30,False,,,COL,Landrace,Santander N. 311
PI 445321,16,25,False,,,COL,Landrace,Santander N. 314
PI 445322,17,21,False,,,COL,Landrace,Santander N. 315
PI 445336,15,15,False,,,COL,Landrace,Santander N. 329
PI 445339,18,18,False,,,COL,Landrace,Santander N. 332
PI 445341,18,18,False,,,COL,Landrace,Santander N. 334
PI 445355,37,37,False,,,COL,Landrace,Santander N. 349
PI 445362,17,18,False,,,COL,Landrace,Santander S. 306
PI 445371,17,34,False,,,COL,Landrace,Santander S. 317
PI 445381,16,27,False,,,COL,Landrace,Santander S. 330
PI 445396,16,16,False,,,COL,Landrace,Santander S. 347
PI 445399,15,18,False,,,COL,Landrace,Santander S. 354
PI 445401,22,24,False,,,COL,Landrace,Santander S. 356
PI 445402,16,16,False,,,COL,Landrace,Santander S. 357
PI 445409,17,32,False,,,COL,Landrace,Santander S. 364
PI 445414,15,15,False,,,COL,Landrace,Santander S. 371
PI 445417,17,18,False,,,COL,Landrace,Santander S. 377
PI 445422,18,18,False,,,COL,Landrace,Santander S. 383
PI 445455,17,18,False,,,COL,Landrace,Tolima 322
PI 445481,17,18,False,,,COL,Landrace,Tolima 349
PI 445485,16,17,False,,,COL,Landrace,Tolima 355
PI 445519,18,19,False,,,COL,Landrace,Tolima 395
PI 445521,16,17,False,,,COL,Landrace,Tolima 397
PI 445528,15,29,False,,,COL,Landrace,Tolima 405
PI 445551,17,18,False,,,COL,Landrace,Valle 314
PI 445559,17,31,False,,,COL,Landrace,Valle 323
PI 445563,15,15,False,,,COL,Landrace,Valle 327
PI 445568,17,33,False,,,COL,Landrace,Valle 333
PI 445569,15,23,False,,,COL,Landrace,Valle 334
PI 445576,16,17,False,,,COL,Landrace,Valle 341
PI 445579,18,19,False,,,COL,Landrace,Valle 344
PI 445582,16,17,False,,,COL,Landrace,Valle 347
PI 445585,20,21,False,,,COL,Landrace,Valle 350
PI 445588,17,18,False,,,COL,Landrace,Valle 353
PI 445589,16,17,False,,,COL,Landrace,Valle 355
PI 445595,17,18,False,,,COL,Landrace,Valle 365
PI 445599,17,32,False,,,COL,Landrace,Valle 369
PI 445602,17,32,False,,,COL,Landrace,Valle 372
PI 445620,15,15,False,,,COL,Landrace,Valle 390
PI 445625,17,18,False,,,COL,Landrace,Valle 395
PI 445627,16,31,False,,,COL,Landrace,Valle 397
PI 445628,16,17,False,,,COL,Landrace,Valle 398
PI 445630,18,19,False,,,COL,Landrace,Valle 400
PI 445633,17,18,False,,,COL,Landrace,Valle 403
PI 445635,16,17,False,,,COL,Landrace,Valle 405
PI 445640,17,17,False,,,COL,Landrace,Valle 410
PI 445645,18,19,False,,,COL,Landrace,Valle 415
PI 445646,18,19,False,,,COL,Landrace,Valle 416
PI 445655,15,29,False,,,COL,Landrace,Valle 429
PI 445660,16,16,False,,,COL,Landrace,Valle 434
PI 445663,16,31,False,,,COL,Landrace,Valle 437
PI 449530,15,29,False,,,BRA,Landrace,I-75-6 Valle Dupar 73/A ICA V 106
PI 449576,16,16,False,,"BRAZIL 154, BRAZIL 162, BRAZIL 164, BRAZIL 165, BRAZIL 186 ",PRY,Breeding material,Paraguay Group 1
PI 449577,16,16,False,,"BRAZIL 129, BRAZIL 131, BRAZIL 134, BRAZIL 135, BRAZIL 138, BRAZIL 144, BRAZIL 146, BRAZIL 149, BRAZIL 152",PRY,Breeding material,Paraguay Group 2
PI 449639,15,29,False,,,BRA,Landrace,Poliembrionico
PI 449650,15,15,False,,,BRA,Landrace,Flint Composto CMI-HSI
PI 449723,15,29,False,,,BRA,Landrace,Pipoca
PI 449726,15,29,False,,,BRA,Landrace,Alho
PI 449741,15,15,False,,,BRA,Landrace,Pipoca
PI 449753,15,15,False,,,BRA,Landrace,Pipoca
PI 449755,15,29,False,,,BRA,Landrace,Espinho-Alho-Pipoca
PI 449756,15,29,False,,,BRA,Landrace,Comum
PI 449769,15,29,False,,,BRA,Landrace,Comum
PI 449770,15,29,False,,,BRA,Landrace,Xurimas
PI 449771,15,29,False,,,BRA,Landrace,Comum
PI 449773,15,29,False,,,BRA,Landrace,Amarelo
PI 449803,15,15,False,,,BRA,Landrace,Pipoca Branco 076-R1
PI 449816,18,19,False,,,BRA,Landrace,Brasil 2296
PI 449824,15,29,False,,,BRA,Landrace,Cunha 005-R2
PI 449831,15,15,False,,,BRA,Landrace,Comum 052-R2
PI 449911,15,15,False,,,BRA,Landrace,Comum 143-R2
PI 450051,18,18,False,,,BRA,Landrace,BA157
PI 450092,15,15,False,,,BRA,Landrace,Pirapoca Branco
PI 450096,18,18,False,,,BRA,Breeding material,Tuxpeno 1
PI 450100,15,15,False,,,BRA,Landrace,Pipoca IGEN - I
PI 450106,15,15,False,,,BRA,Landrace,Flint Composto Nordeste
PI 451693,33,34,False,,"Derived from 7 Cuzco populations, 29% Cuzco Cristalino Amarillo, 29% Cuzco Gigante Shaver, 12.5%, Cuzco 66, 11% Cuzco Manuel, 4% Cuzco Gigante 13605, 4% Cuzco 13623, 4% Cuzco 13634; and one early USA dent population, 6.25% Minnesota A.",USA,Breeding material,Cargill North Temperate Zone Cuzco
PI 451716,16,17,False,,,USA,Landrace,Harinoso de ocho
PI 452030,29,31,False,,,USA,Landrace,Gap Creek White Cob
PI 452031,16,18,False,,,USA,Landrace,Ames 1765
PI 452033,15,16,False,,,ECU,Landrace,Maiz blanco
PI 452035,34,35,False,,,USA,Landrace,Byler's Amish Dent(Jon C. Byler Strain)
PI 452036,35,38,False,,,USA,Landrace,Brindle corn
PI 452041,21,22,False,,,USA,Landrace,Byler's Amish Dent(Unnamed Strain)
PI 452042,23,38,False,,,USA,Landrace,White Cap Yellow Dent (Landis Strain)
PI 452043,31,32,False,,,USA,Landrace,Brindle Corn
PI 452044,33,35,False,,,USA,Landrace,Red Dent
PI 452049,27,27,False,,,USA,Landrace,Huffman
PI 452050,26,40,False,,,USA,Landrace,Rockdale
PI 452051,33,67,False,,,USA,Landrace,Hickory King (TFC)
PI 452052,27,37,False,,,USA,Landrace,Yellow Hickory King
PI 452053,29,29,False,,,USA,Landrace,Yellow Thompson
PI 452054,34,34,False,,,USA,Landrace,Big White
PI 452055,25,84,False,,,USA,Landrace,Pritchitt Blue
PI 452058,33,33,False,,,USA,Landrace,Reids Yellow Dent
PI 452059,32,33,False,,,USA,Landrace,Yellow Jellicorse
PI 452060,33,48,False,,,USA,Landrace,Cow corn
PI 452064,36,42,False,,,USA,Landrace,Pinky Popcorn
PI 452065,28,28,False,,,USA,Landrace,Pickaninny Sweetcorn
PI 452249,28,54,False,,,CHN,Cultivated material,Dan Yu No. 6
PI 452253,28,51,False,,,CHN,Breeding material,Qi 31
PI 452258,28,30,False,,,CHN,Cultivated material,Peking No. 6
PI 462112,25,25,False,,,YEM,Landrace,49
PI 462113,25,36,False,,,YEM,Landrace,51
PI 462114,25,50,False,,,YEM,Landrace,Hind Sukari
PI 462115,25,36,False,,,YEM,Landrace,134
PI 462116,25,25,False,,,YEM,Landrace,155
PI 462117,25,50,False,,,YEM,Landrace,190
PI 462118,25,50,False,,,YEM,Landrace,228
PI 462119,25,25,False,,,YEM,Landrace,Mutuosod
PI 462120,25,25,False,,,YEM,Landrace,237
PI 462121,25,36,False,,,YEM,Landrace,247
PI 462375,17,17,False,,,SDN,Landrace,27
PI 462376,17,17,False,,,SDN,Landrace,54
PI 467103,25,26,False,,,CHL,Landrace,CHZM 03 003
PI 467104,25,26,False,,,CHL,Cultivated material,CHZM 03 004
PI 467106,25,26,False,,,CHL,Cultivated material,CHZM 03 006
PI 467107,25,26,False,,,CHL,Cultivated material,CHZM 03 007
PI 467108,26,27,False,,,CHL,Cultivated material,CHZM 03 008
PI 467109,34,35,False,,,CHL,Landrace,CHZM 03 009
PI 467116,26,28,False,,,CHL,Landrace,CHZM 04 006
PI 467124,27,28,False,,,CHL,Landrace,CHZM 04 014
PI 467128,27,28,False,,,CHL,Landrace,CHZM 04 018
PI 467133,28,29,False,,,CHL,Landrace,CHZM 04 023
PI 467134,25,26,False,,,CHL,Landrace,CHZM 04 024
PI 467137,35,37,False,,,CHL,Landrace,CHZM 04 027
PI 467141,27,28,False,,,CHL,Landrace,CHZM 04 032
PI 467148,26,27,False,,,CHL,Cultivated material,CHZM 04 039
PI 467153,27,28,False,,,CHL,Landrace,CHZM 05 003
PI 467154,32,32,False,,,CHL,Landrace,CHZM 05 004
PI 467167,26,26,False,,,CHL,Landrace,CHZM 05 017
PI 467168,33,33,False,,,CHL,Landrace,CHZM 05 018
PI 467169,25,26,False,,,CHL,Landrace,CHZM 05 019
PI 467171,27,27,False,,,CHL,Landrace,CHZM 05 021
PI 467173,27,52,False,,,CHL,Landrace,CHZM 05 023
PI 467174,26,27,False,,,CHL,Landrace,CHZM 05 024
PI 467177,32,32,False,,,CHL,Landrace,CHZM 05 027
PI 467178,27,28,False,,,CHL,Landrace,CHZM 05 028
PI 467184,26,27,False,,,CHL,Landrace,CHZM 05 034
PI 467186,27,28,False,,,CHL,Landrace,CHZM 05 039
PI 467188,30,31,False,,,CHL,Landrace,CHZM 05 041
PI 467193,33,34,False,,,CHL,Landrace,CHZM 05 047
PI 467209,33,34,False,,,CHL,Landrace,CHZM 06 012
PI 467215,29,30,False,,,CHL,Landrace,CHZM 07 006
PI 467216,27,27,False,,,CHL,Landrace,CHZM 07 007
PI 467218,27,27,False,,,CHL,Landrace,CHZM 07 009
PI 467225,26,26,False,,,CHL,Landrace,CHZM 07 016
PI 467230,26,26,False,,,CHL,Landrace,CHZM 07 021
PI 467231,27,27,False,,,CHL,Landrace,CHZM 07 022
PI 467232,25,25,False,,,CHL,Landrace,CHZM 07 023
PI 467245,26,27,False,,,CHL,Landrace,CHZM 08 002
PI 467262,26,26,False,,,CHL,Landrace,CHZM 08 022
PI 467280,26,26,False,,,CHL,Cultivated material,CHZM 08 041
PI 467288,29,54,False,,,CHL,Landrace,CHZM 13 004
PI 467296,26,26,False,,,CHL,Landrace,CHZM 13 012
PI 467300,27,27,False,,,CHL,Cultivated material,CHZM 13 016
PI 469720,28,28,False,,Ludan No. 31 X Luihua No. 112,CHN,Cultivated material,LUDAN NO. 31 X LUIHUA NO. 112
PI 471819,19,19,False,,,BOL,Landrace,Bolivia 49
PI 471820,20,20,False,,,BRA,Landrace,Brazil 54
PI 471821,21,21,False,,,BRA,Landrace,Brazil 56
PI 471822,20,39,False,,,CRI,Landrace,Costa Rica 88
PI 471823,42,42,False,,,CRI,Landrace,Costa Rica 139
PI 471824,19,22,False,,,CRI,Landrace,Costa Rica 140
PI 471825,20,23,False,,,CRI,Landrace,Costa Rica 153
PI 471826,19,22,False,,,CRI,Landrace,Costa Rica 155
PI 471827,17,17,False,,,CRI,Landrace,Costa Rica 157
PI 471828,19,19,False,,,CRI,Landrace,Costa Rica 159
PI 471829,19,19,False,,,CRI,Landrace,Costa Rica 160
PI 471830,20,20,False,,,CRI,Landrace,Costa Rica 161
PI 471831,20,20,False,,,CRI,Landrace,Costa Rica 162
PI 471832,19,22,False,,,CRI,Landrace,Costa Rica 163
PI 471833,20,23,False,,,CRI,Landrace,Costa Rica 164
PI 471834,19,22,False,,,CRI,Landrace,Costa Rica 165
PI 471836,19,19,False,,,CRI,Landrace,Costa Rica 169
PI 471838,19,19,False,,,CRI,Landrace,Costa Rica 172
PI 471839,20,20,False,,,CRI,Landrace,Costa Rica 174
PI 471840,19,22,False,,,CRI,Landrace,Costa Rica 175
PI 471841,19,19,False,,,CRI,Landrace,Costa Rica 176
PI 471842,20,20,False,,,CRI,Landrace,Costa Rica 177
PI 471844,19,19,False,,,CRI,Landrace,Costa Rica 183
PI 471845,19,19,False,,,CRI,Landrace,Costa Rica 184
PI 471846,20,23,False,,,CRI,Landrace,Costa Rica 185
PI 471847,20,22,False,,,CRI,Landrace,Costa Rica 201
PI 471848,20,20,False,,,CRI,Landrace,Costa Rica 205
PI 471849,19,19,False,,,CRI,Landrace,Costa Rica 206
PI 471850,18,18,False,,,CRI,Landrace,Costa Rica 212
PI 471852,19,19,False,,,CRI,Landrace,Costa Rica 216
PI 471854,20,23,False,,,CRI,Landrace,Costa Rica 220
PI 471855,20,20,False,,,CRI,Landrace,Costa Rica 221
PI 471856,19,22,False,,,CRI,Landrace,Costa Rica 222
PI 471858,19,19,False,,,CRI,Landrace,Costa Rica 224
PI 471859,20,23,False,,,CRI,Landrace,Costa Rica 225
PI 471862,20,23,False,,,CRI,Landrace,Costa Rica 231
PI 471863,19,22,False,,,CRI,Landrace,Costa Rica 232
PI 471864,19,19,False,,,CRI,Landrace,Costa Rica 233
PI 471865,20,20,False,,,CRI,Landrace,Costa Rica 234
PI 471866,19,22,False,,,CRI,Landrace,Costa Rica 235
PI 471867,19,19,False,,,CRI,Landrace,Costa Rica 236
PI 471868,19,19,False,,,CRI,Landrace,Costa Rica 237
PI 471869,20,20,False,,,CRI,Landrace,Costa Rica 238
PI 471870,19,19,False,,,CRI,Landrace,Costa Rica 240
PI 471871,21,23,False,,,CRI,Landrace,Costa Rica 241
PI 471872,20,22,False,,,CRI,Landrace,Costa Rica 242
PI 471873,19,21,False,,,CRI,Landrace,Costa Rica 243
PI 471875,20,20,False,,,CRI,Landrace,Costa Rica 250
PI 471876,19,19,False,,,CRI,Landrace,Costa Rica 251
PI 471877,20,20,False,,,CRI,Landrace,Costa Rica 252
PI 471878,19,22,False,,,CRI,Landrace,Costa Rica 255
PI 471879,20,23,False,,,CRI,Landrace,Costa Rica 258
PI 471881,20,20,False,,,CRI,Landrace,Costa Rica 261
PI 471884,20,20,False,,,CRI,Landrace,Costa Rica 268
PI 471888,19,22,False,,,BOL,Landrace,Bolivia 405
PI 471892,18,18,False,,,BOL,Landrace,Bolivia 635
PI 471893,42,42,False,,,BOL,Landrace,Bolivia 792
PI 471896,19,21,False,,,BOL,Landrace,Bolivia 1048
PI 471897,19,22,False,,,BOL,Landrace,Bolivia 1063
PI 471898,19,21,False,,,BOL,Landrace,Bolivia 1082
PI 472021,21,21,False,,,USA,Landrace,Turtle Mountain White
PI 472023,29,29,False,,,USA,Landrace,Pickanninny Blue
PI 472117,25,44,False,,,PRY,Breeding material,Pichinga Redondo I
PI 474213,21,24,False,,,MEX,Landrace,"Dulcillo de Noroeste, Caca sunu."
PI 474214,17,17,False,,,MEX,Landrace,"Dulcillo de Noroeste, Caca sunu."
PI 476867,28,29,False,,,USA,Landrace,Blue Corn
PI 476868,29,46,False,,,USA,Landrace,Blue corn
PI 476869,51,53,False,,,USA,Landrace,Pueblo Blue Flour
PI 476870,29,31,False,,,USA,Landrace,Supai Chinmark
PI 476871,25,25,False,,,MEX,Landrace,Maiz chapalote
PI 477434,26,50,False,,,CHL,Landrace,CHZM 07 055
PI 477456,20,20,False,,,CHL,Landrace,CHZM 07 079
PI 477512,29,29,False,,,CHL,Cultivated material,CHZM 09 041
PI 477534,15,15,False,,,CHL,Cultivated material,CHZM 13 021
PI 477535,17,18,False,,,CHL,Landrace,CHZM 13 024
PI 477537,30,32,False,,,URY,Landrace,Uruguay 8A
PI 477538,31,33,False,,,URY,Landrace,Uruguay 16A
PI 477539,32,34,False,,,URY,Landrace,Uruguay 26A
PI 477540,31,33,False,,,URY,Landrace,Uruguay 58A
PI 477541,29,31,False,,,URY,Landrace,Uruguay 96A
PI 477543,31,33,False,,,URY,Landrace,Uruguay 137A
PI 477544,30,32,False,,,URY,Landrace,Uruguay 156A
PI 477545,29,29,False,,,URY,Landrace,Uruguay 160A
PI 477546,29,31,False,,,URY,Landrace,Uruguay 166A
PI 477547,29,31,False,,,URY,Landrace,Uruguay 167A
PI 477549,29,31,False,,,URY,Landrace,Uruguay 213A
PI 477550,29,31,False,,,URY,Landrace,Uruguay 217A
PI 477551,29,31,False,,,URY,Landrace,Uruguay 223A
PI 477552,32,36,False,,,URY,Landrace,Uruguay 248A
PI 477553,29,31,False,,,URY,Landrace,Uruguay 267A
PI 477554,29,31,False,,,URY,Landrace,Uruguay 268A
PI 477555,32,34,False,,,URY,Landrace,Uruguay 289A
PI 477556,31,33,False,,,URY,Landrace,Uruguay 299A
PI 477557,31,35,False,,,URY,Landrace,Uruguay 309A
PI 477558,27,29,False,,,URY,Landrace,Uruguay 323A
PI 477559,25,26,False,,,URY,Landrace,Uruguay 327A
PI 477560,29,31,False,,,URY,Landrace,Uruguay 344A
PI 477561,30,32,False,,,URY,Landrace,Uruguay 349A
PI 477562,29,31,False,,,URY,Landrace,Uruguay 352A
PI 477563,19,19,False,,,URY,Landrace,Uruguay 363A
PI 477564,31,33,False,,,URY,Landrace,Uruguay 368A
PI 477566,27,29,False,,,URY,Landrace,Uruguay 373A
PI 477567,28,30,False,,,URY,Landrace,Uruguay 378A
PI 477568,23,26,False,,,URY,Landrace,Uruguay 381A
PI 477569,19,21,False,,,URY,Landrace,Uruguay 384A
PI 477570,29,31,False,,,URY,Landrace,Uruguay 388A
PI 477571,23,23,False,,,URY,Landrace,Uruguay 394A
PI 477572,20,21,False,,,URY,Landrace,Uruguay 400A
PI 477573,19,20,False,,,URY,Landrace,Uruguay 401A
PI 477574,31,35,False,,,URY,Landrace,Uruguay 413A
PI 477575,21,22,False,,,URY,Landrace,Uruguay 423A
PI 477576,23,24,False,,,URY,Landrace,Uruguay 424A
PI 477577,19,20,False,,,URY,Landrace,Uruguay 429A
PI 477578,21,25,False,,,URY,Landrace,Uruguay 502A
PI 477580,19,20,False,,,URY,Landrace,Uruguay 511A
PI 477581,18,19,False,,,URY,Landrace,Uruguay 515A
PI 477582,19,20,False,,,URY,Landrace,Uruguay 516A
PI 477583,20,21,False,,,URY,Landrace,Uruguay 519A
PI 477584,20,21,False,,,URY,Landrace,Uruguay 521A
PI 477585,20,21,False,,,URY,Landrace,Uruguay 522A
PI 477586,20,21,False,,,URY,Landrace,Uruguay 525A
PI 477587,20,21,False,,,URY,Landrace,Uruguay 526A
PI 477588,23,24,False,,,URY,Landrace,Uruguay 529A
PI 477590,31,34,False,,,URY,Landrace,Uruguay 531A
PI 477592,19,20,False,,,URY,Landrace,Uruguay 535A
PI 477593,20,21,False,,,URY,Landrace,Uruguay 538A
PI 477594,23,24,False,,,URY,Landrace,Uruguay 539A
PI 477595,23,25,False,,,URY,Landrace,Uruguay 542A
PI 477596,19,20,False,,,URY,Landrace,Uruguay 544A
PI 477597,19,20,False,,,URY,Landrace,Uruguay 545A
PI 477598,18,19,False,,,URY,Landrace,Uruguay 546A
PI 477599,19,20,False,,,URY,Landrace,Uruguay 549A
PI 477600,20,21,False,,,URY,Landrace,Uruguay 550A
PI 477601,19,20,False,,,URY,Landrace,Uruguay 556A
PI 477602,20,21,False,,,URY,Landrace,Uruguay 557A
PI 477603,19,20,False,,,URY,Landrace,Uruguay 559A
PI 477604,19,20,False,,,URY,Landrace,Uruguay 562A
PI 477605,19,20,False,,,URY,Landrace,Uruguay 563A
PI 477606,19,20,False,,,URY,Landrace,Uruguay 564A
PI 477607,19,20,False,,,URY,Landrace,Uruguay 567A
PI 477608,19,34,False,,,URY,Landrace,Uruguay 570A
PI 477609,19,20,False,,,URY,Landrace,Uruguay 573A
PI 477610,19,20,False,,,URY,Landrace,Uruguay 577A
PI 477611,19,20,False,,,URY,Landrace,Uruguay 578A
PI 477612,19,20,False,,,URY,Landrace,Uruguay 581A
PI 477613,19,20,False,,,URY,Landrace,Uruguay 582A
PI 477614,20,21,False,,,URY,Landrace,Uruguay 584A
PI 477615,20,21,False,,,URY,Landrace,Uruguay 585A
PI 477616,19,20,False,,,URY,Landrace,Uruguay 588A
PI 477617,19,20,False,,,URY,Landrace,Uruguay 589A
PI 477618,19,20,False,,,URY,Landrace,Uruguay 591A
PI 477619,19,20,False,,,URY,Landrace,Uruguay 592A
PI 477620,20,21,False,,,URY,Landrace,Uruguay 593A
PI 477621,19,20,False,,,URY,Landrace,Uruguay 594A
PI 477622,21,22,False,,,URY,Landrace,Uruguay 595A
PI 477623,32,37,False,,,URY,Landrace,Uruguay 599A
PI 477624,20,21,False,,,URY,Landrace,Uruguay 600A
PI 477625,23,25,False,,,URY,Landrace,Uruguay 601A
PI 477626,23,26,False,,,URY,Landrace,Uruguay 602A
PI 477627,22,23,False,,,URY,Landrace,Uruguay 603A
PI 477628,19,20,False,,,URY,Landrace,Uruguay 604A
PI 477629,19,20,False,,,URY,Landrace,Uruguay 606A
PI 477630,19,20,False,,,URY,Landrace,Uruguay 609A
PI 477631,19,20,False,,,URY,Landrace,Uruguay 611A
PI 477632,19,20,False,,,URY,Landrace,Uruguay 613A
PI 477633,20,21,False,,,URY,Landrace,Uruguay 620A
PI 477634,21,22,False,,,URY,Landrace,Uruguay 621A
PI 477635,20,21,False,,,URY,Landrace,Uruguay 624A
PI 477636,20,21,False,,,URY,Landrace,Uruguay 625A
PI 477637,21,22,False,,,URY,Landrace,Uruguay 626A
PI 477638,19,20,False,,,URY,Landrace,Uruguay 627A
PI 477639,19,20,False,,,URY,Landrace,Uruguay 630A
PI 477640,20,24,False,,,URY,Landrace,Uruguay 631A
PI 477641,20,21,False,,,URY,Landrace,Uruguay 633A
PI 477642,25,28,False,,,URY,Landrace,Uruguay 634A
PI 477643,19,20,False,,,URY,Landrace,Uruguay 636A
PI 477644,20,21,False,,,URY,Landrace,Uruguay 640A
PI 477645,20,21,False,,,URY,Landrace,Uruguay 641A
PI 477646,20,21,False,,,URY,Landrace,Uruguay 642A
PI 477647,19,20,False,,,URY,Landrace,Uruguay 643A
PI 477648,18,19,False,,,URY,Landrace,Uruguay 644A
PI 477649,19,34,False,,,URY,Landrace,Uruguay 646A
PI 477650,20,21,False,,,URY,Landrace,Uruguay 647A
PI 477651,19,20,False,,,URY,Landrace,Uruguay 649A
PI 477652,19,20,False,,,URY,Landrace,Uruguay 650A
PI 477653,19,20,False,,,URY,Landrace,Uruguay 651A
PI 477654,20,35,False,,,URY,Landrace,Uruguay 652A
PI 477655,19,20,False,,,URY,Landrace,Uruguay 655A
PI 477656,18,19,False,,,URY,Landrace,Uruguay 657A
PI 477657,20,35,False,,,URY,Landrace,Uruguay 658A
PI 477658,19,20,False,,,URY,Landrace,Uruguay 659A
PI 477659,19,20,False,,,URY,Landrace,Uruguay 661A
PI 477660,21,22,False,,,URY,Landrace,Uruguay 663A
PI 477661,21,22,False,,,URY,Landrace,Uruguay 665A
PI 477662,22,23,False,,,URY,Landrace,Uruguay 669A
PI 477663,19,20,False,,,URY,Landrace,Uruguay 670A
PI 477664,24,25,False,,,URY,Landrace,Uruguay 673A
PI 477665,20,21,False,,,URY,Landrace,Uruguay 674A
PI 477666,20,24,False,,,URY,Landrace,Uruguay 679A
PI 477667,19,20,False,,,URY,Landrace,Uruguay 681A
PI 477668,22,23,False,,,URY,Landrace,Uruguay 686A
PI 477669,19,20,False,,,URY,Landrace,Uruguay 688A
PI 477670,20,21,False,,,URY,Landrace,Uruguay 692A
PI 477671,17,18,False,,,URY,Landrace,Uruguay 699A
PI 477672,19,20,False,,,URY,Landrace,Uruguay 701A
PI 477673,20,21,False,,,URY,Landrace,Uruguay 703A
PI 477674,20,21,False,,,URY,Landrace,Uruguay 708A
PI 477675,19,20,False,,,URY,Landrace,Uruguay 709A
PI 477676,29,32,False,,,URY,Landrace,Uruguay 710A
PI 477677,19,20,False,,,URY,Landrace,Uruguay 712A
PI 477678,19,20,False,,,URY,Landrace,Uruguay 714A
PI 477679,19,20,False,,,URY,Landrace,Uruguay 718A
PI 477680,19,20,False,,,URY,Landrace,Uruguay 720A
PI 477681,19,20,False,,,URY,Landrace,Uruguay 722A
PI 477682,19,20,False,,,URY,Landrace,Uruguay 725A
PI 477683,20,21,False,,,URY,Landrace,Uruguay 726A
PI 477684,19,20,False,,,URY,Landrace,Uruguay 730A
PI 477685,20,21,False,,,URY,Landrace,Uruguay 733A
PI 477686,18,19,False,,,URY,Landrace,Uruguay 734A
PI 477687,20,21,False,,,URY,Landrace,Uruguay 736A
PI 477688,20,24,False,,,URY,Landrace,Uruguay 741A
PI 477689,18,19,False,,,URY,Landrace,Uruguay 749A
PI 477690,24,27,False,,,URY,Landrace,Uruguay 750A
PI 477691,19,20,False,,,URY,Landrace,Uruguay 751A
PI 477692,31,34,False,,,URY,Landrace,Uruguay 752A
PI 477693,20,21,False,,,URY,Landrace,Uruguay 753A
PI 477695,22,24,False,,,URY,Landrace,Uruguay 1001A
PI 477696,21,22,False,,,URY,Landrace,Uruguay 1005A
PI 477698,20,21,False,,,URY,Landrace,Uruguay 1011A
PI 477699,20,21,False,,,URY,Landrace,Uruguay 1021A
PI 477700,23,24,False,,,URY,Landrace,Uruguay 1022A
PI 477701,20,21,False,,,URY,Landrace,Uruguay 1025A
PI 477702,21,22,False,,,URY,Landrace,Uruguay 1026A
PI 477703,21,22,False,,,URY,Landrace,Uruguay 1027A
PI 477704,21,22,False,,,URY,Landrace,Uruguay 1030A
PI 477705,21,22,False,,,URY,Landrace,Uruguay 1033A
PI 477706,21,22,False,,,URY,Landrace,Uruguay 1034A
PI 477707,21,22,False,,,URY,Landrace,Uruguay 1035A
PI 477708,20,21,False,,,URY,Landrace,Uruguay 1036A
PI 477709,21,22,False,,,URY,Landrace,Uruguay 1038A
PI 477710,21,22,False,,,URY,Landrace,Uruguay 1041A
PI 477711,21,22,False,,,URY,Landrace,Uruguay 1042A
PI 477712,21,22,False,,,URY,Landrace,Uruguay 1043A
PI 477713,24,25,False,,,URY,Landrace,Uruguay 1045A
PI 477714,21,22,False,,,URY,Landrace,Uruguay 1047A
PI 477715,23,24,False,,,URY,Landrace,Uruguay 1050A
PI 477717,21,22,False,,,URY,Landrace,Uruguay 1057A
PI 477718,21,22,False,,,URY,Landrace,Uruguay 1058A
PI 477719,22,23,False,,,URY,Landrace,Uruguay 1061A
PI 477720,23,26,False,,,URY,Landrace,Uruguay 1064A
PI 477721,21,22,False,,,URY,Landrace,Uruguay 1071A
PI 477723,20,21,False,,,URY,Landrace,Uruguay 1074A
PI 477724,20,21,False,,,URY,Landrace,Uruguay 1077A
PI 477725,23,24,False,,,URY,Landrace,Uruguay 1084A
PI 477726,23,24,False,,,URY,Landrace,Uruguay 1088A
PI 477727,19,20,False,,,URY,Landrace,Uruguay 1091A
PI 477728,20,21,False,,,URY,Landrace,Uruguay 1095A
PI 477729,20,21,False,,,URY,Landrace,Uruguay 1096A
PI 477730,20,21,False,,,URY,Landrace,Uruguay 1100A
PI 477731,19,20,False,,,URY,Landrace,Uruguay 1102A
PI 477732,22,23,False,,,URY,Landrace,Uruguay 1103A
PI 477733,21,22,False,,,URY,Landrace,Uruguay 1105A
PI 477734,23,24,False,,,URY,Landrace,Uruguay 1108A
PI 477735,24,27,False,,,URY,Landrace,Uruguay 1113A
PI 477736,21,22,False,,,URY,Landrace,Uruguay 1114A
PI 477737,21,22,False,,,URY,Landrace,Uruguay 1120A
PI 477738,19,20,False,,,URY,Landrace,Uruguay 1133A
PI 477739,20,21,False,,,URY,Landrace,Uruguay 1146A
PI 477740,20,21,False,,,URY,Landrace,Uruguay 1147A
PI 477741,19,20,False,,,URY,Landrace,Uruguay 1148A
PI 477743,21,22,False,,,URY,Landrace,Uruguay 1154A
PI 477744,19,21,False,,,URY,Landrace,Uruguay 1158A
PI 477745,20,21,False,,,URY,Landrace,Uruguay 1161A
PI 477746,20,22,False,,,URY,Landrace,Uruguay 1163A
PI 477747,20,21,False,,,URY,Landrace,Uruguay 1164A
PI 477748,19,20,False,,,URY,Landrace,Uruguay 1167A
PI 477749,20,21,False,,,URY,Landrace,Uruguay 1168A
PI 477750,18,18,False,,,URY,Landrace,Uruguay 1170A
PI 477751,20,22,False,,,URY,Landrace,Uruguay 1171A
PI 477752,22,23,False,,,URY,Landrace,Uruguay 1177A
PI 477753,22,23,False,,,URY,Landrace,Uruguay 1179A
PI 477754,21,22,False,,,URY,Landrace,Uruguay 1185A
PI 477755,22,26,False,,,URY,Landrace,Uruguay 1191A
PI 477756,20,21,False,,,URY,Landrace,Uruguay 1192A
PI 477757,20,21,False,,,URY,Landrace,Uruguay 1198A
PI 477758,20,21,False,,,URY,Landrace,Uruguay 1201A
PI 477759,20,21,False,,,URY,Landrace,Uruguay 1203A
PI 477760,19,20,False,,,URY,Landrace,Uruguay 1208A
PI 477761,22,23,False,,,URY,Landrace,Uruguay 1221A
PI 477762,21,22,False,,,URY,Landrace,Uruguay 1227A
PI 478289,17,17,False,,,MDG,Cultivated material,Katsaka Mena
PI 478290,17,17,False,,,MDG,Cultivated material,AP80-148
PI 478291,15,43,False,,,MDG,Cultivated material,AP80-152
PI 478292,15,37,False,,,MDG,Cultivated material,AP80-153
PI 478294,17,18,False,,,MDG,Cultivated material,AP80-161
PI 478295,17,17,False,,,MDG,Cultivated material,AP80-235
PI 478296,15,28,False,,,MDG,Cultivated material,AP80-236
PI 478297,17,17,False,,,MDG,Cultivated material,AP80-249
PI 478898,16,16,False,,,MEX,Landrace,San Luis Potosi 20
PI 478899,20,20,False,,,MEX,Landrace,San Luis Potosi 63
PI 478900,17,28,False,,,MEX,Landrace,San Luis Potosi 107
PI 478902,18,29,False,,,BRA,Landrace,Brazil 15
PI 478904,16,16,False,,,CRI,Landrace,Costa Rica 182
PI 478905,17,17,False,,,CRI,Landrace,Costa Rica 210
PI 478906,18,18,False,,,CRI,Landrace,Costa Rica 217
PI 478907,18,32,False,,,CRI,Landrace,Costa Rica 219
PI 478908,18,18,False,,,CRI,Landrace,Costa Rica 287
PI 478912,19,21,False,,,DOM,Landrace,Dominican Republic 291
PI 478914,17,17,False,,,SLV,Landrace,El Salvador 9
PI 478915,18,18,False,,,SLV,Landrace,El Salvador 29
PI 478916,17,17,False,,,SLV,Landrace,El Salvador 41
PI 478917,16,16,False,,,SLV,Landrace,El Salvador 43
PI 478918,17,17,False,,,SLV,Landrace,El Salvador 46
PI 478919,18,18,False,,,SLV,Landrace,El Salvador 53
PI 478920,16,16,False,,,SLV,Landrace,El Salvador 56
PI 478921,16,16,False,,,SLV,Landrace,El Salvador 57
PI 478922,18,18,False,,,SLV,Landrace,El Salvador 58
PI 478923,18,18,False,,,SLV,Landrace,El Salvador 63
PI 478924,18,18,False,,,SLV,Landrace,El Salvador 64
PI 478925,18,18,False,,,SLV,Landrace,El Salvador 70
PI 478926,18,18,False,,,SLV,Landrace,El Salvador 71
PI 478927,17,17,False,,,SLV,Landrace,El Salvador 73
PI 478928,18,18,False,,,SLV,Landrace,El Salvador 74
PI 478929,18,18,False,,,SLV,Landrace,El Salvador 81
PI 478930,18,18,False,,,SLV,Landrace,El Salvador 85
PI 478931,17,17,False,,,SLV,Landrace,El Salvador 89
PI 478932,18,18,False,,,SLV,Landrace,El Salvador 94
PI 478933,18,32,False,,,SLV,Landrace,El Salvador 95
PI 478934,16,16,False,,,SLV,Landrace,El Salvador 98
PI 478935,18,18,False,,,SLV,Landrace,El Salvador 99
PI 478936,16,16,False,,,SLV,Landrace,El Salvador 105
PI 478937,18,18,False,,,SLV,Landrace,El Salvador 106
PI 478938,18,18,False,,,SLV,Landrace,El Salvador 108
PI 478939,16,16,False,,,SLV,Landrace,El Salvador 111
PI 478940,16,17,False,,,GTM,Landrace,Guatemala 59
PI 478941,19,19,False,,,GTM,Landrace,Guatemala 121
PI 478942,18,32,False,,,HND,Landrace,Honduras 52
PI 478943,18,32,False,,,HND,Landrace,Honduras 56
PI 478944,18,32,False,,,HND,Landrace,Honduras 62
PI 478945,16,30,False,,,HND,Landrace,Honduras 63
PI 478946,20,20,False,,,HND,Landrace,Honduras 66
PI 478947,18,18,False,,,HND,Landrace,Honduras 70
PI 478948,17,31,False,,,HND,Landrace,Honduras 72
PI 478949,17,17,False,,,HND,Landrace,Honduras 80
PI 478950,18,32,False,,,HND,Landrace,Honduras 81
PI 478951,18,32,False,,,HND,Landrace,Honduras 86
PI 478952,16,16,False,,,HND,Landrace,Honduras 96
PI 478953,18,32,False,,,HND,Landrace,Honduras 107
PI 478954,18,32,False,,,HND,Landrace,Honduras 113
PI 478955,18,32,False,,,HND,Landrace,Honduras 119
PI 478956,16,16,False,,,HND,Landrace,Honduras 120
PI 478957,17,17,False,,,HND,Landrace,Honduras 124
PI 478958,16,16,False,,,HND,Landrace,Honduras 128
PI 478959,17,17,False,,,HND,Landrace,Honduras 129
PI 478960,17,17,False,,,HND,Landrace,Honduras 132
PI 478964,16,16,False,,,MEX,Landrace,Campeche 39
PI 478965,38,38,False,,,MEX,Landrace,Campeche 48
PI 478966,19,19,False,,,MEX,Landrace,Chiapas 24
PI 478967,37,37,False,,,MEX,Landrace,Chiapas 25
PI 478968,42,56,False,,,MEX,Landrace,Chiapas 26
PI 478969,42,42,False,,,MEX,Landrace,Chiapas 30
PI 478970,37,37,False,,,MEX,Landrace,Chiapas 31
PI 478971,17,17,False,,,MEX,Landrace,Chiapas 61
PI 478972,17,17,False,,,MEX,Landrace,Chiapas 62
PI 478974,42,42,False,,,MEX,Landrace,Chiapas 76
PI 478975,17,17,False,,,MEX,Landrace,Chiapas 77
PI 478976,17,17,False,,,MEX,Landrace,Chiapas 78
PI 478978,17,17,False,,,MEX,Landrace,Chiapas 107
PI 478979,16,16,False,,,MEX,Landrace,Chiapas 108
PI 478980,17,17,False,,,MEX,Landrace,Chiapas 109
PI 478983,15,15,False,,,MEX,Landrace,Chiapas 172
PI 478985,17,17,False,,,MEX,Landrace,Chiapas 209
PI 478986,15,15,False,,,MEX,Landrace,Chiapas 222
PI 478988,21,21,False,,,MEX,Landrace,Chiapas 225
PI 478990,16,16,False,,,MEX,Landrace,Coahuila 4
PI 478994,17,17,False,,,MEX,Landrace,Coahuila 65
PI 478996,18,18,False,,,MEX,Landrace,Colima 5
PI 478997,17,17,False,,,MEX,Landrace,Colima 6
PI 478998,17,31,False,,,MEX,Landrace,Colima 15
PI 479000,16,16,False,,,MEX,Landrace,Guerrero 45
PI 479001,16,16,False,,,MEX,Landrace,Guerrero 55
PI 479004,19,19,False,,,MEX,Landrace,Guerrero 111
PI 479005,16,16,False,,,MEX,Landrace,Guerrero 121
PI 479006,16,16,False,,,MEX,Landrace,Guerrero 130
PI 479007,16,16,False,,,MEX,Landrace,Guerrero 134
PI 479008,16,16,False,,,MEX,Landrace,Guerrero 150
PI 479009,16,16,False,,,MEX,Landrace,Guerrero 151
PI 479010,16,16,False,,,MEX,Landrace,Guerrero 153
PI 479011,38,38,False,,,MEX,Landrace,Guerrero 157
PI 479012,16,16,False,,,MEX,Landrace,Guerrero 158
PI 479013,16,16,False,,,MEX,Landrace,Guerrero 159
PI 479014,16,16,False,,,MEX,Landrace,Guerrero 165
PI 479015,17,24,False,,,MEX,Landrace,Guerrero 173
PI 479016,38,38,False,,,MEX,Landrace,Guerrero 176
PI 479017,16,16,False,,,MEX,Landrace,Guerrero 177
PI 479018,16,16,False,,,MEX,Landrace,Guerrero 182
PI 479019,16,16,False,,,MEX,Landrace,Guerrero 183
PI 479020,16,16,False,,,MEX,Landrace,Guerrero 185
PI 479021,16,16,False,,,MEX,Landrace,Guerrero 192
PI 479022,17,17,False,,,MEX,Landrace,Guerrero 193
PI 479025,21,21,False,,,MEX,Landrace,Guerrero 210
PI 479026,16,16,False,,,MEX,Landrace,Guerrero 212
PI 479027,16,16,False,,,MEX,Landrace,Michoacan 102
PI 479033,17,20,False,,,MEX,Landrace,Michoacan 146
PI 479034,17,20,False,,,MEX,Landrace,Michoacan 169
PI 479037,16,16,False,,,MEX,Landrace,Michoacan 177
PI 479042,16,30,False,,,MEX,Landrace,Nayarit 21
PI 479043,16,18,False,,,MEX,Landrace,Nayarit 26
PI 479044,40,43,False,,,MEX,Landrace,Nayarit 32
PI 479048,16,16,False,,,MEX,Landrace,Nuevo Leon 7
PI 479049,17,20,False,,,MEX,Landrace,Nuevo Leon 18
PI 479051,17,17,False,,,MEX,Landrace,Oaxaca 19
PI 479054,37,37,False,,,MEX,Landrace,Oaxaca 50
PI 479056,16,16,False,,,MEX,Landrace,Oaxaca 81
PI 479057,16,16,False,,,MEX,Landrace,Oaxaca 90
PI 479059,16,16,False,,,MEX,Landrace,Oaxaca 127
PI 479060,17,17,False,,,MEX,Landrace,Oaxaca 129
PI 479063,17,17,False,,,MEX,Landrace,Oaxaca 166
PI 479064,17,17,False,,,MEX,Landrace,Quintana Roo 3
PI 479066,19,19,False,,,MEX,Landrace,Sinaloa 1
PI 479067,18,18,False,,,MEX,Landrace,Sinaloa 4
PI 479069,17,18,False,,,MEX,Landrace,Sonora 23
PI 479071,39,39,False,,,MEX,Landrace,Sonora 29
PI 479072,17,31,False,,,MEX,Landrace,Sonora 51
PI 479074,17,18,False,,,MEX,Landrace,Tamaulipas 30
PI 479075,15,15,False,,,MEX,Landrace,Veracruz 42
PI 479076,16,16,False,,,MEX,Landrace,Veracruz 43
PI 479077,16,16,False,,,MEX,Landrace,Veracruz 45
PI 479078,15,15,False,,,MEX,Landrace,Veracruz 56
PI 479079,15,15,False,,,MEX,Landrace,Veracruz 73
PI 479080,18,29,False,,,MEX,Landrace,Veracruz 83
PI 479081,15,15,False,,,MEX,Landrace,Veracruz 162
PI 479082,16,16,False,,,MEX,Landrace,Veracruz 174
PI 479083,15,15,False,,,MEX,Landrace,Veracruz 183
PI 479084,16,16,False,,,MEX,Landrace,Veracruz 185
PI 479085,16,16,False,,,MEX,Landrace,Veracruz 191
PI 479086,15,15,False,,,MEX,Landrace,Veracruz 196
PI 479087,17,17,False,,,MEX,Landrace,Veracruz 210
PI 479088,16,16,False,,,MEX,Landrace,Veracruz 218
PI 479089,17,17,False,,,MEX,Landrace,Yucatan 4
PI 479092,17,17,False,,,MEX,Landrace,Yucatan 48
PI 479093,17,17,False,,,MEX,Landrace,Yucatan 51
PI 479094,17,17,False,,,MEX,Landrace,Yucatan 55
PI 479099,16,16,False,,,MEX,Landrace,Yucatan 127
PI 479100,16,16,False,,,MEX,Landrace,Yucatan 147
PI 479102,20,20,False,,,NIC,Landrace,Nicaragua 2
PI 479103,18,18,False,,,NIC,Landrace,Nicaragua 33
PI 479104,17,17,False,,,NIC,Landrace,Nicaragua 62
PI 479105,18,18,False,,,NIC,Landrace,Nicaragua 72
PI 479106,18,18,False,,,NIC,Landrace,Nicaragua 81
PI 479107,15,15,False,,,NIC,Landrace,Nicaragua 84
PI 479108,17,17,False,,,NIC,Landrace,Nicaragua 89
PI 479109,18,18,False,,,NIC,Landrace,Nicaragua 92
PI 479110,16,16,False,,,NIC,Landrace,Nicaragua 113
PI 479111,16,16,False,,,NIC,Landrace,Nicaragua 119
PI 479112,16,16,False,,,NIC,Landrace,Nicaragua 174
PI 479113,16,16,False,,,PAN,Landrace,Panama 61
PI 479114,17,17,False,,,PAN,Landrace,Panama 70
PI 479115,15,15,False,,,PAN,Landrace,Panama 80
PI 479116,16,16,False,,,PAN,Landrace,Panama 87
PI 479117,16,16,False,,,PAN,Landrace,Panama 104
PI 479118,16,16,False,,,PAN,Landrace,Panama 115
PI 479119,16,16,False,,,PAN,Landrace,Panama 132
PI 479120,16,16,False,,,PAN,Landrace,Panama 137
PI 479121,16,16,False,,,PAN,Landrace,Panama 147
PI 479122,15,16,False,,,PRY,Landrace,Paraguay 117
PI 479123,38,38,False,,,PRY,Landrace,Paraguay 121
PI 479124,17,17,False,,,TTO,Landrace,Tobago 6
PI 479125,18,32,False,,,TTO,Landrace,Trinidad 10
PI 479127,29,32,False,,,URY,Landrace,Uruguay 40A
PI 479128,31,96,False,,,URY,Landrace,Uruguay 98A
PI 479129,24,26,False,,,URY,Landrace,Uruguay 175A
PI 479133,30,33,False,,,URY,Landrace,Uruguay 221A
PI 479135,30,33,False,,,URY,Landrace,Uruguay 247A
PI 479140,22,24,False,,,URY,Landrace,Uruguay 259A
PI 479144,29,32,False,,,URY,Landrace,Uruguay 277A
PI 479145,15,17,False,,,URY,Landrace,Uruguay 281A
PI 479150,26,30,False,,,URY,Landrace,Uruguay 295A
PI 479166,24,26,False,,,URY,Landrace,Uruguay 356A
PI 479167,25,28,False,,,URY,Landrace,Uruguay 358A
PI 479175,19,20,False,,,URY,Landrace,Uruguay 379A
PI 479176,20,21,False,,,URY,Landrace,Uruguay 385A
PI 479178,17,18,False,,,URY,Landrace,Uruguay 389A
PI 479180,20,24,False,,,URY,Landrace,Uruguay 397A
PI 479182,30,32,False,,,URY,Landrace,Uruguay 414A
PI 479184,17,18,False,,,URY,Landrace,Uruguay 426A
PI 479197,23,25,False,,,URY,Landrace,Uruguay 1156A
PI 479199,17,18,False,,,URY,Landrace,Uruguay 1195A
PI 482975,30,46,False,,,ZWE,Cultivated material,Chitope
PI 482988,24,38,False,,,ZWE,Cultivated material,Njeke
PI 483006,22,36,False,,,ZWE,Cultivated material,TGR 2062
PI 483087,31,46,False,,,USA,Landrace,Mohawk Round Nose
PI 483088,32,32,False,,,USA,Landrace,Wampum Flint
PI 483270,19,20,False,,,USA,Landrace,Singletary
PI 483272,19,20,False,,,USA,Landrace,Taylor
PI 483275,20,21,False,,,USA,Landrace,Greene
PI 483276,19,20,False,,,USA,Landrace,Bagnel
PI 483277,19,20,False,,,USA,Landrace,Mulberry
PI 483278,21,23,False,,,USA,Landrace,C. C. Hicks Mixed Dent
PI 483282,19,20,False,,,USA,Landrace,Ford
PI 483283,21,22,False,,,USA,Landrace,PD 5
PI 483288,19,21,False,,,USA,Landrace,BARFIELD YELLOW DENT
PI 483289,19,20,False,,,USA,Landrace,Hughes
PI 483291,19,21,False,,,USA,Landrace,Moody
PI 483292,19,21,False,,,USA,Landrace,Wilbur
PI 483293,23,24,False,,,USA,Landrace,Chandler
PI 483295,19,20,False,,,USA,Landrace,Herring
PI 483298,19,20,False,,,USA,Landrace,Wiggins
PI 483301,27,28,False,,,USA,Breeding material,SC Composite
PI 483310,19,20,False,,,USA,Landrace,Kirby
PI 483312,30,32,False,,,USA,Landrace,Pencil Cob
PI 483313,21,23,False,,,USA,Landrace,Indian Flint
PI 483314,30,31,False,,,USA,Landrace,Tuxpan
PI 483317,24,26,False,,,USA,Landrace,Jellicorse
PI 483318,18,19,False,,,USA,Landrace,Barnes
PI 483486,20,28,False,,,MEX,Landrace,Coahuila 67
PI 483489,21,24,False,,,MEX,Landrace,Chiapas 87
PI 483490,16,26,False,,,MEX,Landrace,Chiapas 88
PI 483492,18,19,False,,,MEX,Landrace,Chiapas 138
PI 483511,28,28,False,,,MEX,Landrace,Guanajuato 1
PI 483524,22,22,False,,,MEX,Landrace,Guanajuato 69
PI 483560,38,38,False,,,MEX,Landrace,Jalisco 43
PI 483568,24,24,False,,,MEX,Landrace,Jalisco 78
PI 483606,23,23,False,,,MEX,Landrace,Mexico 7
PI 483612,18,26,False,,,MEX,Landrace,Mexico 46
PI 483613,20,20,False,,,MEX,Landrace,Mexico 48
PI 483617,22,22,False,,,MEX,Landrace,Mexico 72
PI 483636,18,25,False,,,MEX,Landrace,Mexico 182
PI 483654,19,20,False,,,MEX,Landrace,Veracruz 35
PI 483785,22,22,False,,"Composite of Uruguay 683, 684, 693, 700, 710, and 727.",URY,Breeding material,Uruguay Group 3
PI 483806,19,33,False,,,CUB,Landrace,Cuba 83
PI 483814,20,20,False,,,CUB,Landrace,Cuba 107
PI 483878,27,27,False,,,GRD,Landrace,Grenada 8
PI 483911,27,27,False,,,JAM,Landrace,Jamaica 8
PI 483912,20,20,False,,,JAM,Landrace,Jamaica 10
PI 483962,17,18,False,,,MEX,Landrace,Oaxaca 223
PI 484028,20,21,False,,,DOM,Landrace,Dominican Republic 150
PI 484038,15,15,False,,,SUR,Landrace,Suriname 804
PI 484040,17,17,False,,"FROM CIMMYT records: Composite of collections Guanajuato 41, 57, 59, 61, 63, 65, 69, 72, 74, 75, 77, 78, and 88.",MEX,Breeding material,Guanajuato Group 3
PI 484099,23,23,False,,,MEX,Landrace,Michoacan 351
PI 484107 CYMT,23,23,False,,,MEX,Landrace,Michoacan 371
PI 484114,17,26,False,,,MEX,Landrace,Michoacan 380
PI 484136,18,27,False,,,MEX,Landrace,Oaxaca 24
PI 484137,23,23,False,,,MEX,Landrace,Oaxaca 40
PI 484142,32,32,False,,,MEX,Landrace,Oaxaca 221
PI 484152 CYMT,23,23,False,,,MEX,Landrace,Oaxaca 298
PI 484166,18,22,False,,,MEX,Landrace,Oaxaca 365
PI 484401,18,34,False,,,MEX,Landrace,Aguascalientes 8
PI 484404,15,15,False,,,MEX,Landrace,Chihuahua 129
PI 484406,32,32,False,,,MEX,Landrace,Chihuahua 131
PI 484410 CYMT,22,22,False,,,MEX,Landrace,Chihuahua 135
PI 484413,39,40,False,,,MEX,Landrace,Chihuahua 138
PI 484421,32,32,False,,,MEX,Landrace,Chihuahua 147
PI 484422,46,47,False,,,MEX,Landrace,Chihuahua 148
PI 484424,59,65,False,,,MEX,Landrace,Chihuahua 150
PI 484428,36,44,False,,,MEX,Landrace,Chihuahua 154
PI 484431,38,38,False,,,MEX,Landrace,Chihuahua 158
PI 484433,40,40,False,,,MEX,Landrace,Chihuahua 160
PI 484435,15,15,False,,,MEX,Landrace,Chihuahua 163
PI 484441,22,22,False,,,MEX,Landrace,Chihuahua 177
PI 484445,21,21,False,,,MEX,Landrace,Chihuahua 182
PI 484467 CYMT,23,23,False,,,MEX,Landrace,Chihuahua 205
PI 484469,23,23,False,,,MEX,Landrace,Chihuahua 207
PI 484476,26,26,False,,,MEX,Landrace,Chihuahua 214
PI 484480,24,24,False,,,MEX,Landrace,Chihuahua 218
PI 484481,15,16,False,,,MEX,Landrace,Chihuahua 219
PI 484482,39,40,False,,,MEX,Landrace,Chihuahua 220
PI 484504 CYMT,22,22,False,,,MEX,Landrace,Chihuahua 254
PI 484506,26,26,False,,,MEX,Landrace,Chihuahua 256
PI 484517,17,18,False,,,MEX,Landrace,Durango 145
PI 484525,17,24,False,,,MEX,Landrace,Durango 163
PI 484530,17,25,False,,,MEX,Landrace,Durango 169
PI 484558,22,22,False,,,MEX,Landrace,Hidalgo 7
PI 484563,31,31,False,,,MEX,Landrace,Jalisco 289
PI 484570,22,22,False,,,MEX,Landrace,Jalisco 300
PI 484571,21,21,False,,,MEX,Landrace,Jalisco 301
PI 484574 CYMT,22,22,False,,,MEX,Landrace,Jalisco 304
PI 484576 CYMT,23,23,False,,,MEX,Landrace,Jalisco 306
PI 484580,38,39,False,,,MEX,Landrace,Mexico 5
PI 484581,24,24,False,,,MEX,Landrace,Mexico 6
PI 484589 CYMT,22,22,False,,,MEX,Landrace,Mexico 208
PI 484591,23,23,False,,,MEX,Landrace,Mexico 212
PI 484595,35,35,False,,,MEX,Landrace,Puebla 32
PI 484599,25,25,False,,,MEX,Landrace,Puebla 91
PI 484600,20,36,False,,,MEX,Landrace,Puebla 94
PI 484628,41,42,False,,,MEX,Landrace,Zacatecas 180
PI 484644,26,26,False,,,MEX,Landrace,Zacatecas 210
PI 484659,18,19,False,,,MEX,Landrace,Chihuahua 29
PI 484663,17,26,False,,,MEX,Landrace,Chihuahua 70
PI 484665,17,20,False,,,MEX,Landrace,Chihuahua 74
PI 484674 CYMT,20,20,False,,,MEX,Landrace,Guanajuato 29
PI 484681,20,20,False,,,MEX,Landrace,Guanajuato 88
PI 484696,17,18,False,,,MEX,Landrace,Jalisco 31
PI 484703,20,20,False,,,MEX,Landrace,Jalisco 42
PI 484704,40,48,False,,,MEX,Landrace,Jalisco 44
PI 484710,23,23,False,,,MEX,Landrace,Jalisco 63
PI 484711,21,21,False,,,MEX,Landrace,Jalisco 69
PI 484715,25,25,False,,,MEX,Landrace,Jalisco 87
PI 484718,18,19,False,,,MEX,Landrace,Jalisco 103
PI 484725,18,19,False,,,MEX,Landrace,Jalisco 189
PI 484766,16,33,False,,,MEX,Landrace,San Luis Potosi 77
PI 484779 CYMT,18,18,False,,,MEX,Cultivated material,San Luis Potosi 133
PI 484789,16,30,False,,,MEX,Landrace,Coahuila 16
PI 484805,20,20,False,,,MEX,Landrace,Chiapas 56
PI 484808,22,22,False,,,MEX,Landrace,Chiapas 81
PI 484828,23,23,False,,,MEX,Landrace,Nayarit 29
PI 484829,20,20,False,,,MEX,Landrace,Nayarit 38
PI 484852,28,28,False,,,MEX,Landrace,Sinaloa 55
PI 484854 CYMT,23,23,False,,,MEX,Landrace,Sinaloa 60
PI 484855 CYMT,22,22,False,,,MEX,Landrace,Sinaloa 61
PI 484860,17,25,False,,,MEX,Landrace,Sinaloa 70
PI 484863,17,24,False,,,MEX,Landrace,Sinaloa 85
PI 484865,18,19,False,,,MEX,Landrace,Sinaloa 95
PI 484870,18,19,False,,,MEX,Landrace,Durango 102
PI 484880,17,25,False,,,MEX,Landrace,Sonora 24
PI 484895 CYMT,23,23,False,,,MEX,Landrace,Sonora 114
PI 484896 CYMT,23,23,False,,,MEX,Landrace,Sonora 117
PI 484905 CYMT,23,23,False,,,MEX,Cultivated material,Sonora 155
PI 484922,17,25,False,,,MEX,Landrace,Veracruz 13
PI 484925,24,26,False,,,MEX,Landrace,Veracruz 39
PI 484937,17,25,False,,,MEX,Landrace,Veracruz 123
PI 484952 CYMT,22,22,False,,,MEX,Landrace,Yucatan 148
PI 484975,40,41,False,,,GTM,Landrace,Guatemala 740
PI 485071,32,32,False,,,MEX,Landrace,Puebla 403
PI 485104,43,44,False,,,BRA,Landrace,Brazil 2296
PI 485116,25,25,False,,,MEX,Landrace,Chihuahua 128
PI 485120,32,32,False,,,MEX,Landrace,Chihuahua 166
PI 485124,18,18,False,,,MEX,Landrace,Chihuahua 172
PI 485127,32,32,False,,,MEX,Landrace,Chihuahua 180
PI 485128,33,33,False,,,MEX,Landrace,Chihuahua 201
PI 485251,16,16,False,,,PER,Landrace,Apurimac 165
PI 485320,18,32,False,,,PER,Landrace,Lambayeque 5
PI 485322,19,28,False,,,PER,Landrace,Lambayeque 15
PI 485335,17,18,False,,,PER,Landrace,Lima 14
PI 485336,18,18,False,,,PER,Landrace,Lima 43
PI 485338,17,17,False,,,PER,Landrace,Lima 46
PI 485353,19,19,False,,,PER,Landrace,Lima 19
PI 485354,18,18,False,,,PER,Landrace,Huanuco 38
PI 485362,19,29,False,,,PER,Landrace,Ancash 81
PI 485389,15,15,False,,,BOL,Landrace,Bolivia 1045
PI 485390,16,16,False,,,BOL,Landrace,Bolivia 1062
PI 485392,19,22,False,,,BOL,Landrace,Bolivia 438
PI 485394,19,33,False,,,BOL,Landrace,Bolivia 1000
PI 485396,17,31,False,,,BOL,Landrace,Bolivia 1077
PI 485399,16,16,False,,,BOL,Landrace,Bolivia 1035
PI 485413,18,18,False,,,CHL,Landrace,CHZM 13 130
PI 485419,16,16,False,,,CHL,Landrace,Chile 302
PI 485420,17,23,False,,,CHL,Landrace,Chile 323
PI 485455,27,27,False,,,CHL,Cultivated material,Chile 354
PI 485460,15,15,False,,,URY,Landrace,Uruguay 646
PI 485479,19,20,False,,,DOM,Landrace,Dominican Republic 305
PI 485483,17,18,False,,,USA,,
PI 485612,27,27,False,,,CHL,Landrace,CHZM 05 038
PI 485624,30,31,False,,,CHL,Landrace,CHZM 08 010
PI 485690,24,24,False,,,CHL,Landrace,CHZM 10 002
PI 485711,25,25,False,,,CHL,Landrace,CHZM 10 032
PI 485717,26,26,False,,,CHL,Landrace,CHZM 13 022
PI 486516,41,41,False,,,BOL,Landrace,BOZM 8 0093
PI 487660,18,18,False,,,VEN,Landrace,Venezuela 441
PI 487681,17,18,False,,,MEX,Landrace,Durango 147
PI 487752,16,16,False,,,MEX,Landrace,Mexico 516
PI 487843 CYMT,22,22,False,,,MEX,Landrace,Tlaxcala 311
PI 487867,21,21,False,,,MEX,Landrace,Zacatecas 4
PI 487877,23,23,False,,,MEX,Landrace,Zacatecas 187
PI 487903,39,42,False,,,ECU,Landrace,Ecuador 344
PI 488136,15,29,False,,,ECU,Landrace,Ecuador 573
PI 488381,17,24,False,,,PER,Landrace,Loreto 1
PI 488404,19,27,False,,,PER,Landrace,Ancash 25
PI 488408,40,40,False,,,PER,Landrace,Peru 561
PI 488442,16,17,False,,,PER,Landrace,Libertad 3
PI 488484,17,17,False,,,PER,Landrace,Cuzco 118
PI 488492,34,34,False,,,PER,Landrace,Madre de Dios 2
PI 488493,18,18,False,,,PER,Landrace,Madre de Dios 5
PI 488509,27,29,False,,"BRAZIL 570, BRAZIL 572, BRAZIL 575, BRAZIL 576, BRAZIL 578, BRAZIL 579, BRAZIL 580, BRAZIL 581, BRAZIL 605, BRAZIL 606 ",ARG,Breeding material,Argentina Group 8
PI 488511,17,17,False,,,NIC,Landrace,Nicaragua 77
PI 488515,15,15,False,,,ARG,Landrace,Argentina 486
PI 488553,17,25,False,,,MEX,Landrace,Oaxaca 382
PI 488567 CYMT,23,23,False,,,MEX,Landrace,Michoacan 328
PI 488596,17,25,False,,,MEX,Landrace,Morelos 28
PI 488597,17,18,False,,,MEX,Landrace,Morelos 29
PI 488609 CYMT,22,22,False,,,MEX,Landrace,Morelos 46
PI 488696,16,18,False,,,PER,Landrace,Libertad 100
PI 488985,24,24,False,,,MEX,Landrace,Puebla 87
PI 488996,18,26,False,,,MEX,Landrace,Puebla 260
PI 489081,18,26,False,,,MEX,Landrace,Puebla 456
PI 489126,31,31,False,,,MEX,Landrace,Puebla 510
PI 489204,17,18,False,,,MEX,Landrace,Queretaro 21
PI 489230,16,16,False,,,MEX,Breeding material,San Luis Potosi Group 2
PI 489231,16,16,False,,,MEX,Breeding material,San Luis Potosi Group 5
PI 489232,17,41,False,,,MEX,Landrace,Tlaxcala 1
PI 489269,16,16,False,,,BOL,Landrace,Bolivia 79
PI 489361,33,42,False,,,CUB,Landrace,Cuba 164
PI 489384,18,18,False,,,GTM,Landrace,Guatemala 229
PI 489453,40,49,False,,,MEX,Landrace,Coahuila 25
PI 489454,16,16,False,,,MEX,Landrace,Coahuila 32
PI 489458 CYMT,22,22,False,,,MEX,Landrace,Morelos 62
PI 489487 CYMT,23,23,False,,,MEX,Landrace,Morelos 99
PI 489490 CYMT,22,22,False,,,MEX,Landrace,Morelos 102
PI 489504,22,22,False,,,MEX,Landrace,Nayarit 12
PI 489506,25,25,False,,,MEX,Landrace,Nayarit 24
PI 489516,44,44,False,,,MEX,Landrace,Oaxaca 51
PI 489521,17,20,False,,,MEX,Landrace,Veracruz 144
PI 489523,17,18,False,,,MEX,Landrace,Veracruz 147
PI 489595 CYMT,15,15,False,,,PAN,Cultivated material,Panama 72
PI 489605,16,16,False,,,PAN,Landrace,Panama 86
PI 489646,16,16,False,,,PAN,Breeding material,Panama Group 80A
PI 489650,39,39,False,,,PRY,Landrace,Paraguay 119
PI 489675,18,18,False,,,DOM,Landrace,Dominican Republic 266
PI 489682,25,25,False,,,DOM,Landrace,Dominican Republic 281
PI 490406,17,32,False,,420,MLI,Landrace,Bambani
PI 490409,15,42,False,,,MLI,Landrace,13
PI 490410,17,17,False,,,MLI,Landrace,Manio
PI 490411,17,17,False,,,MLI,Landrace,Manio
PI 490412,17,31,False,,,MLI,Landrace,Massarsaba
PI 490413,15,42,False,,,MLI,Landrace,Massarsaba
PI 490414,17,45,False,,,MLI,Landrace,Massarsaba
PI 490415,17,31,False,,,MLI,Landrace,Massarsuka
PI 490416,17,32,False,,,MLI,Landrace,Massarsuka
PI 490419,17,18,False,,,MLI,Landrace,Massarsaba
PI 490420,17,32,False,,,MLI,Cultivated material,Manio
PI 490421,15,42,False,,,MLI,Landrace,Kala
PI 490808,26,28,False,,"BRAZIL 2401 (PI 511529), BRAZIL 2407, BRAZIL 2431, BRAZIL 2444 ",ARG,Breeding material,Argentina Group 2
PI 490809,18,18,False,,,BRA,Landrace,Brazil 63
PI 490811,17,17,False,,,BRA,Landrace,Brazil 555
PI 490812,20,20,False,,,BRA,Landrace,Brazil 557
PI 490813,22,22,False,,,BRA,Landrace,Brazil 2785
PI 490814,17,18,False,,,BRA,Landrace,Brazil 2799
PI 490816,17,28,False,,"FROM CIMMYT records: Composite of BRAZ 1632, 1644, 1645, 1648-1652,1663, 1664, 1668, 1669, 1673, 1675, 1676, 1682, 1685, 1696, 1704.",BRA,Breeding material,Brazil Santa Catarina Group 1
PI 490817,18,18,False,,,BRA,Breeding material,Brazil Rio Grande do Sul Group 4
PI 490818,18,18,False,,,BRA,Breeding material,Brazil Rio Grande do Sul Group 7
PI 490819,18,18,False,,,BRA,Breeding material,Brazil Rio Grande do Sul Group 16
PI 490820,18,18,False,,,BRA,Breeding material,Brazil Sao Paulo Group 1
PI 490821,18,18,False,,,BRA,Breeding material,Brazil Sao Paulo Group 9
PI 490822,17,17,False,,,BRA,Breeding material,Brazil Sao Paulo Group 11
PI 490824,19,19,False,,,SLV,Breeding material,El Salvador Group 2A
PI 490825,43,44,False,,,GTM,Landrace,Guatemala 110
PI 490826,20,20,False,,,GTM,Landrace,Guatemala 145
PI 490827,17,17,False,,,GTM,Landrace,Guatemala 146
PI 490829,19,22,False,,,MEX,Landrace,Campeche 16
PI 490831,20,20,False,,,MEX,Landrace,Campeche 36C
PI 490832,19,19,False,,,MEX,Landrace,Campeche 38C
PI 490833,20,20,False,,,MEX,Landrace,Campeche 42C
PI 490834,19,19,False,,,MEX,Landrace,Campeche 53
PI 490835,20,20,False,,,MEX,Breeding material,Campeche Group 2
PI 490836,19,19,False,,,MEX,Breeding material,Campeche Group 3
PI 490837,18,18,False,,,MEX,Breeding material,Campeche Group 4
PI 490838,19,19,False,,,MEX,Breeding material,Campeche Group 8
PI 490839,19,19,False,,,MEX,Breeding material,Campeche Group 10
PI 490840,19,27,False,,,MEX,Landrace,Chihuahua 2
PI 490847,21,22,False,,,MEX,Landrace,Chihuahua 25
PI 490851,18,18,False,,,MEX,Landrace,Chihuahua 41
PI 490853,19,19,False,,,MEX,Landrace,Chihuahua 55
PI 490854,20,23,False,,,MEX,Landrace,Chihuahua 68
PI 490857,17,17,False,,,MEX,Breeding material,Chihuahua Group 1
PI 490858,17,17,False,,,MEX,Breeding material,Chihuahua Group 3
PI 490859,17,17,False,,,MEX,Breeding material,Chihuahua Group 5
PI 490860,16,16,False,,,MEX,Breeding material,Chihuahua Group 6
PI 490861,20,20,False,,,MEX,Breeding material,Chihuahua Group 10
PI 490862,20,20,False,,,MEX,Breeding material,Chihuahua Group 11
PI 490863,19,19,False,,,MEX,Breeding material,Chihuahua Group 12
PI 490866,19,19,False,,,MEX,Breeding material,Chihuahua Group 19
PI 490867,19,19,False,,,MEX,Breeding material,Chihuahua Group 20
PI 490870,42,44,False,,,MEX,Landrace,Coahuila 36
PI 490873,16,16,False,,,MEX,Breeding material,Coahuila Group 2
PI 490875,19,20,False,,,MEX,Breeding material,Coahuila Mix
PI 490876,20,22,False,,,MEX,Landrace,Colima 16
PI 490886,21,22,False,,,MEX,Landrace,Jalisco 13
PI 490889,18,18,False,,,MEX,Landrace,Jalisco 28A
PI 490890,19,27,False,,,MEX,Landrace,Jalisco 38
PI 490891,20,20,False,,,MEX,Landrace,Jalisco 45
PI 490893,19,19,False,,,MEX,Landrace,Jalisco 59
PI 490899,18,18,False,,,MEX,Landrace,Jalisco 190
PI 490900,19,19,False,,,MEX,Landrace,Jalisco 191
PI 490903,20,23,False,,,MEX,Landrace,Jalisco 223
PI 490904,19,19,False,,,MEX,Landrace,Jalisco 239
PI 490908,17,17,False,,"FROM CIMMYT records: Composite of collections Jalisco 41, Jalisco 42, Jalisco 45, Jalisco 46, and Jalisco 63.",MEX,Breeding material,Jalisco Group 22
PI 490915,17,17,False,,,MEX,Breeding material,Jalisco Group 51
PI 490916,17,17,False,,,MEX,Breeding material,Jalisco Group 58
PI 490918,19,20,False,,,MEX,Breeding material,Jalisco Group 65
PI 490919,17,17,False,,Composite of Jalisco 55 and Jalisco 194.,MEX,Breeding material,Jalisco Group 68
PI 490920,17,17,False,,,MEX,Landrace,Nayarit 4
PI 490921,41,42,False,,,MEX,Landrace,Nayarit 15
PI 490923,20,24,False,,,MEX,Landrace,Nayarit 53
PI 490925,20,39,False,,,MEX,Landrace,Nayarit 67
PI 490926,19,22,False,,,MEX,Breeding material,Nayarit Group 1
PI 490927,19,20,False,,,MEX,Breeding material,Nayarit Group 2
PI 490928,18,18,False,,"Composite of Nayarit 53, Nayarit 54, Nayarit 55, and Nayarit 56.  These are representative collections of the race Jala.",MEX,Breeding material,Nayarit Group 4
PI 490929,20,20,False,,"Composite of the collections Nayarit 64, Nayarit 65, Nayarit 59, Nayarit 61, Nayarit 66 and Nayarit 60.",MEX,Breeding material,Nayarit Group 6
PI 490930,19,22,False,,,MEX,Landrace,Nuevo Leon 5
PI 490931,20,20,False,,FROM CIMMYT records: Composite of collections Nuevo Leon 7 and Nuevo Leon 10.,MEX,Breeding material,Nuevo Leon Group 5
PI 490932,19,20,False,,,MEX,Breeding material,Nuevo Leon Group 7
PI 490933,33,33,False,,,MEX,Landrace,Oaxaca 9
PI 490937,17,17,False,,,MEX,Breeding material,Puebla Group 3
PI 490938,17,17,False,,FROM CIMMYT records: Composite of Puebla 218 and Puebla 222,MEX,Breeding material,Puebla Group 25
PI 490939,19,19,False,,,MEX,Breeding material,Puebla Group 27
PI 490940,20,20,False,,,MEX,Landrace,San Luis Potosi 5
PI 490941,21,29,False,,,MEX,Landrace,San Luis Potosi 9
PI 490949,16,16,False,,,MEX,Landrace,San Luis Potosi 61
PI 490953,18,34,False,,,MEX,Landrace,San Luis Potosi 80
PI 490954,19,22,False,,,MEX,Landrace,San Luis Potosi 105
PI 490955,19,19,False,,,MEX,Landrace,San Luis Potosi 118
PI 490959,20,20,False,,,MEX,Breeding material,San Luis Potosi Group 6
PI 490960,20,20,False,,,MEX,Breeding material,San Luis Potosi Group 7
PI 490962,20,20,False,,,MEX,Breeding material,San Luis Potosi Group 10
PI 490964,19,19,False,,,MEX,Breeding material,San Luis Potosi Group 12
PI 490965,20,20,False,,,MEX,Breeding material,San Luis Potosi Group 15
PI 490966,19,20,False,,,MEX,Breeding material,San Luis Potosi Group 17
PI 490968,19,22,False,,,MEX,Landrace,Sonora 32
PI 490969,19,21,False,,,MEX,Landrace,Sonora 37
PI 490970,18,19,False,,,MEX,Landrace,Sonora 38
PI 490974,17,17,False,,,MEX,Breeding material,Sonora Group 2
PI 490975,20,20,False,,,MEX,Breeding material,Sonora Group 3
PI 490976,18,18,False,,,MEX,Breeding material,Sonora Group 6B
PI 490977,19,34,False,,"Composite of the collections Sonora 30, Sonora 41, and Sonora 43.",MEX,Breeding material,Sonora Group 7
PI 490978,19,19,False,,,MEX,Breeding material,Sonora Group 11
PI 490979,20,20,False,,,MEX,Breeding material,Sonora Group 13A
PI 490980,20,28,False,,,MEX,Landrace,Tamaulipas 2
PI 490982,42,42,False,,,MEX,Landrace,Tamaulipas 25
PI 490986,24,34,False,,,MEX,Landrace,Queretaro 50
PI 490989,16,16,False,,,VEN,Landrace,Venezuela 408
PI 490990,16,16,False,,,VEN,Landrace,Venezuela 647
PI 490991,16,16,False,,,VEN,Landrace,Venezuela 650
PI 491675,27,27,False,,,ARG,Landrace,ARZM 01 081
PI 491696,22,22,False,,,ARG,Landrace,ARZM 01 102
PI 491698,31,32,False,,,ARG,Landrace,ARZM 01 104
PI 491712,26,26,False,,,ARG,Cultivated material,ARZM 01 119
PI 491751,26,27,False,,,ARG,Landrace,ARZM 03 007
PI 491797,21,21,False,,,ARG,Landrace,ARZM 03 054
PI 491799,34,36,False,,,ARG,Landrace,ARZM 03 056
PI 491938,29,43,False,,,ARG,Cultivated material,ARZM 05 054
PI 492020,26,26,False,,,ARG,Landrace,ARZM 06 016
PI 492072,27,27,False,,,ARG,Landrace,ARZM 06 072
PI 492506,25,25,False,,,ARG,Landrace,ARZM 10 020
PI 492746,25,26,False,,,ARG,Landrace,ARZM 13 026
PI 492753,34,36,False,,,ARG,Landrace,ARZM 13 035
PI 492781,36,41,False,,,ARG,Cultivated material,ARZM 13 073
PI 492888,16,16,False,,,ARG,Landrace,ARZM 14 013
PI 492896,16,16,False,,,ARG,Landrace,ARZM 14 021
PI 492929,23,24,False,,,ARG,Landrace,ARZM 14 057
PI 492936,28,29,False,,,ARG,Landrace,ARZM 14 066
PI 492949,16,16,False,,,ARG,Landrace,ARZM 14 079
PI 492953,16,16,False,,,ARG,Landrace,ARZM 14 083
PI 492960,16,16,False,,,ARG,Landrace,ARZM 14 090
PI 492964,16,16,False,,,ARG,Landrace,ARZM 14 094
PI 493023,16,16,False,,,ARG,Landrace,ARZM 17 039
PI 493039,26,27,False,,,ARG,Landrace,ARZM 17 056
PI 493045,16,16,False,,,ARG,Landrace,ARZM 18 004
PI 493050,19,19,False,,,ARG,Landrace,ARZM 18 009
PI 493053,16,16,False,,,ARG,Landrace,ARZM 18 012
PI 493063,16,16,False,,,ARG,Landrace,ARZM 18 023
PI 493091,21,21,False,,,ARG,Landrace,ARZM 18 057
PI 493094,28,29,False,,,ARG,Cultivated material,Cristalino Flint Anaranjado
PI 494085,17,31,False,,,PER,Cultivated material,"(MKT., CUZCO)"
PI 494928,18,18,False,,,ZMB,Landrace,Kapila
PI 494929,18,18,False,,,ZMB,Landrace,ZFA 3141
PI 494930,18,18,False,,,ZMB,Landrace,ZFA 3143
PI 494931,17,32,False,,,ZMB,Cultivar,ZFA 3144
PI 494932,18,18,False,,,ZMB,Cultivar,Pioneer
PI 494933,18,18,False,,,ZMB,Landrace,ZFA 3157
PI 494934,16,30,False,,,ZMB,Landrace,ZFA 3158
PI 494935,18,18,False,,,ZMB,Landrace,ZFA 3166
PI 494936,18,33,False,,,ZMB,Cultivar,SR 52
PI 494937,18,18,False,,,ZMB,Cultivar,SR 52
PI 494938,18,18,False,,,ZMB,Cultivar,ZFA 3189
PI 494939,17,17,False,,,ZMB,Landrace,SR 52
PI 494940,18,18,False,,,ZMB,Landrace,Mbonyi
PI 494941,18,18,False,,,ZMB,Landrace,Kapila
PI 494943,18,33,False,,,ZMB,Landrace,ZFA 3219
PI 494944,16,16,False,,,ZMB,Landrace,ZFA 3231
PI 494945,18,18,False,,,ZMB,Landrace,ZFA 3232
PI 494946,18,33,False,,,ZMB,Landrace,Kapila
PI 494948,18,32,False,,,ZMB,Landrace,Chivuale
PI 494949,18,18,False,,,ZMB,Landrace,Mukanda
PI 494950,15,29,False,,,ZMB,Landrace,ZFA 3262
PI 494951,17,17,False,,,ZMB,Landrace,ZFA 3285
PI 494952,17,17,False,,,ZMB,Landrace,Chivuale
PI 494953,15,29,False,,,ZMB,Cultivar,ZFA 3289
PI 494954,16,31,False,,,ZMB,Landrace,ZFA 3290
PI 494955,16,31,False,,,ZMB,Landrace,Chivwale
PI 494956,16,30,False,,,ZMB,Landrace,Kangulungu
PI 494957,15,28,False,,,ZMB,Landrace,ZFA 3332
PI 494958,16,31,False,,,ZMB,Landrace,ZFA 3342
PI 494959,17,46,False,,,ZMB,Landrace,ZFA 3354
PI 494960,15,15,False,,,ZMB,Landrace,ZFA 3362
PI 494961,16,44,False,,,ZMB,Landrace,ZFA 3371
PI 494962,18,18,False,,,ZMB,Landrace,ZFA 3379
PI 494964,15,28,False,,,ZMB,Landrace,ZFA 3388
PI 494965,18,47,False,,,ZMB,Landrace,ZFA 3404
PI 494966,17,32,False,,,ZMB,Landrace,Kahila
PI 494968,17,32,False,,,ZMB,Landrace,Kahila
PI 494969,16,31,False,,,ZMB,Landrace,Kapila
PI 494970,18,18,False,,,ZMB,Landrace,Kahila
PI 494971,17,17,False,,,ZMB,Landrace,Kasenya/Munyawa
PI 494972,18,18,False,,,ZMB,Landrace,Kahila
PI 494973,18,18,False,,,ZMB,Landrace,Kahila
PI 494974,16,45,False,,,ZMB,Landrace,ZFA 3475
PI 494975,16,30,False,,,ZMB,Cultivar,SR 52
PI 494976,18,33,False,,,ZMB,Landrace,Kapila
PI 494977,16,16,False,,,ZMB,Landrace,ZFA 3483
PI 494978,17,17,False,,,ZMB,Landrace,Kapila
PI 494979,18,31,False,,,ZMB,Landrace,ZFA 3516
PI 494981,15,39,False,,,ZMB,Landrace,ZFA 3520
PI 494984,18,31,False,,,ZMB,Landrace,ZFA 3534
PI 494985,18,31,False,,,ZMB,Landrace,Kalimwa/Malawi maize
PI 494986,15,42,False,,,ZMB,Landrace,Karimuia
PI 494987,15,28,False,,,ZMB,Landrace,ZFA 3592
PI 494988,15,42,False,,,ZMB,Cultivar,ZFA 3611
PI 494989,15,42,False,,,ZMB,Landrace,Kanjilimini
PI 494990,15,41,False,,,ZMB,Landrace,Chintubulungu
PI 494992,17,17,False,,,ZMB,Landrace,Nakasani
PI 495011,15,15,False,,,BGR,Cultivated material,AT-1
PI 498447,28,30,False,,,AUT,Landrace,Austria 15
PI 498448,20,34,False,,,BRB,Landrace,Barbados 1
PI 498450,20,20,False,,,BRB,Landrace,Barbados 3
PI 498451,43,43,False,,,BRB,Landrace,Barbados 5
PI 498453,20,35,False,,,BOL,Landrace,Bolivia 78
PI 498455,20,20,False,,,BOL,Landrace,Bolivia 85
PI 498459,21,21,False,,,BRA,Landrace,Brazil 2796
PI 498460,21,21,False,,,BRA,Landrace,Brazil 2797
PI 498467,21,22,False,,,BRA,Landrace,Brazil 2812
PI 498469,21,21,False,,,BRA,Landrace,Brazil 2819
PI 498470,26,29,False,,,BRA,Landrace,Brazil 2829
PI 498471,21,21,False,,,BRA,Landrace,Brazil 2831
PI 498473,21,21,False,,,BRA,Landrace,Brazil 3073
PI 498474,21,21,False,,,BRA,Landrace,Brazil 3077
PI 498475,19,38,False,,,CRI,Landrace,Costa Rica 24
PI 498476,19,23,False,,,CRI,Landrace,Costa Rica 26
PI 498477,20,22,False,,,CRI,Landrace,Costa Rica 35
PI 498478,18,20,False,,,CRI,Landrace,Costa Rica 42
PI 498479,18,18,False,,,CRI,Landrace,Costa Rica 45
PI 498480,22,24,False,,,CRI,Landrace,Costa Rica 95
PI 498481,20,20,False,,,CRI,Landrace,Costa Rica 108
PI 498483,22,24,False,,,CRI,Landrace,Costa Rica 180
PI 498484,22,24,False,,,CRI,Landrace,Costa Rica 229
PI 498485,20,20,False,,,CRI,Landrace,Costa Rica 280
PI 498486,20,20,False,,,CRI,Landrace,Costa Rica 370
PI 498487,21,23,False,,,CRI,Landrace,Costa Rica 379
PI 498489,28,36,False,,,CUB,Landrace,Cuba 75
PI 498490,28,37,False,,,CUB,Landrace,Cuba 78
PI 498491,19,19,False,,,CUB,Landrace,Cuba 79
PI 498493,19,19,False,,,CUB,Landrace,Cuba 82
PI 498495,28,36,False,,,CUB,Landrace,Cuba 87
PI 498496,16,24,False,,,CUB,Landrace,Cuba 92
PI 498497,29,38,False,,,CUB,Landrace,Cuba 93
PI 498499,20,20,False,,,CUB,Landrace,Cuba 97
PI 498500,20,20,False,,,CUB,Landrace,Cuba 99
PI 498503,19,19,False,,,CUB,Landrace,Cuba 104
PI 498504,20,21,False,,,CUB,Landrace,Cuba 105
PI 498507,27,35,False,,,CUB,Landrace,Cuba 116
PI 498509,28,37,False,,,CUB,Landrace,Cuba 124
PI 498510,20,21,False,,,CUB,Landrace,Cuba 126
PI 498511,20,20,False,,,CUB,Landrace,Cuba 127
PI 498513,20,20,False,,,CUB,Landrace,Cuba 129
PI 498514,18,18,False,,,CUB,Landrace,Cuba 130
PI 498515,22,23,False,,,CUB,Landrace,Cuba 132
PI 498516,21,21,False,,,CUB,Landrace,Cuba 134
PI 498517,19,19,False,,,CUB,Landrace,Cuba 138
PI 498519,19,19,False,,,CUB,Landrace,Cuba 141
PI 498520,20,20,False,,,CUB,Landrace,Cuba 146
PI 498521,20,20,False,,,CUB,Landrace,Cuba 147
PI 498522,19,19,False,,,CUB,Landrace,Cuba 148
PI 498523,21,21,False,,,CUB,Landrace,Cuba 151
PI 498524,21,21,False,,,CUB,Landrace,Cuba 153
PI 498525,20,20,False,,,CUB,Landrace,Cuba 154
PI 498526,20,20,False,,,CUB,Landrace,Cuba 155
PI 498527,19,19,False,,,CUB,Landrace,Cuba 156
PI 498529,20,20,False,,,CUB,Landrace,Cuba 158
PI 498530,30,38,False,,,CUB,Landrace,Cuba 160
PI 498531,20,21,False,,,CUB,Landrace,Cuba 162
PI 498532,20,20,False,,,CUB,Landrace,Cuba 163
PI 498533,40,48,False,,,CUB,Landrace,Cuba 170
PI 498534,18,18,False,,,CUB,Landrace,Cuba 171
PI 498535,20,20,False,,,CUB,Landrace,Cuba 175
PI 498558,20,20,False,,,SLV,Landrace,El Salvador 112
PI 498559,21,21,False,,,GRD,Landrace,Grenada 1
PI 498560,21,21,False,,,GRD,Landrace,Grenada 3
PI 498561,23,23,False,,,GRD,Landrace,Grenada 4
PI 498562,21,21,False,,,GRD,Landrace,Grenada 6
PI 498563,18,18,False,,,GRD,Landrace,Grenada 7
PI 498564,20,34,False,,,GRD,Landrace,Grenada 9
PI 498565,20,20,False,,,GRD,Landrace,Grenada 12
PI 498566,20,20,False,,,GRD,Landrace,Grenada 13
PI 498567,21,22,False,,,GLP,Landrace,Guadeloupe 3
PI 498570,29,29,False,,,GLP,Landrace,Guadeloupe 7
PI 498572,20,20,False,,,GLP,Landrace,Guadeloupe 14
PI 498574,22,22,False,,,GTM,Landrace,Guatemala 63
PI 498575,22,36,False,,,GTM,Landrace,Guatemala 77
PI 498576,21,21,False,,,GTM,Landrace,Guatemala 85
PI 498577,21,21,False,,,GTM,Landrace,Guatemala 92
PI 498578,20,20,False,,,GTM,Landrace,Guatemala 108
PI 498579,21,21,False,,,GTM,Landrace,Guatemala 129
PI 498580,22,22,False,,,GTM,Landrace,Guatemala 133
PI 498581,22,22,False,,,GTM,Landrace,Guatemala 143
PI 498582,22,24,False,,,GTM,Landrace,Guatemala 151
PI 498584,21,21,False,,,GTM,Landrace,Guatemala 210
PI 498585,26,28,False,,,GTM,Landrace,Guatemala 239
PI 498586,20,20,False,,,GTM,Landrace,Guatemala 242
PI 498587,20,33,False,,,GTM,Landrace,Guatemala 244
PI 498588,20,20,False,,,GTM,Landrace,Guatemala 253
PI 498589,21,21,False,,,GTM,Landrace,Guatemala 257
PI 498590,21,21,False,,,GTM,Landrace,Guatemala 262
PI 498591,18,18,False,,,GTM,Landrace,Guatemala 269
PI 498592,20,20,False,,,GTM,Landrace,Guatemala 312
PI 498593,22,22,False,,,GTM,Landrace,Guatemala 314
PI 498594,21,21,False,,,GTM,Landrace,Guatemala 316
PI 498596,22,22,False,,,GTM,Landrace,Guatemala 344
PI 498597,20,20,False,,,GTM,Landrace,Guatemala 500
PI 498598,21,21,False,,,GTM,Landrace,Guatemala 552
PI 498599,20,20,False,,,GTM,Landrace,Guatemala 594
PI 498600,21,21,False,,,GTM,Landrace,Guatemala 704
PI 498601,20,22,False,,BRA(CNPMS0334|014737),GTM,Landrace,Guatemala 746
PI 498602,21,21,False,,,GTM,Landrace,Guatemala 765
PI 498603,22,22,False,,,GTM,Landrace,Guatemala 792
PI 498604,21,21,False,,,GTM,Landrace,Guatemala 806
PI 498605,20,22,False,,,GTM,Landrace,Guatemala 809
PI 498606,20,20,False,,,GTM,Landrace,Guatemala 821
PI 498607,20,20,False,,,HTI,Landrace,Haiti 16
PI 498608,21,21,False,,,HTI,Landrace,Haiti 20
PI 498609,43,43,False,,,HTI,Landrace,Haiti 22
PI 498611,20,20,False,,,HTI,Landrace,Haiti 28
PI 498612,20,20,False,,,HTI,Landrace,Haiti 29
PI 498613,20,20,False,,,HTI,Landrace,Haiti 36
PI 498614,21,21,False,,,HTI,Landrace,Haiti 38
PI 498615,21,22,False,,,HTI,Landrace,Haiti 39
PI 498616,20,20,False,,,HTI,Landrace,Haiti 41
PI 498619,20,36,False,,,HND,Landrace,Honduras 38
PI 498620,20,20,False,,,HND,Landrace,Honduras 46
PI 498621,21,23,False,,,HND,Landrace,Honduras 71
PI 498622,21,23,False,,,HND,Landrace,Honduras 89
PI 498623,20,20,False,,,HND,Landrace,Honduras 104
PI 498624,19,19,False,,,HND,Landrace,Honduras 109
PI 498625,20,34,False,,,JAM,Landrace,Jamaica 6
PI 498628,16,19,False,,,MEX,Landrace,Chihuahua 7
PI 498630,41,48,False,,,MEX,Landrace,Guanajuato 22
PI 498631,15,15,False,,,MEX,Landrace,Guanajuato 30
PI 498632,43,43,False,,,MEX,Landrace,Guanajuato 34
PI 498634,15,15,False,,,MEX,Landrace,Guanajuato 67
PI 498635,21,21,False,,,MEX,Landrace,Guanajuato 68
PI 498636,15,15,False,,,MEX,Landrace,Guanajuato 71
PI 498637,15,15,False,,,MEX,Landrace,Guanajuato 92
PI 498638,22,24,False,,,MEX,Landrace,Jalisco 138
PI 498639,20,35,False,,,MEX,Landrace,Jalisco 171
PI 498642,30,36,False,,,MEX,Landrace,Nayarit 49
PI 498644,21,21,False,,,MEX,Landrace,Oaxaca 134
PI 498645,18,19,False,,,MEX,Landrace,Queretaro 12
PI 498647,19,19,False,,,MEX,Landrace,San Luis Potosi 104
PI 498650,20,20,False,,,NIC,Landrace,Nicaragua 14
PI 498651,20,20,False,,,NIC,Landrace,Nicaragua 17
PI 498652,20,20,False,,,NIC,Landrace,Nicaragua 20
PI 498653,20,22,False,,,NIC,Landrace,Nicaragua 116
PI 498654,20,22,False,,,NIC,Landrace,Nicaragua 114
PI 498655,20,22,False,,,NIC,Landrace,Nicaragua 118
PI 498656,20,20,False,,,PAN,Landrace,Panama 43
PI 498657,20,20,False,,,PAN,Landrace,Panama 44
PI 498658,20,20,False,,,PAN,Landrace,Panama 65
PI 498659,20,20,False,,,PAN,Landrace,Panama 90
PI 498660,21,63,False,,,PAN,Landrace,Panama 97
PI 498661,20,20,False,,,PAN,Landrace,Panama 173
PI 498662,20,20,False,,,PAN,Breeding material,Panama Group 78A
PI 498664,20,20,False,,,PAN,Breeding material,Panama Group 90A
PI 498665,18,18,False,,,PAN,Breeding material,Panama Group 91
PI 498666,20,34,False,,,PAN,Breeding material,Panama Group 89
PI 498667,21,23,False,,,PRY,Landrace,Paraguay 108
PI 498668,22,25,False,,,PRY,Landrace,Paraguay 167
PI 498669,20,22,False,,Possibly flour corn x pop corn,PRY,Landrace,Paraguay 168
PI 498670,19,19,False,,,USA,Landrace,Puerto Rico 1
PI 498671,20,21,False,,,USA,Landrace,Puerto Rico 2
PI 498672,20,21,False,,,USA,Landrace,Puerto Rico 4
PI 498673,20,20,False,,,USA,Landrace,Puerto Rico 5
PI 498674,20,20,False,,,USA,Landrace,Puerto Rico 6
PI 498676,20,20,False,,,USA,Landrace,Puerto Rico 8
PI 498677,20,20,False,,,USA,Landrace,Puerto Rico 12
PI 498678,22,23,False,,,USA,Landrace,Puerto Rico 14
PI 498679,21,21,False,,,USA,Landrace,Puerto Rico 15
PI 498680,20,20,False,,,USA,Landrace,Puerto Rico 16
PI 498682,20,20,False,,,USA,Landrace,Puerto Rico 21
PI 498683,21,21,False,,,USA,Landrace,Puerto Rico 22
PI 498684,43,43,False,,,USA,Landrace,Puerto Rico 23
PI 498685,21,21,False,,,USA,Landrace,Puerto Rico 24
PI 498686,31,32,False,,,USA,,
PI 498688,20,20,False,,,USA,,
PI 498689,20,20,False,,,USA,,
PI 498690,20,20,False,,,LCA,Landrace,Saint Lucia 4
PI 498691,20,20,False,,,VCT,Landrace,Saint Vincent 1
PI 498692,21,21,False,,,VCT,Landrace,Saint Vincent 7
PI 498693,20,20,False,,,VCT,Landrace,Saint Vincent 9
PI 498694,20,20,False,,,VCT,Landrace,Saint Vincent 10
PI 498695,17,17,False,,,TTO,Landrace,Tobago 2
PI 498696,19,19,False,,,TTO,Landrace,Tobago 14
PI 498698,18,18,False,,,TTO,Landrace,Trinidad 21
PI 498699,25,27,False,,,TTO,Landrace,Trinidad 26
PI 498700,24,26,False,,,TTO,Landrace,Trinidad 32
PI 498701,25,27,False,,,TTO,Landrace,Trinidad 34
PI 498702,20,22,False,,,TTO,Landrace,Trinidad 42
PI 498703,48,50,False,,,TTO,Landrace,Trinidad 53
PI 498704,19,35,False,,Representative of the race Tuxpeno.,UGA,Landrace,Uganda 1
PI 498705,20,36,False,,,UGA,Landrace,Uganda 2
PI 498706,20,20,False,,,UGA,Landrace,Uganda 3
PI 498707,16,16,False,,,MEX,Breeding material,Yellow Salvadoran Synthetic
PI 498711,16,16,False,,"Synthetic population developed from Bolita Compuesto 1, Oaxaca 51, Guanajuato 16A, Aguascalientes 16, Mexico 61, Barretal, Guanajuato 100 and Nayarit 12.",MEX,Breeding material,Early Synthetic 1
PI 498712,16,16,False,,"Synthetic developed from V-10, Colombia Grande, Colombia 15, Tamaulipas 34, Aguascalientes 29, Guanajuato 21, Oaxaca 54, and Bolita Compuesto 3.",MEX,Breeding material,Early Synthetic 2
PI 498713,16,16,False,,"Synthetic population developed from Chiapas 25, Chiapas 30, Chiapas 31, Chiapas 112, Chiapas 114, Guerro 96 and Guerro 124.  All of these collections represented the race Vandeno.",MEX,Breeding material,Vandeno Synthetic
PI 498714,16,16,False,,,BRA,Cultivated material,Cristal Blanco
PI 498715,16,16,False,,,COL,Breeding material,Diacol V 101
PI 498716,16,16,False,,,COL,Breeding material,E.T.O. Blanco 244
PI 498717,16,16,False,,,CRI,Cultivated material,I-452
PI 498718,25,25,False,,,USA,Breeding material,Illinois High Oil 6021
PI 498719,25,25,False,,,USA,Breeding material,Illinois High Oil 6052
PI 498720,26,26,False,,,USA,Breeding material,Illinois High Oil White
PI 498721,16,16,False,,,IND,Cultivated material,India KT 41
PI 498723,26,41,False,,,USA,Cultivated material,Wisconsin PR
PI 499335,20,21,False,,,CUB,Landrace,Cuba 139
PI 500006,17,18,False,,,IND,Breeding material,CM 111
PI 501110,17,32,False,,,ZMB,Cultivated material,Mapopwe
PI 501111,15,29,False,,,ZMB,Landrace,ZM-1021
PI 501112,15,15,False,,,ZMB,Landrace,ZM-1022
PI 501113,15,15,False,,,ZMB,Cultivated material,ZM-1033
PI 501114,17,46,False,,,ZMB,Cultivated material,Njelenjele
PI 501115,15,43,False,,,ZMB,Landrace,Matoba bulala
PI 501116,17,17,False,,,ZMB,Landrace,Katereka
PI 501118,15,39,False,,,ZMB,Cultivated material,Katinaika
PI 501119,16,38,False,,,ZMB,Cultivated material,ZM-1086
PI 501120,17,30,False,,,ZMB,Cultivated material,Itavaulalan
PI 501121,15,28,False,,,ZMB,Cultivated material,Mapopwe
PI 501123,18,18,False,,,ZMB,Cultivated material,ZM-1144
PI 501124,18,18,False,,,ZMB,Landrace,ZM-1156
PI 501130,18,18,False,,,ZMB,Landrace,ZM-1249
PI 501131,15,29,False,,,ZMB,Cultivated material,ZM-1259
PI 501132,15,43,False,,,ZMB,Landrace,Kaile
PI 501133,17,31,False,,,ZMB,Cultivated material,Kalle
PI 501135,16,30,False,,,ZMB,Landrace,Dumbu
PI 501136,16,30,False,,,ZMB,Landrace,Mapopwe
PI 501138,17,17,False,,,ZMB,Landrace,Gileile
PI 501139,16,30,False,,,ZMB,Cultivated material,ZM-1312
PI 501140,17,29,False,,,ZMB,Cultivated material,Kaile
PI 501142,16,44,False,,,ZMB,Cultivated material,ZM-1337
PI 501143,17,31,False,,,ZMB,Cultivated material,Bunyangu
PI 501144,16,30,False,,,ZMB,Cultivated material,ZM-1353
PI 501145,17,32,False,,,ZMB,Landrace,ZM-1367
PI 501147,16,30,False,,,ZMB,Landrace,ZM-1383
PI 501148,15,15,False,,,ZMB,Landrace,ZM-1384
PI 501149,15,29,False,,,ZMB,Cultivated material,ZM-1394
PI 501152,18,31,False,,,ZMB,Cultivated material,ZM-1449
PI 501153,16,30,False,,,ZMB,Landrace,Mapopwe
PI 501155,16,30,False,,,ZMB,Cultivated material,Mbonyi
PI 501157,15,29,False,,,ZMB,Cultivated material,ZM-1528
PI 501158,16,30,False,,,ZMB,Cultivated material,ZM-1566
PI 501159,15,15,False,,,ZMB,Cultivated material,ZM-1569
PI 501160,18,18,False,,,ZMB,Cultivated material,ZM-1590
PI 501161,18,18,False,,,ZMB,Cultivated material,ZM-1606
PI 501163,15,28,False,,,ZMB,Cultivated material,ZM-1615
PI 501164,18,18,False,,,ZMB,Landrace,Mbonyi
PI 501165,15,15,False,,,ZMB,Cultivated material,ZM-1643
PI 501166,17,32,False,,,ZMB,Cultivated material,ZM-1650
PI 501167,18,31,False,,,ZMB,Cultivated material,ZM-1675
PI 501169,18,31,False,,,ZMB,Cultivated material,ZM-1700
PI 501172,15,15,False,,,ZMB,Cultivated material,ZM-1735
PI 501173,18,18,False,,,ZMB,Cultivated material,ZM-1744
PI 501174,18,31,False,,,ZMB,Cultivated material,ZM-1754
PI 501175,15,15,False,,,ZMB,Cultivated material,ZM-1760
PI 501177,18,31,False,,,ZMB,Cultivated material,ZM-1774
PI 501178,18,31,False,,,ZMB,Cultivated material,ZM-1781
PI 501179,15,15,False,,,ZMB,Cultivated material,ZM-1794
PI 501181,15,29,False,,,ZMB,Cultivated material,ZM-1812
PI 501182,18,31,False,,,ZMB,Cultivated material,ZM-1817
PI 501184,15,42,False,,,ZMB,Cultivated material,ZM-1836
PI 501185,15,29,False,,,ZMB,Cultivated material,ZM-1846
PI 501186,15,42,False,,,ZMB,Cultivated material,ZM-1874
PI 501187,17,30,False,,,ZMB,Cultivated material,ZM-1902
PI 501189,18,31,False,,,ZMB,Cultivated material,ZM-1930
PI 501190,17,44,False,,,ZMB,Cultivated material,ZM-1940
PI 501191,18,46,False,,,ZMB,Cultivated material,ZM-1957
PI 501192,16,57,False,,,ZMB,Cultivated material,ZM-1972
PI 501193,18,31,False,,,ZMB,Cultivated material,ZM-1983
PI 501195,15,42,False,,,ZMB,Cultivated material,Mundele
PI 501198,18,46,False,,,ZMB,Cultivated material,Mundove
PI 501199,18,31,False,,,ZMB,Cultivated material,Mbonyl
PI 501200,15,42,False,,,ZMB,Cultivated material,ZM-2081
PI 501201,18,33,False,,,ZMB,Cultivated material,ZM-2088
PI 501202,18,31,False,,,ZMB,Cultivated material,ZM-2100
PI 501204,18,32,False,,,ZMB,Cultivated material,ZM-2126
PI 501205,15,15,False,,,ZMB,Cultivated material,ZM-2133
PI 501206,18,31,False,,,ZMB,Cultivated material,Manchepebele
PI 501207,15,42,False,,,ZMB,Cultivated material,ZM-2155
PI 501209,15,15,False,,,ZMB,Cultivated material,ZM-2167
PI 501211,18,46,False,,,ZMB,Cultivated material,ZM-2187
PI 501212,18,46,False,,,ZMB,Cultivated material,ZM-2200
PI 501213,15,29,False,,,ZMB,Cultivated material,Chimanga
PI 501214,18,31,False,,,ZMB,Cultivated material,Nyanye
PI 501215,18,46,False,,,ZMB,Cultivated material,ZM-2263
PI 501216,15,42,False,,,ZMB,Cultivated material,ZM-2285
PI 501217,15,42,False,,,ZMB,Cultivated material,Matada
PI 501219,16,30,False,,,ZMB,Cultivated material,ZM-2316
PI 501220,17,30,False,,,ZMB,Cultivated material,ZM-2321
PI 501221,18,44,False,,,ZMB,Cultivated material,ZM-2335
PI 501222,18,18,False,,,ZMB,Landrace,ZM-2352
PI 501225,17,32,False,,,ZMB,Landrace,ZM-2396
PI 501226,18,18,False,,,ZMB,Landrace,ZM-2397
PI 501231,18,18,False,,,ZMB,Landrace,ZM-2421
PI 501232,15,29,False,,,ZMB,Cultivated material,ZM-2426
PI 501233,15,29,False,,,ZMB,Landrace,ZM-2427
PI 501234,15,29,False,,,ZMB,Landrace,ZM-2429
PI 501236,15,15,False,,,ZMB,Landrace,ZM-2485
PI 501237,17,32,False,,,ZMB,Landrace,ZM-2495
PI 501239,18,18,False,,,ZMB,Landrace,ZM-2507
PI 501240,16,31,False,,,ZMB,Cultivated material,ZM-2543
PI 501241,17,18,False,,,ZMB,Landrace,ZM-2559
PI 501242,17,17,False,,,ZMB,Landrace,ZM-2570
PI 501243,17,17,False,,,ZMB,Landrace,ZM-2602
PI 501244,15,15,False,,,ZMB,Landrace,ZM-2612
PI 501245,15,15,False,,,ZMB,Landrace,ZM-2633
PI 501246,17,32,False,,,ZMB,Cultivated material,Punga
PI 501247,15,29,False,,,ZMB,Cultivated material,ZM-2670
PI 501248,16,30,False,,,ZMB,Cultivated material,Filombe
PI 501249,15,28,False,,,ZMB,Cultivated material,Mathawa
PI 501250,16,30,False,,,ZMB,Landrace,ZM-2757
PI 501252,15,28,False,,,ZMB,Cultivated material,Mataba
PI 501253,17,32,False,,,ZMB,Cultivated material,Anatava
PI 501258,16,30,False,,,ZMB,Landrace,ZM-3027
PI 501259,15,28,False,,,ZMB,Cultivated material,ZM-3034
PI 501261,18,33,False,,,ZMB,Cultivated material,ZM-3068
PI 501262,15,42,False,,,ZMB,Cultivated material,ZM-3075
PI 501263,18,31,False,,,ZMB,Cultivated material,ZM-3090
PI 501264,15,42,False,,,ZMB,Cultivated material,Khangirimelae
PI 503346,16,43,False,,,GIN,Cultivated material,NIO-Kagnamani gbe
PI 503347,17,17,False,,,GIN,Cultivated material,NIO-Sada oule
PI 503348,17,17,False,,,GIN,Cultivated material,NIO-Kagnamani oule
PI 503349,17,32,False,,,GIN,Cultivated material,KABA-Kolo oule
PI 503350,17,32,False,,,GIN,Cultivated material,KABA-Kouloumbale
PI 503351,17,32,False,,,GIN,Cultivated material,KABA-Kabaling gbe
PI 503352,17,45,False,,,GIN,Cultivated material,KABA-Sagatan
PI 503353,17,32,False,,,GIN,Cultivated material,KABA-Kabalin gbe
PI 503354,17,30,False,,,GIN,Cultivated material,KABA-ba
PI 503355,17,17,False,,,GIN,Cultivated material,KABA-Sigassoka
PI 503356,17,45,False,,,GIN,Cultivated material,KABA-ba
PI 503357,17,17,False,,,GIN,Cultivated material,KABA-Sada oule
PI 503358,17,30,False,,,GIN,Cultivated material,KABA-Sada gbe
PI 503359,17,30,False,,,GIN,Cultivated material,KABA-Kagnamani
PI 503360,17,30,False,,,GIN,Cultivated material,NIO-Sataba
PI 503361,17,17,False,,,GIN,Cultivated material,NIO-Sada
PI 503364,17,18,False,,,GIN,,
PI 503365,17,17,False,,,GIN,Cultivated material,NIO-Dokoroli
PI 503366,17,30,False,,,GIN,Cultivated material,NIO-Sataba
PI 503367,17,17,False,,,GIN,Cultivated material,NIO-ba
PI 503368,17,30,False,,,GIN,Cultivated material,NIO-Dokoroli
PI 503369,17,45,False,,,GIN,Cultivated material,NIO-ba
PI 503370,16,29,False,,,GIN,Cultivated material,NIO-Komboya
PI 503373,17,30,False,,,GIN,Cultivated material,KABA-Bode
PI 503374,16,16,False,,,GIN,Cultivated material,KABA-Dane
PI 503375,17,32,False,,,GIN,Cultivated material,KABA-Bode
PI 503377,15,42,False,,,GIN,Cultivated material,KABA-Dane
PI 503378,17,45,False,,,GIN,Cultivated material,KABA-Baoulagoumbe
PI 503379,16,44,False,,,GIN,Cultivated material,KABA-Djimba
PI 503380,17,31,False,,,GIN,Cultivated material,KABA-Tangue
PI 503381,17,45,False,,,GIN,Cultivated material,KABA-Dane
PI 503382,17,30,False,,,GIN,Cultivated material,KABA-Bode
PI 503383,17,30,False,,,GIN,Cultivated material,KABA-Sataba
PI 503384,15,15,False,,,GIN,Cultivated material,KABA-Sataba
PI 503385,17,45,False,,,GIN,Cultivated material,KABA-Bode
PI 503386,17,30,False,,,GIN,Cultivated material,KABA-Baoulagoumbe
PI 503388,15,42,False,,,GIN,Cultivated material,KABA-Bode
PI 503389,15,15,False,,,GIN,Cultivated material,KABA-Bode
PI 503390,15,28,False,,,GIN,Cultivated material,Z. 7116
PI 503392,17,59,False,,,GIN,Cultivated material,KABA-Bode
PI 503393,17,30,False,,,GIN,Cultivated material,KABA-Dane
PI 503394,17,31,False,,,GIN,Cultivated material,KABA-Dane
PI 503395,17,31,False,,,GIN,Cultivated material,Kaba-Bode
PI 503396,17,32,False,,,GIN,Cultivated material,KABA-Djensingue
PI 503397,17,59,False,,,GIN,Cultivated material,KABA-Djimba bode
PI 503398,17,54,False,,,GIN,Cultivated material,KABA-Dane
PI 503399,17,17,False,,,GIN,Landrace,KABA-Dokoro
PI 503400,15,28,False,,,GIN,Cultivated material,KABA-Dane
PI 503401,15,42,False,,,GIN,Cultivated material,KABA-Djimba
PI 503403,16,44,False,,,GIN,Cultivated material,KABA-Djimba
PI 503404,17,31,False,,,GIN,Cultivated material,KABA-Dane
PI 503405,17,30,False,,,GIN,Cultivated material,KABA-Kekaba
PI 503406,17,31,False,,,GIN,Cultivated material,KABA-Dane
PI 503407,16,30,False,,,GIN,Cultivated material,KABA-Bode
PI 503408,15,28,False,,,GIN,Cultivated material,KABA-Bode
PI 503409,17,31,False,,,GIN,Cultivated material,KABA-Dane
PI 503411,17,17,False,,,GIN,Cultivated material,KABA-Djensingue
PI 503414,15,42,False,,,GIN,Cultivated material,KABA-Sata
PI 503415,16,16,False,,,GIN,Cultivated material,KABA-Ke
PI 503416,17,45,False,,,GIN,Cultivated material,KABA-Bode
PI 503417,17,30,False,,,GIN,Cultivated material,KABA-Dane
PI 503418,17,17,False,,,GIN,Landrace,KABA-Djensingue
PI 503419,17,17,False,,,GIN,Landrace,KABA-Djensingue
PI 503420,15,40,False,,,GIN,Cultivated material,KABA-Djimba
PI 503422,15,70,False,,,GIN,Cultivated material,KABA-Dane
PI 503423,16,44,False,,,GIN,Cultivated material,KABA-Djimba
PI 503424,16,44,False,,,GIN,Cultivated material,KABA-Langan
PI 503425,17,30,False,,,GIN,Cultivated material,KABA-Yaoude
PI 503426,16,30,False,,,GIN,Cultivated material,KABA-Yaoude
PI 503427,17,17,False,,,GIN,Landrace,KABA-Vantefelele
PI 503428,17,31,False,,,GIN,Cultivated material,KABA-Langan
PI 503429,16,30,False,,,GIN,Cultivated material,KABA-Danedjo
PI 503430,15,42,False,,,GIN,Cultivated material,KABA-Sagata
PI 503431,15,28,False,,,GIN,Cultivated material,KABA-Sagata
PI 503432,17,17,False,,,GIN,Landrace,KABA-Tokeri
PI 503433,17,17,False,,,GIN,Landrace,KABA-Dokoro
PI 503434,17,31,False,,,GIN,Cultivated material,KABA-Djimba
PI 503435,17,45,False,,,GIN,Cultivated material,KABA-M'Bohe
PI 503436,17,31,False,,,GIN,Cultivated material,KABA-Sata
PI 503438,17,31,False,,,GIN,Cultivated material,KABA-Sata
PI 503439,17,30,False,,,GIN,Cultivated material,KABA-Langan
PI 503440,17,45,False,,,GIN,Cultivated material,KABA-Langan
PI 503441,17,18,False,,,GIN,Landrace,KABA-N'Dokoro
PI 503442,15,28,False,,,GIN,Cultivated material,KABA-Dane
PI 503443,17,45,False,,,GIN,Cultivated material,KABA-Sata
PI 503447,17,31,False,,,GIN,Cultivated material,KABA-Neboude
PI 503448,15,28,False,,,GIN,Cultivated material,KABE-Rounfoure
PI 503449,15,28,False,,,GIN,Cultivated material,KABE-Yelebout
PI 503451,17,17,False,,,GIN,Landrace,KABA-Tangue
PI 503454,16,29,False,,,GIN,Cultivated material,KABA-Dokoro
PI 503455,15,42,False,,,GIN,Cultivated material,KABA-Sataba
PI 503456,17,30,False,,,GIN,Cultivated material,KABA-Dialo
PI 503458,15,28,False,,,GIN,Cultivated material,KABA-Dokoro
PI 503459,15,42,False,,,GIN,Cultivated material,KABA-Dane
PI 503460,15,42,False,,,GIN,Cultivated material,KABENA-Sagatan
PI 503461,16,29,False,,,GIN,Cultivated material,KABENA-Bella
PI 503462,17,30,False,,,GIN,Cultivated material,KABENA-Mossina
PI 503463,17,30,False,,,GIN,Cultivated material,NIO-Ba
PI 503464,17,30,False,,,GIN,Cultivated material,NIO-Tele
PI 503465,15,42,False,,,GIN,Cultivated material,NIO-Ba
PI 503466,17,31,False,,,GIN,Cultivated material,NIO-Samatala
PI 503467,15,42,False,,,GIN,Cultivated material,NIO-Oule
PI 503468,17,45,False,,,GIN,Cultivated material,NIO-Oule
PI 503470,15,28,False,,,GIN,Cultivated material,NIO-Ba
PI 503471,15,42,False,,,GIN,Cultivated material,NIO-Tele
PI 503472,17,30,False,,,GIN,Cultivated material,NIO-Gbeni
PI 503473,15,42,False,,,GIN,Cultivated material,NIO-Bouragbe
PI 503474,15,42,False,,,GIN,Cultivated material,NIO-gbe
PI 503476,17,30,False,,,GIN,Cultivated material,NIO-gbe
PI 503477,19,46,False,,,GIN,Cultivated material,NIO-gbe
PI 503478,17,30,False,,,GIN,Cultivated material,NIO-Bouragbe
PI 503479,17,30,False,,,GIN,Cultivated material,NIO-Oule
PI 503480,15,28,False,,,GIN,Cultivated material,NIO-Bouragbe
PI 503481,17,54,False,,,GIN,Cultivated material,NIO-Bouragbe
PI 503482,16,29,False,,,GIN,Cultivated material,NIO-Bouragbe
PI 503483,17,30,False,,,GIN,Cultivated material,NIO-Oule
PI 503484,17,30,False,,,GIN,Cultivated material,KABA-Oule
PI 503560,36,36,False,,,MEX,Cultivated material,Azul
PI 503563,32,32,False,,,USA,Landrace,Huun
PI 503566,32,32,False,,,USA,Landrace,Blue corn
PI 503568,33,33,False,,,USA,Landrace,Nahav kumi
PI 503573,33,33,False,,,USA,Landrace,Huun
PI 503574,45,46,False,,,MEX,Landrace,Chapalote
PI 503576,22,36,False,,,MEX,Cultivated material,Cacabatchi
PI 503671,20,32,False,,,PER,Landrace,Cuzco 9
PI 503674,17,35,False,,,PER,Cultivated material,Cuzco 316
PI 503675,18,23,False,,,PER,Cultivated material,Cuzco 320
PI 503678,18,23,False,,,PER,Cultivated material,Cuzco 352
PI 503679,17,20,False,,,PER,Landrace,Cuzco 354
PI 503680,17,20,False,,,PER,Cultivated material,Cuzco 356
PI 503681,19,23,False,,,PER,Landrace,Cuzco 363
PI 503682,18,21,False,,,PER,Landrace,Cuzco 364
PI 503683,18,22,False,,,PER,Landrace,Cuzco 365
PI 503688,17,20,False,,,PER,Cultivated material,Cuzco 372
PI 503702,16,26,False,,,PER,Landrace,Junin 150
PI 503703,17,21,False,,,PER,Cultivated material,Junin 151
PI 503704,15,18,False,,,PER,Cultivated material,Junin 153
PI 503705,17,20,False,,,PER,Cultivated material,Junin 154
PI 503706,16,20,False,,,PER,Cultivated material,Junin 158
PI 503709,16,20,False,,,PER,Landrace,Junin 162
PI 503710,16,26,False,,,PER,Landrace,Junin 163
PI 503711,18,21,False,,,PER,Landrace,Junin 164
PI 503713,16,19,False,,,PER,Cultivated material,Junin 193
PI 503714,17,34,False,,,PER,Landrace,Junin 197
PI 503715,17,21,False,,,PER,Cultivated material,Junin 201
PI 503720,37,41,False,,,PER,Cultivated material,Lambayeque 29
PI 503722,15,20,False,,,PER,Cultivated material,Lambayeque 35
PI 503723,15,19,False,,,PER,Cultivated material,Lambayeque 36
PI 503725,15,19,False,,,PER,Landrace,Lambayeque 38
PI 503727,15,20,False,,,PER,Cultivated material,Lambayeque 40
PI 503728,17,34,False,,,PER,Cultivated material,Lambayeque 42
PI 503731,15,19,False,,,PER,Cultivated material,Lambayeque 45
PI 503764,15,15,False,,,PER,Cultivated material,Lambayeque 103
PI 503767,16,36,False,,,PER,Landrace,Lambayeque 107
PI 503768,16,29,False,,,PER,Cultivated material,Lambayeque 109
PI 503770,16,29,False,,,PER,Landrace,Lambayeque 111
PI 503789,16,16,False,,,PER,Cultivated material,Lima 98
PI 503790,17,18,False,,,PER,Cultivated material,Lima 99
PI 503806,16,31,False,,,PER,Cultivated material,Piura 144
PI 503810,16,17,False,,,PER,Cultivated material,Piura 148
PI 503849,16,30,False,,,PER,Landrace,Piura 208
PI 503881,16,16,False,,,BRA,Breeding material,Azteca
PI 503882,18,18,False,,,BRA,Breeding material,Azteca Tuxpeno
PI 503884,20,21,False,,,BRB,Breeding material,Barbados Group 1
PI 503886,19,19,False,,,BRA,Breeding material,Brazil Mezcla 3078
PI 503887,20,20,False,,,BRA,Landrace,Brazil 2339
PI 503889,24,25,False,,,BRA,Landrace,Brazil 2823
PI 503890,19,19,False,,,BRA,Landrace,Brazil 2901
PI 503891,19,19,False,,,BRA,Landrace,Brazil 2902
PI 503892,19,19,False,,,BRA,Landrace,Brazil 2903
PI 503893,19,19,False,,,BRA,Landrace,Brazil 2905
PI 503895,20,20,False,,,BRA,Landrace,Brazil 2907
PI 503896,19,19,False,,,BRA,Landrace,Brazil 2908
PI 503897,19,19,False,,,BRA,Landrace,Brazil 2909
PI 503898,19,19,False,,,BRA,Landrace,Brazil 2910
PI 503899,19,19,False,,,BRA,Landrace,Brazil 2913
PI 503900,20,20,False,,,BRA,Landrace,Brazil 2914
PI 503901,19,19,False,,,BRA,Landrace,Brazil 2915
PI 503902,19,19,False,,,BRA,Landrace,Brazil 2919
PI 503903,19,19,False,,,BRA,Landrace,Brazil 2920
PI 503904,19,33,False,,,BRA,Landrace,Brazil 2921
PI 503905,19,19,False,,,BRA,Landrace,Brazil 2922
PI 503906,19,19,False,,,BRA,Landrace,Brazil 2923
PI 503907,19,19,False,,,BRA,Landrace,Brazil 2924
PI 503908,19,19,False,,,BRA,Landrace,Brazil 2928
PI 503909,19,19,False,,,BRA,Landrace,Brazil 2930
PI 503910,19,19,False,,,BRA,Landrace,Brazil 2932
PI 503911,20,20,False,,,BRA,Landrace,Brazil 2935
PI 503912,20,20,False,,,BRA,Landrace,Brazil 2937
PI 503913,19,19,False,,,BRA,Landrace,Brazil 2941
PI 503914,20,20,False,,,BRA,Landrace,Brazil 2942
PI 503915,19,19,False,,,BRA,Landrace,Brazil 2943
PI 503916,23,23,False,,,BRA,Landrace,Brazil 2945
PI 503917,20,20,False,,,BRA,Landrace,Brazil 2948
PI 503918,19,19,False,,,BRA,Landrace,Brazil 2949
PI 503919,15,15,False,,,BRA,Landrace,Brazil 2950
PI 503920,19,19,False,,,BRA,Landrace,Brazil 2951
PI 503921,20,20,False,,,BRA,Landrace,Brazil 2952
PI 503922,20,20,False,,,BRA,Landrace,Brazil 2953
PI 503923,19,19,False,,,BRA,Landrace,Brazil 2954
PI 503926,19,19,False,,,BRA,Landrace,Brazil 2958
PI 503927,19,19,False,,,BRA,Landrace,Brazil 2959
PI 503928,19,19,False,,,BRA,Landrace,Brazil 2960
PI 503929,19,19,False,,,BRA,Landrace,Brazil 2961
PI 503930,19,19,False,,,BRA,Landrace,Brazil 2962
PI 503931,20,20,False,,,BRA,Landrace,Brazil 2965
PI 503932,22,22,False,,,BRA,Landrace,Brazil 2966
PI 503933,19,19,False,,,BRA,Landrace,Brazil 2967
PI 503934,19,19,False,,,BRA,Landrace,Brazil 2968
PI 503935,19,19,False,,,BRA,Landrace,Brazil 2969
PI 503936,19,19,False,,,BRA,Landrace,Brazil 2971
PI 503937,19,19,False,,,BRA,Landrace,Brazil 2974
PI 503938,19,30,False,,,BRA,Landrace,Brazil 2976
PI 503939,18,32,False,,,BRA,Landrace,Brazil 2977
PI 503940,19,19,False,,,BRA,Landrace,Brazil 2979
PI 503941,19,19,False,,,BRA,Landrace,Brazil 2981
PI 503942,19,19,False,,,BRA,Landrace,Brazil 2982
PI 503943,19,19,False,,,BRA,Landrace,Brazil 2983
PI 503944,19,19,False,,,BRA,Landrace,Brazil 2984
PI 503945,19,19,False,,,BRA,Landrace,Brazil 2985
PI 503946,19,19,False,,,BRA,Landrace,Brazil 2986
PI 503947,19,19,False,,,BRA,Landrace,Brazil 2988
PI 503948,19,19,False,,,BRA,Landrace,Brazil 2989
PI 503949,22,22,False,,,BRA,Landrace,Brazil 2990
PI 503950,19,19,False,,,BRA,Landrace,Brazil 2991
PI 503951,19,19,False,,,BRA,Landrace,Brazil 2995
PI 503952,19,19,False,,,BRA,Landrace,Brazil 2997
PI 503953,17,17,False,,,BRA,Landrace,Brazil 2999
PI 503955,18,18,False,,,BRA,Landrace,Brazil 3001
PI 503956,20,20,False,,,BRA,Landrace,Brazil 3003
PI 503957,19,19,False,,,BRA,Landrace,Brazil 3004
PI 503958,19,19,False,,,BRA,Landrace,Brazil 3005
PI 503959,19,19,False,,,BRA,Landrace,Brazil 3006
PI 503960,18,18,False,,,BRA,Landrace,Brazil 3007
PI 503961,19,19,False,,,BRA,Landrace,Brazil 3008
PI 503962,20,20,False,,,BRA,Landrace,Brazil 3009
PI 503963,20,20,False,,,BRA,Landrace,Brazil 3010
PI 503964,19,19,False,,,BRA,Landrace,Brazil 3011
PI 503965,19,19,False,,,BRA,Landrace,Brazil 3013
PI 503966,19,19,False,,,BRA,Landrace,Brazil 3014
PI 503967,19,19,False,,,BRA,Landrace,Brazil 3015
PI 503968,19,19,False,,,BRA,Landrace,Brazil 3016
PI 503969,20,20,False,,,BRA,Landrace,Brazil 3017
PI 503970,19,19,False,,,BRA,Landrace,Brazil 3019
PI 503971,20,20,False,,,BRA,Landrace,Brazil 3020
PI 503972,20,20,False,,,BRA,Landrace,Brazil 3021
PI 503973,20,20,False,,,BRA,Landrace,Brazil 3022
PI 503974,20,20,False,,,BRA,Landrace,Brazil 3026
PI 503975,20,34,False,,,BRA,Landrace,Brazil 3027
PI 503976,20,34,False,,,BRA,Landrace,Brazil 3032
PI 503977,19,19,False,,,BRA,Landrace,Brazil 3033
PI 503978,19,19,False,,,BRA,Landrace,Brazil 3034
PI 503979,18,18,False,,,BRA,Landrace,Brazil 3035
PI 503980,19,19,False,,,BRA,Landrace,Brazil 3036
PI 503981,19,19,False,,,BRA,Landrace,Brazil 3037
PI 503982,19,19,False,,,BRA,Landrace,Brazil 3038
PI 503983,19,19,False,,,BRA,Landrace,Brazil 3039
PI 503984,19,19,False,,,BRA,Landrace,Brazil 3040
PI 503985,19,19,False,,,BRA,Landrace,Brazil 3041
PI 503986,20,20,False,,,BRA,Landrace,Brazil 3042
PI 503987,19,19,False,,,BRA,Landrace,Brazil 3047
PI 503988,19,19,False,,,BRA,Landrace,Brazil 3048
PI 503989,19,19,False,,,BRA,Landrace,Brazil 3049
PI 503990,19,19,False,,,BRA,Landrace,Brazil 3050
PI 503991,19,19,False,,,BRA,Landrace,Brazil 3052
PI 503992,19,30,False,,,BRA,Landrace,Brazil 3054
PI 503993,19,19,False,,,BRA,Landrace,Brazil 3056
PI 503994,19,19,False,,,BRA,Landrace,Brazil 3058
PI 503995,19,19,False,,,BRA,Landrace,Brazil 3059
PI 503996,19,19,False,,,BRA,Landrace,Brazil 3063
PI 503997,19,19,False,,,BRA,Landrace,Brazil 3064
PI 503998,19,19,False,,,BRA,Landrace,Brazil 3065
PI 503999,19,19,False,,,BRA,Landrace,Brazil 3069
PI 504000,19,19,False,,,BRA,Landrace,Brazil 3158
PI 504001,20,34,False,,,BRA,Landrace,Brazil 3159
PI 504002,21,32,False,,,BRA,Landrace,Brazil 430
PI 504003,18,18,False,,,MEX,Cultivated material,Capitein
PI 504004,18,18,False,,,BRA,Cultivated material,Cateto SS
PI 504009,19,19,False,,,MEX,Landrace,Coahuila 81
PI 504010,16,16,False,,"Synthetic population developed from Chiapas 209, 62, 76, 1, and 24; and Guerrero Group 6 and 7.",MEX,Breeding material,Early Vandeno Synthetic
PI 504011,16,16,False,,,SLV,Breeding material,Compuesto Salvadoreno Blanco
PI 504013,16,16,False,,"Synthetic population developed from Guanajuato groups 1, 2, 3, and 4; and Queretaro Group 13.",MEX,Breeding material,Celaya Synthetic 2
PI 504015,16,16,False,,"Composite of Sonora Group 4, Sonora Group 4, and Sonora 54.  Sonora Group 1 consisted of Sonora 29, Sonora 32, Sonora 33, Sonora 34, Sonora 35, and Sonora 53.  These collections represented the race Harinoso de Ocho.",MEX,Breeding material,Harinoso de Ocho Synthetic
PI 504016,18,18,False,,,HND,Breeding material,Honduran Composite 1
PI 504017,18,18,False,,,HND,Breeding material,Honduran Composite 2
PI 504019,18,18,False,,,NIC,Breeding material,Nicaragua Composite 1
PI 504020,18,18,False,,,NIC,Breeding material,Nicaragua Composite 2
PI 504021,18,18,False,,,NIC,Breeding material,Nicaragua Composite 3
PI 504022,16,16,False,,,BRA,Breeding material,Compuesto Paulista Dent
PI 504026,20,20,False,,,CRI,Landrace,Costa Rica 138
PI 504027,19,19,False,,,CRI,Landrace,Costa Rica 254
PI 504028,19,19,False,,,CRI,Landrace,Costa Rica 301
PI 504029,18,18,False,,"FROM CIMMYT: Composite of collections Costa Rica 49, Costa Rica 51, Costa Rica 54, Costa Rica 56, Costa Rica 59.",CRI,Breeding material,Costa Rica Group 11A
PI 504030,22,22,False,,"FROM CIMMYT: Composite of collections Costa Rica 251, Costa Rica 253, Costa Rica 254, Costa Rica 259 and Costa Rica 314.",CRI,Breeding material,Costa Rica Group 17A
PI 504032,18,18,False,,"FROM CIMMYT: Composite of collections Costa Rica 280, Costa Rica 282, and Costa Rica 286.",CRI,Breeding material,Costa Rica Group 23A
PI 504033,21,21,False,,,CRI,Breeding material,Costa Rica Group 33
PI 504036,17,17,False,,,BRA,Cultivated material,Cristal B P
PI 504037,19,19,False,,,CUB,Landrace,Cuba 145
PI 504038,20,21,False,,,CUB,Landrace,Cuba 161
PI 504039,18,19,False,,,CUB,Landrace,Cuba 23
PI 504041,16,16,False,,"Composite of Cuba 1, 3, 16, 20, 23, Antigua Mezcla, Barbados, San Vicent",MEX,Breeding material,Cuba Antibarsan
PI 504047,20,21,False,,,CUB,Breeding material,Cuba Group 7
PI 504048,16,30,False,,,BRA,Cultivated material,Cuban Dent
PI 504051,18,18,False,,,SLV,Breeding material,El Salvador Group 11A
PI 504053,18,18,False,,,SLV,Breeding material,El Salvador Group 1A
PI 504054,18,18,False,,,SLV,Breeding material,El Salvador Group 22A
PI 504055,16,16,False,,,USA,Breeding material,Funks Waxy
PI 504066,19,19,False,,,GTM,Landrace,Guatemala 105
PI 504067,18,18,False,,,GTM,Landrace,Guatemala 107
PI 504068,19,19,False,,,GTM,Landrace,Guatemala 123
PI 504069,19,19,False,,,GTM,Landrace,Guatemala 124
PI 504070,20,20,False,,,GTM,Landrace,Guatemala 148
PI 504071,20,31,False,,,GTM,Landrace,Guatemala 153
PI 504072,19,19,False,,,GTM,Landrace,Guatemala 155
PI 504073,19,19,False,,,GTM,Landrace,Guatemala 159
PI 504074,19,19,False,,,GTM,Landrace,Guatemala 178
PI 504075,22,22,False,,,GTM,Landrace,Guatemala 179
PI 504077,20,20,False,,,GTM,Landrace,Guatemala 232
PI 504078,20,20,False,,,GTM,Landrace,Guatemala 260
PI 504079,19,19,False,,,GTM,Landrace,Guatemala 271
PI 504080,19,19,False,,,GTM,Landrace,Guatemala 278
PI 504081,19,19,False,,,GTM,Landrace,Guatemala 291
PI 504082,20,20,False,,,GTM,Landrace,Guatemala 298
PI 504083,19,19,False,,,GTM,Landrace,Guatemala 320
PI 504084,21,21,False,,,GTM,Landrace,Guatemala 321
PI 504085,19,19,False,,,GTM,Landrace,Guatemala 330
PI 504086,20,20,False,,,GTM,Landrace,Guatemala 335
PI 504087,20,20,False,,,GTM,Landrace,Guatemala 346
PI 504088,19,19,False,,,GTM,Landrace,Guatemala 473
PI 504089,20,20,False,,,GTM,Landrace,Guatemala 649
PI 504090,21,24,False,,,GTM,Landrace,Guatemala 651
PI 504091,20,20,False,,,GTM,Landrace,Guatemala 66
PI 504092,20,20,False,,,GTM,Landrace,Guatemala 679
PI 504093,18,18,False,,,GTM,Landrace,Guatemala 71
PI 504094,20,20,False,,,GTM,Landrace,Guatemala 712
PI 504095,19,19,False,,,GTM,Landrace,Guatemala 72
PI 504096,19,19,False,,,GTM,Landrace,Guatemala 738
PI 504097,19,19,False,,,GTM,Landrace,Guatemala 74
PI 504098,19,19,False,,,GTM,Landrace,Guatemala 741
PI 504099,20,20,False,,,GTM,Landrace,Guatemala 760
PI 504100,20,20,False,,,GTM,Landrace,Guatemala 769
PI 504101,20,31,False,,,GTM,Landrace,Guatemala 79
PI 504102,19,19,False,,,GTM,Landrace,Guatemala 793
PI 504103,20,20,False,,,GTM,Landrace,Guatemala 794
PI 504104,19,19,False,,,GTM,Landrace,Guatemala 796
PI 504105,20,20,False,,,GTM,Landrace,Guatemala 81
PI 504106,19,19,False,,,GTM,Landrace,Guatemala 87
PI 504107,19,19,False,,,GTM,Landrace,Guatemala 88
PI 504108,18,18,False,,,GTM,Landrace,Guatemala 90
PI 504109,21,35,False,,FROM CIMMYT: Composite of Guatemala 159 and Guatemala 156.,GTM,Breeding material,Guatemala Group 1-2A
PI 504111,20,34,False,,,GTM,Breeding material,Guatemala Group 2-4A
PI 504113,20,20,False,,,GTM,Breeding material,Guatemala Group 4-4A
PI 504114,20,20,False,,,GTM,Breeding material,Guatemala Group 6-1A
PI 504115,21,35,False,,"FROM CIMMYT: Composite of Guatemala 98, Guatemala 100, and Guatemala 104.",GTM,Breeding material,Guatemala Group 8-1A
PI 504116,19,19,False,,,GTM,Breeding material,Guatemala Group 15-1A
PI 504117,19,19,False,,,GTM,Breeding material,Guatemala Group 17-3A
PI 504118,44,44,False,,,GTM,Breeding material,Guatemala Group 21-18A
PI 504119,20,20,False,,,GTM,Breeding material,Guatemala Group 22-2A
PI 504120,19,19,False,,,GTM,Breeding material,Guatemala Group 5-4A
PI 504121,20,20,False,,,HND,Landrace,Honduras 37
PI 504122,18,18,False,,,HND,Breeding material,Honduras Group 19
PI 504123,19,19,False,,,HND,Breeding material,Honduras Group 3A
PI 504124,18,18,False,,,HND,Breeding material,Honduras Group 4A
PI 504125,19,19,False,,,HND,Breeding material,Honduras Group 6A
PI 504126,19,19,False,,"FROM CIMMYT: Composite of Honduras 119-125, and Honduras 127-134.",HND,Breeding material,Honduras Group 8A
PI 504128,16,16,False,,,MEX,Breeding material,Narino 330 X Peru 330
PI 504129,19,19,False,,,NIC,Landrace,Nicaragua 103
PI 504130,19,19,False,,,NIC,Landrace,Nicaragua 106
PI 504131,22,22,False,,,NIC,Landrace,Nicaragua 16
PI 504133,20,20,False,,,NIC,Landrace,Nicaragua 78
PI 504134,18,18,False,,"NIC 57, NIC 56, NIC 54,NIC 51,NIC 53,NIC 55,NIC 152 are included",NIC,Breeding material,Nicaragua Group 64A
PI 504135,18,18,False,,"NIC 58, NIC 59, NIC 60, NIC 61, NIC 62, NIC 63, NIC 64, NIC 65 are included.",NIC,Breeding material,Nicaragua Group 65A
PI 504136,17,17,False,,NIC 111 and NIC 119 are included.,NIC,Breeding material,Nicaragua Group 73A
PI 504138,17,17,False,,"FROM CIMMYT: Composite of Panama 6M, Panama 8M, Panama 14M and Panama 19M.",PAN,Breeding material,Panama Group 101
PI 504139,18,18,False,,,PAN,Breeding material,Panama Group 79A
PI 504144,18,18,False,,,USA,Breeding material,Puerto Rico Group 66
PI 504145,20,20,False,,"FROM CIMMYT records: Composite of 77 populations, including BRAZ 820-826, 828, 838, 846, 853, 855, 862, 860, 869, 870, 874, etc.",BRA,Breeding material,Brazil Rio Grande do Sul Group 2
PI 504154,35,35,False,,,MEX,Landrace,Tamaulipas 29
PI 504156,16,17,False,,,TTO,Breeding material,Trinidad and Tobago Group 2
PI 504157,19,19,False,,,TTO,Breeding material,Trinidad Group 1
PI 504158,19,19,False,,"FROM CIMMYT records: Includes Trinidad 24-26, Trinidad 28-38, Trinidad 40, Trinidad 42-45, Trinidad 47-51. These collections were representative of the race Caribbean Dent.",TTO,Breeding material,Trinidad Group 1 and 2
PI 504159,16,16,False,,"Synthetic population developed from Antigua 1, 2, 3, 4, 5, 6, 7, and 8D; and Veracruz 151, 181, and 168.",MEX,Breeding material,Tuxpantigua
PI 504160,16,16,False,,,NIC,Breeding material,Tuxpeno Caribe
PI 504161,16,16,False,,"Synthetic population developed from Francisco Flint (Peru-Crist), Yellow Synthetic II, Veracruz 168 and 212; Cuba 1, 3, 16, 20, and 23; and Puerto Rico 7D.",MEX,Breeding material,Tuxpeno Francisco Flint
PI 504162,16,16,False,,Synthetic population developed from Coahuila Group 6 and Group 9; and Nuevo Leon Group 7 and Group 8.,MEX,Breeding material,Intermediate Early Tuxpeno
PI 504163,16,16,False,,,NIC,Breeding material,Tuxpeno Salvadoreno Composite
PI 504164,16,16,False,,,MEX,Breeding material,Tuxpeno Sanvibag Synthetic
PI 504165,16,16,False,,"Synthetic population developed from United States 342 x Antigua Mezcla (1D, 2, 3, 4, 5, 6, 7, and 8D).",MEX,Cultivated material,Usatigua
PI 504168,18,18,False,,,VEN,Landrace,Venezuela 703
PI 504169,18,18,False,,,VEN,Landrace,Venezuela 780
PI 505493,17,32,False,,,BFA,Cultivated material,Kamana
PI 505495,17,31,False,,,BFA,Cultivated material,Kamana
PI 505498,17,17,False,,,BFA,Cultivated material,Kamande
PI 505499,16,16,False,,,BFA,Cultivated material,Kamande
PI 505500,15,28,False,,,BFA,Cultivated material,13
PI 505501,17,32,False,,,BFA,Cultivated material,Kamanda
PI 505502,17,32,False,,,BFA,Cultivated material,Kamana
PI 505503,17,17,False,,,BFA,Cultivated material,Kamana
PI 505504,17,17,False,,,BFA,Cultivated material,Kamande
PI 505505,17,17,False,,,BFA,Cultivated material,Kamanda
PI 505506,17,17,False,,,BFA,Cultivated material,Mendnde
PI 505507,16,16,False,,,BFA,Cultivated material,Mamanani
PI 505508,17,17,False,,,BFA,Cultivated material,Kamana
PI 505512,16,16,False,,,BFA,Cultivated material,Kamana
PI 505514,15,28,False,,,BFA,Cultivated material,Kamana
PI 505518,17,17,False,,,BFA,Cultivated material,Nayouri
PI 505520,15,28,False,,,BFA,Cultivated material,Akokone
PI 505523,17,17,False,,,BFA,Cultivated material,Kamana
PI 505526,15,28,False,,,BFA,Cultivated material,Kamana
PI 505527,15,15,False,,,BFA,Cultivated material,Kamana
PI 505533,18,32,False,,,BFA,Cultivated material,Seme
PI 505534,18,18,False,,,BFA,Cultivated material,Bambana
PI 505535,15,28,False,,,BFA,Cultivated material,Korion
PI 505538,17,18,False,,,BFA,Cultivated material,Bara
PI 505539,17,17,False,,,BFA,Cultivated material,Kamana
PI 505541,17,17,False,,,BFA,Cultivated material,Bara
PI 505544,15,28,False,,,BFA,Cultivated material,Chenepola
PI 505548,17,17,False,,,BFA,Cultivated material,Kamana
PI 505549,15,15,False,,,BFA,Cultivated material,Kamana
PI 505747,15,28,False,,,ZMB,Landrace,ZM/A 5016
PI 505755,15,29,False,,,ZMB,Landrace,ZM/A 5088
PI 505756,16,30,False,,,ZMB,Landrace,Kahila
PI 505757,15,42,False,,,ZMB,Landrace,ZM/A 5099
PI 505758,15,42,False,,,ZMB,Landrace,ZM/A 5108
PI 505759,15,42,False,,,ZMB,Landrace,ZM/A 5120
PI 505760,17,17,False,,,ZMB,Landrace,ZM/A 5125
PI 505762,18,18,False,,,ZMB,Landrace,ZM/A 5132
PI 505764,15,42,False,,,ZMB,Landrace,ZM/A 5139
PI 505766,15,42,False,,,ZMB,Landrace,ZM/A 5155
PI 505767,15,42,False,,,ZMB,Landrace,ZM/A 5159
PI 505769,16,30,False,,,ZMB,Landrace,ZM/A 5168
PI 505770,15,15,False,,,ZMB,Landrace,ZM/A 5169
PI 505771,15,29,False,,,ZMB,Landrace,ZM/A 5170
PI 505773,15,29,False,,,ZMB,Landrace,ZM/A 5172
PI 505774,18,33,False,,,ZMB,Landrace,Emivuale
PI 505775,15,41,False,,,ZMB,Landrace,ZM/A 5175
PI 505777,15,42,False,,,ZMB,Landrace,ZM/A 5178
PI 505782,16,30,False,,,ZMB,Landrace,ZM/A 5200
PI 505784,15,15,False,,,ZMB,Landrace,ZM/A 5212
PI 505785,15,29,False,,,ZMB,Landrace,ZM/A 5214
PI 505787,16,30,False,,,ZMB,Landrace,ZM/A 5226
PI 505788,15,42,False,,,ZMB,Landrace,ZM/A 5230
PI 505793,18,33,False,,,ZMB,Landrace,Makaba
PI 505794,15,29,False,,,ZMB,Landrace,ZM/A 5253
PI 505800,15,42,False,,,ZMB,Landrace,ZM/A 5285
PI 505801,16,16,False,,,ZMB,Landrace,ZM/A 5297
PI 505802,18,18,False,,,ZMB,Landrace,ZM/A 5307
PI 505804,15,42,False,,,ZMB,Landrace,ZM/A 5321
PI 505809,15,15,False,,,ZMB,Landrace,ZM/A 5362
PI 505810,15,42,False,,,ZMB,Landrace,ZM/A 5369
PI 505811,15,28,False,,,ZMB,Landrace,ZM/A 5381
PI 505812,15,42,False,,,ZMB,Landrace,ZM/A 5394
PI 505814,15,42,False,,,ZMB,Landrace,ZM/A 5402
PI 506132,17,17,False,,,TGO,Landrace,Kawena
PI 506133,17,31,False,,,TGO,Landrace,Kawena
PI 506134,17,17,False,,,TGO,Landrace,Kawena
PI 506135,17,31,False,,,TGO,Landrace,Kamana
PI 506136,17,17,False,,,TGO,Landrace,Kamana
PI 506137,16,16,False,,,TGO,Landrace,Kamana
PI 506138,16,16,False,,,TGO,Landrace,Kpabredjak
PI 506139,17,31,False,,,TGO,Landrace,Kpabd'djak
PI 506140,16,16,False,,,TGO,Landrace,Kpabdbaloug
PI 506141,17,32,False,,,TGO,Landrace,Kpabd'djak
PI 506142,16,16,False,,,TGO,Landrace,Kalbonta
PI 506143,16,16,False,,,TGO,Landrace,Kpabda
PI 506144,16,16,False,,,TGO,Landrace,Kalbontdjak
PI 506145,16,16,False,,,TGO,Landrace,Kalbond'djak
PI 506146,17,45,False,,,TGO,Landrace,Kalbontdjanioug
PI 506147,17,32,False,,,TGO,Landrace,Kalbontnioug
PI 506148,17,31,False,,,TGO,Landrace,Kalbontpiong
PI 506149,16,16,False,,,TGO,Landrace,Ikpabd
PI 506150,17,45,False,,,TGO,Landrace,Wamla
PI 506151,17,31,False,,,TGO,Landrace,Ayero
PI 506152,17,46,False,,,TGO,Landrace,Amlamde
PI 506153,17,17,False,,,TGO,Landrace,Filanawamla
PI 506154,16,16,False,,,TGO,Landrace,Ketcete
PI 506155,16,16,False,,,TGO,Landrace,Cotocoliri
PI 506156,17,31,False,,,TGO,Landrace,Wamla
PI 506157,16,16,False,,,TGO,Landrace,Kerkete
PI 506158,17,31,False,,,TGO,Landrace,Abouyi-Kokore
PI 506160,17,30,False,,,TGO,Landrace,Agbado ou Gbafo
PI 506161,17,31,False,,,TGO,Landrace,Krekete
PI 506162,16,16,False,,,TGO,Landrace,Bankane
PI 506163,17,31,False,,,TGO,Landrace,Adjipoe
PI 506164,17,31,False,,,TGO,Landrace,Bankan
PI 506165,16,16,False,,,TGO,Landrace,Namnoum
PI 506166,17,17,False,,,TGO,Landrace,Bankan
PI 506167,17,59,False,,,TGO,Landrace,Bankan
PI 506168,16,16,False,,,TGO,Landrace,Ebli
PI 506169,17,31,False,,,TGO,Landrace,Tchoke
PI 506170,17,17,False,,,TGO,Landrace,Gbafo
PI 506171,17,18,False,,,TGO,Landrace,Gbafo
PI 506172,16,16,False,,,TGO,Landrace,Kpalima
PI 506173,17,17,False,,,TGO,Landrace,Kpalima
PI 506174,17,17,False,,,TGO,Landrace,Gbetougue
PI 506175,17,17,False,,,TGO,Landrace,Gbetougue
PI 506176,15,56,False,,,TGO,Landrace,Gbetougue
PI 506177,17,17,False,,,TGO,Landrace,Edeta
PI 506178,17,17,False,,,TGO,Landrace,Djouklo
PI 506179,17,30,False,,,TGO,Landrace,Djouklo
PI 506180,16,16,False,,,TGO,Landrace,Djoklo
PI 506181,17,17,False,,,TGO,Landrace,Djoklo
PI 506182,17,45,False,,,TGO,Landrace,Erita
PI 506183,17,32,False,,,TGO,Landrace,Blafo
PI 506184,17,17,False,,,TGO,Landrace,Blafo
PI 506185,17,17,False,,,TGO,Landrace,Blafo
PI 506186,17,18,False,,,TGO,Landrace,Blafo
PI 506188,17,31,False,,,TGO,Landrace,Blafo
PI 506189,16,16,False,,,TGO,Landrace,Ebli
PI 506190,17,17,False,,,TGO,Landrace,Ebli
PI 506191,17,18,False,,,TGO,Landrace,Ebli
PI 506192,17,30,False,,,TGO,Landrace,Kpekessou
PI 506193,17,18,False,,,TGO,Landrace,Agbokpoe
PI 506195,16,44,False,,,TGO,Landrace,Bafo
PI 506196,17,17,False,,,TGO,Landrace,Ebli
PI 506197,17,17,False,,,TGO,Landrace,Blafo
PI 506198,17,46,False,,,TGO,Landrace,Ebli
PI 506200,16,16,False,,,TGO,Landrace,Ebli
PI 506201,17,17,False,,,TGO,Landrace,Ebli
PI 506202,17,17,False,,,TGO,Landrace,Yovlou
PI 506204,16,16,False,,,TGO,Landrace,Ebli
PI 506205,17,17,False,,,TGO,Landrace,Ebli
PI 506206,17,32,False,,,TGO,Landrace,Kelebli
PI 506207,16,16,False,,,TGO,Landrace,Fiobli
PI 506208,17,17,False,,,TGO,Landrace,Ebli
PI 506209,17,17,False,,,TGO,Landrace,Ebli
PI 506211,16,16,False,,,TGO,Landrace,Ebli
PI 506212,17,17,False,,,TGO,Landrace,Ebli
PI 506214,16,16,False,,,TGO,Landrace,Ebli
PI 506215,17,17,False,,,TGO,Landrace,Ebli
PI 506216,17,17,False,,,TGO,Landrace,Agbogboe
PI 506217,17,17,False,,,TGO,Landrace,Agbogboe
PI 506218,17,17,False,,,TGO,Landrace,Agbogbui
PI 506243,21,39,False,Maize.Group.Ames.Panel.2010,Dholi 7622(2)/TZSR,NGA,Breeding material,Tzi 1
PI 506245,20,24,False,Maize.Group.Ames.Panel.2010,Gua. Caste 7729/TZSR,NGA,Breeding material,Tzi 4
PI 506248,22,22,False,Maize.Set.Inbred.Diversity.282.Plus.NAM.Parents,Tlalt. 7844/TZSR,NGA,Breeding material,Tzi 10
PI 506252,20,37,False,Maize.Group.Ames.Panel.2010,RppSR (TZ),NGA,Breeding material,Tzi 17
PI 506253,21,39,False,Maize.Set.Inbred.Diversity.282.Plus.NAM.Parents,Sete lag. 7728(2)/TZSR,NGA,Breeding material,Tzi 18
PI 506254,21,25,False,Maize.Group.Ames.Panel.2010,H95(3)/RppSR,NGA,Breeding material,Tzi 24
PI 506255,25,45,False,Maize.Set.Inbred.Diversity.282.Plus.NAM.Parents,B73(3)/RppSR,NGA,Breeding material,Tzi 25
PI 506258,32,66,False,Maize.Group.Ames.Panel.2010,H29(2)/ RppSR,NGA,Breeding material,Tzi 30
PI 508270,51,81,False,,Mexican June selections/Indian flour & dent selections.,USA,Breeding material,Arizona Maize Germplasm for Saline Env's
PI 509046,28,42,False,Maize.Group.Ames.Panel.2010,"C68R, T24S, T40S, T46S, and Georgia Special in a complex pedigree",USA,Breeding material,T64S
PI 509542,36,56,False,Maize.Group.Ames.Panel.2010,BSSS(R)C7 .  BSSS(R)C7 is an improved selection cycle of Iowa Stiff Stalk Synthetic.,USA,Breeding material,B89
PI 509543,29,30,False,,,USA,Breeding material,BSP1C1
PI 509544,29,30,False,,,USA,Breeding material,BSPW1C1
PI 510612,15,15,False,,,PER,Cultivated material,"Tonko (Aymara), Maiz (Span.)."
PI 510616,15,15,False,,,PER,Cultivated material,"Tonko (Aymara), Maiz (Span.)."
PI 510617,15,15,False,,,PER,Cultivated material,"Tonko (Aymara), Maiz (Span.)."
PI 510671,30,33,False,,Synthetic from one cycle of full-sib family sel. among 78 full-sib families between NDSC(FS)C1 and NDSD(FS)C1.,USA,Breeding material,NDSCD
PI 510672,30,31,False,,Snythetic from one cycle of reciprocal full-sib selection among full-sib families of NDSA and NDSB.,USA,Breeding material,NDSK(FS)C1
PI 510673,30,30,False,,Synthetic from one cycle of reciprocal full-sib selection among full-sib families of NDSA and NDSB.,USA,Breeding material,NDSL(FS)C1
PI 510674,27,54,False,Maize.Group.Ames.Panel.2010,Selected from NDSD(FS)C1.,USA,Breeding material,ND261
PI 511309,19,23,False,Maize.Group.Ames.Panel.2010,B73///B73//B73/Pa91,USA,Breeding material,NC252
PI 511310,20,24,False,Maize.Group.Ames.Panel.2010,B73///B73//B73/Pa91,USA,Breeding material,NC254
PI 511311,28,46,False,Maize.Group.Ames.Panel.2010,B73///B73//B73/Pa91,USA,Breeding material,NC256
PI 511313,18,20,False,Maize.Group.Ames.Panel.2010,,USA,Breeding material,GT113
PI 511314,26,50,False,,,USA,Breeding material,GT114
PI 511315,18,20,False,Maize.Group.Ames.Panel.2010,,USA,Breeding material,GT115
PI 511316,26,26,False,Maize.Group.Ames.Panel.Post.2010,,USA,Breeding material,GT117
PI 511317,19,20,False,Maize.Group.Ames.Panel.2010,,USA,Breeding material,GT118
PI 511318,19,21,False,Maize.Group.Ames.Panel.2010,,USA,Breeding material,GT119
PI 511391,19,19,False,,,AUS,Breeding material,Australasian Comp. AVC
PI 511393,16,16,False,,,BOL,Landrace,Bolivia 93
PI 511394,16,16,False,,,BOL,Landrace,Bolivia 323
PI 511396,16,16,False,,,BRA,Landrace,Brazil 372
PI 511398,17,17,False,,,BRA,Landrace,Brazil 1087-AF
PI 511400,17,17,False,,,BRA,Landrace,Brazil 1089-AF
PI 511402,17,17,False,,,BRA,Landrace,Brazil 1091-AF
PI 511403,17,17,False,,,BRA,Landrace,Brazil 1092-AF
PI 511404,18,18,False,,,BRA,Landrace,Brazil 1093-AF
PI 511405,18,32,False,,,BRA,Landrace,Brazil 1094-AF
PI 511406,21,35,False,,,BRA,Landrace,Brazil 1095-AF
PI 511411,19,32,False,,,BRA,Landrace,Brazil 1100-AF
PI 511413,17,17,False,,,BRA,Landrace,Brazil 1102-AF
PI 511419,17,17,False,,,BRA,Landrace,Brazil 1108-AF
PI 511420,17,17,False,,,BRA,Landrace,Brazil 1109-AF
PI 511421,17,17,False,,,BRA,Landrace,Brazil 1110-AF
PI 511424,17,17,False,,,BRA,Landrace,Brazil 1113-AF
PI 511425,17,17,False,,,BRA,Landrace,Brazil 1114-AF
PI 511426,16,16,False,,,BRA,Landrace,Brazil 1115-AF
PI 511427,19,33,False,,,BRA,Landrace,Brazil 1116-AF
PI 511430,19,29,False,,,BRA,Landrace,Brazil 1119-AF
PI 511431,19,19,False,,,BRA,Landrace,Brazil 1120-AF
PI 511432,19,33,False,,,BRA,Landrace,Brazil 1121-AF
PI 511434,17,17,False,,,BRA,Landrace,Brazil 1123-AF
PI 511436,17,17,False,,,BRA,Landrace,Brazil 1125-AF
PI 511437,17,17,False,,,BRA,Landrace,Brazil 1126-AF
PI 511438,17,17,False,,,BRA,Landrace,Brazil 1127-AF
PI 511439,17,17,False,,,BRA,Landrace,Brazil 1128-AF
PI 511440,17,17,False,,,BRA,Landrace,Brazil 1129-AF
PI 511441,17,17,False,,,BRA,Landrace,Brazil 1130-AF
PI 511443,17,17,False,,,BRA,Landrace,Brazil 1132-AF
PI 511444,17,17,False,,,BRA,Landrace,Brazil 1133-AF
PI 511445,17,17,False,,,BRA,Landrace,Brazil 1134-AF
PI 511446,17,17,False,,,BRA,Landrace,Brazil 1135-AF
PI 511447,17,17,False,,,BRA,Landrace,Brazil 1136-AF
PI 511448,17,17,False,,,BRA,Landrace,Brazil 1137-AF
PI 511449,17,17,False,,,BRA,Landrace,Brazil 1138-AF
PI 511451,17,17,False,,,BRA,Landrace,Brazil 1140-AF
PI 511452,17,17,False,,,BRA,Landrace,Brazil 1141-AF
PI 511453,18,18,False,,,BRA,Landrace,Brazil 1142
PI 511454,17,17,False,,,BRA,Landrace,Brazil 1142-AF
PI 511455,17,17,False,,,BRA,Landrace,Brazil 1143-AF
PI 511456,17,17,False,,,BRA,Landrace,Brazil 1144-AF
PI 511457,17,17,False,,,BRA,Landrace,Brazil 1145-AF
PI 511458,17,17,False,,,BRA,Landrace,Brazil 1146-AF
PI 511459,17,17,False,,,BRA,Landrace,Brazil 1147-AF
PI 511460,17,17,False,,,BRA,Landrace,Brazil 1148-AF
PI 511461,17,17,False,,,BRA,Landrace,Brazil 1149-AF
PI 511464,17,17,False,,,BRA,Landrace,Brazil 1152-AF
PI 511466,17,17,False,,,BRA,Landrace,Brazil 1154-AF
PI 511467,17,17,False,,,BRA,Landrace,Brazil 1155-AF
PI 511468,17,17,False,,,BRA,Landrace,Brazil 1156-AF
PI 511469,17,17,False,,,BRA,Landrace,Brazil 1157-AF
PI 511470,17,17,False,,,BRA,Landrace,Brazil 1158-AF
PI 511471,17,17,False,,,BRA,Landrace,Brazil 1159-AF
PI 511472,17,17,False,,,BRA,Landrace,Brazil 1160-AF
PI 511473,17,17,False,,,BRA,Landrace,Brazil 1161-AF
PI 511474,17,17,False,,,BRA,Landrace,Brazil 1162-AF
PI 511475,17,17,False,,,BRA,Landrace,Brazil 1163-AF
PI 511476,17,17,False,,,BRA,Landrace,Brazil 1164-AF
PI 511480,17,17,False,,,BRA,Landrace,Brazil 1168-AF
PI 511481,17,17,False,,,BRA,Landrace,Brazil 1169-AF
PI 511483,17,17,False,,,BRA,Landrace,Brazil 1171-AF
PI 511484,17,31,False,,,BRA,Landrace,Brazil 1172-AF
PI 511485,17,17,False,,,BRA,Landrace,Brazil 1173-AF
PI 511486,17,17,False,,,BRA,Landrace,Brazil 1174-AF
PI 511488,18,18,False,,,BRA,Landrace,Brazil 1176
PI 511491,17,17,False,,,BRA,Landrace,Brazil 1178-AF
PI 511493,17,17,False,,,BRA,Landrace,Brazil 1180-AF
PI 511494,17,17,False,,,BRA,Landrace,Brazil 1181-AF
PI 511495,17,17,False,,,BRA,Landrace,Brazil 1182-AF
PI 511496,17,17,False,,,BRA,Landrace,Brazil 1183-AF
PI 511497,17,17,False,,,BRA,Landrace,Brazil 1184-AF
PI 511498,17,17,False,,,BRA,Landrace,Brazil 1185-AF
PI 511499,17,17,False,,,BRA,Landrace,Brazil 1186-AF
PI 511500,17,17,False,,,BRA,Landrace,Brazil 1187-AF
PI 511502,17,17,False,,,BRA,Landrace,Brazil 1189-AF
PI 511503,17,17,False,,,BRA,Landrace,Brazil 1190-AF
PI 511504,17,17,False,,,BRA,Landrace,Brazil 1191-AF
PI 511505,17,17,False,,,BRA,Landrace,Brazil 1192-AF
PI 511506,17,17,False,,,BRA,Landrace,Brazil 1193-AF
PI 511507,17,17,False,,,BRA,Landrace,Brazil 1194-AF
PI 511508,17,17,False,,,BRA,Landrace,Brazil 1195-AF
PI 511509,17,17,False,,,BRA,Landrace,Brazil 1196-AF
PI 511510,18,18,False,,,BRA,Landrace,Brazil 1197
PI 511511,17,17,False,,,BRA,Landrace,Brazil 1197-AF
PI 511512,18,19,False,,,BRA,Landrace,Brazil 1198
PI 511513,17,17,False,,,BRA,Landrace,Brazil 1198-AF
PI 511514,17,17,False,,,BRA,Landrace,Brazil 1199-AF
PI 511515,17,17,False,,,BRA,Landrace,Brazil 1200-AF
PI 511516,18,18,False,,,BRA,Landrace,Brazil 1203
PI 511517,18,18,False,,,BRA,Landrace,Brazil 1215
PI 511518,18,18,False,,,BRA,Landrace,Brazil 1242
PI 511519,18,18,False,,,BRA,Landrace,Brazil 1256
PI 511520,18,18,False,,,BRA,Landrace,Brazil 1279
PI 511521,18,18,False,,,BRA,Landrace,Brazil 1425
PI 511522,18,18,False,,,BRA,Landrace,Brazil 1469
PI 511523,18,18,False,,,BRA,Landrace,Brazil 1483
PI 511524,18,18,False,,,BRA,Landrace,Brazil 1512
PI 511525,18,18,False,,,BRA,Landrace,Brazil 1519
PI 511526,17,17,False,,,BRA,Landrace,Brazil 1537
PI 511527,18,18,False,,,BRA,Landrace,Brazil 1707
PI 511528,18,18,False,,,BRA,Landrace,Brazil 2253
PI 511529,18,18,False,,,BRA,Landrace,Brazil 2401
PI 511530,18,18,False,,,BRA,Landrace,Brazil 2418
PI 511531,18,18,False,,,BRA,Landrace,Brazil 2435
PI 511532,18,18,False,,,BRA,Landrace,Brazil 2438
PI 511534,20,20,False,,"FROM CIMMYT records: Composite of Costa Rica 43, Costa Rica 44, Costa Rica 45, Costa Rica 46, Costa Rica 47, and Costa Rica 48.",CRI,Breeding material,Costa Rica Group 1A
PI 511535,15,15,False,,"FROM CIMMYT records: Composite of collections CRIC 118, 121, 125, 132, 138, 139, 141, 142, 169, 170, 173, 180, 183, 192, 194 and 15 other populations.",CRI,Breeding material,Costa Rica Group 7A
PI 511536,16,16,False,,"FROM CIMMYT records: Composite of collections CRIC 61, 165, 168, 172, 176, 182, 184, 189, 190, 196, 197, 205, 206, 209, 210, 212, 215, and 6 other accessions. ",CRI,Breeding material,Costa Rica Group 7B
PI 511537,16,16,False,,"FROM CIMMYT recrods: Composite of Costa Rica 136, Costa Rica 174, Costa Rica 175, Costa Rica 203, Costa Rica 226, Costa Rica 250, Costa Rica 349, and Costa Rica 357.",CRI,Breeding material,Costa Rica Group 8
PI 511538,16,16,False,,,CRI,Breeding material,Costa Rica Group 9
PI 511539,16,16,False,,"FROM CIMMYT records: Composite of Costa Rica 127, Costa Rica 160, Costa Rica 178, Costa Rica 181, Costa Rica 191, Costa Rica 193, Costa Rica 195, Costa Rica 201, Costa Rica 202, Costa Rica 237, Costa Rica 248, Costa Rica 322, Costa Rica 360, and Costa Rica 380.",CRI,Breeding material,Costa Rica Group 14A
PI 511540,20,20,False,,,CRI,Breeding material,Costa Rica Group 14B
PI 511541,16,16,False,,,SLV,Breeding material,Compuesto Caribe Salvadoreno
PI 511542,16,16,False,,,CHN,Cultivated material,China 22
PI 511543,27,27,False,,,ARG,Cultivated material,Colorado Manfredi
PI 511545,16,16,False,,,NIC,Breeding material,Central American Composite 2
PI 511546,16,16,False,,,MEX,Breeding material,Central American Composite 4
PI 511547,16,16,False,,,MEX,Breeding material,Compuesto Piracar
PI 511548,16,16,False,,,MEX,Cultivated material,Cristal N P
PI 511558,17,17,False,,,USA,Cultivated material,Early Leaming 175
PI 511559,16,16,False,,,SLV,Landrace,El Salvador 44
PI 511560,26,26,False,,,USA,Breeding material,Florida Synthetic
PI 511561,16,17,False,,,GUF,Landrace,French Guiana 788
PI 511562,17,17,False,,,USA,Cultivated material,Golden Supreme 173
PI 511563,23,23,False,,,USA,Cultivated material,Hawaii 5
PI 511564,16,16,False,,,HND,Breeding material,Honduras Group 13A
PI 511565,16,16,False,,,HND,Breeding material,Honduras Group 14A
PI 511566,15,15,False,,,USA,Breeding material,Illinois High Oil White
PI 511571,22,22,False,,,USA,Cultivated material,Lady Finger 192
PI 511572,16,16,False,,,MEX,Landrace,Michoacan 8
PI 511577,17,17,False,,,NPL,Landrace,Nepal 1310
PI 511578,16,16,False,,,NPL,Landrace,Nepal 1701
PI 511579,15,29,False,,,NPL,Landrace,Nepal 1719
PI 511580,16,16,False,,,NPL,Landrace,Nepal 1901
PI 511581,17,17,False,,,NPL,Landrace,Nepal 2402
PI 511583,16,16,False,,,NPL,Landrace,Nepal 2901
PI 511584,16,30,False,,,NPL,Landrace,Nepal 2902
PI 511585,17,17,False,,,NPL,Landrace,Nepal 2903
PI 511586,16,16,False,,,NPL,Landrace,Nepal 3101
PI 511587,16,16,False,,,NPL,Landrace,Nepal 3403
PI 511588,16,30,False,,,NPL,Landrace,Nepal 3902B
PI 511589,16,16,False,,,NPL,Landrace,Nepal 3903B
PI 511590,17,17,False,,,NPL,Landrace,Nepal 3904B
PI 511591,17,17,False,,,NPL,Landrace,Nepal 3905A
PI 511592,20,44,False,,,NPL,Landrace,Nepal 3906
PI 511593,17,17,False,,,NPL,Landrace,Nepal 3908
PI 511594,16,26,False,,,NPL,Landrace,Nepal 4005
PI 511595,16,16,False,,,NPL,Landrace,Nepal 4104
PI 511596,17,17,False,,,NPL,Landrace,Nepal 4108
PI 511597,17,17,False,,,NPL,Landrace,Nepal 4109
PI 511598,16,30,False,,,NPL,Landrace,Nepal 4406
PI 511599,17,17,False,,,NPL,Landrace,Nepal 4509
PI 511600,17,17,False,,,NPL,Landrace,Nepal 5501
PI 511601,15,15,False,,,NPL,Landrace,Nepal 5503
PI 511602,17,17,False,,,NPL,Landrace,Nepal 5603
PI 511603,16,16,False,,,NPL,Landrace,Nepal 6201
PI 511604,17,17,False,,,NPL,Landrace,Nepal 6202
PI 511605,17,17,False,,,NPL,Landrace,Nepal 6401
PI 511606,26,26,False,,,NPL,Landrace,Nepal 7102
PI 511607,20,20,False,,,NPL,Landrace,Nepal 7505
PI 511609,16,16,False,,,NIC,Landrace,Nicaragua 52
PI 511610,20,20,False,,,NIC,Landrace,Nicaragua 74
PI 511611,17,17,False,,,NIC,Landrace,Nicaragua 108
PI 511612,16,16,False,,,NIC,Landrace,Nicaragua 109
PI 511613,17,17,False,,,NIC,Landrace,Nicaragua 115
PI 511614,16,16,False,,"NIC 73, NIC 71,NIC 74, NIC 75,NIC 76, NIC 77, NIC 78, NIC 79, NIC 80, NIC 67 are included.",NIC,Breeding material,Nicaragua Group 66A
PI 511615,16,16,False,,"NIC 88, NIC 89, NIC 90, NIC 91, NIC 92 are included.",NIC,Breeding material,Nicaragua Group 70A
PI 511617,17,17,False,,,USA,Cultivated material,O.P. Freestone 177
PI 511618,18,30,False,,,,Landrace,Oaxaca 134 MC3
PI 511619,16,16,False,,,PAN,Breeding material,Panama Group 82A
PI 511620,18,32,False,,"FROM CIMMYT records: Composite of Panama 1C, 2C, 4C, 5C, 8C, and 9C.",PAN,Breeding material,Panama Group 83A
PI 511621,16,16,False,,,PAN,Breeding material,Panama Group 84A
PI 511622,16,16,False,,,PAN,Breeding material,Panama Group 88A
PI 511623,18,18,False,,,PRY,Landrace,Paraguay 767
PI 511625,16,16,False,,,MEX,Breeding material,Pepeno MC 3
PI 511626,16,16,False,,,MEX,Breeding material,Pepitilla MC 2
PI 511627,15,15,False,,,MEX,Breeding material,Pepoax MC 2
PI 511629,16,16,False,,,MEX,Breeding material,Selepa MC 1
PI 511630,16,16,False,,,MEX,Breeding material,Tuxpeno Brachytic 2
PI 511631,16,16,False,,,MEX,Breeding material,Tuxpeno Veracruzano
PI 511632,17,17,False,,,USA,Cultivated material,U.S.A. 342
PI 511633,21,21,False,,,URY,Landrace,Uruguay 618
PI 511634,17,22,False,,,URY,Landrace,Uruguay 629A
PI 511636,20,21,False,,,URY,Landrace,Uruguay 635A
PI 511637,19,19,False,,,URY,Landrace,Uruguay 645A
PI 511638,19,19,False,,,URY,Landrace,Uruguay 651
PI 511639,18,18,False,,,URY,Landrace,Uruguay 685A
PI 511640,18,18,False,,,URY,Landrace,Uruguay 735
PI 511641,18,32,False,,,URY,Landrace,Uruguay 736
PI 511643,16,16,False,,,VEN,Landrace,Venezuela 306
PI 511644,16,16,False,,,VEN,Landrace,Venezuela 314
PI 511645,16,16,False,,,VEN,Landrace,Venezuela 316
PI 511646,16,16,False,,,VEN,Landrace,Venezuela 319
PI 511647,16,16,False,,,VEN,Landrace,Venezuela 320
PI 511648,24,30,False,,,MEX,Landrace,Veracruz 102
PI 511649,15,15,False,,,MEX,Landrace,Veracruz 143
PI 511650,23,27,False,,,MEX,Breeding material,Veracruz Group 6
PI 511651,17,17,False,,"FROM CIMMYT records: Composite of collections Veracruz 57, Veracruz 62, Veracruz 63, Veracruz 68, Veracruz 75, Veracruz 79, Veracruz 80, and Veracruz 81.",,Breeding material,Veracruz Group 8
PI 511652,16,16,False,,,MEX,Breeding material,Veracruz Group 8A
PI 511653,19,19,False,,,MEX,Breeding material,Veracruz Group 9
PI 511654,19,21,False,,,MEX,Breeding material,Veracruz Group 19
PI 511655,19,21,False,,,MEX,Breeding material,Veracruz Group 20
PI 511656,19,19,False,,,MEX,Breeding material,Veracruz Group 22
PI 511657,23,25,False,,,MEX,Breeding material,Veracruz Group 23
PI 511658,23,27,False,,,MEX,Breeding material,Veracruz Group 24
PI 511659,19,19,False,,,MEX,Breeding material,Veracruz Group 25
PI 511660,18,32,False,,FROM CIMMYT records: Composite of collections Veracruz 185 and Veracruz 189.,MEX,Breeding material,Veracruz Group 26
PI 511661,23,27,False,,,MEX,Breeding material,Veracruz Group 28
PI 511662,23,27,False,,,MEX,Breeding material,Veracruz Group 30
PI 511663,19,21,False,,,MEX,Breeding material,Veracruz Group 33
PI 511664,23,28,False,,,MEX,Breeding material,Veracruz Group 34
PI 511665,19,19,False,,,MEX,Breeding material,Veracruz Group 35
PI 511666,19,20,False,,,MEX,Breeding material,Veracruz Group 36
PI 511667,19,19,False,,,MEX,Breeding material,Veracruz Group 41
PI 511668,19,22,False,,,MEX,Breeding material,Veracruz Group 47
PI 511669,19,20,False,,,MEX,Breeding material,Veracruz Group 48
PI 511670,17,17,False,,,USA,Cultivated material,Yellow dent
PI 511671,17,17,False,,,USA,Cultivated material,Yellow dent 179
PI 511672,16,16,False,,,USA,Cultivated material,Yellow Dent 189
PI 511805,18,22,False,Maize.Group.Ames.Panel.2010,Mo17/C.I.66,USA,Breeding material,T167
PI 512024,18,18,False,,,MEX,Landrace,Maiz blanco (Spanish)
PI 514679,17,18,False,,,COL,Breeding material,Amageceno Blanco - Pira
PI 514694,17,18,False,,,COL,Breeding material,Cariaco-Costeno
PI 514704,16,17,False,,,COL,Breeding material,Comun Blanco
PI 514706,17,18,False,,,COL,Breeding material,Comun Segregaciones
PI 514711,18,34,False,,,COL,Landrace,Narino 615
PI 514712,16,16,False,,,COL,Landrace,Narino 631
PI 514714,17,18,False,,,COL,Breeding material,Puya Blanco
PI 514715,17,18,False,,,COL,Breeding material,Puya Grande
PI 514718,16,17,False,,,COL,Breeding material,Raza Negrito Tipica
PI 514721,16,17,False,,,COL,Breeding material,Yucatan Tipica
PI 514818,17,18,False,,,PER,Cultivated material,Ancash 411
PI 514820,16,16,False,,,PER,Landrace,Ancash 431
PI 514826,17,17,False,,,PER,Landrace,Ancash 439
PI 514872,17,17,False,,,PER,Landrace,Cajamarca 61
PI 514874,19,26,False,,,PER,Cultivated material,Cajamarca 72
PI 514876,16,17,False,,,PER,Landrace,Cajamarca 97
PI 514962,15,28,False,,,PER,Landrace,Lambayeque 49
PI 514966,17,18,False,,,PER,Cultivated material,Libertad 39
PI 515000,15,28,False,,,PER,Cultivated material,Libertad 212
PI 515030,16,16,False,,,PER,Landrace,Lima 72
PI 515035,17,19,False,,,PER,Landrace,Lima 78
PI 515036,17,17,False,,,PER,Landrace,Lima 79
PI 515055,20,21,False,,,PER,Landrace,Loreto 11
PI 515060,17,17,False,,,PER,Cultivated material,San Martin 2
PI 515074,17,19,False,,,PER,Landrace,San Martin 57
PI 515079,16,31,False,,,PER,Cultivated material,San Martin 64
PI 515081,16,17,False,,,PER,Cultivated material,San Martin 81
PI 515083,17,33,False,,,PER,Landrace,San Martin 86
PI 515087,26,27,False,,,PER,Cultivated material,San Martin 105
PI 515091,23,23,False,,,PER,Landrace,San Martin 114
PI 515094,17,18,False,,,PER,Landrace,San Martin 123
PI 515115,17,25,False,,,PER,Cultivated material,Tacna 52
PI 515123,17,17,False,,,PER,Cultivated material,Ucayali 24
PI 515126,17,18,False,,,PER,Cultivated material,Ucayali 27
PI 515143,17,21,False,,,MEX,Landrace,Aguascalientes 31
PI 515147,16,19,False,,,MEX,Landrace,Aguascalientes 55
PI 515151,16,32,False,,,MEX,Landrace,Chiapas 119
PI 515152,16,19,False,,,MEX,Landrace,Chiapas 152
PI 515164,17,20,False,,,MEX,Landrace,Chiapas 755
PI 515167,17,20,False,,,MEX,Cultivated material,Chihuahua 57
PI 515168,17,20,False,,,MEX,Landrace,Chihuahua 66
PI 515171,17,21,False,,,MEX,Landrace,Chihuahua 106
PI 515177,16,19,False,,,MEX,Landrace,Chihuahua 319
PI 515188,17,20,False,,,MEX,Landrace,Coahuila 72
PI 515195,16,20,False,,,MEX,Landrace,Coahuila 122
PI 515196,15,18,False,,,MEX,Landrace,Durango 8
PI 515252,17,20,False,,,MEX,Landrace,Guerrero 136
PI 515257,17,20,False,,,MEX,Landrace,Guerrero 353
PI 515259,17,20,False,,,MEX,Landrace,Guerrero 358
PI 515260,17,20,False,,,MEX,Landrace,Guerrero 364
PI 515292,16,19,False,,,MEX,Landrace,Jalisco 267
PI 515304,16,19,False,,,MEX,Landrace,Mexico 292
PI 515307,15,18,False,,,MEX,Landrace,Mexico 301
PI 515308,16,19,False,,,MEX,Landrace,Mexico 302
PI 515310,15,18,False,,,MEX,Landrace,Mexico 334
PI 515313,17,34,False,,,MEX,Landrace,Mexico 351
PI 515317,16,32,False,,,MEX,Landrace,Michoacan 24
PI 515336,17,20,False,,,MEX,Landrace,Morelos 16
PI 515338,15,17,False,,,MEX,Landrace,Nayarit 1
PI 515340,17,20,False,,,MEX,Landrace,Nayarit 63
PI 515341,17,20,False,,,MEX,Landrace,Nayarit 69
PI 515343,17,20,False,,,MEX,Landrace,Nayarit 81
PI 515346,17,20,False,,,MEX,Landrace,Nayarit 111
PI 515347,17,20,False,,,MEX,Landrace,Nayarit 113
PI 515348,17,20,False,,,MEX,Landrace,Nayarit 118
PI 515349,17,20,False,,,MEX,Landrace,Nayarit 121
PI 515350,17,20,False,,,MEX,Landrace,Nayarit 122
PI 515353,17,21,False,,,MEX,Landrace,Nayarit 129
PI 515355,17,20,False,,,MEX,Landrace,Nayarit 141
PI 515356,17,20,False,,,MEX,Landrace,Nayarit 146
PI 515358,17,20,False,,,MEX,Landrace,Nayarit 160
PI 515359,16,19,False,,,MEX,Landrace,Nayarit 169
PI 515363,27,27,False,,,MEX,Landrace,Nayarit 198
PI 515367,17,20,False,,,MEX,Landrace,Nayarit 215
PI 515370,16,19,False,,,MEX,Landrace,Nayarit 223
PI 515373,18,21,False,,,MEX,Landrace,Nayarit 228
PI 515376,18,21,False,,,MEX,Landrace,Nayarit 240
PI 515378,17,20,False,,,MEX,Landrace,Nayarit 251
PI 515382,17,21,False,,,MEX,Landrace,Nayarit 279
PI 515384,17,20,False,,,MEX,Landrace,Nayarit 282
PI 515385,39,42,False,,,MEX,Landrace,Nuevo Leon 9
PI 515389,17,21,False,,,MEX,Landrace,Nuevo Leon 45
PI 515390,26,26,False,,,MEX,Landrace,Oaxaca 26
PI 515392,17,20,False,,,MEX,Landrace,Oaxaca 107
PI 515394,27,27,False,,,MEX,Landrace,Oaxaca 117
PI 515405,16,18,False,,,MEX,Landrace,Puebla 66
PI 515406,16,28,False,,,MEX,Landrace,Puebla 67
PI 515453,18,21,False,,,MEX,Landrace,Sonora 10
PI 515457,18,20,False,,,MEX,Landrace,Sonora 41
PI 515458,17,20,False,,,MEX,Landrace,Sonora 52
PI 515463,42,45,False,,,MEX,Landrace,Sonora 121
PI 515531,16,18,False,,,MEX,Cultivated material,Veracruz 51
PI 515532,17,20,False,,,MEX,Landrace,Veracruz 55
PI 515533,17,20,False,,,MEX,Landrace,Veracruz 59
PI 515534,20,23,False,,,MEX,Landrace,Veracruz 75
PI 515535,17,20,False,,,MEX,Landrace,Veracruz 80
PI 515537,18,22,False,,,MEX,Landrace,Veracruz 95
PI 515538,27,27,False,,,MEX,Cultivated material,Veracruz 110
PI 515539,39,42,False,,,MEX,Landrace,Veracruz 113
PI 515541,17,20,False,,,MEX,Landrace,Veracruz 129
PI 515542,17,20,False,,,MEX,Landrace,Veracruz 130
PI 515543,17,20,False,,,MEX,Landrace,Veracruz 133
PI 515549,17,20,False,,,MEX,Cultivated material,Veracruz 582
PI 515576,17,20,False,,,MEX,Landrace,Zacatecas 156
PI 516002,36,36,False,,,ARG,Landrace,ARZM 16 001
PI 516008,29,29,False,,,ARG,Landrace,ARZM 16 007
PI 516018,30,30,False,,,ARG,Landrace,ARZM 16 017
PI 516025,31,31,False,,,ARG,Landrace,ARZM 16 024
PI 516036,16,20,False,,,ARG,Landrace,ARZM 16 035
PI 516049,33,33,False,,,ARG,Cultivated material,ARZM 16 048
PI 516052,30,30,False,,,ARG,Landrace,ARZM 16 051
PI 516053,29,32,False,,,ARG,Landrace,ARZM 16 052
PI 516060,30,30,False,,,ARG,Landrace,ARZM 16 059
PI 516061,32,32,False,,,ARG,Landrace,ARZM 16 060
PI 516074,33,33,False,,,ARG,Cultivated material,ARZM 19 002
PI 517193,17,18,False,,,MAR,Cultivated material,GR 657
PI 517960,20,20,False,,"PA Comp I X An equal part seed mixture of hybrids: Pioneer X6362, Pioneer 3325A, and Pioneer 3328.",USA,Breeding material,PA Composite I (GLS)C1 (HY)
PI 517961,20,20,False,,,USA,Breeding material,PA Composite I (GLS)C1 (LD)
PI 517962,20,20,False,,,USA,Breeding material,PA Composite II (GLS)C1 (HY)
PI 517963,20,21,False,,,USA,Breeding material,PA Composite II (GLS)C1 (LD)
PI 517964,20,22,False,,,USA,Breeding material,PA Composite III (GLS)C1 (HY)
PI 517965,18,18,False,,,USA,Breeding material,PA Composite III (GLS)C1 (LD)
PI 517966,18,18,False,,,USA,Breeding material,PA Plt Path Composite (GLS)C1 (HY)
PI 517967,17,17,False,,,USA,Breeding material,PA Plt Path Composite (GLS)C1 (LD)
PI 517969,30,61,False,Maize.Group.Ames.Panel.Post.2010,CH157///CH157//I11/PPP,USA,Breeding material,Pa462P
PI 517970,30,70,False,Maize.Group.Ames.Panel.Post.2010,CH157/I11A//CH157/PPP///K64/MO4155,USA,Breeding material,Pa463P
PI 517972,20,25,False,Maize.Group.Ames.Panel.2010,Selection from PAWF9 synthetic,USA,Breeding material,Pa877
PI 517973,20,21,False,Maize.Group.Ames.Panel.2010,Selection from PAWF9 Syn 1,USA,Breeding material,Pa879
PI 518273,17,17,False,,Local heterotic group F2834T and U.S. heterotic group Lancaster (Mo 17),ZAF,Breeding material,FLS
PI 518660,28,44,False,Maize.Group.Ames.Panel.2010,Selection from inbred W117/inbred H96,USA,Breeding material,SD43
PI 518735,25,25,False,,,CHN,Cultivar,DAPIGUKAI
PI 518736,17,17,False,,,CHN,Cultivar,DONGLINGBAI
PI 518737,17,17,False,,,CHN,Cultivar,ERQIUZI
PI 518739,25,25,False,,,CHN,Cultivar,JI-2578
PI 518741,17,17,False,,,CHN,Cultivar,JINDIGHUANG
PI 518742,25,25,False,,,CHN,Cultivar,SHISANYIE
PI 518743,17,17,False,,,CHN,Cultivar,SHUANGSUIBAI
PI 518744,25,25,False,,,CHN,Cultivar,TAILIPANG
PI 518755,17,17,False,,,CHN,Cultivar,WHITE EARLY
PI 518769,26,26,False,,"Chain crosses among single crosses between inbreds AB18, GE72, GT112, and F44",USA,Breeding material,GT-DDSA(C5)
PI 518770,26,26,False,,"Chain crosses among single crosses between inbreds F6, L501, SC235, and F44",USA,Breeding material,GT-DDSB(C5)
PI 520609,27,27,False,,"Sel. from bulked seed of chain crosses among seven single crosses of six inbreds 9-54C, CI7, C103, Hy, P39, and SC235",USA,Breeding material,GT-SSRS-SX
PI 520610,27,27,False,,Sel. from bulked seed of chain crosses among seven single crosses between C103 and O-P populations and collections.,USA,Breeding material,GT-SSRS-PX
PI 520626,17,18,False,,,BFA,Landrace,27
PI 520627,17,32,False,,,BFA,Landrace,28
PI 520628,17,17,False,,,BFA,Cultivated material,29
PI 520629,17,18,False,,,BFA,Cultivated material,35
PI 520631,17,32,False,,,BFA,Cultivated material,42
PI 520633,17,17,False,,,BFA,Landrace,50
PI 520634,17,17,False,,,BFA,Landrace,52
PI 520635,17,18,False,,,BFA,Cultivated material,59
PI 520639,17,30,False,,,BFA,Cultivated material,86
PI 520643,15,28,False,,,BFA,Cultivated material,117
PI 520644,17,18,False,,,BFA,Cultivated material,122
PI 520646,17,18,False,,,BFA,Landrace,134
PI 520648,17,30,False,,,BFA,Cultivated material,136
PI 520650,17,18,False,,,BFA,Landrace,145
PI 520653,16,27,False,,,BFA,Cultivated material,189
PI 520655,17,17,False,,,BFA,Cultivated material,198
PI 520656,17,17,False,,,BFA,Cultivated material,199
PI 520658,17,17,False,,,BFA,Landrace,212
PI 520659,17,30,False,,,BFA,Cultivated material,215
PI 520662,17,17,False,,,BFA,Cultivated material,230
PI 520663,16,16,False,,,BFA,Cultivated material,236
PI 520665,17,32,False,,,BFA,Landrace,245
PI 520667,17,18,False,,,BFA,Landrace,259
PI 520668,17,30,False,,,BFA,Cultivated material,260
PI 520670,17,17,False,,,BFA,Cultivated material,262
PI 520671,17,18,False,,,BFA,Landrace,266
PI 520675,17,18,False,,,BFA,Landrace,286
PI 520676,17,31,False,,,BFA,Cultivated material,287
PI 520678,17,53,False,,,BFA,Cultivated material,244
PI 520679,17,30,False,,,BFA,Cultivated material,306
PI 520680,17,18,False,,,BFA,Landrace,307
PI 520681,17,17,False,,,BFA,Cultivated material,319
PI 520682,17,30,False,,,BFA,Cultivated material,419
PI 520683,16,30,False,,,BFA,Cultivated material,422
PI 520685,15,28,False,,,BFA,Cultivated material,424
PI 520686,15,28,False,,,BFA,Cultivated material,425
PI 520688,17,55,False,,,BFA,Cultivated material,427
PI 520691,17,17,False,,,BFA,Landrace,439
PI 520693,16,17,False,,,BFA,Landrace,455
PI 520695,15,28,False,,,BFA,Cultivated material,461
PI 520696,15,28,False,,,BFA,Cultivated material,462
PI 520698,17,30,False,,,BFA,Cultivated material,471
PI 520699,17,30,False,,,BFA,Cultivated material,475
PI 520701,17,17,False,,,BFA,Landrace,480
PI 520702,17,18,False,,,BFA,Landrace,481
PI 520703,17,59,False,,,BFA,Cultivated material,486
PI 520706,17,18,False,,,BFA,Landrace,499
PI 520707,16,16,False,,,BFA,Cultivated material,507
PI 520711,18,33,False,,,BFA,Landrace,520
PI 520713,15,42,False,,,BFA,Cultivated material,523
PI 520716,15,28,False,,,BFA,Cultivated material,546
PI 520718,17,18,False,,,BFA,Landrace,551
PI 520719,15,42,False,,,BFA,Cultivated material,558
PI 520720,17,18,False,,,BFA,Landrace,561
PI 520721,17,18,False,,,BFA,Landrace,582
PI 520722,15,28,False,,,BFA,Cultivated material,584
PI 520727,17,18,False,,,BFA,Landrace,619
PI 520728,15,28,False,,,BFA,Cultivated material,630
PI 520763,16,17,False,,"BSCB1(R)C7, BS11(FR)C3, and BS12(HI)C6*/EC573(R12)C4",USA,Breeding material,GS34(R)C2
PI 520768,29,30,False,,,USA,Landrace,Early Butler (Agway-76)
PI 522248,30,31,False,,Mass selection from  intercross of six inbreds on OP Zapalote Chico.,USA,Breeding material,NDB(MS)C8
PI 522249,29,30,False,,Mass selection from NDSG (derived from OP Minnesota 13).,USA,Breeding material,NDSG(MS)C8
PI 522251,26,52,False,Maize.Group.Ames.Panel.Post.2010,"Selected from NDSF(FS)C1, an improved version of NDSF.",USA,Breeding material,ND263
PI 522252,29,45,False,Maize.Group.Ames.Panel.2010,"Selected from NDSF(FS)C1, an improved version of NDSF.",USA,Breeding material,ND264
PI 522253,17,45,False,,,BFA,Cultivated material,320
PI 522254,17,17,False,,,BFA,Cultivated material,321
PI 522255,17,17,False,,,BFA,Landrace,332
PI 522256,15,28,False,,,BFA,Cultivated material,338
PI 522257,16,29,False,,,BFA,Cultivated material,347
PI 522259,17,17,False,,,BFA,Landrace,349
PI 522260,15,28,False,,,BFA,Cultivated material,353
PI 522261,15,28,False,,,BFA,Cultivated material,354
PI 522263,17,18,False,,,BFA,Landrace,368
PI 522264,15,28,False,,,BFA,Cultivated material,369
PI 522267,17,18,False,,,BFA,Landrace,395
PI 522269,15,28,False,,,BFA,Cultivated material,397
PI 524970,27,58,False,Maize.Group.Ames.Panel.2010,Selfed sel. from Pioneer hybrid 3709,USA,Breeding material,SD46
PI 525079,17,31,False,,,MUS,Landrace,Mais local
PI 527464,19,34,False,,,DZA,Cultivated material,"Mastorah, Bishna"
PI 527465,19,19,False,,,DZA,Cultivated material,"Mays, Maiz"
PI 527466,19,19,False,,,DZA,Cultivated material,Elkobbel
PI 527467,19,19,False,,,DZA,Cultivated material,Koubl
PI 527468,18,18,False,,,DZA,Cultivated material,Kouboul
PI 527469,19,19,False,,,DZA,Cultivated material,83
PI 527471,18,18,False,,,DZA,Cultivated material,Kubul
PI 527472,19,19,False,,,DZA,Landrace,Kouboul
PI 527473,19,19,False,,,DZA,Cultivated material,"Beshna, Durrah"
PI 527474,19,32,False,,,DZA,Cultivated material,Durrah
PI 527475,19,19,False,,,DZA,Cultivated material,Durrah
PI 527476,19,19,False,,,DZA,Landrace,Bushna
PI 527477,19,19,False,,,DZA,Cultivated material,Durrah
PI 527478,19,34,False,,,DZA,Cultivated material,"Beshna, Durrah"
PI 531081,30,45,False,Maize.Group.Ames.Panel.2010,"Selected from PA Virus resistant, very early synthetic.",USA,Breeding material,Pa356
PI 531082,30,61,False,Maize.Group.Ames.Panel.2010,"Selected from PA Virus resistant, intermediate synthetic",USA,Breeding material,Pa376
PI 531084,29,47,False,Maize.Set.Inbred.Diversity.282.Plus.NAM.Parents,Derived from TZ*2/3/NC 248/NC 246)/2/C103 by ear to row selfing.  TZ is a cross between McNair inbred lines 14 and 18. Those lines derived from Coker811A x C103^4.,USA,Breeding material,NC258
PI 531458,26,39,False,,,HUN,Landrace,AGYAGOSSZEGENY
PI 531459,26,40,False,,,HUN,Landrace,ALMASKAMARASI
PI 531460,28,42,False,,,HUN,Landrace,BUKI
PI 531462,26,40,False,,,HUN,Landrace,Cigandi
PI 531464,26,39,False,,,HUN,Landrace,KABAI SARGA LOFOGU
PI 531466,26,39,False,,,HUN,Landrace,KONDOROSI SARGA LOFOGU
PI 531468,26,39,False,,,HUN,Landrace,MOSONMAGYAROVARI SARGA LOFOGU
PI 531469,26,39,False,,,HUN,Landrace,NAGYBAJOMI NARANCS FILLERES
PI 531472,26,39,False,,,HUN,Landrace,NYARADI
PI 531473,26,38,False,,,HUN,Landrace,PECSVARADI
PI 531474,26,39,False,,,HUN,Landrace,POCSAJI FEHER MAGYAR LOFOGU
PI 531476,15,41,False,,,HUN,Landrace,TIMARI VOROS LOFOGU
PI 531479,26,39,False,,,HUN,Landrace,UYSZASZI SARGA LOFOGU
PI 531480,26,39,False,,,HUN,Landrace,UJSZENTIVANI SARGA LOFOGU
PI 531481,26,39,False,,,HUN,Landrace,BORSOSBERENYI SARGA FILLERES
PI 531482,26,38,False,,,HUN,Landrace,DUNAREMETEI SARGA AUGUSZTUSI
PI 531484,26,39,False,,,HUN,Landrace,GICI 8 SOROS MEGGYPIROS
PI 531486,26,39,False,,,HUN,Landrace,HEVESI IREGI 12 HETES
PI 531487,26,39,False,,,HUN,Landrace,MOHAI
PI 531488,17,17,False,,,HUN,Landrace,NAGYKALLOI CINQUANTINO
PI 531489,26,64,False,,,HUN,Landrace,NYARADI FILLERES
PI 531491,26,64,False,,,HUN,Landrace,SZOREGI BANATI MAGYAR
PI 531492,26,39,False,,,HUN,Landrace,SZOREGI 100 NAPOS
PI 531494,15,15,False,,,HUN,Landrace,TAPIOSZELEI
PI 531495,26,39,False,,,HUN,Landrace,TISZAKARADI 1
PI 531496,15,15,False,,,HUN,Landrace,TISZAKARADI 2
PI 531497,25,65,False,,,HUN,Landrace,ZEMPLENAGARDI
PI 531498,17,17,False,,,HUN,Landrace,MOHAI
PI 532308,18,18,False,,,OMN,Cultivated material,7027
PI 532309,17,17,False,,,OMN,Landrace,7113
PI 532310,17,17,False,,,OMN,Landrace,7114
PI 532311,18,18,False,,,OMN,Landrace,7125
PI 532312,17,32,False,,,OMN,Landrace,7132
PI 532313,17,17,False,,,OMN,Landrace,7196
PI 532314,18,18,False,,,OMN,Landrace,7234
PI 532315,17,17,False,,,OMN,Landrace,7244
PI 532316,17,17,False,,,OMN,Landrace,7256
PI 532317,18,18,False,,,OMN,Landrace,7292
PI 532318,17,17,False,,,OMN,Landrace,7395
PI 532319,17,17,False,,,OMN,Landrace,7419
PI 532320,18,18,False,,,OMN,Landrace,7422
PI 532321,17,17,False,,,OMN,Landrace,7424
PI 532322,15,15,False,,,OMN,Landrace,7429
PI 532323,17,17,False,,,OMN,Landrace,7431
PI 532324,18,18,False,,,OMN,Landrace,7432
PI 532326,25,46,False,,,OMN,Landrace,7444
PI 532327,17,32,False,,,OMN,Landrace,7449
PI 532328,17,17,False,,,OMN,Landrace,7450
PI 532329,15,28,False,,,OMN,Landrace,7451
PI 532330,25,25,False,,,OMN,Landrace,7453
PI 532753,15,28,False,,,COD,Landrace,Masangu
PI 532754,15,28,False,,,COD,Landrace,Masangu
PI 532755,17,31,False,,,COD,Landrace,Masangu
PI 532756,15,28,False,,,COD,Landrace,Masangu
PI 532757,15,28,False,,,COD,Landrace,Masangu
PI 532759,15,28,False,,,COD,Landrace,Masangu
PI 532760,15,28,False,,,COD,Landrace,Masangu
PI 532761,15,28,False,,,COD,Landrace,Masangu
PI 532762,15,28,False,,,COD,Landrace,Masangu
PI 532765,15,28,False,,,COD,Landrace,Masangu
PI 532766,15,28,False,,,COD,Landrace,Masangu
PI 532768,15,28,False,,,COD,Landrace,Masangu
PI 532769,17,31,False,,,COD,Landrace,Masangu
PI 532770,15,28,False,,,COD,Landrace,Masangu
PI 532771,15,28,False,,,COD,Landrace,Masangu
PI 532773,15,28,False,,,COD,Landrace,Masangu
PI 532778,15,28,False,,,COD,Landrace,Masangu
PI 532779,15,28,False,,,COD,Landrace,Masangu
PI 532783,15,28,False,,,COD,Landrace,Masa
PI 532784,15,28,False,,,COD,Landrace,Masa
PI 532785,15,28,False,,,COD,Landrace,Masango
PI 533603,19,20,False,,"Diallel crossing system intermating popcorn hybrids A3004, 33122, P203 and 62180.",USA,Breeding material,BSP2C1
PI 533627,29,44,False,,Yellow-dent-endosperm synthetic from 3 cycles of NDSB(MS)C8,USA,Breeding material,NDSB(MS)C8(LM)C3
PI 533660,26,40,False,Maize.Group.Ames.Panel.Post.2010,Pioneer 3710 selection backcrossed for 10 generations,USA,Breeding material,SD103
PI 533661,26,87,False,Maize.Group.Ames.Panel.Post.2010,SDp232/H96 Selfed for 7 generations,USA,Breeding material,SD45
PI 533662,26,40,False,Maize.Group.Ames.Panel.Post.2010,SDp309/SD30 selfed for 7 generations,USA,Breeding material,SD47
PI 533663,26,64,False,Maize.Group.Ames.Panel.Post.2010,Pioneer hybrid 3710 selfed for 7 generations,USA,Breeding material,SD48
PI 534659,18,18,False,Maize.Group.Ames.Panel.Post.2010,T226/Mo18W(F2)/2/T226,USA,Breeding material,T169
PI 535898,16,16,False,,,NLD,Cultivar,Z 34
PI 535900,28,32,False,Maize.Group.Ames.Panel.2010,,POL,Cultivar,S 2
PI 535912,28,32,False,Maize.Group.Ames.Panel.2010,,POL,Cultivar,S 8
PI 536520,20,37,False,Maize.Group.Ames.Panel.2010,Selfing selections from MP704/Tx601 for 8 generations.,USA,Breeding material,Mp708
PI 538228,24,59,False,,W153R*10(yellow dent inbred)/SD316W(white dent),USA,Breeding material,SD50
PI 538229,28,44,False,Maize.Group.Ames.Panel.2010,A632*10(yellow dent inbred)/SD316W(white dent),USA,Breeding material,SD53
PI 538230,26,40,False,Maize.Group.Ames.Panel.Post.2010,ND248*10(yellow dent inbred)/SD316W(white dent),USA,Breeding material,SD55
PI 538231,28,58,False,Maize.Group.Ames.Panel.2010,A619*10(yellow dent inbred)/SD316W(white dent),USA,Breeding material,SD59
PI 538232,15,15,False,,SD33*10(yellow dent inbred)/SD316W(white dent),USA,Breeding material,SD73
PI 538233,26,46,False,Maize.Group.Ames.Panel.Post.2010,ND247*10(yellow dent inbred)/SD316W(white dent),USA,Breeding material,SD54
PI 538234,26,40,False,Maize.Group.Ames.Panel.Post.2010,ND250*10(yellow dent inbred)/SD316W(white dent),USA,Breeding material,SD56
PI 538235,28,43,False,Maize.Group.Ames.Panel.2010,ND251*10(yellow dent inbred)/SD316W(white dent),USA,Breeding material,SD57
PI 538236,16,18,False,Maize.Group.Ames.Panel.2010,W64A*10(yellow dent inbred)/SD316W(white dent),USA,Breeding material,SD60
PI 538237,29,46,False,Maize.Group.Ames.Panel.2010,CM105*10(yellow dent inbred)/SD316W(white dent),USA,Breeding material,SD63
PI 538238,29,47,False,Maize.Group.Ames.Panel.2010,A654*10(yellow dent inbred)/SD316W(white dent),USA,Breeding material,SD65
PI 538239,28,44,False,Maize.Group.Ames.Panel.2010,A665*10(yellow dent inbred)/SD316W(white dent),USA,Breeding material,SD69
PI 538240,26,35,False,Maize.Group.Ames.Panel.Post.2010,W182B*10(yellow dent inbred)/SD316W(white dent),USA,Breeding material,SD104
PI 538242,28,66,False,Maize.Group.Ames.Panel.2010,A641*10(yellow dent inbred)/SD316W(white dent),USA,Breeding material,SD106
PI 538244,28,45,False,Maize.Group.Ames.Panel.2010,B73*10(yellow dent inbred)/SD316W(white dent),USA,Breeding material,SD108
PI 538338,26,40,False,,,YEM,Landrace,Khumultar
PI 538339,25,62,False,,,YEM,Landrace,Khumultar
PI 538340,25,62,False,,,YEM,Landrace,TAIZ 2
PI 539859,29,75,False,Maize.Group.Ames.Panel.2010,Direct self from Tuxpan,USA,Breeding material,Mp313E
PI 539868,20,21,False,,Mass selection in ETO composite,USA,Breeding material,BS16(CB)C4
PI 539869,20,21,False,,Recurrent selection from BS17,USA,Breeding material,BS17(CB)C4
PI 539870,35,54,False,Maize.Group.Ames.Panel.2010,(B70 x H99) B70,USA,Breeding material,B92
PI 539872,25,42,False,Maize.Group.Ames.Panel.2010,BSSS(R)C8 (Iowa Stiff Stalk Synthetic),USA,Breeding material,B94
PI 540312,28,46,False,Maize.Group.Ames.Panel.2010,L578/NC601/2/L578  The pedigree of NC601 is [commercial hybrid containing Va39] br2.,USA,Breeding material,NC240
PI 540462,30,33,False,,"One cycle of recurrent selection was conducted using manually infested southwestern corn-borer eggs in a synthetic variety composed of the inbred lines AKd24, AKd34, Ark. H-13, Ark. H-24, Ark. H-77, AKW 413.2, Mp 460, and T105",USA,Breeding material,ARK. SWCB SYN.
PI 540463,28,28,False,,"Synthetic developed from the inbred lines A295, MS1, Oh41, Oh 43, Oh 45, R61 and a inbred line from the cross of (A392/R61). All contain the Lancaster source of resistance to the European corn borer",USA,Breeding material,ARK. LEAF FEED RES. SYN.
PI 540465,28,28,False,,Intermated composite from cross [Ark. Corn-Borer Composite #1/(B86/B52)],USA,Breeding material,ARK. CORN-BORER COMPOSITE #2
PI 540741,18,33,False,Maize.Group.Ames.Panel.2010,Across 7622(2)/TZSR,NGA,Breeding material,Tzi 2
PI 540742,16,17,False,Maize.Group.Ames.Panel.2010,Guana Caste 7729/TZSR,NGA,Breeding material,Tzi 5
PI 540743,20,36,False,Maize.Group.Ames.Panel.2010,TZPB Eps (Tuxpeno),NGA,Breeding material,Tzi 6
PI 540744,16,32,False,Maize.Group.Ames.Panel.2010,TZB/TZSR,NGA,Breeding material,Tzi 7
PI 540745,21,37,False,Maize.Set.Inbred.Diversity.282.Plus.NAM.Parents,MO17/RppSR(TZ),NGA,Breeding material,Tzi 11
PI 540746,19,19,False,Maize.Group.Ames.Panel.2010,RppTZSR-Y/N28),NGA,Breeding material,Tzi 14
PI 540747,31,49,False,Maize.Set.Inbred.Diversity.282.Plus.NAM.Parents,RppTZSR-Y/N28),NGA,Breeding material,Tzi 16
PI 540748,18,19,False,Maize.Group.Ames.Panel.2010,Poza Rica 7726/TZSR,NGA,Breeding material,Tzi 21
PI 540749,20,37,False,Maize.Group.Ames.Panel.2010,TZESR-Y,NGA,Breeding material,Tzi 22
PI 540750,16,31,False,Maize.Group.Ames.Panel.2010,Oh43(2)/RppSR,NGA,Breeding material,Tzi 23
PI 540761,28,28,False,,,USA,Landrace,Sheppard Corn
PI 540764,19,19,False,,,USA,Landrace,Georgia Cow Corn
PI 540770,16,17,False,,,USA,Landrace,Tennessee Little Cob
PI 540778,18,19,False,,,USA,Landrace,Old Raccoon
PI 540780,28,29,False,,,USA,Landrace,F.W. Brittain
PI 540782,28,29,False,,,USA,Landrace,John A. Griggs
PI 542099,30,31,False,,Derived from NDSAB(MS)C8 by three cycles of mass selection for low ear moisture at physiological maturity,USA,Breeding material,NDSAB(MS)C8(LM)C3
PI 542100,30,31,False,,Derived from four cycles of selection for low ear moisture at physiological maturity from NDSD(FS)C1,USA,Breeding material,NDSD(FS)C1(LM)C4
PI 542101,30,31,False,,"Thirteen lines including ND250, ND101, CM153, A654, ND468, A664, PA363, ND363, W59E, ND8RF, CM105, ND245, and ND247",USA,Breeding material,NDSM
PI 542108,16,16,False,,,BTN,Landrace,BHUTAN #42
PI 542110,16,16,False,,,BTN,Landrace,BHUTAN #61
PI 542682,25,52,False,,,DZA,Cultivated material,Kabl
PI 542683,19,32,False,,,DZA,Cultivated material,Kabl
PI 542684,15,15,False,,,DZA,Cultivated material,Kabl
PI 542685,15,15,False,,,DZA,Cultivated material,Kabl (Aboras)
PI 542686,25,47,False,,,DZA,Cultivated material,Kabl
PI 542687,15,39,False,,,DZA,Cultivated material,Kabl
PI 542688,15,42,False,,,DZA,Cultivated material,Kabl
PI 542689,27,55,False,,,DZA,Cultivated material,Kabl
PI 542713,28,29,False,,Yellow Pearl I Leaf Freckels and Wilt-YPFS(1) is an improved version of the open pollinated popcorn variety Yellow Pearl,USA,Breeding material,YPI LFWS(1)
PI 542714,36,40,False,,Supergold II Leaf Freckles and wilt (2) [SGII LFWS(2)] is an improved version of open pollinated popcorn variety Supergold.,USA,Breeding material,SGII LFWS(2)
PI 542776,19,22,False,Maize.Group.Ames.Panel.2010,Derived from cross between Supergold and Early Yellow. Test crosses made on Supergold/Amber Pearl single cross and selection made primarily for high popping expansion volume,USA,Breeding material,HP62-02
PI 542778,20,37,False,Maize.Group.Ames.Panel.2010,Derived from cross between dent corn inbred H60 and popcorn double cross followed by cross to popcorn single cross. Germplasm involved primarily from Amber Pearl and South American,USA,Breeding material,HP68-07
PI 542938,26,65,False,Maize.Group.Ames.Panel.2010,Originated from selfing T2232.,USA,Breeding material,Ab610
PI 542939,16,17,False,Maize.Group.Ames.Panel.2010,,USA,Breeding material,Ab616
PI 542941,25,51,False,Maize.Group.Ames.Panel.2010,,USA,Breeding material,SC84
PI 542942,18,19,False,Maize.Group.Ames.Panel.2010,,USA,Breeding material,SC155
PI 542943,17,32,False,Maize.Group.Ames.Panel.2010,,USA,Breeding material,SC229
PI 542945,26,40,False,Maize.Group.Ames.Panel.2010,,USA,Breeding material,SC343
PI 542946,25,36,False,Maize.Group.Ames.Panel.2010,,USA,Breeding material,SC359
PI 542947,16,32,False,Maize.Group.Ames.Panel.2010,,USA,Breeding material,SC401
PI 542950,17,17,False,Maize.Group.Ames.Panel.Post.2010,,USA,Breeding material,T238
PI 542951,25,37,False,,,USA,Breeding material,T250
PI 542952,27,31,False,Maize.Group.Ames.Panel.2010,,USA,Breeding material,T252
PI 542953,28,32,False,Maize.Group.Ames.Panel.2010,,USA,Breeding material,T264
PI 542954,16,17,False,Maize.Group.Ames.Panel.Post.2010,,USA,Breeding material,T268
PI 542955,28,32,False,Maize.Group.Ames.Panel.2010,,USA,Breeding material,Va4
PI 542956,29,65,False,Maize.Group.Ames.Panel.2010,,USA,Breeding material,Va5
PI 542957,28,31,False,Maize.Group.Ames.Panel.2010,,USA,Breeding material,Va6
PI 542958,27,29,False,Maize.Group.Ames.Panel.2010,,USA,Breeding material,Va10
PI 542959,28,33,False,Maize.Group.Ames.Panel.2010,,USA,Breeding material,Va33
PI 543008,20,26,False,Maize.Group.Ames.Panel.2010,IR10 (I202-2)-S8  IR10 is the 10th cycle of selection in Indian Chief using reciprocal recurrent selection and nitrogen use efficency selection.,USA,Breeding material,NC201
PI 543741,25,25,False,,"Source materials include Hickory King, (Natal) White Horsetooth, Ladysmith White, Champion White Pearl, and Iowa Silver Mine imported from South Africa",USA,Breeding material,KITALE II (R11)C6
PI 543870,17,31,False,,,TZA,Breeding material,UKIRIGURU COMPOSITE A
PI 543871,16,16,False,,,TZA,Breeding material,UKIRIGURU COMPOSITE B
PI 543872,16,16,False,,,TZA,Breeding material,UKIRIGURU COMPOSITE B-W
PI 543917,16,30,False,,Hill Yellow Dent,USA,Breeding material,Mp412
PI 543918,31,47,False,,,USA,Landrace,Indian Chief
PI 543919,30,47,False,,,USA,Landrace,Jarvis Golden Prolific
PI 543973,26,26,False,,,USA,Cultivated material,
PI 548786,26,26,False,,34 southern inbreds bulked in a synthetic and selected for resistance to corn earworm for six cycles,USA,Breeding material,GT-CEW-RS8
PI 548788,18,19,False,Maize.Group.Ames.Panel.2010,,USA,Breeding material,GT106
PI 548789,17,18,False,Maize.Group.Ames.Panel.2010,SC399/L349 (SC399 is SC155 Gourd seed),USA,Breeding material,SC60
PI 548790,25,36,False,Maize.Group.Ames.Panel.2010,From SC491 which came from a variety cross,USA,Breeding material,SC91
PI 548792,26,51,False,Maize.Group.Ames.Panel.2010,GT112-NC33/GT112,USA,Breeding material,SC213W
PI 548793,24,38,False,Maize.Group.Ames.Panel.Post.2010,,USA,Breeding material,SC324
PI 549212,15,28,False,,,TCD,Cultivated material,TCD 130
PI 549214,16,16,False,,,TCD,Cultivated material,TCD 152
PI 549280,18,19,False,,From OhS5 and OhS6 consisting of primarily 50% Corn Belt germplasm and 50% exotic material,USA,Breeding material,PUERTO RICO OHIOS9(R)C0
PI 550442,21,26,False,Maize.Group.Ames.Panel.2010,N6/Mo22,USA,Breeding material,Mo20W
PI 550444,19,20,False,,Cross between two strains of Iowa Stiff Stalk Synthetic. The first strain developed after 4 cycles of reciprocal recurrent selection for yield and the second strain after 6 cycles for general combining ability.,USA,Breeding material,BSSS2
PI 550445,31,56,False,,"Combined 10 inbred lines selected from the original Iowa Stiff Stalk Synthetic. The lines are B10, B14, B37, B40, B43, B44, R101, (B11/B13)-1-8, SSS312-3.",USA,Breeding material,BSSSS
PI 550446,27,27,False,,"Combined 10 lines (R71, ITE701, HD2158, HD2244, HD2418, B58, B60, (N32/2*B14)-1-30-4, (Oh43/B33)-139, Krug-792). HD2158 and HD2244 from Iowa Stiff Stalk Synthetic. HD2418 from Iowa Stiff Stalk Synthetic/W22.",USA,Breeding material,Iowa Two-Ear Synthetic No. 1
PI 550447,19,20,False,,"Combined 12 inbred lines (B50, B55, B56, B217, B217-waxy endosperm, C103, N22A, N25, Oh29, W-17R-B, (B15/B18)-16, (Lanc. Comp.)-34, (L317/187-2)-1-1-9) with above average ear length.",USA,Breeding material,BSLE
PI 550448,19,20,False,,Combined 57 lines of best breeding material available to provide broad genetic base for quantitative genetic studies.,USA,Breeding material,BSAA
PI 550449,19,20,False,,Combined 44 lines of best breeding material available to provide broad genetic base for quantitative genetic studies.,USA,Breeding material,BSBB
PI 550450,19,20,False,,"Combined 16 lines: B49, B53, B55, C.I.31A, Ms1, W22, (B33/Oh43)-8-1-2, (Pa. Int. Syn.)-22-4-1, (Syn. A)-97-1-2, Midland-8-1-2, (M14/A206//Oh4C)-33-1-2, P33-2-2, WF9/458-1 (Pa. Sel.)-755-228, HD225, (Minn. Syn. No. 1)-24.",USA,Breeding material,BSCB3
PI 550451,19,20,False,,"Developed after 3 cycles of recurrent selection in A.E.S. Synthetic A.  A.E.S. Synthetic A composed of C.I.7, WF9, K148, 187-2, L317, Tr, 38-11, Os420, NC7, Oh40B, B18, R4, L97, C14, L503, and W16.",USA,Breeding material,BSCB4
PI 550452,19,21,False,,"Developed after 3 cycles of recurrent selection in A.E.S. Synthetic B.  A.E.S. Synthetic B composed of K155, W22, B10, Oh33, P8, C103, Hy, 540, C.I.27, A347, K4, M14, NC34, A131, Hyd1100.3, and A148.",USA,Breeding material,BSCB5
PI 550453,29,44,False,,"Developed after 3 cycles of recurrent selection in Pennsylvania Early Synthetic.  Pennsylvania Synthetic composed of A, A71, C103, K155, NC34, Oh04, Oh26, Oh40B, W23, 1205, L317, Os420, WF9, and M14 among others.",USA,Breeding material,BSCB6
PI 550457,28,29,False,,"Combined 12 inbred lines (A257, A619, B14A, B52, B54, B55, B56, B57, C103, R168, R181, and (Minn. Syn. No. 1) sel. 24.",USA,Breeding material,Iowa Elite Line Synthetic No. 1
PI 550458,29,44,False,,"Ford's Hi Oil Synthetic/Indiana Synthetic A Indiana Synthetic A developed from A.E.S. Synthetic A which is composed of 12 lines (C.I.17, WF9, K148, 187-2, L317, Tr, 38-11, Os420, NC7, Oh40B, B18, R4, L97, C14, L503, W16).",USA,Breeding material,Iowa High Oil Synthetic No. 1
PI 550459,29,44,False,,"Waxy Os420 Hi Oil Synthetic/Indiana Synthetic B Indiana Synthetic B developed from A.E.S. Synthetic B which is composed of 16 lines (K155, W22, B10, Oh33, P8, C103, Hy, 540, C.I.27, A347, K4, M14, NC34, A131, Hyd1100.3, A148).",USA,Breeding material,Iowa High Oil Synthetic No. 2
PI 550460,28,29,False,,Population composed of 25% Tuxpeno (Mexican race) and 75% Lancaster Surecrop (Tuxpeno/2*Lancaster).,USA,Breeding material,BSTL
PI 550462,28,30,False,Maize.Group.Ames.Panel.2010,N32/2*B14,USA,Breeding material,B59
PI 550468,28,32,False,Maize.Group.Ames.Panel.2010,W22/B10,USA,Breeding material,B45
PI 550471,29,78,False,Maize.Group.Ames.Panel.2010,Alph/38-11,USA,Breeding material,B56
PI 550474,19,19,False,,Population developed for broad genetic base from elite inbred lines and populations using various methods of recurrent selection. Companion to BS4.,USA,Breeding material,BS3
PI 550475,29,44,False,,Population developed for broad genetic base with elite inbred lines and populations using various methods of recurrent selection. Companion to BS3.,USA,Breeding material,BS4
PI 550476,17,18,False,,Developed by 2 cycles of reciprocal full-sib selection from Iowa Two-ear Synthetic #1 with Pioneer Two-ear Composite as the tester.,USA,Breeding material,BS10(FR)C2
PI 550477,17,18,False,,"Population developed by 2 cycles of reciprocal full-sib selection from Pioneer Two-ear Composite, with Iowa Two-ear Synthetic #1 as the tester.",USA,Breeding material,BS11(FR)C2
PI 550478,18,19,False,,Population derived from open-pollinated 'Alph' by 5 cycles of recurrent selection for specific combining ability with inbred B14 as the tester.,USA,Breeding material,BS12(HI)C5
PI 550479,21,23,False,,Population developed by recombining 6 inbred selections related to B14.,USA,Breeding material,BS14
PI 550480,18,19,False,,B14/2*BS12(HI)C5,USA,Breeding material,BS15
PI 550481,22,23,False,,"Population developed from Iowa Stiff Stalk Synthetic (BSSS) by 6 cycles of reciprocal recurrent selection, with BSCB1(R) as the tester.",USA,Breeding material,BSSS(R)C6
PI 550482,22,23,False,,Population developed from Iowa Corn Borer Synthetic No. 1 (CSCB1) by 6 cycles of reciprocal recurrent selection with BSSS(R) as the tester.,USA,Breeding material,BSCB1(R)C6
PI 550485,28,40,False,,"Developed from Nigeria Composite A (NCA) by 6 cycles of mass selection for general adaptation and reduced ear height. NCA developed in Nigeria by 4 cycles of random mating of Mexico, Caribbean, Colombia, and U.S. cultivars.",USA,Breeding material,PR-Mp1
PI 550486,29,47,False,,Developed from Nigeria Composite A-Rb (NCA-Rb) by 2 cycles of mass selection for adaptation.,USA,Breeding material,PR-Mp4
PI 550487,27,27,False,,"Synthetic developed by intercrossing 8 elite lines (ND478, ND474, W153R, SD10, ND376, NDB8, A90, MS1334) of about AES300 maturity.",USA,Breeding material,NDSA
PI 550488,28,29,False,,"Synthetic developed from an intercross of 6 inbreds (ND363, MS142, ND405, ND33, CO303, CV3) and 1 open pollinated variety (Zapalote Chico).",USA,Breeding material,NDSB
PI 550491,29,32,False,Maize.Group.Ames.Panel.2010,Selection from a outcross of W673.,USA,Breeding material,ND301
PI 550493,24,38,False,Maize.Group.Ames.Panel.Post.2010,Yellow counterpart of the white line 81-1. Developed by a series of backcrosses and selfs while selecting for yellow endosperm from inbred 371 and recurrent parent (sweet corn inbred 81-1) phenotype.  The inbred 371 was derived from P39 X Flour Corn.,USA,Breeding material,GTS2
PI 550494,25,60,False,,Cross between S2 from Antigua Gpo. 1 and S8 from Antigua Gpo. 2 with 8 generations of selfing.,USA,Breeding material,Mp703
PI 550495,20,21,False,,Improved opaque-2 population developed from Iowa Synthetic BB (BSBB).,USA,Breeding material,BSBBo2(S)C2
PI 550496,28,46,False,Maize.Group.Ames.Panel.2010,Mb 19-3(selection of PI 209135)/C123,USA,Breeding material,H102
PI 550497,28,31,False,Maize.Group.Ames.Panel.2010,Mb 18-10(selection of PI 209135)/A545,USA,Breeding material,H103
PI 550498,26,26,False,,"Developed from 2 cycles of recurrent selection for leaf feeding resistance in populations of Antigua Grupo 1, Antigua Grupo 2, Guadalupe Grupo 1A and Republica Dominicana Grupo 1.",USA,Breeding material,MpSWCB-4
PI 550499,18,46,False,Maize.Group.Ames.Panel.Post.2010,"Selection from a group of S4's in Antigua Gpo. 2 (CIMMYTMA 1240) population.  According to LAMP 1999 CD, CIMMYT database, Antigua Group 2 consisted of Antigua 7, Antigua 8, Antigua 1, Antigua 2, Antigua 3 and Antigua 6. (CIMMYTMA 1352, CIMMYTMA 1130, CIMMYTMA 3857,  CIMMYTMA 1241, CIMMYTMA 3858 and CIMMYTMA 2452)",USA,Breeding material,MP496
PI 550500,29,30,False,,"Segregating populations of tropical (32%), South African (44%) and U.S (24%) lines were selected for photoperiod insensitivity.",USA,Breeding material,SA Photoperiod Insensitive Composite I
PI 550501,28,29,False,,13 tropical populations with photoperiod insensitivity were bulked and random mated for 4 generations.,USA,Breeding material,SA Photoperiod Insensitive Composite II
PI 550502,27,28,False,,"Photoperiod insensitive tropical populations (Flint Composite, Perola Piraciacaba, Narino 330/Peru 330, Cuba 11J, Cuba 40, Hawaii 5, SLP 164, Comporto Flint) crossed with Composite I.",USA,Breeding material,SA Photoperiod Insensitive Composite III
PI 550504,28,106,False,Maize.Group.Ames.Panel.2010,Selection from synthetic AS-D.,USA,Breeding material,ND248
PI 550505,29,29,False,,Developed from Stiff Stalk Synthetic.,USA,Breeding material,NS(FS)LFW-8
PI 550506,28,29,False,,Developed from Nebraska B Synthetic.,USA,Breeding material,NB(FS)LFW-8
PI 550507,30,31,False,Maize.Group.Ames.Panel.Post.2010,Zea mays/Tripsacum dactyloides,USA,Breeding material,LP Oh43 RP1TD
PI 550508,19,21,False,,"Developed from PP32-S5, (A13.W18)-S6, (A413.T204)Sel, (C103.Ky36-11)-S6, Va3a, Val7b, Va22, Va25, Va9-532, T458, T113(M14.Oh51), and (T220.W22R)-S2. Selected for low-ear placement and early maturity.",USA,Breeding material,TELE-13
PI 550509,27,27,False,,Developed from inbred T61 as source for yellow kernels.,USA,Breeding material,T61Y
PI 550510,28,28,False,,16 inbreds resistant to corn virus complex were crossed in pairs and resulting single crosses were crossed in all combinations.,USA,Breeding material,TVRDW-C5
PI 550511,26,26,False,,"Synthetic developed from KY39, 33-16, R7, 893.H(W), E198, T109(M14.051), CI.28B, T432, A242, A302, Mo2778B, and 0-670.",USA,Breeding material,TSR-C4
PI 550512,26,51,False,,Developed from Jellicorse after 14 generations of mass selection for yield.,USA,Breeding material,TJeMY-14
PI 550513,26,51,False,,Developed from Jellicorse after 9 generations of mass selection for yield and 5 generations for ear prolificacy.,USA,Breeding material,TJeMP-5
PI 550517,28,58,False,Maize.Group.Ames.Panel.2010,Developed from Jellicorse.,USA,Breeding material,T115
PI 550518,35,78,False,Maize.Set.Inbred.Diversity.282.Plus.NAM.Parents,Selfing and selection in Jarvis Golden Prolific since 1930.,USA,Breeding material,T8
PI 550519,30,46,False,Maize.Group.Ames.Panel.2010,T61/Hills Yellow Dent and backcrossed once to T61,USA,Breeding material,T220
PI 550521,18,21,False,Maize.Group.Ames.Panel.2010,Cross between a selection from the Huffman variety and RB893 with one backcross to RB893.,USA,Breeding material,T226
PI 550524,26,51,False,,"Composed of Ab16, Ab36, MP484, (KY36-24.T13)-S4, (Je 26)-S4, (KY215.T101)-S4, (Jel.PP)-2, and (Je52.Robyn)-S3 inbred and selections that were crossed pairs and resulting single crosses crossed in all combinations.",USA,Breeding material,TLLE-13
PI 550525,20,21,False,,"Developed by recombining 10 inbred lines (B49, B50, B52, B54, B55, B57, B68, CI131A, Mo17, SD10) with 4 cycles of recurrent selection.",USA,Breeding material,BS9(CB)C4
PI 550527,29,47,False,Maize.Group.Ames.Panel.2010,"B37/PI 209135, selection Mb.2",USA,Breeding material,H111
PI 550528,27,27,False,,"Intercrossed 11 elite lines (CO303, ND474, ND478, NDB8, ND480, ND481, A556, CG1, CG5, W153R, MS93) and randomly mated for 4 generations.",USA,Breeding material,NDSC
PI 550529,30,33,False,,"Intercrossed 16 elite inbreds (SDP2, SDP232, SDP236M, SDP254, ND363, ND364, A90, A654, A556, ND376, MS141, W153R, A554, SD5, ND474, ND203) and intermated for 3 generations.",USA,Breeding material,NDSD
PI 550531,30,47,False,Maize.Group.Ames.Panel.2010,"W12/W14, self-pollinated for 9 generations and selected for plant and ear traits.",USA,Breeding material,ND250
PI 550534,18,34,False,Maize.Group.Ames.Panel.2010,Selection from a bulk of 3 closely related S3's developed from a cross between an S2 of Antigua Gpo. 1 and an S6 of Antigua Gpo. 2.,USA,Breeding material,Mp701
PI 550535,16,16,False,Maize.Group.Ames.Panel.Post.2010,Selection from a bulk of 2 closely related S3's from a cross between an S6 of Antigua Gpo. 2 and an S1 of Republica Dominica Gpo. 1.,USA,Breeding material,Mp702
PI 550536,20,21,False,,4 cycles of recurrent selection in BSAA,USA,Breeding material,BSAA(SRCB)C4
PI 550537,20,21,False,,4 cycles of recurrent selection in BSBB,USA,Breeding material,BSBB(SRCB)C4
PI 550538,27,27,False,,Synthetic developed by 1 cycle of full-sib family selection among 100 full-sib families between NDSA and NDSB. Mass selection of 20 families for 3 cycles.,USA,Breeding material,NDSAB
PI 550539,27,27,False,,Intercrossed about 65 inbreds and resulting population intermated for 2 generations.,USA,Breeding material,NDSF
PI 550540,29,61,False,Maize.Group.Ames.Panel.2010,W775/W771,USA,Breeding material,ND252
PI 550541,28,45,False,Maize.Group.Ames.Panel.2010,W59/W116,USA,Breeding material,ND253
PI 550542,28,45,False,Maize.Group.Ames.Panel.2010,Selected from Rumanian Syn. D with 7 generations of self pollination and selection for plant and ear traits.,USA,Breeding material,ND254
PI 550544,25,25,False,,"Developed from 4 cycles of recurrent selection in RFC (crosses of B10/B14, Manfredi, and Corn Belt Composite with over 30 Latin American selections)",USA,Breeding material,GT-R14
PI 550545,25,39,False,Maize.Group.Ames.Panel.2010,Selected from PI 175334 (Tusa Rani from Nepal),USA,Breeding material,GE180
PI 550546,20,39,False,Maize.Group.Ames.Panel.2010,Developed by selfing selections from MpSWCB-4 for 8 generations.,USA,Breeding material,Mp705
PI 550547,20,25,False,Maize.Group.Ames.Panel.2010,Developed by selfing selections from MpSWCB-4 for 8 generations.,USA,Breeding material,Mp706
PI 550548,20,52,False,Maize.Group.Ames.Panel.2010,Developed by selfing selections from MpSWCB-4 for 8 generations.,USA,Breeding material,Mp707
PI 550550,27,27,False,,Synthetic developed by 1 cycle of reciprocal full-sib selection among full-sib families between NDSC and NDSD.,USA,Breeding material,NDSC(FS)C1
PI 550552,29,55,False,Maize.Group.Ames.Panel.2010,ND408/B73//W23yy,USA,Breeding material,ND304W
PI 550554,24,28,False,Maize.Group.Ames.Panel.2010,Selected from BS5 with 9 generations of selfing and selection.,USA,Breeding material,ND256
PI 550557,25,25,False,,Developed from  PR-Mo2 (from Nigerian Composite B) using recurrent selection.,USA,Breeding material,MO-2 ECB-2
PI 550561,30,33,False,Maize.Group.Ames.Panel.2010,Selected from NDSC by selfing for 8 generations and selecting for desirable plant and ear traits.,USA,Breeding material,ND257
PI 550562,27,104,False,Maize.Group.Ames.Panel.Post.2010,Selected from NDSAB with 8 generations of selfing and selection.,USA,Breeding material,ND258
PI 550563,17,18,False,,"Bulk population of Hopi, Navajo, Papago Indian types (flour and dent) and 4 selections of Mexican June Complex were open-pollinated for 23 years.",USA,Breeding material,Arizona Maize Germplasm for Arid Env's
PI 550564,15,15,False,,Multi-step selection using Indian Ocean germplasm stocks.,REU,Breeding material,IRAT 297
PI 550565,29,47,False,Maize.Group.Ames.Panel.2010,Selected from (CM105/B73)F2.,USA,Breeding material,N190
PI 550568,19,23,False,Maize.Group.Ames.Panel.2010,"S5 line selected from a plant in NK(B)RF(2), an improved version of Krug.",USA,Breeding material,N194
PI 550569,20,20,False,,Developed by intermating BSK(S)C7 and MSK(HI)C7,USA,Breeding material,BS18
PI 550570,20,21,False,,"Bulk population of Composite A (BSL(HI)C5, BSL(SR)C6, BSTL(S)C2, B70, C103, C123, Mo17, N13, Oh43, Oh517, Va20, Va 35, Va44, Va58, Va59, Va60, Va61, Va36) and Composite B.",USA,Breeding material,BS26
PI 550572,29,30,False,,Developed by 1 cycle of full-sib family selection among 78 full-sib families between NDSB(FS)C1 and NDSF(FS)C1.,USA,Breeding material,NDSBF
PI 550574,18,20,False,Maize.Group.Ames.Panel.2010,T61/NC37,USA,Breeding material,GA 203
PI 550899,16,31,False,Maize.Group.Ames.Panel.Post.2010,TZMSR,CMR,Breeding material,89223
PI 550900,19,22,False,Maize.Group.Ames.Panel.2010,(Kitale II/TZMSR)Kitale II,CMR,Breeding material,89274
PI 550901,19,22,False,Maize.Group.Ames.Panel.2010,TZMSR/East Africa Mix,CMR,Breeding material,88091
PI 550902,17,21,False,Maize.Group.Ames.Panel.2010,TZMSR/East Africa Mix,CMR,Breeding material,88098
PI 550903,19,24,False,Maize.Group.Ames.Panel.2010,TZMSR,CMR,Breeding material,89199
PI 550904,19,22,False,Maize.Group.Ames.Panel.2010,TZMSR,CMR,Breeding material,89207
PI 550905,19,23,False,Maize.Group.Ames.Panel.2010,TZMSR,CMR,Breeding material,89246
PI 550906,18,21,False,Maize.Group.Ames.Panel.2010,TZMSR,CMR,Breeding material,89248
PI 550907,18,23,False,Maize.Group.Ames.Panel.2010,H625/Z10,CMR,Breeding material,89258
PI 550908,18,22,False,Maize.Group.Ames.Panel.2010,H625/Z10,CMR,Breeding material,89260
PI 550909,19,22,False,Maize.Group.Ames.Panel.2010,ZS206/TZMSR)ZS206,CMR,Breeding material,89291
PI 550910,19,59,False,Maize.Group.Ames.Panel.Post.2010,ZS206/TZMSR)ZS206,CMR,Breeding material,89293
PI 550911,18,21,False,Maize.Group.Ames.Panel.2010,(H625/Z10)H625,CMR,Breeding material,89302
PI 550913,18,21,False,Maize.Group.Ames.Panel.2010,TZMSR/East Africa Mix,CMR,Breeding material,88099
PI 550914,15,17,False,,TZMSR,CMR,Breeding material,89242
PI 550916,18,22,False,Maize.Group.Ames.Panel.2010,M122/N103,CMR,Breeding material,89311
PI 550917,17,19,False,Maize.Group.Ames.Panel.2010,TZMSR/East Africa Mix,CMR,Breeding material,88094
PI 550918,17,49,False,Maize.Group.Ames.Panel.2010,ZS206/TZMSR,CMR,Breeding material,88069
PI 550919,18,21,False,Maize.Group.Ames.Panel.2010,TZMSR,CMR,Breeding material,88030
PI 550920,19,24,False,Maize.Group.Ames.Panel.2010,TZMSR,CMR,Breeding material,87014
PI 550921,15,17,False,,Selfed from CIMMYT Population 32 (Eto.),CMR,Breeding material,87366
PI 550922,19,22,False,Maize.Group.Ames.Panel.2010,TZMSR,CMR,Breeding material,87036
PI 550924,19,22,False,Maize.Group.Ames.Panel.2010,TZSRW/Zambia Mat.,CMR,Breeding material,Z28
PI 550925,19,22,False,Maize.Group.Ames.Panel.2010,TZMSR,CMR,Breeding material,M131
PI 550927,19,20,False,,From OhS5 and OhS6 consisting of primarily 50% Corn Belt germplasm and 50% exotic material,USA,Breeding material,PUERTO RICO MAYORBELA(R)C3
PI 553054,19,23,False,Maize.Group.Ames.Panel.2010,"Bulked seed from an S6 line derived from ""Seedway Elite"", purchased in 1979 from Seedway, Inc., Hall, New York.",USA,Breeding material,OC1
PI 553055,20,25,False,Maize.Group.Ames.Panel.2010,"Bulked seed from an S6 line of a recovered maize with yellow and blue seeds from Dr. Jack Harlan, University of Illinois. Recovered maize was developed by backcrossing maize-tripsacum hybrids to maize.",USA,Breeding material,OC2
PI 553059,28,33,False,Maize.Group.Ames.Panel.2010,"Bulked seed from an S7 line derived from an ear of Indian corn purchased at a florist's shop in St. Paul, Minnesota in 1979.",USA,Breeding material,OC6
PI 553062,29,34,False,Maize.Group.Ames.Panel.2010,"Bulked seed from an S6 line derived from an open-pollinated plant of orange recovered maize from Dr. Jack Harlan, University of Illinois. Recovered maize was developed by backcrossing maize-tripsacum hybrids to maize.",USA,Breeding material,OC9
PI 553088,16,16,False,,,BLZ,Landrace,"Kekchi Var: ""An-hal"" (yellow)"
PI 553089,16,16,False,,,BLZ,Landrace,Kekchi Var: SAK-E-HAL (white corn)
PI 553090,15,15,False,,,BLZ,Landrace,Kekchi Var: EKE-HAL (black corn)
PI 556980,18,34,False,Maize.Group.Ames.Panel.2010,"Mp1 / Hill Yellow Dent, S3.",USA,Breeding material,Mp420
PI 558498,19,20,False,,"Six cycles of mass selection from Antigua composite originally formed by bulking 1000 kernels of two 1975 Ames, Iowa increases of Antigua Group 1 and Antigua Group 2 from CIMMYT and planting in isolation in Ames, Iowa in 1976.  The two 1975 increases were hand pollinations of plants resulting from planting 500 kernels from the two Antigua populations..",USA,Breeding material,BS27
PI 558517,32,59,False,Maize.Group.Ames.Panel.2010,Sister line selection of K201C,USA,Breeding material,Mo10
PI 558534,30,34,False,Maize.Group.Ames.Panel.2010,Developed from the open-pollinated variety Laguna.,USA,Breeding material,Mo22
PI 560074,20,23,False,Maize.Group.Ames.Panel.2010,(PA 761/H 73) PA 761BC6.,USA,Breeding material,Pa759
PI 560075,21,25,False,Maize.Group.Ames.Panel.2010,(PA 761/H 73) PA 761BC6.,USA,Breeding material,Pa760
PI 560082,20,24,False,Maize.Group.Ames.Panel.2010,WF 9 Synthetic 3 (75).,USA,Breeding material,Pa860
PI 561515,30,34,False,Maize.Group.Ames.Panel.2010,Selected from an Ab28 outcross. Self-pollinated for 25+ generations.,USA,Breeding material,AR202
PI 561516,19,23,False,Maize.Group.Ames.Panel.2010,[(NC24/K4)NC64]. Self-pollinated for 25+ generations.,USA,Breeding material,AR204
PI 561517,19,21,False,Maize.Group.Ames.Panel.2010,"Selected from ""foundation"" seed of Tx601. Self-pollinated for 25+ generations.",USA,Breeding material,AR206
PI 561518,19,20,False,Maize.Group.Ames.Panel.2010,Normal line that segregated from a Gt112 br2 backcross population after the 4th backcross to Gt112.,USA,Breeding material,AR208
PI 561519,15,15,False,,(Ark. SWEB Syn./Ark. Leaf Feed Res. Syn.). Self-pollinated for 20+ generations.,USA,Breeding material,AR218
PI 561520,29,44,False,Maize.Group.Ames.Panel.2010,(Tx4804-z/Va35). Self-pollinated for 15+ generations.,USA,Breeding material,AR224
PI 561521,29,53,False,Maize.Group.Ames.Panel.2010,(Akd52/NC240). Self-pollinated for 18+ generations.,USA,Breeding material,AR226
PI 561523,19,23,False,Maize.Group.Ames.Panel.2010,Ark. SWEB Syn. Self-pollinated for 20+ generations.,USA,Breeding material,AR234
PI 561524,15,15,False,,(Va35/NC232). Self-pollinated for 18 generations.,USA,Breeding material,AR240
PI 561525,20,24,False,Maize.Group.Ames.Panel.2010,(NC232/Tx501 br2). Self-pollinated for 22+ generations.,USA,Breeding material,AR242
PI 561526,19,22,False,Maize.Group.Ames.Panel.2010,(AKh42/Mo18). Self-pollinated for 20 generations.,USA,Breeding material,AR250
PI 561527,19,21,False,Maize.Group.Ames.Panel.2010,(AKd52/NC234). Self-pollinated for 18 generations.,USA,Breeding material,AR254
PI 561528,31,47,False,Maize.Group.Ames.Panel.2010,(Mo18/NC232). Self-pollinated for 20 generations.,USA,Breeding material,AR258
PI 561529,20,23,False,Maize.Group.Ames.Panel.2010,(B14/T204D). Self-pollinated for 20 generations.,USA,Breeding material,AR266
PI 561530,29,56,False,Maize.Group.Ames.Panel.Post.2010,(T232/Tx601D). Self-pollinated for 20 generations.,USA,Breeding material,AR268
PI 561531,19,31,False,Maize.Group.Ames.Panel.2010,Derived from P.A.G. 120003. Self-pollinated for 20 generations.,USA,Breeding material,AR270
PI 561532,19,21,False,Maize.Group.Ames.Panel.2010,(TX601D/Ab28) Ab 28. Self-pollinated for 15+ generations.,USA,Breeding material,AR272
PI 561533,19,22,False,Maize.Group.Ames.Panel.2010,(AR 214/Ark. S.W.C.B. Syn.). Self-pollinated for 15+ generations.,USA,Breeding material,AR276
PI 561534,17,27,False,Maize.Group.Ames.Panel.2010,(AR 224/Tx 441). Self-pollinated for 15+ generations.,USA,Breeding material,AR280
PI 561535,19,22,False,Maize.Group.Ames.Panel.2010,(F6/R909). Self-pollinated for 15+ generations.,USA,Breeding material,AR296
PI 561536,16,29,False,,(AR234/Tx441). Self-pollinated for 15+ generations.,USA,Breeding material,AR298
PI 561537,19,22,False,Maize.Group.Ames.Panel.2010,(Ark. 367/Tx 441). Self-pollinated for 15+ generations.,USA,Breeding material,AR400
PI 561600,26,41,False,,SynA1/87004.,CMR,Breeding material,90113
PI 561601,18,20,False,Maize.Group.Ames.Panel.2010,SynA1/87004.,CMR,Breeding material,90143
PI 561602,17,19,False,Maize.Group.Ames.Panel.2010,SynA1/87004.,CMR,Breeding material,90147
PI 561603,19,36,False,Maize.Group.Ames.Panel.2010,SynA1/87004.,CMR,Breeding material,90156
PI 561604,17,32,False,Maize.Group.Ames.Panel.2010,SynA1/87004.,CMR,Breeding material,90176
PI 561605,18,20,False,Maize.Group.Ames.Panel.2010,SynA1/87014.,CMR,Breeding material,90183
PI 561606,18,20,False,Maize.Group.Ames.Panel.2010,SynA1/87014.,CMR,Breeding material,90188
PI 561607,18,20,False,Maize.Group.Ames.Panel.2010,SynA1/87014.,CMR,Breeding material,90204
PI 561608,15,28,False,,SynA1/87014.,CMR,Breeding material,90219
PI 561609,19,35,False,Maize.Group.Ames.Panel.2010,SynA1/87014.,CMR,Breeding material,90220
PI 561610,19,34,False,Maize.Group.Ames.Panel.2010,SynA1/87036.,CMR,Breeding material,90263
PI 561611,16,44,False,Maize.Group.Ames.Panel.Post.2010,SynA1/87036.,CMR,Breeding material,90267
PI 561612,16,38,False,Maize.Group.Ames.Panel.Post.2010,M131/S62.,CMR,Breeding material,89320
PI 561613,19,20,False,Maize.Group.Ames.Panel.2010,SynB1/87036.,CMR,Breeding material,90301
PI 561614,18,29,False,Maize.Group.Ames.Panel.2010,SynB1/87036.,CMR,Breeding material,90313
PI 561615,15,37,False,Maize.Group.Ames.Panel.Post.2010,SynB1/87036.,CMR,Breeding material,90323
PI 561616,15,42,False,Maize.Group.Ames.Panel.Post.2010,SynB1/87036.,CMR,Breeding material,90332
PI 561617,16,38,False,Maize.Group.Ames.Panel.Post.2010,S85/C70.,CMR,Breeding material,89343
PI 561618,19,36,False,Maize.Group.Ames.Panel.2010,S85/C70.,CMR,Breeding material,89365
PI 561620,18,18,False,,"Parents: ESAL QYF3, Q5VF1 (Brazil), CMS 36 SAFRI (CIMMYT/Brazil), HE1066, 1049 (Limagrain), Suwan 1 (Thailand) Across 7728 (CIMMYT), COCA (Cameroon), Shaba (Zaire), MSR (IITA).",CMR,Breeding material,ATP
PI 561621,18,18,False,,"50% midaltitude reselected CIMMYT Subtropical Population 34, and 50% early S3 lines from population MSR",CMR,Breeding material,EARLY WHITE
PI 561622,18,18,False,,"Synthetic formed from midaltitude inbred lines: M87, M131, 87036, 88069, 89199, 89243, 89258, 89292-293, 89302, 89310. Recombined three times, reselected for maize streak virus resistance",CMR,Breeding material,SYNTHETIC 4 - WHITE
PI 561694,18,22,False,Maize.Group.Ames.Panel.2010,"Mo17/W153R//Mo17, selfed four generations.",USA,Breeding material,NYRD4058
PI 561695,29,31,False,Maize.Group.Ames.Panel.2010,"International Synthetic, selfed six generations.",USA,Breeding material,NYLB31
PI 561859,15,26,False,,Base population 100-200 kernels from a single open-pollinated hybrid ear of unknown origin.,USA,Breeding material,GT-MAS:gk
PI 562088,15,28,False,,,BDI,Cultivated material,GMN 4
PI 562089,15,28,False,,,BDI,Cultivated material,GMN 5
PI 562092,15,28,False,,,BDI,Cultivated material,GMN 13
PI 562093,15,28,False,,,BDI,Cultivated material,GMN 14
PI 562094,15,28,False,,,BDI,Cultivated material,GMN 18
PI 562095,15,28,False,,,BDI,Cultivated material,GMN 70
PI 562097,15,28,False,,,BDI,Cultivated material,GMN 72
PI 562108,15,28,False,,,BDI,Cultivated material,GMN 109
PI 562109,15,28,False,,,BDI,Cultivated material,GMN 111
PI 562112,15,42,False,,,BDI,Cultivated material,GMN 120
PI 562113,15,28,False,,,BDI,Cultivated material,GMN 132
PI 562117,15,42,False,,,BDI,Cultivated material,GMN 145
PI 562119,15,28,False,,,BDI,Cultivated material,GMN 149
PI 562121,15,28,False,,,BDI,Cultivated material,GMN 157
PI 562122,15,28,False,,,BDI,Cultivated material,GMN 162
PI 562123,15,28,False,,,BDI,Cultivated material,GMN 177
PI 562124,15,28,False,,,BDI,Cultivated material,GMN 179
PI 562125,15,28,False,,,BDI,Cultivated material,GMN 182
PI 562126,15,28,False,,,BDI,Cultivated material,GMN 189
PI 562127,15,28,False,,,BDI,Cultivated material,GMN 202
PI 562129,15,28,False,,,BDI,Cultivated material,GMN 221
PI 562130,15,28,False,,,BDI,Cultivated material,GMN 231
PI 562131,15,28,False,,,BDI,Cultivated material,GMN 233
PI 562132,15,28,False,,,BDI,Cultivated material,GMN 234
PI 562133,15,28,False,,,BDI,Cultivated material,GMN 242
PI 562134,15,28,False,,,BDI,Cultivated material,GMN 248
PI 562135,15,28,False,,,BDI,Cultivated material,GMN 254
PI 562136,15,28,False,,,BDI,Cultivated material,GMN 260
PI 562137,15,28,False,,,BDI,Cultivated material,GMN 283
PI 562138,15,28,False,,,BDI,Cultivated material,GMN 284
PI 562139,15,28,False,,,BDI,Cultivated material,GMN 290
PI 562140,15,28,False,,,BDI,Cultivated material,GMN 306
PI 562141,15,28,False,,,BDI,Cultivated material,GMN 313
PI 562698,26,39,False,,,KAZ,Cultivar,PROGRESS
PI 564684,20,34,False,,Developed after five cycles of mass selection in a composite of Tuxpeno strains for adaptation to temperate areas,USA,Breeding material,Iowa Tuxpeno Composite (M) C5
PI 564685,20,34,False,,Developed from Suwan 1 by five cycles of mass selection for adaptation to temperate areas,USA,Breeding material,Iowa Suwan-1 Composite (M) C5
PI 564716,29,30,False,Maize.Group.Ames.Panel.2010,NC1330/Tx501,USA,Breeding material,AR200
PI 564717,28,35,False,Maize.Group.Ames.Panel.2010,B57/a floury - 2 line//B57,USA,Breeding material,AR214
PI 565087,29,102,False,Maize.Group.PVP,78060A X 88144 .  78060A and 88144 are proprietary lines of DeKalb Plant Genetics.,USA,Cultivar,8M129
PI 566665,28,29,False,,"5 cycles of S1 progeny selection from composite of crosses among bulks of Mexican, Caribbean, Brazilian and Antiqua collections",USA,Breeding material,GT-FAWCC(C5)
PI 566674,25,25,False,,,MEX,Wild material,W.S.T. 92-1
PI 566677,25,25,False,,,MEX,Wild material,W.S.T. 92-3
PI 566678,25,25,False,,,MEX,Wild material,GW 0188
PI 566682,25,25,False,,,MEX,Wild material,W.S. 92-18
PI 566685,25,25,False,,,MEX,Wild material,W.S. 92-9
PI 566686,25,25,False,,,MEX,Wild material,W.S. 92-10
PI 566687,25,25,False,,,MEX,Wild material,W.S. 92-11
PI 566688,25,25,False,,,MEX,Wild material,W.S. 92-12
PI 566689,25,25,False,,,MEX,Wild material,W.S. 92-13
PI 566691,25,25,False,,,MEX,Wild material,W.S. 92-16
PI 566692,25,25,False,,,MEX,Wild material,W.S. 92-15
PI 567794,28,31,False,Maize.Group.Ames.Panel.2010,Derived from a composite created by intermating five lines: four S6 lines from Apache and one S1 line from Apache S4//Ia453/B52-S6,USA,Breeding material,A686su
PI 567903,27,27,False,Maize.Group.PVP,(LH39 X MBS60) X MBS60 .  LH39 was derived from OH43 X L120.  MBS60 was derived from H99 X A619Ht.,USA,Cultivar,CL614
PI 570662,18,31,False,,BS3,USA,Breeding material,OhS3(C5)
PI 570663,18,18,False,,OhS7/OhS8,USA,Breeding material,OhS10(C1)
PI 570679,15,29,False,,"Mp704 (USA) crossed to S2 lines from ICZ1-CM, ICZ2-CM (ICIPE/CIMMYT), MMV400 (Zambia), Katumani Comp B, H511, H512 (Kenya), Poza Rica 7832 and MBR 8637 (CIMMYT)",KEN,Breeding material,ICZ3
PI 571394,27,27,False,,,PER,Landrace,Ancash 141
PI 571401,26,26,False,,,PER,Landrace,Ancash 283
PI 571402,26,26,False,,,PER,Landrace,Ancash 285
PI 571416,17,17,False,,,PER,Landrace,Apurimac 87
PI 571423,40,55,False,,,PER,Landrace,Apurimac 154
PI 571425,16,16,False,,,PER,Landrace,Arequipa 118
PI 571427,39,40,False,,,PER,Landrace,Arequipa 204
PI 571432,17,17,False,,,PER,Landrace,Cajamarca 129
PI 571439,33,33,False,,,PER,Landrace,Lambayeque 151
PI 571440,16,16,False,,,PER,Landrace,Lima 68
PI 571447,26,26,False,,,PER,Landrace,Piura 15
PI 571465,40,40,False,,,PER,Landrace,Tacna 31
PI 571466,17,40,False,,,PER,Landrace,Tacna 33
PI 571472,17,25,False,,,PER,Landrace,Tacna 49
PI 571479,28,28,False,,,PER,Landrace,Ancash 23
PI 571485,16,16,False,,,PER,Landrace,Ancash 262
PI 571487,15,15,False,,,PER,Landrace,Ancash 333
PI 571494,15,15,False,,,PER,Landrace,Apurimac 271
PI 571508,18,18,False,,,PER,Landrace,Arequipa 240
PI 571511,23,24,False,,,PER,Landrace,Cuzco 128
PI 571512,15,15,False,,,PER,Landrace,Cuzco 205
PI 571513,15,15,False,,,PER,Landrace,Cuzco 292
PI 571515,15,15,False,,,PER,Landrace,Cuzco 379
PI 571516,15,15,False,,,PER,Landrace,Huancavelica 172
PI 571523,26,26,False,,,PER,Landrace,Ica 8
PI 571533,17,18,False,,,PER,Landrace,Lambayeque 90
PI 571534,15,16,False,,,PER,Landrace,Lambayeque 129
PI 571538,15,15,False,,,PER,Landrace,Libertad 57
PI 571540,16,16,False,,,PER,Landrace,Libertad 139
PI 571543,40,41,False,,,PER,Landrace,Lima 16
PI 571545,17,17,False,,,PER,Landrace,Lima 20
PI 571548,16,16,False,,,PER,Landrace,Lima 84
PI 571550,25,25,False,,,PER,Landrace,Moquegua 25
PI 571553,16,17,False,,,PER,Landrace,San Martin 119
PI 571573,24,24,False,,,PER,Landrace,Amazonas 34
PI 571577,19,20,False,,,PER,Landrace,Apurimac 56
PI 571578,15,15,False,,,PER,Landrace,Apurimac 57
PI 571579,15,15,False,,,PER,Landrace,Apurimac 59
PI 571580,16,16,False,,,PER,Landrace,Apurimac 60
PI 571581,26,26,False,,,PER,Landrace,Apurimac 61
PI 571587,16,16,False,,,PER,Landrace,Apurimac 97
PI 571593,15,15,False,,,PER,Landrace,Apurimac 135
PI 571604,15,15,False,,,PER,Landrace,Apurimac 234
PI 571609,15,15,False,,,PER,Landrace,Apurimac 259
PI 571613,15,15,False,,,PER,Landrace,Apurimac 269
PI 571614,15,15,False,,,PER,Landrace,Apurimac 274
PI 571616,15,15,False,,,PER,Landrace,Apurimac 279
PI 571617,15,15,False,,,PER,Landrace,Apurimac 280
PI 571623,19,20,False,,,PER,Landrace,Cajamarca 212
PI 571629,26,26,False,,,PER,Landrace,Cuzco 22
PI 571656,18,19,False,,,PER,Landrace,Loreto 29
PI 571676,29,29,False,,,PER,Landrace,Madre de Dios 47
PI 571677,18,19,False,,,PER,Landrace,Madre de Dios 49
PI 571686,17,17,False,,,PER,Landrace,Pasco 31
PI 571704,23,24,False,,,PER,Landrace,San Martin 35
PI 571709,17,17,False,,,PER,Landrace,San Martin 44
PI 571731,18,19,False,,,PER,Landrace,Ucayali 8
PI 571736,15,15,False,,,PER,Landrace,Ayacucho 72
PI 571737,15,15,False,,,PER,Landrace,Ayacucho 116
PI 571740,16,16,False,,,PER,Landrace,Ayacucho 119
PI 571749,42,50,False,,,PER,Landrace,Cuzco 56
PI 571754,22,30,False,,,PER,Landrace,Cuzco 76
PI 571759,15,15,False,,,PER,Landrace,Cuzco 280
PI 571760,16,16,False,,,PER,Landrace,Cuzco 282
PI 571761,15,15,False,,,PER,Landrace,Cuzco 290
PI 571762,15,15,False,,,PER,Landrace,Cuzco 300
PI 571763,15,15,False,,,PER,Landrace,Cuzco 301
PI 571764,15,15,False,,,PER,Landrace,Cuzco 348
PI 571765,18,18,False,,,PER,Landrace,Cuzco 355
PI 571766,15,15,False,,,PER,Landrace,Cuzco 358
PI 571769,15,15,False,,,PER,Landrace,Huancavelica 37
PI 571771,15,15,False,,,PER,Landrace,Huancavelica 88
PI 571772,16,16,False,,,PER,Landrace,Huancavelica 95
PI 571775,15,15,False,,,PER,Landrace,Huancavelica 101
PI 571777,16,16,False,,,PER,Landrace,Huancavelica 118
PI 571780,15,15,False,,,PER,Landrace,Huancavelica 127
PI 571781,15,15,False,,,PER,Landrace,Huancavelica 128
PI 571784,15,15,False,,,PER,Landrace,Huancavelica 132
PI 571785,15,15,False,,,PER,Landrace,Huancavelica 133
PI 571787,15,15,False,,,PER,Landrace,Huancavelica 135
PI 571788,15,15,False,,,PER,Landrace,Huancavelica 140
PI 571790,15,15,False,,,PER,Landrace,Huancavelica 143
PI 571792,16,16,False,,,PER,Landrace,Huancavelica 146
PI 571796,16,30,False,,,PER,Landrace,Junin 8
PI 571797,15,15,False,,,PER,Landrace,Junin 12
PI 571798,15,15,False,,,PER,Landrace,Junin 41
PI 571799,15,15,False,,,PER,Landrace,Junin 46
PI 571800,15,15,False,,,PER,Landrace,Junin 62
PI 571804,15,15,False,,,PER,Landrace,Junin 105
PI 571806,15,15,False,,,PER,Landrace,Junin 176
PI 571807,17,17,False,,,PER,Landrace,Puno 23
PI 571809,15,15,False,,,PER,Landrace,Puno 29
PI 571810,15,15,False,,,PER,Landrace,Puno 30
PI 571812,15,15,False,,,PER,Landrace,Puno 34
PI 571814,16,31,False,,,PER,Landrace,Lambayeque 13
PI 571822,25,25,False,,,PER,Landrace,Lambayeque 91
PI 571852,16,17,False,,,PER,Landrace,Piura 198
PI 571853,26,26,False,,,PER,Landrace,Piura 200
PI 571869,17,31,False,,,PER,Landrace,Apurimac 1
PI 571871,18,26,False,,,PER,Landrace,Apurimac 40
PI 571873,18,33,False,,,PER,Landrace,Apurimac 51
PI 571877,18,19,False,,,PER,Landrace,Apurimac 114
PI 571883,17,18,False,,,PER,Landrace,Apurimac 164
PI 571888,17,18,False,,,PER,Landrace,Arequipa 156
PI 571891,39,40,False,,,PER,Landrace,Arequipa 170
PI 571894,16,16,False,,,PER,Landrace,Ayacucho 136
PI 571897,18,18,False,,,PER,Landrace,Cajamarca 195
PI 571899,39,41,False,,,PER,Landrace,Cuzco 31
PI 571908,16,16,False,,,PER,Landrace,Huancavelica 94
PI 571913,27,27,False,,,PER,Landrace,Huanuco 191
PI 571928,16,16,False,,,PER,Landrace,Madre de Dios 19
PI 571935,16,16,False,,,PER,Landrace,Puno 27
PI 571936,16,17,False,,,PER,Landrace,San Martin 27
PI 571940,16,17,False,,,PER,Landrace,San Martin 90
PI 571941,17,17,False,,,PER,Landrace,San Martin 91
PI 571945,17,17,False,,,PER,Landrace,San Martin 108
PI 571952,16,17,False,,,PER,Landrace,Amazonas 13
PI 571954,26,26,False,,,PER,Landrace,Ancash 31
PI 571957,17,17,False,,,PER,Landrace,Ancash 46
PI 571960,16,37,False,,,PER,Landrace,Ancash 184
PI 571962,16,16,False,,,PER,Landrace,Ancash 188
PI 571970,17,32,False,,,PER,Landrace,Ancash 363
PI 571972,16,30,False,,,PER,Landrace,Ancash 379
PI 571973,18,18,False,,,PER,Landrace,Ancash 515
PI 571975,40,55,False,,,PER,Landrace,Cajamarca 101
PI 571976,19,20,False,,,PER,Landrace,Cajamarca 106
PI 571986,26,26,False,,,PER,Landrace,Huanuco 186
PI 571994,28,28,False,,,PER,Landrace,Madre de Dios 22
PI 571996,17,18,False,,,PER,Landrace,San Martin 26
PI 572001,17,17,False,,,PER,Landrace,San Martin 46
PI 572025,17,32,False,,,PER,Landrace,Ancash 497
PI 572026,19,20,False,,,PER,Landrace,Ancash 524
PI 572027,16,17,False,,,PER,Landrace,Ancash 528
PI 572029,17,32,False,,,PER,Landrace,Apurimac 29
PI 572033,16,16,False,,,PER,Landrace,Apurimac 252
PI 572034,15,15,False,,,PER,Landrace,Apurimac 282
PI 572035,17,32,False,,,PER,Landrace,Apurimac 283
PI 572036,17,17,False,,,PER,Landrace,Arequipa 75
PI 572037,39,53,False,,,PER,Landrace,Arequipa 76
PI 572038,25,25,False,,,PER,Landrace,Arequipa 119
PI 572039,16,30,False,,,PER,Landrace,Arequipa 126
PI 572041,15,15,False,,,PER,Landrace,Ayacucho 125
PI 572044,18,18,False,,,PER,Landrace,Ayacucho 132
PI 572045,16,16,False,,,PER,Landrace,Ayacucho 135
PI 572048,17,18,False,,,PER,Landrace,Cuzco 20
PI 572049,45,52,False,,,PER,Landrace,Cuzco 43
PI 572050,17,18,False,,,PER,Landrace,Cuzco 46
PI 572051,18,33,False,,,PER,Landrace,Cuzco 50
PI 572052,17,18,False,,,PER,Landrace,Cuzco 51
PI 572053,15,15,False,,,PER,Landrace,Cuzco 103
PI 572055,17,17,False,,,PER,Landrace,Cuzco 312
PI 572056,18,33,False,,,PER,Landrace,Cuzco 318
PI 572057,18,33,False,,,PER,Landrace,Cuzco 321
PI 572059,19,34,False,,,PER,Landrace,Cuzco 382
PI 572060,15,15,False,,,PER,Landrace,Huancavelica 87
PI 572061,15,15,False,,,PER,Landrace,Huancavelica 91
PI 572066,25,26,False,,,PER,Landrace,Junin 45
PI 572067,17,17,False,,,PER,Landrace,Junin 52
PI 572071,17,29,False,,,PER,Landrace,Junin 128
PI 572072,17,17,False,,,PER,Landrace,Junin 146
PI 572073,42,57,False,,,PER,Landrace,Puno 6
PI 572075,17,17,False,,,PER,Landrace,Puno 31
PI 572085,15,15,False,,,PER,Landrace,Apurimac 47
PI 572086,16,16,False,,,PER,Landrace,Apurimac 49
PI 572089,15,15,False,,,PER,Landrace,Apurimac 94
PI 572090,18,18,False,,,PER,Landrace,Apurimac 104
PI 572091,17,32,False,,,PER,Landrace,Apurimac 117
PI 572092,18,19,False,,,PER,Landrace,Apurimac 121
PI 572093,17,17,False,,,PER,Landrace,Apurimac 132
PI 572097,17,18,False,,,PER,Landrace,Apurimac 158
PI 572098,17,17,False,,,PER,Landrace,Apurimac 181
PI 572099,17,32,False,,,PER,Landrace,Apurimac 182
PI 572100,15,15,False,,,PER,Landrace,Apurimac 211
PI 572102,18,19,False,,,PER,Landrace,Apurimac 214
PI 572103,18,33,False,,,PER,Landrace,Apurimac 217
PI 572104,15,15,False,,,PER,Landrace,Apurimac 218
PI 572106,16,16,False,,,PER,Landrace,Apurimac 228
PI 572109,17,32,False,,,PER,Landrace,Apurimac 248
PI 572111,17,32,False,,,PER,Landrace,Apurimac 250
PI 572113,18,33,False,,,PER,Landrace,Apurimac 286
PI 572114,17,17,False,,,PER,Landrace,Apurimac 288
PI 572115,17,32,False,,,PER,Landrace,Apurimac 294
PI 572117,15,15,False,,,PER,Landrace,Arequipa 4
PI 572123,16,16,False,,,PER,Landrace,Arequipa 174
PI 572126,15,15,False,,,PER,Landrace,Arequipa 178
PI 572132,15,15,False,,,PER,Landrace,Cajamarca 111
PI 572139,15,15,False,,,PER,Landrace,Cuzco 260
PI 572140,15,15,False,,,PER,Landrace,Cuzco 313
PI 572146,40,55,False,,,PER,Landrace,Junin 195
PI 572157,18,33,False,,,PER,Landrace,Ancash 366
PI 572165,16,16,False,,,PER,Landrace,Arequipa 192
PI 572166,17,18,False,,,PER,Landrace,Arequipa 212
PI 572167,17,32,False,,,PER,Landrace,Cajamarca 20
PI 572172,16,16,False,,,PER,Landrace,Cuzco 366
PI 572174,16,16,False,,,PER,Landrace,Huancavelica 98
PI 572177,17,17,False,,,PER,Landrace,Huanuco 127
PI 572187,17,17,False,,,PER,Landrace,Junin 27
PI 572201,17,32,False,,,PER,Landrace,Piura 149
PI 572214,28,29,False,,,ARG,Landrace,ARZM 02 025
PI 572217,28,29,False,,,ARG,Landrace,ARZM 12 009
PI 572224,33,35,False,,,ARG,Landrace,ARZM 13 095
PI 572269,18,18,False,,OhS5(C1)/OhSNS(C7),USA,Breeding material,OhS11(C1)
PI 572413,20,26,False,Maize.Group.Ames.Panel.2010,Va17/Oh551//Oh551,USA,Breeding material,Oh599
PI 572545,25,25,False,Maize.Group.PVP,Developed from a hybrid between an inbred developed out of hybrid DEA and an inbred developed out of hybrid LUANA.,USA,Cultivar,KW7691
PI 573098,33,98,False,Maize.Set.Inbred.Diversity.282.Plus.NAM.Parents,OhSCB-TF(CO). Inbred derived from Ohio Synthetic Corn Belt- Tropical Flint Cycle Zero Population,USA,Breeding material,Oh603
PI 573099,19,32,False,,OhS5/OhS6,USA,Breeding material,OhS9(C1)
PI 573100,18,31,False,,Composite of (OhS3267LAN x AAE) x W552 and (OhS3267LAN x AAE) x SD Early Lancaster x MSQB Synthetic,USA,Breeding material,OhS12(C1)
PI 577812,29,53,False,Maize.Group.PVP,Pioneer Liza hybrid.,CAN,Cultivar,907
PI 578036,29,53,False,Maize.Group.PVP,PHK76 X PHG68 specifically PHK76/PHG68)XA2345K2X,USA,Cultivar,PHRD6
PI 578216,29,52,False,Maize.Group.PVP,(LH119 X 790) X 790 .  790 is a Northrup King Co. proprietary inbred. LH119 is an inbred from Holden's Foundation Seed Co.,USA,Cultivar,NP901
PI 578282,19,20,False,,"Developed by intermating 19 Iodent inbred lines including I159(A), I159, I173(A), I197, I198, I205, I211, I222(A2), I223(A, I224(A1), I225(A1), I234, I238, I242(A2), I253, I254, I261(A), I262, and I267",USA,Breeding material,BS30
PI 583343,15,29,False,,,REU,Landrace,30
PI 583344,38,66,False,,,REU,Landrace,Maurice
PI 583345,15,29,False,,,REU,Landrace,37
PI 583346,25,53,False,,,REU,Landrace,Tit Mai's
PI 583749,25,25,False,,Pop. SA-4 C3,COL,Breeding material,Pop. SA-4 C3
PI 583750,25,25,False,,Pop. SA-5 C3,COL,Breeding material,Pop. SA-5 C3
PI 583751,25,25,False,,Pop. SA-6 C3,COL,Breeding material,Pop. SA-6 C3
PI 583752,25,25,False,,Pop. SA-7 C3,COL,Breeding material,Pop. SA-7 C3
PI 583755,27,27,False,Maize.Group.PVP,4682 X 88051B,USA,Cultivar,6F545
PI 583756,27,27,False,Maize.Group.PVP,(A line selected from Pioneer 3378) X (A line selected from Pioneer 3475),USA,Cultivar,84BRQ4
PI 583757,27,50,False,Maize.Group.PVP,(A line selected from Pioneer 3378) X (A line selected from Pioneer 3475),USA,Cultivar,84QAB1
PI 583758,27,27,False,Maize.Group.PVP,FBAB X (A line selected from Pioneer 3732),USA,Cultivar,91BMA2
PI 583760,27,27,False,Maize.Group.PVP,4603.4608H X LH132,USA,Cultivar,F274
PI 583762,27,27,False,Maize.Group.PVP,HBA1 X IB014,USA,Cultivar,MBZA
PI 583763,27,27,False,Maize.Group.PVP,LH119''78008 .  LH119 was the recurrent parent in two backcrosses.,USA,Cultivar,WDAD1
PI 583766,27,49,False,Maize.Group.PVP,FBDD X 87901A,USA,Cultivar,8F196
PI 583767,27,27,False,Maize.Group.PVP,MBNS X M103,USA,Cultivar,8M116
PI 583768,27,27,False,Maize.Group.PVP,HBA1 X (A line selected from Pioneer 3901),USA,Cultivar,IBH9
PI 583770,26,26,False,Maize.Group.PVP,ND246 X K1,USA,Cultivar,OQ201
PI 583771,26,26,False,Maize.Group.PVP,ND246 X K1,USA,Cultivar,OQ301
PI 583772,26,49,False,Maize.Group.PVP,Pioneer 3901 hybrid X CB59G .  The pedigree of CB59G is (R168 X B14A)B59(2).  CB59G is a stiff-stalk inbred from Cornelius Hybrids via Holden's Foundation Seeds.,USA,Cultivar,MQ306
PI 583775,25,25,False,Maize.Group.PVP,Pioneer 3377 hybrid,USA,Cultivar,NS815
PI 583776,26,26,False,Maize.Group.PVP,Pioneer 3540 hybrid,USA,Cultivar,OQ414
PI 583817,26,26,False,Maize.Group.PVP,Lynks LX4348 hybrid,USA,Cultivar,CQ715
PI 583823,25,25,False,Maize.Group.PVP,LH119 X Pioneer 3540 hybrid,USA,Cultivar,ZS0560
PI 583846,20,23,False,Maize.Group.Ames.Panel.2010,"Mo17 White Composite (direct inbreeding, selection).",USA,Breeding material,H126W
PI 583847,30,33,False,Maize.Group.Ames.Panel.2010,"H Synthetic 73 - Cycle 2 (direct inbreeding, Selection).",USA,Breeding material,H125
PI 583867,25,25,False,Maize.Group.PVP,Q381 X Pioneer 3737 hybrid,USA,Cultivar,ZS1513
PI 583868,25,25,False,Maize.Group.PVP,ZS0611 X F742 .  ZS0611 is B73 backcrossed to B37 eight times.  F742 is a French line obtained through a collaboration with Coop de Pau.,USA,Cultivar,ZS0114
PI 583873,28,29,False,Maize.Group.PVP,"(LH24 X LH123Ht) X LH123Ht .  All parents are Holden's proprietary lines.  The derivation of LH24 is (C123 X H23) X C123, all public inbred lines.",USA,Cultivar,LH219
PI 583884,25,25,False,Maize.Group.PVP,807 X (807 X L8401.  807 is a Northrup proprietary line derived from W117 X B37Ht.  L8401 is a line derived from the commercial hybrid Pioneer 3906.,USA,Cultivar,948
PI 583894,27,27,False,,,MEX,Landrace,Sonora 72
PI 583896,34,35,False,,,USA,Landrace,Golden King
PI 583898,23,24,False,,,USA,Landrace,Yellow Paymaster
PI 583911,22,23,False,,,BRA,Landrace,PE 001
PI 583917,30,31,False,,,BRA,Landrace,SE 032
PI 583918,22,23,False,,,BRA,Landrace,SE 033
PI 583921,21,21,False,,,URY,Landrace,Uruguay 103A
PI 583923,36,38,False,,,URY,Landrace,Uruguay 27A
PI 583926,30,30,False,,,URY,Landrace,Uruguay 77A
PI 583927,61,65,False,,,URY,Landrace,Uruguay 80A
PI 583928,35,35,False,,,URY,Landrace,Uruguay 138A
PI 583930,32,34,False,,,URY,Landrace,Uruguay 188A
PI 583932,31,32,False,,,URY,Landrace,Uruguay 308A
PI 583939,37,39,False,,,URY,Landrace,Uruguay 1054A
PI 583976,16,16,False,,,GTM,Breeding material,Guatemala Group 13-2A
PI 584321,28,28,False,Maize.Group.PVP,(AIR551 X B73) X (AIR24 X B73) .  AIR551 and AIR24 are Limagrain proprietary lines of B14 origin.,ITA,Cultivar,L163
PI 585223,25,25,False,Maize.Group.PVP,Hybrid Pioneer 3704 X LH82,USA,Cultivar,LH176
PI 585225,28,29,False,Maize.Group.PVP,LH59 X LH123Ht,USA,Cultivar,LH189
PI 585230,25,25,False,Maize.Group.PVP,(An unnamed white endosperm calico pericarp ear X Carousel) X Carousel .  Carousel is a small multicolored flint population (Indian corn).,USA,Cultivar,LASER
PI 586643,18,19,False,,,MEX,Landrace,NSSL 286108 01
PI 586644,27,27,False,,,MEX,Landrace,Tamaulipas 129
PI 586647,16,16,False,,,MEX,Landrace,Colima 54
PI 586653,16,16,False,,,MEX,Landrace,Sinaloa 74
PI 586679,16,16,False,,,MEX,Landrace,Colima 73
PI 586689,30,31,False,,Pool 33 QPM(Early)/2*BSCB1(R)C11.,USA,Breeding material,HQPSCB
PI 586690,30,31,False,,Pool 33 QPM(Early)/2*BSSS(R)C11.,USA,Breeding material,HQPSSS
PI 586691,25,25,False,,,CHL,Landrace,CHZM 07 109
PI 586692,25,25,False,,,CHL,Landrace,CHZM 07 115
PI 586693,25,25,False,,,CHL,Landrace,CHZM 07 116
PI 586695,26,26,False,,,CHL,Landrace,CHZM 07 121
PI 586696,25,25,False,,,CHL,Landrace,CHZM 08 085
PI 586697,26,26,False,,,CHL,Landrace,CHZM 08 088
PI 586698,25,25,False,,,CHL,Landrace,CHZM 08 089
PI 586700,25,25,False,,,CHL,Landrace,CHZM 08 096
PI 586701,25,25,False,,,CHL,Landrace,CHZM 08 110
PI 586702,24,24,False,,,CHL,Landrace,CHZM 08 116
PI 586703,26,26,False,,,CHL,Landrace,CHZM 08 119
PI 586704,25,25,False,,,CHL,Landrace,CHZM 08 124
PI 586706,24,24,False,,,CHL,Landrace,CHZM 09 071
PI 586707,25,25,False,,,CHL,Landrace,CHZM 09 073
PI 586708,24,24,False,,,CHL,Landrace,CHZM 09 074
PI 586712,25,25,False,,,CHL,Landrace,CHZM 09 107
PI 586713,25,25,False,,,CHL,Landrace,CHZM 09 110
PI 586714,25,25,False,,,CHL,Landrace,CHZM 09 115
PI 586715,24,24,False,,,CHL,Landrace,CHZM 09 118
PI 586716,24,24,False,,,CHL,Landrace,CHZM 09 119
PI 586718,25,25,False,,,CHL,Landrace,CHZM 10 039
PI 586721,25,25,False,,,CHL,Landrace,CHZM 13 031
PI 586722,25,25,False,,,CHL,Landrace,CHZM 13 032
PI 586723,25,25,False,,,CHL,Landrace,CHZM 13 033
PI 586724,25,25,False,,,CHL,Landrace,CHZM 13 034
PI 586725,25,25,False,,,CHL,Landrace,CHZM 13 035
PI 586726,25,25,False,,,CHL,Landrace,CHZM 13 039
PI 586727,25,25,False,,,CHL,Landrace,CHZM 13 040
PI 586728,24,24,False,,,CHL,Landrace,CHZM 13 041
PI 586729,25,25,False,,,CHL,Landrace,CHZM 13 042
PI 586730,24,24,False,,,CHL,Landrace,CHZM 13 046
PI 586731,25,25,False,,,CHL,Landrace,CHZM 13 048
PI 586732,26,26,False,,,CHL,Landrace,CHZM 13 055
PI 586733,25,25,False,,,CHL,Landrace,CHZM 13 065
PI 586734,21,21,False,,,CHL,Landrace,CHZM 13 068
PI 586735,25,25,False,,,CHL,Landrace,CHZM 13 070
PI 586736,27,27,False,,,CHL,Landrace,CHZM 13 078
PI 586737,26,26,False,,,CHL,Landrace,CHZM 13 080
PI 586738,25,25,False,,,CHL,Landrace,CHZM 13 082
PI 586739,26,26,False,,,CHL,Landrace,CHZM 13 083
PI 586741,28,28,False,,,CHL,Landrace,CHZM 13 091
PI 586742,26,26,False,,,CHL,Landrace,CHZM 13 092
PI 586743,26,26,False,,,CHL,Landrace,CHZM 13 093
PI 586744,25,25,False,,,CHL,Landrace,CHZM 13 094
PI 586745,26,26,False,,,CHL,Landrace,CHZM 13 096
PI 586746,26,26,False,,,CHL,Landrace,CHZM 13 097
PI 586748,26,26,False,,,CHL,Landrace,CHZM 13 102
PI 586749,25,25,False,,,CHL,Landrace,CHZM 13 103
PI 586765,42,42,False,,,VGB,Landrace,British Virgin Islands 116
PI 586783,18,18,False,,,USA,,
PI 586784,26,26,False,,,TTO,Landrace,Tobago 8
PI 586935,15,15,False,Maize.Group.Ames.Panel.2010,[(CVR3-C3(*) x Tocumen 8331) x Suwan 8331(2)]S4.,REU,Breeding material,CIRAD 390
PI 586958,25,25,False,,,CHN,Cultivated material,BE 7642
PI 587034,32,34,False,,"Inbred lines derived from populations H White Synthetic D, H Colus White, H Synthetic Lancaster/43 White, H Synthetic 99 White, and Mo17 White Composite; and inbred lines H124w and H126w.",USA,Breeding material,HWSA(FG)C1
PI 587038,15,15,False,,Recurrent mass selection exclusively from maize ecotypes from the island of Rodrigues in the Republic of Mauritius. Parentage does not include any other previously-known source of resistance to MSV.,MUS,Breeding material,MSIRI 3B
PI 587102,17,17,False,,,VEN,Breeding material,Compuesto Multiple
PI 587103,17,17,False,,,VEN,Landrace,BG-070403
PI 587104,16,16,False,,,VEN,Landrace,BG-070404
PI 587105,16,16,False,,,VEN,Breeding material,Compuesto Indefinido
PI 587106,16,16,False,,,VEN,Breeding material,Sintetico Iepac.
PI 587130,40,63,False,Maize.Set.Inbred.Diversity.282.Plus.NAM.Parents,4-29 /  4* 46,USA,Breeding material,4722
PI 587133,37,660,False,Maize.Group.Ames.Panel.2010,Golden Bantam,USA,Breeding material,P39
PI 587134,35,40,False,Maize.Group.Ames.Panel.2010,TSR / 45 // 4329,USA,Breeding material,Ia2132 Tracy Version
PI 587141,16,21,False,Maize.Set.Inbred.Diversity.282.Plus.NAM.Parents,A116 X Wf9,USA,Breeding material,A654
PI 587157,24,39,False,,"Developed from RSSSCC(O) (Illinois version of Iowa stiff-stalk synthetic) using Reciprocal Recurrent selection with an inbred tester in a high yield environment plus mass selection for multiple disease resistance. Selection was in a high yield environment at plant densities of 79,813 plants ha-1.",USA,Breeding material,RSSSCC(6)
PI 587158,25,43,False,,"Developed from BS10C(4) (Iowa two-ear synthetic) using Reciprocal Recurrent selection with an inbred tester in a high yield environment plus mass selection for multiple disease resistance. Selection was in a high yield environment at plant densities of 79,813 plants ha-1.",USA,Breeding material,RBS10C(6)
PI 587188,28,28,False,Maize.Group.PVP,(Sg18 X H99) X Tx802 .  Sg18 is a public popcorn line developed from Supergold and released by Purdue University.  H99 is a public dent inbred line developed from Synthetic 60C that was released by the University of Illinois.  Tx802 is a public popcorn inbred line developed from Supergold and released by Texas A&M University; not the dent Tx802.,USA,Cultivar,583-2
PI 590537,25,25,False,Maize.Group.PVP,B73 X PHP38 specifically B73/PHP38)XB613111X,USA,Cultivar,PHAG6
PI 590538,25,25,False,Maize.Group.PVP,PHK05 X PHJ63 specifically PHK05/PHJ63)XA921K25K33K12,DEU,Cultivar,PHAJ0
PI 590539,25,25,False,Maize.Group.PVP,PHB72 X PHG47 specifically PHB72/PHG47)X11111K1X,USA,Cultivar,PHAP1
PI 590541,25,25,False,Maize.Group.PVP,"PHM10 X PHN74 specifically PHM10/PHN74)X11K21K1X .  PHN74 was derived from the single cross PHB38 X 207 (PVP Certificate No. 8300144).  Variety PHB38 was derived by pedigree selection from the single cross hybrid 013 X 343.  One parent (336) of the hybrid parent that 013 was derived from through pedigree breeding was derived from the single cross hybrid OS420 X OS426.  The other parent of the hybrid parent of 013 was derived through pedigree breeding from the synthetic population Alberta Flint.  The variety 343 was derived by pedigree selection.  It's background was derived primarily by pedigree selection and backcrossing from I205, IDT, and an inbred derived from Troyer Reid open pollinated population, and by backcrossing from MINN49 and IDT.",USA,Cultivar,PHAP8
PI 590542,16,16,False,Maize.Group.PVP,PHH93 X PHP02 specifically PHH93/PHP02)X13131K12X,USA,Cultivar,PHAP9
PI 590543,26,50,False,Maize.Group.PVP,PHR03 X PHN46 specifically PHR03/PHN46)X3431112X,USA,Cultivar,PHBE2
PI 590544,25,25,False,Maize.Group.PVP,PHK42 X PHR25 specifically PHK42/PHR25)X811K341K111,CAN,Cultivar,PHBF0
PI 590545,26,49,False,Maize.Group.PVP,PHR63 X PHR03 specifically PHR63/PHR03)GX21142X,USA,Cultivar,PHBG4
PI 590546,26,50,False,Maize.Group.PVP,PHW51 X PHR41 specifically PHW51/PHR41)GX51532,USA,Cultivar,PHBR2
PI 590547,26,26,False,Maize.Group.PVP,PHKG6 X PHW89 specifically PHKG6/PHW89)XA511222X,USA,Cultivar,PHBV8
PI 590548,25,25,False,Maize.Group.PVP,PHM10 X PHN44 specifically PHM10/PHN44)X32331W2X,USA,Cultivar,PHDP0
PI 590549,25,25,False,Maize.Group.PVP,PHW52 X PH9M2 specifically PHW52/PH9M2)X613222X,USA,Cultivar,PHGF5
PI 590550,26,50,False,Maize.Group.PVP,PHHG6 X PH8K4 specifically PHHG6/PH8K4)XA22111231X,USA,Cultivar,PHJJ3
PI 590551,26,50,False,Maize.Group.PVP,"PHG39<2PHB47/PHG28)X71111111AOX .  This pedigree indicates that PHG39 was backcrossed to PHB47 twice and the result was then crossed to PHG28.  Pioneer proprietary inbred PHG39 traces to public inbreds B37, B14, B96, I205, and IDT.  Pioneer proprietary inbred PHB47 traces to the public inbreds B37, SD105, 1210, and B107.  The proprietary inbred PHG28 traces to the public lines B37, I205, and IDT.",USA,Cultivar,PHKV1
PI 590552,26,26,False,Maize.Group.PVP,PHN82 X PHN63 specifically PHN82/PHN63)DXA023116,USA,Cultivar,PHKW3
PI 590553,25,25,False,Maize.Group.PVP,PHJ33 X PHJ72 specifically PHJ33/PHJ72)XB81K11K2X,USA,Cultivar,PHNB7
PI 590555,25,25,False,Maize.Group.PVP,PHJ33 X PHN46 specifically PHJ33/PHN46)XQA41K31K47K1,USA,Cultivar,PHPM0
PI 590556,25,25,False,Maize.Group.PVP,PHP55 X PHR03 specifically PHP55/PHR03)X311123,USA,Cultivar,PHPP8
PI 590557,26,26,False,Maize.Group.PVP,PHP02 X PHM10 specifically PHP02/PHM10)XA433223WX,USA,Cultivar,PHRF5
PI 590558,26,26,False,Maize.Group.PVP,PHR25 X PHM10 specifically PHR25/PHM10)XXW221X,USA,Cultivar,PHTE7
PI 590561,26,26,False,Maize.Group.PVP, PHR40 X PHW55 specifically PHR40/PHW55)X21221415,USA,Cultivar,PHVB2
PI 590563,26,50,False,Maize.Group.PVP,PHG39 X PHK29 specifically PHG39/PHK29)XZ31K14K2,USA,Cultivar,PHW61
PI 590564,26,40,False,Maize.Group.PVP,See PVP certificate.  The link is found under current status on this page or at the Plant Variety Office website.,USA,Cultivar,PHWT1
PI 590566,26,26,False,Maize.Group.PVP,See PVP certificate.  The link is found under current status on this page or at the Plant Variety Office website.,CAN,Cultivar,PH54B
PI 591010,28,55,False,Maize.Group.Ames.Panel.Post.2010,BO60W(A166N X B556Y-B560Y)B557Y,ZAF,Breeding material,DO620Y
PI 591011,26,64,False,Maize.Group.Ames.Panel.Post.2010,DO940Y^5.HtN,ZAF,Breeding material,KO301Y
PI 591013,25,66,False,Maize.Group.Ames.Panel.Post.2010,DO940Y-1^5.HtN,ZAF,Breeding material,KO326Y
PI 591014,15,38,False,Maize.Group.Ames.Panel.2010,F2834T^6.o2 .  F2834T was selected in Teko Yellow.,ZAF,Breeding material,BO385Y
PI 591015,28,63,False,Maize.Group.Ames.Panel.2010,F2834T^4.o2 .  F2834T was selected in Teko Yellow.,ZAF,Breeding material,BO394Y
PI 591016,15,41,False,Maize.Group.Ames.Panel.Post.2010,,ZAF,Breeding material,KO537Y
PI 591018,27,55,False,Maize.Group.Ames.Panel.Post.2010,(BO394Y.HO467Y)BO412Y,ZAF,Breeding material,KO800Y
PI 591020,25,61,False,,F2834T^3.o2 .  F2834T was selected in Teko Yellow.,ZAF,Breeding material,BO155W
PI 591021,28,56,False,Maize.Group.Ames.Panel.Post.2010,F2834T^3.o2 .  F2834T was selected in Teko Yellow.,ZAF,Breeding material,BO165W
PI 591022,16,65,False,Maize.Group.Ames.Panel.2010,M37W^4.o2.,ZAF,Breeding material,BO46W
PI 591614,27,52,False,Maize.Group.PVP,LH123Ht X LH93,USA,Cultivar,ZS1022
PI 591615,27,27,False,Maize.Group.PVP,Pioneer 3737 hybrid,USA,Cultivar,ZS0541
PI 591616,27,27,False,Maize.Group.PVP,LHE136 X ICI 193. LHE136 is a proprietary line of Holden's with the pedigree (B73 X H60) X B73.,USA,Cultivar,ZS1202
PI 591618,26,26,False,Maize.Group.PVP,LH61 X Pioneer 3737 hybrid,USA,Cultivar,ZS1284
PI 591620,26,76,False,Maize.Group.PVP,"CGB1.  CGB1 is a synthetic made up of equal parts of CM105, LH145Ht, A632, A672 and CB59G that were randomly mated.",USA,Cultivar,ZS1679
PI 591621,34,58,False,Maize.Group.PVP,LH148Ht X Pioneer 3475,USA,Cultivar,ZS1783
PI 591838,26,26,False,Maize.Group.PVP,Pioneer 3704 hybrid X LH82,USA,Cultivar,LH177
PI 591840,26,26,False,Maize.Group.PVP,LH60 x LH51,USA,Cultivar,LH262
PI 591841,26,50,False,Maize.Group.PVP,LH42 X LH123Ht . LH42 and LH123Ht are proprietary Holden's lines.  The pedigree of LH42 is (O43 X 371) X O43.,USA,Cultivar,LH271
PI 592379,26,26,False,Maize.Group.PVP,"AQA3 X QFAR .  The DeKalb Genetics Corporation proprietary line AQA3 descended from public lines A632, CM105, B14, and proprietary line LH23.  The DeKalb Genetics Corporation proprietary line QFAR descended from public lines B14, B37, and proprietary line LH23.",USA,Cultivar,3AZA1
PI 592381,26,151,False,Maize.Group.PVP,(6M502 X 78551S) X 78551S,USA,Cultivar,85CSO1
PI 592382,26,26,False,Maize.Group.PVP,FBLA*8/(A665/BC2/(A188/B73)) .  Sethoxydim resistance comes from (A665/BC2/(A188/B73)) donor.  FBLA was the recurrent parent.,USA,Cultivar,FBLASR
PI 592383,26,26,False,Maize.Group.PVP,FBLL''''''(QFBW/(A641/BC2/(A188/B73))).  Sethoxydim resistance comes from (A641/BC2/(A188/B73)) donor.  FBLL was the recurrent parent in six backcrosses.,USA,Cultivar,FBLLSR
PI 592384,26,26,False,Maize.Group.PVP,FBLL X LH132,USA,Cultivar,FBPN
PI 592385,26,50,False,Maize.Group.PVP,MBWZ''''''(MBTD/(A641/BC2/(A188/B73)) .  Sethoxydim resistance comes from (A641/BC2/(A188/B73)) donor.  MBWZ was the recurrent parent in six backcrosses.,USA,Cultivar,MBWZSR
PI 592386,26,41,False,Maize.Group.PVP,F133 X (A line selected from Pioneer 3358) .  The DeKalb Genetics Corporation proprietary line F133 descends from public lines B14A and B37.,USA,Cultivar,RQAA8
PI 592387,26,26,False,Maize.Group.PVP,"LH123 X J8503 .  LH123 is a Holden's Foundation Seed Co. inbred derived from the self-pollination within the F1 of Pioneer Brand 3535 hybrid, a publicly known single cross corn hybrid. Parent J8503 is a Novartis Seeds proprietary inbred which was derived from self-pollinating within the F1 of Pioneer Brand 3382 hybrid, a publicly known single cross corn hybrid.  LH123 is often shorthand for LH123Ht.",USA,Cultivar,982
PI 592733,20,24,False,Maize.Group.Ames.Panel.2010,Inbreds Mo17 / Brazil 900.,USA,Breeding material,R228
PI 592735,20,23,False,Maize.Group.Ames.Panel.2010,B73 / Brazil inbred 509.,USA,Breeding material,R230
PI 592741,20,26,False,Maize.Group.Ames.Panel.2010,"Selfed from a population of 50% BSS13, with the other 50% of equal contributions of the CIMMYT populations PR7822, AC7642, Eto Sel Espy Foll, Braquitico, Bco Cristalino, PPMG, V401, and Bco Dentado 2.",USA,Breeding material,N801w
PI 592762,26,51,False,Maize.Group.PVP,"NDSK(FS)C3 . NDSK(FS)C3 is a later cycle of selection from NDSK(FS)C1, PI 510672.",USA,Cultivar,ND277
PI 592763,26,26,False,Maize.Group.PVP,"NDSL(FS)C3 . NDSL(FS)C3 is a later cycle of selection from NDSL(FS)C1, PI 510673.",USA,Cultivar,ND278
PI 592764,26,26,False,Maize.Group.PVP,"NDSF(FS)C3 . NDSF(FS)C3 is a later cycle of selection from NDSF, PI550539.",USA,Cultivar,ND279W
PI 592766,26,26,False,Maize.Group.PVP,See PVP certificate.  The link is found under current status on this page or at the Plant Variety Office website.,USA,Cultivar,PH18E
PI 592768,26,26,False,Maize.Group.PVP,See PVP certificate.  The link is found under current status on this page or at the Plant Variety Office website.,USA,Cultivar,PH20A
PI 592769,26,26,False,Maize.Group.PVP,See PVP certificate.  The link is found under current status on this page or at the Plant Variety Office website.,USA,Cultivar,PH25A
PI 592771,26,26,False,Maize.Group.PVP,,USA,Cultivar,PH40B
PI 592772,26,26,False,Maize.Group.PVP,See PVP certificate.  The link is found under current status on this page or at the Plant Variety Office website.,USA,Cultivar,PH41E
PI 592774,26,26,False,Maize.Group.PVP,See PVP certificate.  The link is found under current status on this page or at the Plant Variety Office website.,USA,Cultivar,PH47A
PI 592776,26,26,False,Maize.Group.PVP,See PVP certificate.  The link is found under current status on this page or at the Plant Variety Office website.,USA,Cultivar,PH63B
PI 592777,26,26,False,Maize.Group.PVP,See PVP certificate.  The link is found under current status on this page or at the Plant Variety Office website.,USA,Cultivar,PH67A
PI 592778,26,26,False,Maize.Group.PVP,See PVP certificate.  The link is found under current status on this page or at the Plant Variety Office website.,USA,Cultivar,PH80B
PI 592779,26,26,False,Maize.Group.PVP,See PVP certificate.  The link is found under current status on this page or at the Plant Variety Office website.,USA,Cultivar,PHFW4
PI 592780,26,26,False,Maize.Group.PVP,See PVP certificate.  The link is found under current status on this page or at the Plant Variety Office website.,USA,Cultivar,PHND1
PI 593007,20,22,False,Maize.Group.Ames.Panel.2010,B14A BC6 for Ht.,USA,Breeding material,Hi25
PI 593009,29,43,False,Maize.Group.Ames.Panel.2010,"Sister line (MV conversion) of CM104(India), (=ATheo 21(B)#).",USA,Breeding material,Hi27
PI 593011,29,57,False,Maize.Group.Ames.Panel.2010,"Sister line (MV conversion) of CM111 (India), (=Cuba 342-2-2-#).",USA,Breeding material,Hi29
PI 593012,29,83,False,Maize.Group.Ames.Panel.2010,AA8 (Hi) (=Hawaiian Sugar).,USA,Breeding material,Hi30
PI 593013,17,18,False,Maize.Group.Ames.Panel.2010,B68(=(41.2504BArg.Flt. x B14)BC3).,USA,Breeding material,Hi31
PI 593014,19,22,False,Maize.Group.Ames.Panel.2010,Sister line (MV conversion) of Oh545(=(M14 x CI187-2)Oh45)BC1).,USA,Breeding material,Hi33
PI 593015,21,22,False,Maize.Group.Ames.Panel.2010,Antigua 2D.,USA,Breeding material,Hi34
PI 593016,16,40,False,Maize.Group.Ames.Panel.Post.2010,"Sister line (MV conversion) of CM109 (India), from Dixie 18.",USA,Breeding material,Hi35
PI 593017,19,20,False,Maize.Group.Ames.Panel.2010,Antigua Grp.2 x Hi25.,USA,Breeding material,Hi39
PI 593018,25,39,False,Maize.Group.Ames.Panel.Post.2010,Antigua Grp.2 x Hi25.,USA,Breeding material,Hi40
PI 593019,20,35,False,Maize.Group.Ames.Panel.2010,Antigua Grp.2 x Hi25.,USA,Breeding material,Hi41
PI 593037,26,26,False,Maize.Group.PVP,(LH85 X LH61) X LH82,USA,Cultivar,LH178
PI 593039,26,51,False,Maize.Group.PVP,LH74 X LH195,USA,Cultivar,LH233
PI 593042,26,26,False,Maize.Group.PVP,LH59 X LH211,USA,Cultivar,LH280
PI 593456,26,26,False,Maize.Group.PVP,FBLL*6(PB80wx/wx),USA,Cultivar,FBLLWX
PI 593457,26,26,False,Maize.Group.PVP,MBZA*4(MBWZ/BC4/LH119wx),USA,Cultivar,MBZAWX
PI 593459,26,27,False,Maize.Group.PVP,Pioneer 3737 hybrid,USA,Cultivar,942
PI 593460,30,72,False,Maize.Group.PVP,H8431*1 X L8401.  H8431 was a Northrup King Co. proprietary line derived from other Northrup King Co. proprietary lines that were all derivatives of Iowa Stiff Stalk Synthetic.  L8401 was a line derived from Pioneer Hybrid 3906 once commercially available from Pioneeer Hi-Bred International.,USA,Cultivar,991
PI 593461,26,26,False,Maize.Group.PVP,Pioneer 3737 hybrid,USA,Cultivar,993
PI 593462,26,26,False,Maize.Group.PVP,"793 X Y8539 .  Inbred line 793 is a proprietary line owned by Novartis Seeds, Inc. Inbred line Y8539 is a line developed by Northrup King Co., selfed from the hybrid Pioneer 3389.",USA,Cultivar,NP2011
PI 594027,26,26,False,Maize.Group.PVP,See PVP certificate.  The link is found under current status on this page or at the Plant Variety Office website.,USA,Cultivar,PH56C
PI 594029,26,26,False,Maize.Group.PVP,See PVP certificate.  The link is found under current status on this page or at the Plant Variety Office website.,USA,Cultivar,PH38B
PI 594031,26,26,False,Maize.Group.PVP,See PVP certificate.  The link is found under current status on this page or at the Plant Variety Office website.,USA,Cultivar,PH24E
PI 594051,29,33,False,Maize.Group.Ames.Panel.2010,Inbred from Nebraska S synthetic following twelve cycles of recurrent selection for grain yield and tolerance to sub-optimal temperatures.,USA,Breeding material,N502
PI 594052,29,33,False,Maize.Group.Ames.Panel.2010,Inbred from Nebraska S synthetic following twelve cycles of recurrent selection for grain yield and tolerance to sub-optimal temperatures.,USA,Breeding material,N503
PI 594053,30,34,False,Maize.Group.Ames.Panel.2010,Inbred from Nebraska S synthetic following twelve cycles of recurrent selection for grain yield and tolerance to sub-optimal temperatures.,USA,Breeding material,N504
PI 594054,29,33,False,Maize.Group.Ames.Panel.2010,Inbred from Nebraska S synthetic following twelve cycles of recurrent selection for grain yield and tolerance to sub-optimal temperatures.,USA,Breeding material,N505
PI 594055,29,33,False,Maize.Group.Ames.Panel.2010,Inbred from Nebraska S synthetic following twelve cycles of recurrent selection for grain yield and tolerance to sub-optimal temperatures.,USA,Breeding material,N506
PI 594056,29,32,False,Maize.Group.Ames.Panel.2010,Inbred from Nebraska S synthetic following twelve cycles of recurrent selection for grain yield and tolerance to sub-optimal temperatures.,USA,Breeding material,N507
PI 594057,29,33,False,Maize.Group.Ames.Panel.2010,Inbred from Nebraska S synthetic following twelve cycles of recurrent selection for grain yield and tolerance to sub-optimal temperatures.,USA,Breeding material,N508
PI 594058,29,33,False,Maize.Group.Ames.Panel.2010,Inbred from Nebraska S synthetic following twelve cycles of recurrent selection for grain yield and tolerance to sub-optimal temperatures.,USA,Breeding material,N509
PI 594059,29,33,False,Maize.Group.Ames.Panel.2010,Inbred from Nebraska S synthetic following twelve cycles of recurrent selection for grain yield and tolerance to sub-optimal temperatures.,USA,Breeding material,N510
PI 594060,30,35,False,Maize.Group.Ames.Panel.2010,Inbred from Nebraska S synthetic following twelve cycles of recurrent selection for grain yield and tolerance to sub-optimal temperatures.,USA,Breeding material,N511
PI 594061,30,35,False,Maize.Group.Ames.Panel.2010,Inbred from Nebraska S synthetic following twelve cycles of recurrent selection for grain yield and tolerance to sub-optimal temperatures.,USA,Breeding material,N512
PI 594062,29,33,False,Maize.Group.Ames.Panel.2010,Inbred from Nebraska S synthetic following twelve cycles of recurrent selection for grain yield and tolerance to sub-optimal temperatures.,USA,Breeding material,N513
PI 594063,29,34,False,Maize.Group.Ames.Panel.2010,Inbred from Nebraska S synthetic following twelve cycles of recurrent selection for grain yield and tolerance to sub-optimal temperatures.,USA,Breeding material,N514
PI 594064,30,34,False,Maize.Group.Ames.Panel.2010,Inbred from Nebraska S synthetic following twelve cycles of recurrent selection for grain yield and tolerance to sub-optimal temperatures.,USA,Breeding material,N515
PI 594065,29,33,False,Maize.Group.Ames.Panel.2010,Inbred from Nebraska S synthetic following multiple cycles of recurrent selection to sub-optimal temperatures using growth chamber evaluations and seedling tolerance to post-emergence freeze.,USA,Breeding material,N516
PI 594066,28,45,False,Maize.Group.Ames.Panel.2010,Inbred from Nebraska S synthetic following multiple cycles of recurrent selection to sub-optimal temperatures using growth chamber evaluations and seedling tolerance to post-emergence freeze.,USA,Breeding material,N517
PI 594067,29,33,False,Maize.Group.Ames.Panel.2010,Inbred from Nebraska S synthetic following multiple cycles of recurrent selection to sub-optimal temperatures using growth chamber evaluations and seedling tolerance to post-emergence freeze.,USA,Breeding material,N518
PI 594068,29,32,False,Maize.Group.Ames.Panel.2010,Inbred from Nebraska S synthetic following multiple cycles of recurrent selection to sub-optimal temperatures using growth chamber evaluations and seedling tolerance to post-emergence freeze.,USA,Breeding material,N519
PI 594069,30,48,False,Maize.Group.Ames.Panel.2010,Inbred from Nebraska S synthetic following multiple cycles of recurrent selection to sub-optimal temperatures using growth chamber evaluations and seedling tolerance to post-emergence freeze.,USA,Breeding material,N520
PI 594070,29,47,False,Maize.Group.Ames.Panel.2010,Inbred from Nebraska S synthetic following multiple cycles of recurrent selection to sub-optimal temperatures using growth chamber evaluations and seedling tolerance to post-emergence freeze.,USA,Breeding material,N521
PI 594072,29,34,False,Maize.Group.Ames.Panel.2010,Inbred from Nebraska S synthetic following multiple cycles of recurrent selection to sub-optimal temperatures using growth chamber evaluations and seedling tolerance to post-emergence freeze.,USA,Breeding material,N524
PI 594073,29,34,False,Maize.Group.Ames.Panel.2010,Inbred from Nebraska S synthetic following multiple cycles of recurrent selection to sub-optimal temperatures using growth chamber evaluations and seedling tolerance to post-emergence freeze.,USA,Breeding material,N525
PI 594074,29,33,False,Maize.Group.Ames.Panel.2010,Inbred from Nebraska S synthetic following multiple cycles of recurrent selection to sub-optimal temperatures using growth chamber evaluations and seedling tolerance to post-emergence freeze.,USA,Breeding material,N526
PI 594075,29,33,False,Maize.Group.Ames.Panel.2010,Inbred from Nebraska B synthetic following twelve cycles of full-sib recurrent selection to sub-optimal temperatures using growth chamber evaluations.,USA,Breeding material,N528
PI 594076,29,33,False,Maize.Group.Ames.Panel.2010,Inbred from Nebraska B synthetic following twelve cycles of full-sib recurrent selection to sub-optimal temperatures using growth chamber evaluations.,USA,Breeding material,N529
PI 594077,29,33,False,Maize.Group.Ames.Panel.2010,Inbred from Nebraska B synthetic following twelve cycles of full-sib recurrent selection to sub-optimal temperatures using gtowth chamber evaluations.,USA,Breeding material,N530
PI 594078,29,33,False,Maize.Group.Ames.Panel.2010,Inbred from Nebraska B synthetic following twelve cycles of full-sib recurrent selection to sub-optimal temperatures using growth chamber evaluations.,USA,Breeding material,N532
PI 594079,29,33,False,Maize.Group.Ames.Panel.2010,Inbred from Nebraska B synthetic following twelve cycles of full-sib recurrent selection to sub-optimal temperatures using growth chamber evaluations.,USA,Breeding material,N533
PI 594081,30,35,False,Maize.Group.Ames.Panel.2010,Inbred from Nebraska B synthetic following twelve cycles of full-sib recurrent selection to sub-optimal temperatures using growth chamber evaluations.,USA,Breeding material,N535
PI 594082,30,34,False,Maize.Group.Ames.Panel.2010,Inbred from Nebraska S synthetic following multiple cycles of recurrent selection to sub-optimal temperatures using growth chamber evaluations and seedling tolerance to post-emergence freeze.,USA,Breeding material,N536
PI 594083,29,34,False,Maize.Group.Ames.Panel.2010,Inbred from Nebraska S synthetic following multiple cycles of recurrent selection to sub-optimal temperatures using growth chamber evaluations and seedling tolerance to post-emergence freeze.,USA,Breeding material,N537
PI 594085,29,34,False,Maize.Group.Ames.Panel.2010,Inbred from Nebraska S synthetic following multiple cycles of recurrent selection to sub-optimal temperatures using growth chamber evaluations and seedling tolerance to post-emergence freeze.,USA,Breeding material,N539
PI 594087,30,34,False,Maize.Group.Ames.Panel.2010,Inbred from Nebraska S synthetic following multiple cycles of recurrent selection to sub-optimal temperatures using growth chamber evaluations and seedling tolerance to post-emergence freeze.,USA,Breeding material,N541
PI 594089,29,33,False,Maize.Group.Ames.Panel.2010,Inbred from Nebraska S synthetic following multiple cycles of recurrent selecton to sub-optimal temperatures using growth chamber evaluations and seedling tolerance to post-emergence freeze.,USA,Breeding material,N543
PI 594090,29,33,False,Maize.Group.Ames.Panel.2010,Inbred from Nebraska S synthetic following multiple cycles of recurrent selection to sub-optimal temperatures using growth chamber evaluations and seedling tolerance to post-emergence freeze.,USA,Breeding material,N544
PI 595336,26,26,False,Maize.Group.PVP,(78551S X (A line derived from Pioneer 3779) X 78551S,USA,Cultivar,01CSI2
PI 595337,26,26,False,Maize.Group.PVP,78010 X NL001,USA,Cultivar,01DFA3
PI 595339,26,27,False,Maize.Group.PVP,(Line derived from Pioneer 3737) X Pioneer 3615,USA,Cultivar,01IBH10
PI 595340,26,26,False,Maize.Group.PVP,(78551S X (A line derived from Pioneer 3779) X 78551S,USA,Cultivar,01IZB2
PI 595341,26,26,False,Maize.Group.PVP,"2FADB X 2FADB/BC5/SR .  The SR gene is a ""natural"" gene obtained from the BASF company integrated through backcrossing with the goal of conferring resistance to the Acetyl CoA Carboxylase (ACCase) inhibitor sethoxydim.",USA,Cultivar,2FADBSR
PI 595342,26,26,False,Maize.Group.PVP,(87916W X FR806W) X 87916W . Inbred FR806W is an Illinois Foundation Seed line (N28).,USA,Cultivar,F298W
PI 595343,26,26,False,Maize.Group.PVP,88145''''''Mo17HmRpp9 .  88145 was the recurrent parent in six backcrosses.  Inbred 88145 is descended from public lines 8200 X A2E.  8200 derives from Coker 71 X Pioneer 309A hybrid.  A2E derives from Iowa 2-Ear Synthetic.  Mo17HmRpp9 derives from Mo17 as the recurrent parent crossed to rhm and Rpp9 gene sources through backcross breeding.  Thes source of the rhm1 gene was Mo17rhm released from the University of Illinois.  The Rpp0 gene came from line Oh43Rpp9 released from Purdue University.,USA,Cultivar,SNBM
PI 595344,26,26,False,Maize.Group.PVP,FBLL X FBJW .  FBJW is descended from public lines B14 and B73.,USA,Cultivar,FBPL
PI 595345,26,27,False,Maize.Group.PVP,Backcross of 2MA22 and M7V8-1 .  The line 2MA22 derives from public line A295.  The line M7V8-1 descends from public line Mo17.,USA,Cultivar,WKBC5
PI 595372,18,18,False,,"Broad based synthetic containing germplasm from ""Alaska to the Equator"". Population sent to Dr. Compton by Dr. Lonnquist while at CIMMYT.",USA,Breeding material,ALAQUAT
PI 595373,18,18,False,,"Synthesized by intermating 12 U.S. inbred lines and 5 Romanian populations. Inbred lines included B41, H49, H90, N21, H28, N102, N117, N122, N136, N140, N147, and an unreleased Nebraska Stiff Stalk line 703026-3-2. Populations included ICAR-54 Dent, Romanese DE Studina Flint, Cincantin, Local Craciunel, and Local Cluj.",USA,Breeding material,CB*RUMANIAN
PI 595374,17,17,False,,Synthesized by intermating Krug variety with different sources of maize from Tablacillo race of Mexico.,USA,Breeding material,KRUG*TABLANCILLO
PI 595375,18,18,False,,"Synthesized by intermating 11 populations of cornbelt by exotic germplasm. Populations included CB*Mexican(C2), CB*Caribe(C2), CB*Brazilian(C2), CB*Cuzco(C2), CB*Early Tropical(C2), Gaspe*Columbian(C5), Krug*Tablancillo(C10), Kenya Composite, Bangkok population, Conico, Latente, and CB*Peruvian. CB is abbreviation for Cornbelt Composite which contains five open-pollinated varieties Hayes Golden, Barber Reid, Krug, Lancaster, and Golden Republic. CB constituted less than one-half of original Exotic Composite.",USA,Breeding material,EXOTIC COMPOSITE
PI 595376,18,18,False,,"Formed by crossing version of Hays Golden, improved by 13 cycles of modified ear-to-row half-sib family selection, to Mo44. Cross to improve standability, with resulting population one-half Mo44 and one-half Hays Golden.",USA,Breeding material,HAYS GOLDEN*44
PI 595377,18,18,False,,"Developed by intermating 12 inbred lines and 2 Mexican populations with large roots or good root regrowth after damage. Inbreds included N8A, N8B, N28, N38A, N124, A251, A625, B57, B69, Mo22, SD10, CI21E. Two populations were Corn Belt*Zapalote and Zapalote Syn17.",USA,Breeding material,NEBRASKA ROOTWORM SYNTHETIC
PI 595378,18,18,False,,"Formed by intermating N7A, N28, and Pioneer hybrids 3709, 3720, 3505, 3575, 3388, and 3184.",USA,Breeding material,NEBRASKA DROUGHT SYNTHETIC
PI 595383,28,28,False,Maize.Group.PVP,"LH123Ht X LH82 .  Developement of the finished inbred used the doubled haploid process using ""Stock Six"".",USA,Cultivar,ZS01101
PI 595528,18,32,False,Maize.Group.Ames.Panel.2010,"Population 21: P 21C5 FS218-2-3-B-##-6-1-1-BB .  Population 21 is also named Tuxpeno-1 and its components are Tuxpeno race collections Veracruz 48, Veracruz 143, Veracruz 174, Michoacan 137, Michoacan 166, V-520C, Colima Group 1-Mix.1, and 16 families from the tropical late white dent pool (Pool 24).",MEX,Breeding material,CML 6
PI 595529,19,35,False,Maize.Group.Ames.Panel.2010,"Population 21: P 21C5 FS218-2-3-B-#### .  Population 21 is also named Tuxpeno-1 and its components are Tuxpeno race collections Veracruz 48, Veracruz 143, Veracruz 174, Michoacan 137, Michoacan 166, V-520C, Colima Group 1-Mix.1, and 16 families from the tropical late white dent pool (Pool 24).",MEX,Breeding material,CML 8
PI 595530,31,74,False,Maize.Set.Inbred.Diversity.282.Plus.NAM.Parents,"Population 21: P 21C5 FS219-3-1-B-### .  Population 21 is also named Tuxpeno-1 and its components are Tuxpeno race collections Veracruz 48, Veracruz 143, Veracruz 174, Michoacan 137, Michoacan 166, V-520C, Colima Group 1-Mix.1, and 16 families from the tropical late white dent pool (Pool 24).",MEX,Breeding material,CML 9
PI 595531,20,36,False,Maize.Group.Ames.Panel.2010,"Population 22: P 22 TSR (S2 bulk)-40-2-1-2-B .  Population 22 is also named Mezcla Tropical Blanco and its components are Tuxpeno, ETO* Blanco, Antigua group 2 white sel., (Mix.1-Colima group 1)-ETO, Pfister hybrids, Compuesto Centro Americano, Lineas de El Salvador, V520C, Nicarillo Se. Blanca, and 13 families from the tropical late white dent pool (Pool 24).",MEX,Breeding material,CML 17
PI 595532,20,22,False,Maize.Group.Ames.Panel.2010,Population 25: P 25 FS31-1-2-1-3-1-B-##,MEX,Breeding material,CML 22
PI 595534,31,84,False,Maize.Set.Inbred.Diversity.282.Plus.NAM.Parents,Population 32: P 32C4HC142-1-1-B-### or written in a different way: Pop.32C4 FS142-1-1-B-###,MEX,Breeding material,CML 38
PI 595535,20,22,False,Maize.Group.Ames.Panel.2010,Population 43: ACROSS7843-16-1-2-B-1-B or written in a different way: Ac.7843-16-1-2-B-1-B .  Population 43 is also named La Posta and its components is a Tuxpeno synthetic composed of 16 inbred lines.,MEX,Breeding material,CML 43
PI 595536,17,32,False,Maize.Group.Ames.Panel.2010,Population 43: ACROSS7843-32-2-B-### or written in a different way: Ac. 7843-32-2-B-### .  Population 43 is also named La Posta and its components is a Tuxpeno synthetic composed of 16 inbred lines.,MEX,Breeding material,CML 46
PI 595537,20,34,False,Maize.Group.Ames.Panel.2010,Population 73: Porillo 8073-11-1-1-###,MEX,Breeding material,CML 48
PI 595538,20,35,False,Maize.Group.Ames.Panel.2010,Population 73: Sta. Rosa 8073-6-1-1-###,MEX,Breeding material,CML 49
PI 595539,19,20,False,Maize.Group.Ames.Panel.2010,Pool 24: G24C20MH94-1-4-B-1-3-1-1-B or written in another way: Pool 24C20 HS94-1-4-B-1-3-1-1-B .  Pool 24 is also named Tropical late white dent (TLWD) and its components are mainly Tuxpeno materials from Mexico and late maturity materials from Central America.,MEX,Breeding material,CML 54
PI 595540,19,48,False,Maize.Group.Ames.Panel.2010,Pool 24: G24(TSR)-19-3-B-#### .  Pool 24 is also named Tropical late white dent (TLWD) and its components are mainly Tuxpeno materials from Mexico and late maturity materials from Central America.,MEX,Breeding material,CML 55
PI 595543,18,20,False,Maize.Group.Ames.Panel.2010,"Population 21: (Pop.21 FS241*FS219)-2-1-2-1-BB-f .  Population 21 is also named Tuxpeno-1 and its components are Tuxpeno race collections Veracruz 48, Veracruz 143, Veracruz 174, Michoacan 137, Michoacan 166, V-520C, Colima Group 1-Mix.1, and 16 families from the tropical late white dent pool (Pool 24).",MEX,Breeding material,CML 263
PI 595544,19,63,False,Maize.Set.Inbred.Diversity.282.Plus.NAM.Parents,"Population 21: P 21C5 FS219-3-1-B-##-8-1-3-BB .  Population 21 is also named Tuxpeno-1 and its components are Tuxpeno race collections Veracruz 48, Veracruz 143, Veracruz 174, Michoacan 137, Michoacan 166, V-520C, Colima Group 1-Mix.1, and 16 families from the tropical late white dent pool (Pool 24).",MEX,Breeding material,CML 264
PI 595545,18,19,False,Maize.Group.Ames.Panel.2010,"Population 22: P 22 TSR-4-3-1-3-1-BB-f .  Population 22 is also named Mezcla Tropical Blanco and its components are Tuxpeno, ETO* Blanco, Antigua group 2 white sel., (Mix.1-Colima group 1)-ETO, Pfister hybrids, Compuesto Centro Americano, Lineas de El Salvador, V520C, Nicarillo Se. Blanca, and 13 families from the tropical late white dent pool (Pool 24).",MEX,Breeding material,CML 267
PI 595546,20,48,False,Maize.Group.Ames.Panel.2010,"Population 23: P 231STC1 FS45-1-1-1-2-3-BB-f .  Population 23 is also named Blanco Cristalino-1 and its components are white segregates from Mezcla Amarilla, Antigua x Tipos Cubanos, Antigua x Cupurico, Pop Cristalina x Tuxpe?o, Cuba 20, Grenada 9D, CWF, Nicaragua syn:II, Harinoso de Ocho, and 7 families from the tropical late white flint pool (Pool 23).",MEX,Breeding material,CML 268
PI 595548,20,36,False,Maize.Group.Ames.Panel.2010,Population 43: (Ac.7643*Pop.43 FS7)-2-3-2-1-BB-f .  Population 43 is also named La Posta and its components is a Tuxpeno synthetic composed of 16 inbred lines.,MEX,Breeding material,CML 273
PI 595551,18,18,False,Maize.Group.Ames.Panel.2010,Population 24: P 24 C5FS26-1-3-4-2-B-3-1-## .  Population 24 is also named Antigua-Veracruz 181 and its components are Tuxpeno race collections Veracruz 181 and Antigua Group-2 (Antigua collections 1D to 8D).,MEX,Breeding material,CML 19
PI 595553,19,49,False,Maize.Group.Ames.Panel.2010,"Population 26: P 26 C5FS37-1-4-B-f-B .  Population 26 is also named Mezcla Amarilla and its components are Tuxpeno, Cuba flints, Antigua, ETO amarillo, some US Corn Belt x Tuxpeno crosses, and 22 families from the tropical intermediate yellow flint pool (Pool 21).",MEX,Breeding material,CML 25
PI 595566,19,19,False,Maize.Group.Ames.Panel.2010,Syn.Amarillo TSR-23-3-1-1-1-BB-##,MEX,Breeding material,CML 297
PI 595568,19,51,False,Maize.Group.Ames.Panel.2010,Syn.Amarillo TSR-76-1-2-2-2-BB-##,MEX,Breeding material,CML 299
PI 595607,32,36,False,,Developed by five cycles of intrapopulation full-sib selection.,USA,Breeding material,BS11(FS)C5
PI 595608,31,33,False,,Developed by five cycles of half-sib selection using inbred tester B79.,USA,Breeding material,BS11(HI)C5
PI 595609,32,36,False,,Developed by five cycles of S2 recurrent selection.,USA,Breeding material,BS11(S2)C5
PI 595610,32,36,False,,Developed by five cycles of S1 recurrent selection.,USA,Breeding material,BS11(30-S1)C5
PI 595611,32,36,False,,Developed by five cycles of S1 recurrent selection.,USA,Breeding material,BS11(20-S1)C5
PI 595612,31,32,False,,Developed by five cycles of S1 recurrent selection.,USA,Breeding material,BS11(10-S1)C5
PI 595614,27,27,False,Maize.Group.PVP,See PVP certificate.  The link is found under current status on this page or at the Plant Variety Office website.,USA,Cultivar,ZS01131
PI 595615,27,27,False,Maize.Group.PVP,"BN803 X MBS501 .  BN803 is from the Noble Bear Company of Illinois.  MBS is from the Mike Brayton Seed Company in Story City, Iowa.",USA,Cultivar,ZS01228
PI 595623,26,27,False,Maize.Group.PVP,"PHEI4''''''(FBLA'((A665'''(B73*A188-SR))) .The SR gene is a ""natural"" gene obtained from the BASF company integrated through backcrossing with the goal of conferring resistance to the Acetyl CoA Carboxylase (ACCase) inhibitor sethoxydim.  PHEI4 was the recurrent parent in six backcrosses.  In another notation this pedigree could be presented as PHEI4*6/(FBLA*1/((A665*3/B73*A188-SR))).  PHEI4 is a proprietary line of DeKalb Plant Genetics derived from (HBA1 X IB014).",USA,Cultivar,PHEI4SR
PI 595625,26,26,False,Maize.Group.PVP,"91BMA2''''''(FBLA((A665'''(B73**A188-SR))).  The SR gene is a ""natural"" gene obtained from the BASF company integrated through backcrossing with the goal of conferring resistance to the Acetyl CoA Carboxylase (ACCase) inhibitor sethoxydim.91BMA2 was the recurrent parent in six backcrosses.",USA,Cultivar,91BMA2SR
PI 595844,26,26,False,Maize.Group.PVP,EX1343 X LH85 .  EX1343 was developed from the single cross EX139 X SDp310.  SDp310 was developed by South Dakota State University and released to the public in 1978.  EX139 is an Oh43 type line unreleased by Holden's with the pedigree OH43(2) X D71.  Oh43 was developed by the Ohio Agricultural Research and Development Center and released in 1949.  D71 was obtained from Holden's cooperator believed to have been developed from selfing within a double cross hybrid.,USA,Cultivar,LH179
PI 595846,26,27,False,Maize.Group.PVP,LH59 x LH123Ht,USA,Cultivar,LH281
PI 595847,26,26,False,Maize.Group.PVP,"(LH85 X F2) X LH85 .  F2 is a yellow flint inbred line developed in 1958 from the Institut National De La Recherche Agronomique in Peronne, France.",USA,Cultivar,LH290
PI 596066,20,20,False,,,USA,Breeding material,101DGA-3347:61
PI 596067,24,24,False,,,USA,Breeding material,101dgB-2727:62
PI 596081,24,24,False,,,USA,Breeding material,110k-240:60
PI 596099,16,16,False,,,USA,Breeding material,14C-1013:74
PI 596100,16,16,False,,,USA,Breeding material,14H-1014:74
PI 596157,16,16,False,,,USA,Breeding material,615a-1309:56
PI 596232,16,16,False,,,USA,Breeding material,NJ618-407:69M
PI 596242,16,16,False,,,USA,Breeding material,OLCOTT-1068:72
PI 596243,16,16,False,,,USA,Breeding material,OLCOTT-1069:72
PI 596247,24,24,False,,,USA,Breeding material,P39-10-226:61
PI 596250,24,24,False,,,USA,Breeding material,P39-16-275:61
PI 596251,16,16,False,,,USA,Breeding material,P39-16-276:61
PI 596255,15,15,False,,,USA,Breeding material,P39LE-261:61
PI 596256,24,24,False,,,USA,Breeding material,P39LE-3438:64
PI 596257,24,24,False,,,USA,Breeding material,P39LE-3502:61
PI 596262,24,24,False,,,USA,Breeding material,P51-3289:61
PI 596306,28,28,False,Maize.Group.PVP,LH160 X LH59,USA,Cultivar,LH291
PI 596322,17,17,False,Maize.Group.PVP,(ND252 X ND245) X NDSB(FS)C3.  NDSB(FS)C3 was developed from NDSB via reciprocal full-sib selection using NDSA as the tester.,USA,Cultivar,ND280
PI 596323,27,27,False,Maize.Group.PVP,NDSAB(MER)C5.  NDSAB(MER)C5-16 was selfed for eight generations.  NDSAB(MER)C5 is the result of modified ear-to-row selection for five cycles from synthetic population NDSAB.,USA,Cultivar,ND281
PI 596324,27,27,False,Maize.Group.PVP,NDSB(FS)C4.  NDSB07010 was selfed over 10 generations.  NDSB was improved by reciprocal full-sib selection using NDSF as the tester population.,USA,Cultivar,ND282
PI 596331,25,25,False,Maize.Group.PVP,,USA,Cultivar,HC33
PI 596502,26,35,False,Maize.Group.Ames.Panel.2010,Bulk-sib seeds from S6 line derived from an accidental outcross in a partially inbred line from Seedway Elite.,USA,Breeding material,OC15
PI 596503,31,57,False,Maize.Group.Ames.Panel.2010,"Bulk-sib seeds from S6 line derived from Pawnee x Tamaroa Flint received from Gail E. Wagner, Kettering, OH in 1982.",USA,Breeding material,OC16
PI 596504,21,25,False,Maize.Group.Ames.Panel.2010,Half-sib pollinations within an S6 line derived from Burnham 3910 x PI 452064.,USA,Breeding material,OC17
PI 596511,15,15,False,,,ALB,Landrace,Al 021
PI 596512,15,15,False,,,ALB,Landrace,Al 022
PI 596513,15,15,False,,,ALB,Landrace,Al 014
PI 596543,42,42,False,,"White Alequat, San Geronimo, PN6, PPS4, and 3036-1-1 mated to germplasm adapted to Nebraska. Resulting genotypes were intermated to produce population.",USA,Cultivar,N-pH-P
PI 596551,26,27,False,Maize.Group.PVP,LH195 X LH204,USA,Cultivar,LH242
PI 596552,26,27,False,Maize.Group.PVP,LH51 X LH211,USA,Cultivar,LH263
PI 596553,26,26,False,Maize.Group.PVP,"Va99 X LH82 .  LH82 is a proprietary inbred line of Holden's Foundation Seeds, Inc.  Va99 is a public inbred line developed at Virginia Tech University and released in 1982.",USA,Cultivar,LH283
PI 596558,27,27,False,Maize.Group.PVP,( FBLA X FBLL ) X FBLL.,USA,Cultivar,3DHA9
PI 596626,16,45,False,Maize.Group.Ames.Panel.Post.2010,Selfed within open pollinated variety Old Raccoon (PI 540778) for eight generations.,USA,Breeding material,Mp709
PI 596627,19,50,False,Maize.Group.Ames.Panel.2010,Selfed within open pollinated variety Old Raccoon (PI 540778) for eight generations.,USA,Breeding material,Mp710
PI 596628,18,48,False,Maize.Group.Ames.Panel.2010,Selfed within open pollinated variety Tebeau (PI 540756) for eight generations.,USA,Breeding material,Mp711
PI 596629,19,36,False,Maize.Group.Ames.Panel.2010,Selfed within open pollinated variety Tebeau (PI 540756) for eight generations.,USA,Breeding material,Mp712
PI 596784,27,27,False,Maize.Group.PVP,A cross was made between IBH9 and LH123.,USA,Cultivar,4IBZ1A
PI 596788,27,41,False,Maize.Group.PVP,The inbred line 3IIH6 was crossed to MBWZ.,USA,Cultivar,91INH2
PI 597310,26,51,False,Maize.Group.PVP,PHR25 X PHP55 specifically PHR25/PHP55)X811221521.,USA,Cultivar,PHDN7
PI 597312,26,26,False,Maize.Group.PVP,PHJ89 X PHG47 specifically PHJ89/PHG47)81211K3X,USA,Cultivar,PH0AA
PI 597313,26,50,False,Maize.Group.PVP,PHJ89 X PHNJ6 PHJ89/PHNJ6)XA7K12W42WA2.  PHNJ6 is a pedigree selection from PHJ40 X PHG47.,USA,Cultivar,PH0AV
PI 597315,26,51,False,Maize.Group.PVP,PHP02 X ( PHP02 X PHG68 ) specifically PHP02<2PHG68)7 A4211111.  PHP02 was the recurrent parent and PHG68 was the donor crossed twice onto PHP02.,USA,Cultivar,PH0DH
PI 597318,26,26,False,Maize.Group.PVP,PHP02 X ( PHP02 X PHR03 ) specifically PHP02<2PHR03)D312W35W12WX.  PHP02 was the recurrent parent and PHR03 was the donor crossed twice onto PHP02.,USA,Cultivar,PH0HR
PI 597320,17,17,False,Maize.Group.PVP,"PHR03 X PHWT8 specifically PHR03/PHWT8)X31K13K3X.  PHWT8 was derived by pedigree selection from PHZ51 (PVP Certificate Number <br>, 8600132) X PHW89.  PHW89 was derived by pedigree selection from PHG44 X G35 (PVP Certificate Number 8300140). Variety PHG44 was derived by pedigree selection from PH891 X 207 (PVP Certificate Number 8300144). 'Variety PH891 was derived by pedigree selection. The majority of the pedigree relative contribution to the derivation of PH891 was B14, A556, A509, I205, IDT, I205, MINN49, Troyer Reid. ",USA,Cultivar,PH02T
PI 597321,26,26,False,Maize.Group.PVP,PHT60 x PHR03 specifically PHT60/PHR03)WWX8111331XX,USA,Cultivar,PH03D
PI 597322,26,26,False,Maize.Group.PVP,PHR63 X PHAW6 specifically PHR63/PHAW6)LX32221XX,USA,Cultivar,PH04G
PI 597329,17,17,False,Maize.Group.PVP,PHK29 ( PHW52 X PHT10 ) specifically PHK29*PHW52/PHT10) XA111111X. ,USA,Cultivar,PH08B
PI 597333,27,27,False,Maize.Group.PVP,207 X PHR25 specifically 207/PHR25)X821K1132K41K1.,USA,Cultivar,PH12J
PI 597334,17,17,False,Maize.Group.PVP,PHK56 X ( PHK56 X PHR62 ) specifically PHK56<2PHR62)313211.,USA,Cultivar,PH17C
PI 597335,27,27,False,Maize.Group.PVP,"605 X PHJ40 specifically 605/PHJ40)X61K21K1111K112K21K14K1X.  Variety 605 was derived by pedigree selection from a single cross hybrid. 50% of the pedigree contribution to this hybrid was B37. The majority of the remaining contribution was from a variety derived from 08420, 08426 and Alberta Flint background.",USA,Cultivar,PH22G
PI 597339,17,17,False,Maize.Group.PVP,"PHN47 X PHVR4 specifically PHN47/PHVR4)X512124121.  Variety PHVR4 was derived by backcrossing and pedigree selection from a single cross hybrid PHK89 X PHG44.  Variety PHG44 has 50% of its pedigree composition derived from 207.  Much of the remaining PHG44 pedigree contribution traces to B14, A556, A509, I205, IDT MINN49, and Troyer Reid.",USA,Cultivar,PH44G
PI 597341,27,27,False,Maize.Group.PVP,PHJ40 X PH8V1 specifically  PHJ40/PH8V1)X2313234441.  Variety PH8Vl is the code used for D01 from the University of Hohenheim in Germany.,USA,Cultivar,PH77C
PI 597578,30,35,False,Maize.Group.Ames.Panel.2010,"Selfed from population where germplasm consisted of 50% Nebraska Elite Composite Syn.2, and other 50% of equal contributions of the population Mexican Super Dwarf and an unknown population synthesized in China.",USA,Breeding material,N546
PI 599326,17,17,False,Maize.Group.PVP,LH146Ht x A665.,USA,Cultivar,LH300
PI 600742,30,56,False,Maize.Group.PVP,"Assumed to have been derived from a chance cross of adjoining plantings of a yellow popcorn as a female and a white sweetcorn as a male growing in a garden in western Colorado in 1956.  Several generations of planting in isolation and selection resulted in the open pollinated strain J-63 named ""Pop-n-Eat"".",USA,Cultivar,POP-N-EAT
PI 601081,33,62,False,Maize.Group.PVP,Derived from an unknown black popcorn imported from Germany during WWII crossed with an unnamed white hulless popcorn.  Subsequently this cross was crossed by an unnamed red popcorn.  Several generations of sibcrossing of selected plants followed.  Finally two generations of self pollination completed development.,USA,Cultivar,Black Jewell 85
PI 601210,34,88,False,Maize.Group.PVP,B73 X A634 .  B73 derives from Iowa Stiff Stalk Synthetic.  A634 is (Mt42 X B14 BC3).,USA,Cultivar,78004
PI 601269,34,109,False,Maize.Group.PVP,C123Ht X Va59,USA,Cultivar,5707
PI 601271,26,76,False,Maize.Group.PVP,Synthetic B.  Synthetic B can be summarized as a random mated population mass selected for tetraploidy each cycle.  The C0 was constructed from: (Diploid females = ((25 lines x el/el donor) X (25 lines)S1)) X (Autotetraploid males = a mixture of Syn A + Randolph's Argentine flint + Syn A S1 progenies).,USA,Cultivar,SX-4-16-2
PI 601272,27,27,False,Maize.Group.PVP,Synthetic B.  Synthetic B can be summarized as a random mated population mass selected for tetraploidy each cycle.  The C0 was constructed from: (Diploid females = ((25 lines x el/el donor) X (25 lines)S1)) X (Autotetraploid males = a mixture of Syn A + Randolph's Argentine flint + Syn A S1 progenies).,USA,Cultivar,SX-4-2
PI 601273,26,98,False,Maize.Group.PVP,Synthetic B.  Synthetic B can be summarized as a random mated population mass selected for tetraploidy each cycle.  The C0 was constructed from: (Diploid females = ((25 lines x el/el donor) X (25 lines)S1)) X (Autotetraploid males = a mixture of Syn A + Randolph's Argentine flint + Syn A S1 progenies).,USA,Cultivar,SX-4-32-1
PI 601274,26,50,False,Maize.Group.PVP,Synthetic B.  Synthetic B can be summarized as a random mated population mass selected for tetraploidy each cycle.  The C0 was constructed from: (Diploid females = ((25 lines x el/el donor) X (25 lines)S1)) X (Autotetraploid males = a mixture of Syn A + Randolph's Argentine flint + Syn A S1 progenies).,USA,Cultivar,SX-4-33-4-2
PI 601275,27,51,False,Maize.Group.PVP,Synthetic OP.  Synthetic OP can be summarized as a random mated population mass selected for tetraploidy each cycle originating from: (Diploid females = (56 open-pollinated varieties X el/el) X (56 OP varieties) random mated) X (Autotetraploid males = (SynB)),USA,Cultivar,SX-5-11
PI 601276,26,50,False,Maize.Group.PVP,Synthetic OP.  Synthetic OP can be summarized as a random mated population mass selected for tetraploidy each cycle originating from: (Diploid females = (56 open-pollinated varieties X el/el) X (56 OP varieties) random mated) X (Autotetraploid males = (SynB)),USA,Cultivar,SX-5-13-3
PI 601324,31,67,False,Maize.Group.PVP,Synthetic B.  Synthetic B can be summarized as a random mated population mass selected for tetraploidy each cycle.  The C0 was constructed from: (Diploid females = ((25 lines x el/el donor) X (25 lines)S1)) X (Autotetraploid males = a mixture of Syn A + Randolph's Argentine flint + Syn A S1 progenies).,USA,Cultivar,SX-4-4
PI 601325,27,78,False,Maize.Group.PVP,Synthetic B.  Synthetic B can be summarized as a random mated population mass selected for tetraploidy each cycle.  The C0 was constructed from: (Diploid females = ((25 lines x el/el donor) X (25 lines)S1)) X (Autotetraploid males = a mixture of Syn A + Randolph's Argentine flint + Syn A S1 progenies).,USA,Cultivar,SX-4-5
PI 601326,26,96,False,Maize.Group.PVP,Synthetic OP.  Synthetic OP can be summarized as a random mated population mass selected for tetraploidy each cycle originating from: (Diploid females = (56 open-pollinated varieties X el/el) X (56 OP varieties) random mated) X (Autotetraploid males = (SynB)),USA,Cultivar,SX-5-14-1-2
PI 601327,28,77,False,Maize.Group.PVP,Synthetic OP.  Synthetic OP can be summarized as a random mated population mass selected for tetraploidy each cycle originating from: (Diploid females = (56 open-pollinated varieties X el/el) X (56 OP varieties) random mated) X (Autotetraploid males = (SynB)),USA,Cultivar,SX-5-6
PI 601328,27,77,False,Maize.Group.PVP,Synthetic OP.  Synthetic OP can be summarized as a random mated population mass selected for tetraploidy each cycle originating from: (Diploid females = (56 open-pollinated varieties X el/el) X (56 OP varieties) random mated) X (Autotetraploid males = (SynB)),USA,Cultivar,SX-5-9-1-2
PI 601329,28,101,False,Maize.Group.PVP,Synthetic C-D.  Synthetic C-D started as a mixture of tetraploid synthetics C and D in the C0 cycle.,USA,Cultivar,SX-6-10
PI 601330,27,52,False,Maize.Group.PVP,Synthetic C-D.  Synthetic C-D started as a mixture of tetraploid synthetics C and D in the C0 cycle.,USA,Cultivar,SX-6-15-2-1
PI 601331,31,91,False,Maize.Group.PVP,Synthetic C-D.  Synthetic C-D started as a mixture of tetraploid synthetics C and D in the C0 cycle.,USA,Cultivar,SX-6-3
PI 601374,30,32,False,Maize.Group.PVP,"235 X B73 .  235 is a Northrup King proprietary line derived from a multiple ear source crossed into Minnesota A635, a public B14 derivative.  B73 is a public inbred line developed by Iowa State University from Iowa Stiff Stalk Synthetic.",USA,Cultivar,764
PI 601376,30,61,False,Maize.Group.PVP,"W117 X CM7-24.  CM7-24 is a single ear selection from a selfed plant of CM7 a Canadian line developed at Morden, Manitoba.",CAN,Cultivar,779
PI 601377,30,32,False,Maize.Group.PVP,"235 X B73 .  235 is a Northrup King proprietary line derived from a multiple ear source crossed into Minnesota A635, a public B14 derivative.  B73 is a public inbred line developed by Iowa State University from Iowa Stiff Stalk Synthetic.",USA,Cultivar,794
PI 601430,30,57,False,Maize.Group.PVP,W117 X B37Ht .  W117 is a public line developed by the Wisconsin Agricultural Experiment Statation derived from 643 X Minnesota 13.  B37Ht is a Northrup King proprietary line developed from B37 a line developed at Iowa State University.,USA,Cultivar,807
PI 601491,30,81,False,Maize.Group.PVP,235 X B73 .  The parent 235 is a Northrup King Co. proprietary line developed from a multiple ear source and the public line A635 from the Minnesota Agricultural Experiment station. The parent B73 is a public line released by the Iowa Agricultural Experiment station which was derived from Iowa state stiff stalk synthetic.,USA,Cultivar,790
PI 601559,30,33,False,Maize.Group.PVP,"(2702H X B73) X B73 .  2702H was a private hybrid of Cargill, Inc.",USA,Cultivar,2369
PI 602495,26,26,False,,(NB611 X Arizona 8601) X (NB611 X Ven414).,USA,Breeding material,TAM-MITE1
PI 602953,27,27,False,Maize.Group.PVP,NDSM.  This inbred was obtained by selfing eight generations.,USA,Cultivar,ND284
PI 602954,27,27,False,Maize.Group.PVP,"Inbred ND285 was derived from the unreleased synthetic breeding population, NDSCD(MS)C1 via self pollination over 10 generations with concurrent selection for plant structure, plant health, ear characteristics, and leaf growth rates. NDSCD(MS)C1 was selected using one cycle of mass selection for high grain yield per unlodged plant from NDSCD.",USA,Cultivar,ND285
PI 602955,25,25,False,Maize.Group.PVP,"Inbred ND286 was derieved from the unreleased synthetic breeding population, NDSCD(MS)C3 via self pollination over nine generations with concurrent selection for plant stature, plant health, ear characteristics, and leaf growth rates. NDSCD(MS)C3 was selected using three cycles of mass selection for high grain yield per unlodged plant from NDSCD.",USA,Cultivar,ND286
PI 602957,27,27,False,Maize.Group.PVP,"NDSB(FS)C3 X NDSF(FS)C3.  NDSB(FS)C3 and NDSF(FS)C3 were developed from NDSB and NDSF by three cycles of reciprocal-full-sib selection.
",USA,Cultivar,ND288
PI 602958,26,47,False,Maize.Group.PVP,NDSA(FS)C4. NDSA(FS)C4 was developed from NDSA (PI 550487) via four cycles of reciprocalfull-sib selection using NDSB as the tester population.  ,USA,Cultivar,ND289
PI 603814,27,27,False,Maize.Group.PVP,The inbred line 2FACC was crossed to inbred line FBLL.,USA,Cultivar,01DHD10
PI 603815,27,27,False,Maize.Group.PVP,The inbred line 8F196 was crossed to a line derived from Pioneer hybrid 3394.,USA,Cultivar,09DSQ1
PI 603816,27,27,False,Maize.Group.PVP,The inbred line 2FACC was crossed to inbred line FBLL.,USA,Cultivar,17DHD7
PI 603818,27,27,False,Maize.Group.PVP,The inbred line MM501D was crossed to inbred line MM402A.,USA,Cultivar,70LDL5
PI 603823,27,27,False,Maize.Group.PVP,The inbred line IBC15 was crossed to inbred line 3IBZ2.,USA,Cultivar,86ISI3
PI 603828,27,27,False,Maize.Group.PVP,The inbred line LAC17 was crossed to inbred line MM402A.,USA,Cultivar,90LCL6
PI 603830,27,27,False,Maize.Group.PVP,The inbred line MM501D was crossed with LH210.,USA,Cultivar,90LDC2
PI 603833,27,42,False,Maize.Group.PVP,"The S0 cross was made between inbred line FBLL and inbred line S1067A. The S0 was backcrossed to the recurrent parent, FBLL, and selfed for six generations.",USA,Cultivar,91DHA1
PI 603834,27,27,False,Maize.Group.PVP,The inbred line 3IBZ2 was crossed to inbred line 3IIH6.,USA,Cultivar,91ISI4
PI 603835,27,27,False,Maize.Group.PVP,The inbred line 3IBZ2 was crossed to inbred line 3IIH6.,USA,Cultivar,91ISI6
PI 603839,27,27,False,Maize.Group.PVP,The inbred line 87916W was crossed to a line derived from Pioneer hybrid 3180.,USA,Cultivar,9DZD2W
PI 603840,27,27,False,Maize.Group.PVP,"The inbred line BA208 was crossed to inbred line HBA1, and subsequently backcrossed to HA1 once.",USA,Cultivar,GM9215
PI 603841,27,27,False,Maize.Group.PVP,The inbred line NL017A was crossed to a line derived from Pioneer hybrid 3343.,USA,Cultivar,RDBQ2
PI 603842,27,27,False,Maize.Group.PVP,The inbred line WDAQ2 was crossed to a line derived from Pioneer hybrid 3293.,USA,Cultivar,WQDS2
PI 603903,26,26,False,Maize.Group.PVP,2FACC x AQA3,USA,Cultivar,87DIA4
PI 603906,17,17,False,Maize.Group.PVP,The inbred line LH132 was crossed to 8F036 (derived from B73). S2-S4 were grown ear-to-row.,USA,Cultivar,MF1113B
PI 603967,26,26,False,Maize.Group.PVP,WFA001 X PBX002.  WFA001 is a proprietary Novartis Seeds inbred derived from B79A/B73*1.  Parent PBX002 was derived from selfing Pioneer hybrid 3358.,USA,Cultivar,NP2029
PI 603968,26,26,False,Maize.Group.PVP,"D102N02-A252-1-1-1-* X LHE136.  D102N02-A252-1-1-1 was an inbred developed by Novartis Seeds, Inc. from a population which originated from BS10(FR)C3.  BS10(FR)C was obtained from Iowa State University.  LHE136 is a Holden's Foundation Seed Co. inbred with the pedigree (B73 X H60) X B73 derived from selfing within a project containing a B73 and a B37 type line.",USA,Cultivar,NP2151
PI 603976,26,26,False,Maize.Group.PVP,NP787 X J8606.  NP787 is a Novartis proprietary line developed from Va17 X Va29.  J8606 is a Novartis proprietary line developed from P101 X C103G.  P101 is a Novartis proprietary line and C103G is an inbred obtained from Callahan Seed Company.,USA,Cultivar,NP2031
PI 603977,26,26,False,Maize.Group.PVP,( Y9017 X H8431 ) X H8431.  H8431 is a Novartis proprietary line and Novartis proprietary line Y9017 was developed by selfing Pioneer hybrid 3417.,USA,Cultivar,NP2115
PI 603978,27,27,False,Maize.Group.PVP,PHT69 X PHRE1 specifically PHT69/PHRE1)XA5331211X.,USA,Cultivar,PH185
PI 603980,27,42,False,Maize.Group.PVP,PHN18 X PHEW7 specifically PHN18/PHEW7)X11K22K3X .  ,USA,Cultivar,PH2CB
PI 603981,27,27,False,Maize.Group.PVP,PHK76 X PHJ40 specifically PHK76/PHJ40)X111K2134K41K558X.,USA,Cultivar,PHMJ2
PI 604234,26,26,False,Maize.Group.PVP,787 X LH51.  Novartis proprietary inbred line 787 is derived from Va17 X Va29.  LH51 is a Lancaster inbred from Holden's Foundation Seed Inc.,USA,Cultivar,NP2066
PI 604605,30,34,False,Maize.Group.Ames.Panel.2010,"Selected from Nebraska B and Nebraska S Synthetics, NB and NS.",USA,Breeding material,N522
PI 605375,30,45,False,Maize.Group.PVP,AC 647 HC/5*AC 03.  AC 647 is the recurrent parent and AC 03 is the donor parent.  AC 647 is a high color inbred whose pedigree started with FLA 2132 sh2 and the hybrid Showcase with FLA 2132 sh2 the recurrent parent and Showcase the donor parent.  Later SS 7410 was crossed producing high color kernels that were further selected by pedigree breeding.  AC 03 is the male parent of the hybrid sweetcorn 781 Ultra.,USA,Cultivar,AC 33892
PI 605380,17,17,False,Maize.Group.PVP,"PHEH5 X PHR03 specifically PHEH5/PHR03)X22223X.  Variety PHEH5 was derived from a single cross hybrid PHR12 X PHV78 (PVP Certificate Number 8800003) The progenitors are proprietary varieties of Pioneer Hi-Bred International, Inc .  Variety PHR12 was derived from a single cross hybrid PH814 X PH848. The varieties C103, OS420, 38-11, OS426 contributed greatly to the genotype in the derivation of PH814. Varieties SRS303, OH43, OS420, OS426, MINN49, IDT, AR4, I205, SRS303, and LF51 contributed to the genotype in the derivation of PH848.",USA,Cultivar,PH21T
PI 605381,17,17,False,Maize.Group.PVP,PHJ90 X PHKW3 specifically PHJ90/PHKW3)MXB72111X.,USA,Cultivar,PH1B5
PI 605382,17,17,False,Maize.Group.PVP,PHN46 X TGH12 specifically PHN46/TGH12)W61K24K5X.  TGH12 is a cross between PHV78 and a selection from TGCR28 (TGCR282423)612222).  TGCR28 was a CIMMYT population that was a composite of several lines and varieties including Tuxpeno from the Caribbean area.,USA,Cultivar,PH14T
PI 605385,27,27,False,Maize.Group.PVP,PHK05 X ( PHK05 X PHT57 ) specifically PHK05<2PHT57)C11332113X.  PHT57 was derived from the single cross of Canadian public varieties CM7 and CM49.  ,USA,Cultivar,PH0JG
PI 605387,27,27,False,Maize.Group.PVP,PHJ40 X PHT11 specifically PHJ40/PHT11)X1113K42K3X.,FRA,Cultivar,PH45A
PI 605397,17,17,False,Maize.Group.PVP,"595 X ( PHR03 X PHWN0) specifically PH595*PHR031PHWN0)X52211X.  Variety 595 was derived by selfing and pedigree selection out of a single cross hybrid to produce an F2 in 1965 in Carollton, Missouri.  In 1968 the best plants from the F4 family were self-pollinated and a testcross was made to obtain estimates of the lines general combining ability. Selfing continued through the F7 generation after which no significant variation in the inbred was observed. Variety 595 has a relative genotypic contribution from 50% Female composite (after the bridging crosses were made between females it was open pollinated), 25% Midland Yellow Dent, 12.5% Illinois Long Ear, and 12.5% Illinois Two Ear. PHWN0 was derived from pedigree selection out of the F2 from the single cross G35 (PVP Certificate No.· 8300140) X PHK89. Variety PHK89 is a proprietary inbred line of Pioneer Hi-Bred International, Inc. Variety PHK89 was derived by pedigree selection out of the single cross hybrid 745 X PHB3Z. Variety PHB3Z was derived by pedigree selection from the 3-way cross hybrid T111 X ( T115 X 25 ), where 25 was derived from Improved Yellow Dent from New South Wales, Australia. Variety 745 was derived from the F2 population of a 3-way cross involving Coker #71 hybrid, an inbred derived from selection out of Whatley Open pollinated and LBSYNB.",USA,Cultivar,PH0V0
PI 605399,27,27,False,Maize.Group.PVP,"PHR25 X PHV58 specifically PHR25/PHV58)X2K41K11K15K33K2X.  PHV58 was developed from the F2 population of the cross PH891+207*207/C0109+343*207. Variety PH891 was derived from pedigree selection out of the F2 population of a single cross hybrid PH81G*343. Variety PH81G was derived from the hybrid B14<2A556+A509. Variety 343 was derived from a triple cross hybrid by pedigree selection. This hybrid had a relative percent genotypic contribution of 19% I205, 4.5% Linsdrom Long Ear (synthetic), 53% IDT, 19% MINN49, and 4.5% Troyer Reid (population).",USA,Cultivar,PH1M7
PI 605705,27,27,False,Maize.Group.PVP,The inbred line 2FACC was crossed to inbred line FBLL.,USA,Cultivar,79314N1
PI 605718,27,27,False,Maize.Group.PVP,LH261 was developed from the single cross LH60 x LH127.,USA,Cultivar,LH261
PI 605720,27,27,False,Maize.Group.PVP,LH274 was developed from the single cross of LH82 x LH181.,USA,Cultivar,LH274
PI 605721,27,27,False,Maize.Group.PVP,CM105 was crossed to CB59G and then backcrossed with CM105.,USA,Cultivar,LH301
PI 605722,27,27,False,Maize.Group.PVP,LH302 was developed from the single cross of A665 x LH206.,USA,Cultivar,LH302
PI 606329,33,37,False,Maize.Set.Inbred.Diversity.282.Plus.NAM.Parents,P3140XP3751/98-3-2-2-2-3,USA,Breeding material,DE1
PI 606333,27,27,False,Maize.Group.PVP,PHK76 X PHJ89 specifically PHK76/PHJ89)XC313244K1X.,USA,Cultivar,PH1CN
PI 606335,27,27,False,Maize.Group.PVP,PHN46 X D146 specifically PHN46/D146)XA4XK22K41K62X.  D146 is a public line from Germany.,FRA,Cultivar,PH24D
PI 606338,27,27,False,Maize.Group.PVP,PHRE1 X PHBW8 specifically PHRE1/PHBW8)XB032432X.,USA,Cultivar,PH189
PI 606342,27,52,False,Maize.Group.PVP,807 X L8754.  L8754 is an inbred that was selfed from Pioneer hybrid 3790.,USA,Cultivar,NP2015
PI 606344,17,17,False,Maize.Group.PVP,"High oil synthetic F2 from Yugoslavia.  More specifically High oil synthetic F2 from Yugoslavia)B53242X.  The high oil syntetic F2 was derived from DS7UC7. This was from cycle 7 of a high oil population synthesized by recombination of elite inbred lines derived from U.S. Com Belt, Canadian and Yugoslavia origin populations according to ""Misevic et. al., 1985. Recurrent Selection for Percent Oil in Com. Genetika (Zemun, Yugosl.) 17:97-106.""  The population came from Maize Research Institute- Zemun Polje of Yugoslavia.",USA,Cultivar,PH0B3
PI 606347,17,17,False,Maize.Group.PVP,"PHK93 X PHHA4 specifically PHK93/PHHA4)X8213K12X.  Variety PHHA4 was derived from the single cross PHG47 X PHN22 by the pedigree method of breeding. Variety PHN22 is a proprietary inbred line of Pioneer Hi-Bred International Inc. The majority of the contribution of the genotype to variety PHN22 was derived from Coker 616 hybrid, OH43, OH45, C103, Jellicorse Yellow Synthetic, and Far South Open Pollinated Synthetic.",USA,Cultivar,PH0WE
PI 606348,17,17,False,Maize.Group.PVP,"PHHR5 X PHR03 specifically PHHR5/PHR03)WWX113212X.  PHHR5 was derived from the single cross PHT60 X PHK51.  The majority of the remaining contribution to the genotype for PHK51 was derived from OH43, OH45, C103, Coker 616 hybrid, Far South Open Pollinated Synthetic, and Jellicorse Synthetic.",USA,Cultivar,PH1NF
PI 606352,17,17,False,Maize.Group.PVP,LH123 X LH82.,FRA,Cultivar,SVAP7
PI 606353,17,17,False,Maize.Group.PVP,LH119 X B73.,FRA,Cultivar,SVBE4
PI 606354,17,17,False,Maize.Group.PVP,LH126 X Early private OH43.,FRA,Cultivar,SVCI17
PI 606795,17,17,False,Maize.Group.PVP,"Pioneer hybrid 3709 X MBS1341.  Pioneer 3709 is a hybrid marketed by Pioneer Hi-bred International of Johnston, Iowa.  MBS1341 is an inbred line marketed by MBS Incorporated of Story City, Iowa.",USA,Cultivar,MR724
PI 606796,26,26,False,Maize.Group.PVP,"G104 X LH119.  G104 is a proprietary line developed by Golden Seed Company derived from a B14 sythetic population.  LH119 is a proprietary line of Holden's Foundation Seeds, Inc.",USA,Cultivar,NR113
PI 607386,19,19,False,,Selected from BS21 developed from the cross of BS5 and BS20,USA,Breeding material,BS21(R)C7
PI 607387,19,19,False,,"Selected from BS22 developed by intermating 16 lines; A619, A632, B55, B68, C123, Ch9, CM37 (CMV3 x B14) B14, M14m Mo17, MS214, Pa884P, SD10, SD15, Va43, and W153R",USA,Breeding material,BS22(R)C7
PI 607388,19,34,False,,Developed by recombining BSL(S)C4 (PI 608771) and elite inbred lines derived from Lancaster,USA,Breeding material,GS01(R)C2
PI 607389,18,32,False,,"Formed by recombining BSSS(R)C6, BSSS(R)C7, and BS13(S)C1. B73 and A632 were introgressed into RSSSC to form GS02C0",USA,Breeding material,GS02(R)C3
PI 607390,18,32,False,,Developed from OhS3 (an Ohio selection from BS3) with introgression of B37,USA,Breeding material,GS03(R)C3
PI 607391,19,33,False,,Developed from VACEX (Virginia Corn Belt Exotic breeding population) developed by Clarence Genter,USA,Breeding material,GS15(R)C4
PI 607392,19,33,False,,"Developed from PHWI(M)C9 [Pioneer Hi-Bred West Indies composite with sources: C5-3x660 (11.30%), C103 (3.67%), C103x595 (2.82%), C103xAI-11 (8.19%), C103xHI-19 (8.76%), HyxE7-10 (11.86%), M14xCBB2-19 (3.39%), and exotic sources from: Cuba (23.45%), Dominican Rep. (3.95%), Haiti (0.85%), Martinique (10.73%), St. Croix (2.82%), Trinidad (8.19%)]",USA,Breeding material,GS18(R)C2
PI 607393,18,32,False,,"Developed from NSS(2), NS(B)FR(2), BS17, BS20(S)C2 and 6 elite Stiff stalk inbred lines",USA,Breeding material,GS20(R)C3
PI 607394,21,24,False,,"Developed from NBS(2), NB(S)FR(2), VaCBS(S)C4, and BS11(FR)C2 (PI 550477)",USA,Breeding material,GS23(R)C2
PI 607395,19,34,False,,Developed by intercrossing several elite non-Stiff stalk inbred lines,USA,Breeding material,GS24(R)C1
PI 607396,16,16,False,,Developed from FS7B,USA,Breeding material,GS27(R)C2
PI 607397,17,17,False,,Developed from FS7B and an Elite Virus Dent Synthetic,USA,Breeding material,GS32(R)C1
PI 607398,16,16,False,,Developed from CBW II with subsequent introgression of elite Corn Belt non-stiff stalk inbred lines,USA,Breeding material,GS50(M)C4
PI 607399,16,16,False,,Developed from CBW I with subsequent introgression of elite Corn Belt stiff stalk inbred lines,USA,Breeding material,GS51(M)C4
PI 607401,27,27,False,,,USA,Breeding material,Corn Belt-Southern Synthetic
PI 607515,29,53,False,,"Developed from crosses involving eight inbred lines (A73, B14, CO106, ND255, Oh43, V3, WD, WF9).",USA,Breeding material,AS-D
PI 607516,29,53,False,,"Developed from crosses of Cuzco Blanco with 10 inbred lines (A90, A427, A495, A498, A509, A513, A556, CMD5, MS1334, ND203) by three cycles of S1 recurrent selection.",USA,Breeding material,AS-DK(S)C3
PI 607519,30,50,False,Maize.Group.Ames.Panel.2010,Developed from (ND408 x ND230)x ND408.,USA,Breeding material,ND240
PI 607524,30,33,False,Maize.Group.Ames.Panel.2010,Developed from (ND203 x A636) x A636(2).,USA,Breeding material,A664
PI 607526,25,39,False,Maize.Group.Ames.Panel.Post.2010,Developed from (W129 x W128).  W128 and W129 were early experimental Wisconsin lines.,USA,Breeding material,ND100
PI 607527,20,24,False,Maize.Group.Ames.Panel.2010,Developed from (W739 x W845).,USA,Breeding material,ND300
PI 607542,26,26,False,Maize.Group.PVP,3IIH6 / (3IIH6 / 01IBH2),USA,Cultivar,83INI14
PI 607543,27,27,False,Maize.Group.PVP,A line derived from Pioneer hybrid 3953 was crossed to inbred line FBAB.,USA,Cultivar,86AQV2
PI 607544,27,27,False,Maize.Group.PVP,The inbred line IBC15 was crossed to inbred line 3IBZ2.,USA,Cultivar,86ISI5
PI 607545,27,27,False,Maize.Group.PVP,The inbred line FBLL was crossed to the inbred line RQAA8.,USA,Cultivar,WDHQ2
PI 607546,27,27,False,Maize.Group.PVP,The inbred line 01IBH2 was crossed to the inbred line 3IIH6.,USA,Cultivar,83INI8
PI 607547,27,27,False,Maize.Group.PVP,The inbred line 01IBH2 was crossed to the inbred line MBZA.,USA,Cultivar,01HGI2
PI 607551,27,27,False,Maize.Group.PVP,The DeKalb inbred line F204 was first crossed to the inbred line LH132.  The resulting hybrid was then crossed with DeKalb line MF110A.  F204 is derived from public line B73.,USA,Cultivar,F351
PI 607552,27,42,False,Maize.Group.PVP,The inbred line FBLL was crossed to the inbred line LH194.,USA,Cultivar,22DHD11
PI 607553,27,27,False,Maize.Group.PVP,The inbred line 01IBH2 was crossed to the inbred line 3IIH6.,USA,Cultivar,17INI20
PI 607554,27,27,False,Maize.Group.PVP,The inbred line 8F196 was crossed to the inbred line WDDQ1.,USA,Cultivar,09DSS1
PI 607555,27,28,False,Maize.Group.PVP,The inbred line 3IIH6 was crossed to the inbred line MM501D.,USA,Cultivar,01INL1
PI 607588,27,27,False,,,USA,Breeding material,Yellow Paymaster
PI 607589,27,27,False,,,USA,Landrace,Thompsons Prolific
PI 607590,27,27,False,,,USA,Breeding material,Smooth Synthetic
PI 607591,27,27,False,,,USA,Breeding material,Stiff Stalk Synthetic
PI 607592,27,27,False,,,USA,Breeding material,Rough Synthetic
PI 607593,27,27,False,,,USA,Landrace,Silver King
PI 607594,27,27,False,,,USA,Breeding material,Ear Rot Resistant Synthetic
PI 607595,26,26,False,,,USA,Breeding material,Disease Susceptible Synthetic
PI 607596,26,26,False,,,USA,Breeding material,Kyles Early Yellow
PI 607597,27,27,False,,,USA,Breeding material,Low Ear Synthetic
PI 607598,27,27,False,,,USA,Breeding material,Early Synthetic
PI 607599,27,27,False,,,USA,Landrace,Krug
PI 607600,27,27,False,,,USA,Landrace,Whatleys Prolific
PI 607601,26,26,False,,,USA,Breeding material,Ear Rot Susceptible Synthetic
PI 607602,27,27,False,,,USA,Landrace,Midland
PI 607603,27,27,False,,,USA,Breeding material,Long Husked Krug
PI 607604,27,27,False,,,USA,Landrace,Yellow Thompson
PI 608452,20,20,False,,,USA,Landrace,Lathams Double
PI 608453,26,26,False,,,USA,Landrace,Woods Prolific
PI 608454,26,26,False,,,USA,Landrace,R D Howard
PI 608455,27,42,False,,,USA,Landrace,Wilkes County White
PI 608456,26,26,False,,,USA,Landrace,Yellow Horsetooth
PI 608457,26,26,False,,,USA,Landrace,Blackland Jarvis
PI 608458,27,27,False,,,USA,Landrace,Newton Red
PI 608459,26,26,False,,,USA,Landrace,Woods Golden Dent
PI 608460,27,27,False,,,USA,Landrace,Ayers Prolific
PI 608461,26,26,False,,,USA,Landrace,Sutton
PI 608462,26,26,False,,,USA,Landrace,Johnson
PI 608463,25,25,False,,,USA,Landrace,Herring
PI 608464,21,21,False,,,USA,Landrace,Lathams Yellow
PI 608465,26,26,False,,,USA,Landrace,Midland
PI 608466,25,25,False,,,USA,Landrace,Newsome
PI 608467,26,26,False,,,USA,Landrace,Fitzgerald R1
PI 608468,25,25,False,,,USA,Landrace,Kings
PI 608469,25,25,False,,,USA,Landrace,Highsmith
PI 608470,25,25,False,,,USA,Landrace,Whitleys
PI 608471,27,27,False,,,USA,Landrace,Wallis
PI 608472,25,25,False,,,USA,Landrace,Robeson County
PI 608473,24,24,False,,,USA,Landrace,Strother Yellow
PI 608474,25,25,False,,,USA,Landrace,Highland Horsetooth
PI 608475,25,25,False,,,USA,Landrace,Edmister
PI 608476,25,25,False,,,USA,Landrace,Ashe County Yellow
PI 608477,26,41,False,,,USA,Landrace,Brevard
PI 608478,25,25,False,,,USA,Landrace,Holcombe Prolific
PI 608479,25,25,False,,,USA,Landrace,Haywood County
PI 608480,25,25,False,,,USA,Landrace,Nicholas
PI 608481,26,26,False,,,USA,Landrace,Ellis
PI 608482,26,26,False,,,USA,Landrace,Von Cannon
PI 608483,26,26,False,,,USA,Landrace,Burleson
PI 608484,26,26,False,,,USA,Landrace,Huntley
PI 608485,25,25,False,,,USA,Landrace,Bean
PI 608486,25,25,False,,,USA,Landrace,Ferrell
PI 608487,27,42,False,,,USA,Landrace,Middleton
PI 608488,25,25,False,,,USA,Landrace,Simpson
PI 608489,26,26,False,,,USA,Landrace,Shepherds
PI 608490,26,26,False,,,USA,Landrace,Shepherds Mixed
PI 608491,26,26,False,,,USA,Landrace,Winchester
PI 608492,25,25,False,,,USA,Landrace,Heel Tap
PI 608493,24,24,False,,,USA,Landrace,Allegheny
PI 608494,26,26,False,,,USA,Landrace,Pate
PI 608495,25,25,False,,,USA,Landrace,Millers Special
PI 608496,25,25,False,,,USA,Landrace,Moss
PI 608497,25,25,False,,,USA,Landrace,Smith
PI 608498,25,25,False,,,USA,Landrace,Furgeson
PI 608499,25,25,False,,,USA,Landrace,Wright
PI 608500,25,25,False,,,USA,Landrace,Boyds Special
PI 608501,26,26,False,,,USA,Landrace,Hollidays
PI 608502,25,25,False,,,USA,Landrace,Johnsons Prolific
PI 608503,25,25,False,,,USA,Landrace,Limbercob
PI 608504,26,26,False,,,USA,Breeding material,JARVIS LONG-EAR COMPOSITE
PI 608505,25,25,False,,,USA,Breeding material,JARVIS BIG-EAR COMPOSITE
PI 608506,25,25,False,,,USA,Breeding material,JARVIS LOW-EAR COMPOSITE
PI 608507,26,26,False,,,USA,Breeding material,JARVIS HIGH-YIELD COMPOSITE
PI 608508,25,25,False,,,USA,Landrace,Weekleys
PI 608509,25,25,False,,,USA,Landrace,Andersons White
PI 608510,27,27,False,,,USA,Landrace,Gates County
PI 608511,25,25,False,,,USA,Landrace,Kellogs Strawberry
PI 608512,26,26,False,,,USA,Landrace,High Yellow
PI 608513,26,26,False,,,USA,Landrace,Grants Special
PI 608514,25,25,False,,,USA,Landrace,Hawkes
PI 608515,25,25,False,,,USA,Landrace,Gate Post
PI 608516,25,25,False,,,USA,Landrace,Shoepeg
PI 608517,25,25,False,,,USA,Landrace,John Fequtte
PI 608518,26,26,False,,,USA,Landrace,Iowa
PI 608519,18,18,False,,,USA,Landrace,Smiths Shoepeg
PI 608520,26,26,False,,,USA,Landrace,McCutchens Shoepeg
PI 608521,25,25,False,,,USA,Landrace,Yellow Shoepeg
PI 608522,25,25,False,,,USA,Landrace,Locklear
PI 608523,28,42,False,,,USA,Landrace,Blue Tick
PI 608524,26,26,False,,,USA,Landrace,Lail Flint
PI 608525,25,25,False,,,USA,Landrace,Tom Denton
PI 608526,25,25,False,,,USA,Landrace,Masons Nantahola Multiple Ear
PI 608527,25,40,False,,,USA,Landrace,Mama Kat Corn
PI 608528,25,25,False,,,USA,Landrace,Iredell Virus Resistant
PI 608529,26,26,False,,,USA,Landrace,Biggs Two Ear
PI 608530,25,25,False,,,USA,Landrace,Southern Beauty
PI 608531,20,20,False,,,USA,Landrace,Davenport Roper (R L)
PI 608532,26,26,False,,,USA,Landrace,Honbarriers Ensilage
PI 608533,26,41,False,,,USA,Landrace,Eureka Ensilage
PI 608534,26,26,False,,,USA,Landrace,Taylor
PI 608535,25,25,False,,,USA,Landrace,Goodmans
PI 608536,26,26,False,,,USA,Landrace,Moss R R
PI 608537,27,41,False,,,USA,Landrace,Hoilman
PI 608538,26,26,False,,,USA,Landrace,Cokes Prolific
PI 608539,25,25,False,,,USA,Landrace,Tennessee Red Cob
PI 608540,26,26,False,,,USA,Landrace,Nixon
PI 608541,25,25,False,,,USA,Landrace,Seven Springs
PI 608542,27,27,False,,,USA,Landrace,Strother White
PI 608543,26,26,False,,,USA,Landrace,Johnson (Wake County)
PI 608544,26,26,False,,,USA,Landrace,Poor Boy
PI 608545,26,40,False,,,USA,Landrace,Bakersville
PI 608546,26,26,False,,,USA,Landrace,Long Praire
PI 608547,25,25,False,,,USA,Landrace,Silas Farmer
PI 608548,26,26,False,,,USA,Landrace,Masons Nantahala
PI 608549,25,25,False,,,USA,Landrace,Valle Crucis
PI 608550,26,40,False,,,USA,Landrace,Wards
PI 608551,25,25,False,,,USA,Landrace,Ober Paul
PI 608552,25,25,False,,,USA,Landrace,No Cob
PI 608553,27,54,False,,,USA,Landrace,Marion
PI 608554,24,24,False,,,USA,Landrace,Johnson (Siler City)
PI 608555,18,19,False,,,USA,Landrace,Coley
PI 608556,26,26,False,,,USA,Landrace,Gardiners
PI 608557,27,42,False,,,USA,Landrace,Harris
PI 608558,26,26,False,,,USA,Landrace,Powells Large Grain
PI 608560,27,27,False,,,USA,Landrace,Knowles
PI 608567,26,26,False,Maize.Group.PVP,KW7691/4*(Mo17 X (Mo17 X (Monsanto R1232Bt X B73))).  KW7691 is PVP 9300237.  R10232Bt has a A188Bt derivation.,DEU,,
PI 608569,27,27,False,Maize.Group.PVP,LH266 was initiated from the single cross of LH213 x LH212Ht.,USA,Cultivar,LH266
PI 608570,27,27,False,Maize.Group.PVP,The single cross LH206 x LH146Ht was crossed with LH145.,USA,Cultivar,LH303
PI 608571,27,27,False,Maize.Group.PVP,LH277 was developed from the single cross of LH172 x LH165.,USA,Cultivar,LH277
PI 608572,27,27,False,Maize.Group.PVP,LH265 was developed from the single cross of LH210 x LH213.,USA,Cultivar,LH265
PI 608573,27,27,False,Maize.Group.PVP,LH229 was developed from the single cross of LH198 x Lh224.,USA,Cultivar,LH229
PI 608599,26,26,False,,Original source of variety was Bloody Butcher.,USA,Landrace,Bloody Butcher
PI 608600,26,26,False,,2 years of culture on the Antecino farm with good isolation.,USA,Landrace,Blue Flour
PI 608602,26,26,False,,39 years of culture on the Lopez farm.  Good isolation since hybrids were not grown in the area.,USA,Landrace,Blue Flour
PI 608603,26,26,False,,"12 years of culture on the Henderson farm.  Fair isolation, probable crossing with Henderson's open-pollinated yellow dent and that of his neighbor's.  Henderson mixed about 5% yellow kernels with the variety every few years.",USA,Landrace,Calico
PI 608604,26,26,False,,A number of years of culture on the Whitney farm with good isolation.,USA,Landrace,Calico
PI 608605,26,26,False,,,USA,Landrace,Binbuster Colorado Yellow Dent
PI 608606,25,25,False,,,USA,Landrace,COLORADO 13
PI 608607,26,26,False,,"Original source of variety was Minnesota 13.  ~35 years of culture on the Williams farm.  Isolation was fair since Williams gave his neighbors the corn whenever their fields were nearby, and tried to keep his RYD at the other end of the farm.  However, some mixing has probably occurred.",USA,Landrace,Colorado 13
PI 608608,22,22,False,,,USA,Landrace,Colorado Yellow Dent
PI 608609,26,26,False,,3 years of culture on the McDowell farm.  Fair isolation with the nearest corn 1/2 mile away and neither he or his neighbors grew hybrids.  May have been crossed with Bloody Butcher at one time.,USA,Landrace,Cedaredge Special
PI 608610,26,26,False,,Original source of variety was Lancaster Surecrop which Jacobs got from Pennsylvania.  At least 20 years of culture on the Jacobs farm.,USA,Landrace,14-Row Kattle Corn
PI 608611,26,26,False,,"Original source of variety was Iowa Goldmine from Iowa.  At least 15 years of culture by Mudge.  Mudge lived in several different places in the northern region of the valley and grew this corn in all of those places.  Isolation unknown, closest corn at time of collection was 1/2 mile away.",USA,Landrace,Iowa Goldmine
PI 608612,26,26,False,,,USA,Landrace,Iowa Silvermine
PI 608613,26,26,False,,Original source of variety was a strain of Iowa Silvermine (according to Oestman).  15 years of culture on Oestman farm with good isolation.,USA,Landrace,Iowa Silvermine
PI 608614,26,26,False,,Original source of variety was Iowa Silvermine.  25 years of culture on Whitney farm.  Good isolation since Whitney tried to keep it separated from other corn.  The nearest corn at time of collection was Whitney's Calico field 1 1/4 miles southeast.,USA,Landrace,Iowa Silvermine
PI 608615,26,26,False,,38 years of culture on Selan farm.  Fair isolation since there had been some crossing with other types.,USA,Landrace,Iowa Yellow Dent
PI 608616,26,26,False,,"10 years of culture on LeBlanc farm.  Fair isolation, had been kept as free as possible from hybrids.  There was some crossing with a Yuma stock in 1950, but little evidence of the cross existed at the time of collection.",USA,Landrace,LeBlanc's 90-Day Yellow Dent
PI 608617,26,52,False,,Mixture of a local white variety and an early white variety from Minnesota.  13 years of culture on the Lambert farm with good isolation.,USA,Landrace,Logan County White Dent
PI 608618,23,23,False,,Original source of variety was Minnesota 13.  27 years of culture on the Brandenburg farm with good isolation.,USA,Landrace,Minnesota 13
PI 608619,45,45,False,,"Original source of variety was Minnesota 13.  3 years of culture on the Serve farm.  Fair isolation since Serve tried to maintain separation, but he also raised the variety Cedaredge Special.",USA,Landrace,Minnesota 13
PI 608621,22,22,False,,Variety originated from a mixture of Minnesota 13 (for earliness) and Reids Yellow Dent (for kernel depth).  37 years of culture on the Meakins farm.  Good isolation since Meakins stopped growing it when hybrids came along.,USA,Landrace,Minnesota 13 X Reid's Yellow Dent
PI 608622,22,22,False,,"39 years of culture on the Henderson farm.  Every 2 or 3 years Henderson would add 5% of a 90-day eastern yellow dent (from southeast Kansas) to 95% of his own.  He avoided ""inbreeding"" by selecting his seed corn over the entire field.  Fair isolation since most of the corn grown in the region was open-pollinated derived from Henderson.  Closest hybrid was 1 mile south and the prevailing winds were from the north.  However, Henderson grew some Calico on his farm.",USA,Landrace,Native Yellow Dent
PI 608623,26,26,False,,Original source of variety was Lancaster Surecrop from Pennsylvania.  At least 20 years of culture on the Jacobs farm.,USA,Landrace,12-Row Kattle Corn
PI 608624,26,26,False,,1 year of culture on the Renzelman farm.  Fair isolation since there was not much corn grown in the area.,USA,Landrace,Wachter's True Gold
PI 608625,25,25,False,,25 years of culture on the Clark farm with fair isolation.,USA,Landrace,Wachter's True Gold
PI 608626,26,26,False,,Original source of variety was Minnesota 13.  42 years of culture on the Winters farm with good isolation.,USA,Landrace,Colorado 13
PI 608627,26,26,False,,"4 years of culture on the Arrellano farm.  Poor isolation, there may have been some mixing with Arrellano's white flour and bule flour corns.",USA,Landrace,White Dent
PI 608628,25,25,False,,Native white dent with over 30 years of culture on the Sallee and Singer farm.,USA,Landrace,White Dent
PI 608629,26,26,False,,Original source of variety was Australian White Flint.  54 years of culture on the Sallee and Singer farm.,USA,Landrace,Australian White Flint
PI 608631,26,26,False,,30 years of culture on the Kroeger farm.,USA,Landrace,White Dent
PI 608632,25,25,False,,"14 years of culture on the Atkins farm.  Fair isolation since hybrids had been across the road to the east since 1957, but prevailing wind is northwest.",USA,Landrace,Yellow Dent
PI 608633,25,25,False,,"20-30 years of culture on the Harper farm.  Fair isolation since no steps were taken to isolate this variety, however not much corn was grown in the area.",USA,Landrace,Yellow Dent
PI 608634,26,26,False,,15 years of culture on the Houston farm.  Poor isolation since it was occasionally grown close to hybrids.,USA,Landrace,Yellow Dent
PI 608635,26,26,False,,13 years of culture on the Kipp farm.,USA,Landrace,Yellow Dent
PI 608636,25,25,False,,"10 years of culture on the Oestman farm.  Poor isolation since some white corn (possibly belonging to his brother, Fred Oestman) appparently got into the stock since there were some white cap kernels and white cobs.",USA,Landrace,Yellow Dent
PI 608637,22,22,False,,4 years of culture on the Paintin farm.  Poor isolation since other corn had been grown fairly close.,USA,Landrace,Yellow Dent
PI 608638,26,26,False,,,USA,Landrace,Yellow Dent
PI 608639,26,26,False,,10 years of culture on the Singleton farm.  Poor isolation since the neighbors had grown hybrids for about 3 years.,USA,Landrace,Yellow Dent
PI 608640,25,25,False,,,USA,Landrace,Yellow Dent
PI 608641,26,26,False,,2 years of culture on the Smith farm with good isolation.,USA,Landrace,Yellow Dent
PI 608642,26,27,False,,,USA,Landrace,Yellow Dent
PI 608643,26,26,False,,,USA,Landrace,Reids Yellow Dent
PI 608644,26,26,False,,This variety originated from a cross Hall made about 1930 between Reid Yellow Dent and White Elephant (a white flint variety with a white cob).  About 30 years of culture on the Hall farm.  Good isolation since there had been little chance for crossing with other corns.,USA,Landrace,Yellow Dent
PI 608645,25,25,False,,Over 20 years of culture on the Pedersen farm with good isolation.,USA,Landrace,White Dent
PI 608646,25,25,False,,Variety originated from Minnesota 13.,USA,Landrace,Minnesota 13
PI 608647,26,26,False,,Original source of variety was Iowa Silvermine.  33 years of culture on the Erion farm.  Good isolation since Erion quit growing this variety when hybrids came along.,USA,Landrace,Iowa Silvermine
PI 608648,26,26,False,,Original source of variety was Australian White Flint.  Several years of culture on the Thompson farm.,USA,Landrace,Australian White Flint
PI 608650,26,27,False,,,USA,Landrace,Kerfoot
PI 608651,26,27,False,,,USA,Landrace,Colorado Yellow Dent
PI 608652,26,27,False,,Original source of variety was Golden Glow.,USA,Landrace,Golden Glow
PI 608653,26,26,False,,1 year of culture on the Schaeffer farm.  Fair isolation since one ear had a few sweet corn kernels and Schaeffer said there was sweet corn nearby.,USA,Landrace,Squaw Corn
PI 608654,26,26,False,,,USA,Landrace,Rainbow Flint
PI 608655,25,25,False,,Original source of variety was Iowa Silvermine.  About 28 years of culture on the Foster farm.  Good isolation since Foster practiced strict selection for pure white kernels.  Yellow kernels very seldom showed in later years.,USA,Landrace,Iowa Silvermine
PI 608656,25,25,False,,Original source of variety was Iowa Silvermine.  4 years of culture on the Serve farm.  Very good isolation since Serve tried to keep all his varieties at least 500 feet apart and none of his neighbors' corn was closeby.,USA,Landrace,Iowa Silvermine
PI 608764,26,30,False,Maize.Group.Ames.Panel.2010,B55 is a selection from the single cross Oh45 x W92 tested as (Oh45 x W92)-1-1-2.,USA,Breeding material,B55
PI 608769,19,21,False,,"BSCB7 was developed from Pennsylvania Intermediate Synthetic.  Information on source materials is not complete, but the following inbred lines were included: A, A71, C103, K155, NC34, Oh04, Oh26, Oh28, Oh40B, W23, L317, Os420, WF9, and M14.",USA,Breeding material,BSCB7
PI 608770,19,21,False,,"BSCB8 was developed from Pennsylvania Late Synthetic.  Information on source materials is not complete, but the following inbred lines were included: A, A71, C103, K155, NC34, Oh04, Oh26, Oh28, Oh40B, W23, L317, Os420, WF9, and M14.",USA,Breeding material,BSCB8
PI 608773,19,20,False,,BS7 was developed from Kenya CBK (CBK I) by two cycles of mass selection in Iowa.,USA,Breeding material,BS7
PI 608805,18,18,False,,Developed by selfing for 8 generations in a cross between two S1 lines from Multiple Borer Resistant (MBR) populations developed at CIMMYT.,USA,Breeding material,Mp713
PI 608806,20,45,False,Maize.Group.Ames.Panel.2010,Developed by selfing for 8 generations in GT-DDSA (C5) (PI 518769).,USA,Breeding material,Mp714
PI 608821,28,29,False,,BS8 was developed from Kenya SK (CBK II) by two cycles of mass selection in Iowa.,USA,Breeding material,BS8
PI 610187,17,17,False,Maize.Group.PVP,PHDG1 X PHKW3 specifically PHDG 1/PHKW3)XA22224X.,USA,Cultivar,PH3KP
PI 610213,17,17,False,Maize.Group.PVP,PHTE4 X PH38D specifically PHTE4/PH38D)XKC3K14K3X.,USA,Cultivar,PH2VE
PI 610215,17,17,False,Maize.Group.PVP,PHP02 X (PHP02 X PHR62) specifically PHP02<PHR62)XXKC0245K2X.,USA,Cultivar,PH1CP
PI 610216,17,17,False,Maize.Group.PVP,PHAP9 X PHA52 specifically PHAP9/PHAF2)XA3K12K1X.  Variety PHAF2 was derived by pedigree selection from a single cross hybrid G50 (PVP Certificate No. 8300143) X PHP02 (PVP Certificate No. 8800212).,USA,Cultivar,PH2V7
PI 610217,27,27,False,Maize.Group.PVP,Pioneer line PH1EM was developed from the single cross hybrid PHHB4 x PHHB9.,USA,Cultivar,PH1EM
PI 610218,27,27,False,Maize.Group.PVP,"PHP55 X PHN74 specifically PHP55/PHN74)XB1131K32K31K1X.  Variety PHN74 was derived from the single cross hybrid PHB38 X 207 (PVP Certificate No. 8300144)). Variety PHB38 was derived by pedigree selection from the single cross hybrid 013 X 343. Variety 013 was derived by pedigree selection from the single cross hybrid. One parent (336)was derived by pedigree selection from the single cross hybrid OS420/OS426. The other parent was derived from the synthetic population Alberta Flint by pedigree selection. Variety 343 was derived by pedigree selection. It's background was derived primarily by pedigree selection and backcrossing from I205, IDT, and an inbred derived from Toyer Reid open pollinated population, and by backcrossing from MINN49 and IDT. ",USA,Cultivar,PH1M8
PI 610219,27,27,False,Maize.Group.PVP,"PHEF4 X PHTD5 specifically PHEF4/PHTD5)XA4K21K43K14K1X.  Variety PHEF4 was derived by pedigree selection from a single cross hybrid PHP02 (PVP Certificate No. 8800212) X SMER:6$OP (an open pollinated population).  Variety SMER-6$0P originated as a Pioneer composite of more southern prolific (multi-eared) germplasm.  It was derived from SMER.  SMER originated from Dr. William Brown as a ""prolific composit"".  It was later selected from 12-13 cycles of early flowering under high population at Mankato, MN.  It also had 7 cycles of sib mating and about 6 cycles of self and sib mating to improve stalk strength.",USA,Cultivar,PH1MD
PI 610220,27,27,False,Maize.Group.PVP,PHDN2 X PH54B specifically PHDN2/PH54B)X631K5X.  Variety PHDN2 was derived by pedigree selection from the single cross hybrid PHR25 (PVP Certificate No. 8300002) X PHR64. Variety PHR64 was derived by backcrossing and pedigree selection using variety B73 and variety 207 (PVP Certificate No. 8300144).,USA,Cultivar,PH3EV
PI 610221,17,17,False,Maize.Group.PVP,(PHT11*ASKC20)X312) X PHTE4 specifically PHT11*ASKC20)X312/PHTE4)XA06K41K2X. The synthetic population ASKC20 was crossed to PHT11.  Selfing and selection was practiced for four generations.  The resulting F5 generation was then crossed to inbred PHTE4.,USA,Cultivar,PH4TF
PI 610222,17,17,False,Maize.Group.PVP,PHRD6<4 [PHK76 waxy starch version])23X522X.  PHRD6 was the recurrent parent backcrossed four times.   A waxy version of PHK76 was the initial donor parent  for waxy endosperm.  The resulting inbred was selfed a further 6 generations selecting for homozygosity and phenotypic stability.,USA,Cultivar,PH9H3
PI 610223,17,17,False,Maize.Group.PVP,Pioneer 3921 hybrid X NP2144. NP2144 is a proprietary inbred of Novartis that was developed by selfing within Pioneer 3975 hybrid.,CAN,Cultivar,NP2213
PI 610493,28,30,False,Maize.Group.Ames.Panel.2010,Developed by two generations of selfing from an S2 family of the Multiple Borer Resistnat (MBR) population developed by the Int. Maize and Wheat Improvement Ctr. (CIMMYT)>,USA,Breeding material,NY5526
PI 611117,17,17,False,Maize.Group.PVP,PHN18 X PHP38 specifically PHN18/PHP38)WGX812253X.,USA,Cultivar,PH3GR
PI 611118,17,17,False,Maize.Group.PVP,PHN18 X PHGW5 specifically PHN18/PHGW5)WGX341232X. Variety PHGW5 was derived by pedigree selection from the single cross hybrid PHR06 X PHJ29.  Variety PHR06 was derived by pedigree selection from the single cross hybrid B47 (PVP Certificate No. 8300141) X PHJ76. Variety PHJ76 was derived by pedigree selection out of the single cross hybrid 645 X B73. Variety 645 was derived by pedigree selection from the single cross hybrid B37 X PHP3W. Variety PHP3W was derived by pedigree selection from the single cross hybrid B14 X C103.  Variety PHJ29 was derived by pedigree selection from the single cross hybrid B73 x G39 (PVP Certificate Number 8300115).,USA,Cultivar,PH3GK
PI 611122,17,17,False,Maize.Group.PVP,PHP38 X PHHB9 specifically PHP38/PHHB9)XA122222X.,USA,Cultivar,PH2VK
PI 611123,17,17,False,Maize.Group.PVP,PHP38 X PHHB9 specifically PHP38/PHHB9)XA112141X.,USA,Cultivar,PH2VJ
PI 611125,17,17,False,Maize.Group.PVP,"PHHR5 X PHR03 specifically PHHR5/PHR03)X1511K1X.  Variety PHHR5 was derived from the single cross PHT60 (Certificate No. 8800219) x PHK51.  The majority of the remaining contribution to the genotype for PHK51 was derived from OH43, OH45, Cl03, Coker616 hybrid, Far South Open Pollinated Synthetic, and Jellicorse Synthetic. ",USA,Cultivar,PH0WD
PI 611127,17,17,False,Maize.Group.PVP,PHHB4 X PHHB9 specifically PHHB4/PHHB9)XB02315X.,USA,Cultivar,PH224
PI 611129,27,27,False,Maize.Group.PVP,329 X CD3165.  Line 329 is a private line selectted out of BS13 synthetic that was derived by intercrossing six B14 related lines.  CD3165 is a composite of several S1 lines selfed from Pioneer Hybrid 3165.,USA,Cultivar,GSC1
PI 611130,27,27,False,Maize.Group.PVP,EBSSS Syn 1,USA,Cultivar,GSC3
PI 611133,17,17,False,Maize.Group.PVP,"PHRH1 X PHKW3 specifically PHRH1/PHKW3)XA34221X.  Variety PHRH1 was derived by pedigree selection from the single cross hybrid PH6W9 X PHR03 (PVP Certificate No. 9100097).  Variety PH6W9 was derived by pedigree selection from PH814 X PHG16. The varieties C103, OS420, 38-11, OS426 contributed greatly to the genotype in the derivation of PH814.  Variety PHG16 was derived by pedigree selection from PH814 X PHB41. Variety PHB41 was derived by pedigree selection from a triple cross hybrid.  Far South Open Pollinated synthetic, OH43, Coker616, I205, IDT, Troyer Reid Open Pollinated, and Minn49 contributed to the genotype in the derivation of PHB41.",USA,Cultivar,PH2E4
PI 611134,17,17,False,Maize.Group.PVP,PHP02 X PHR31 specifically PHP02/PHR31 )XP 12W3142W32X.,USA,Cultivar,PH1MR
PI 611135,27,27,False,Maize.Group.PVP,PHR31 X PHTD5 specifically PHR31/PHTD5)XA01K14K42#.,AUT,Cultivar,PH1K2
PI 612116,27,27,False,Maize.Group.PVP,LH253 was developed from the single cross of LH211 x LH210.,USA,Cultivar,LH253
PI 612117,27,27,False,Maize.Group.PVP,LH267 was initiated from the single cross of LH213 x LH217. The single cross was then crossed with LH210.,USA,Cultivar,LH267
PI 612158,17,17,False,Maize.Group.PVP,PHGG6 X PHBE2 specifically PHGG6/PHBE2)X64141X.  Variety PHGG6 was derived by pedigree selection from a single cross hybrid PHP02 (PVP Certificate No. 8800212) X PHR03 (PVP Certificate No. 9100097). ,USA,Cultivar,PH2N0
PI 612159,27,27,False,Maize.Group.PVP,PHRE1 X PHKM5 specifically PHRE1/PHKM5)XB913122X.,USA,Cultivar,PH3P0
PI 612160,17,17,False,Maize.Group.PVP,PHGG6 X PHAW6 specifically PHGG6/PHAW6)X12122X.  Variety PHGG6 was derived by pedigree selection from a single cross hybrid PHP02 (PVP Certificate No. 8800212) X PHR03 (PVP Certificate No. 9100097).,USA,Cultivar,PH2MW
PI 612161,17,17,False,Maize.Group.PVP,PHR03 X PHK56 specifically PHR03/PHK56)XB022232X.,USA,Cultivar,PH226
PI 612162,17,17,False,Maize.Group.PVP,PHJ90 X PHKW3 specifically PHJ90/PHKW3)MXB73354X.,USA,Cultivar,PH1B8
PI 612163,17,17,False,Maize.Group.PVP,PHWT1 X PHGG6 specifically PHWT1/PHGG6)X724K1X.  Variety PHGG6 was derived by pedigree selection from a single cross hybrid PHP02 (PVP Certificate No. 8800212) X PHR03 (PVP Certificate No. 9100097).,USA,Cultivar,PH2KN
PI 612166,17,17,False,Maize.Group.PVP,PHP55 X PHAP9 specifically PHP55/PHAP9)X21W21W5X.,USA,Cultivar,PH1W0
PI 612343,26,51,False,,Developed from simple backcross procedure for a recessive gene. Zapalote Chico 2451 was the recurrent parent for the backcross,USA,Breeding material,Shrunken Zapalote Chico
PI 612588,25,25,False,Maize.Group.PVP,LH287 was developed from the single cross of LH212Ht x Lh185.,USA,Cultivar,LH287
PI 612589,31,57,False,Maize.Group.PVP,LH197 X (LH197 X LH199),USA,Cultivar,LH244
PI 612590,27,27,False,Maize.Group.PVP,LH245 was developed from the single cross LH198 x Ex2323.,USA,Cultivar,LH245
PI 612591,25,25,False,Maize.Group.PVP,LH279 was developed from the single cross of LH186 x LH169Ht.,USA,Cultivar,LH279
PI 612592,25,25,False,Maize.Group.PVP,LH293 was developed from the single cross of LH163 x LH181.,USA,Cultivar,LH293
PI 613059,27,27,False,,"Synthesized from 20 short-seasons sources: (EMCT-6(op), EMCT-2(op), Haapala175, Pride5, United108, Ox303, (CO168 x CO24), Golden Glow, Rutherford(op), (Co113 x W103), Manitoba cold resistant synthetic Schindelmeiser F2, CG6, Pioneer experimental-1, KAS H1, (A498 x W103), MC101, W9, (Manitoba cold resistant synthetic x Northwestern Dent),(Northwestern Dent x Schindelmeiser).",CAN,Breeding material,CG-SynA CO
PI 613060,27,27,False,,"Synthesized from 20 short-seasons sources: (EMCT-6(op), EMCT-2(op), Haapalal75, Pride5, United108, Ox303, (CO168 x CO24), Golden Glow, Rutherford (op), Co113 x W103), Manitoba cold resistant synthetic, MC101, W9, (Manitoba cold resistant synthetic x Northwestern Dent), (Northwestern Dent x Schindelmeiser)",CAN,Breeding material,CG-SynA(S) C7
PI 613061,27,27,False,,"Synthesized from 20 short-seasons sources: (EMCT-6(op), EMCT-2(op), Haapala175, Pride5, United108, Ox303, (CO168 x CO24), Golden Glow, Rutherford(op), (Co113 x W103), Manitoba cold resistant synthetic, Schindelmeiser F2, CG6, Pioneer experimental-1, KAS H1, (A498 x W103), MC101, W9, (Manitoba cold resistant synthetic x Northwestern Dent), (Northwestern Dent x Schindelmeiser)",CAN,Breeding material,CG-SynA (HS) C18
PI 613062,27,27,False,,"Synthesized from 20 short-seasons sources: (EMCT-6(op), EMCT-2(op), Haapala175, Pride5, United108, Ox303, (CO168 x CO24), Golden Glow, (Rutherford(op), (Co113 x W103), Manitoba cold resistant synthetic, Schindelmeiser F2, CG6, Pioneer experimental-1, KAS H1, (A498 x W103), Mc101, W9, (Manitoba cold resistant synthetic x Northwestern Dent), (Northwestern Dent x Schindelmeiser)",CAN,Breeding material,CG-SynA(RRS)  C7
PI 613063,27,27,False,,"Synthesized from F2 of crosses between high altitude races from Colombian Andes (Rocamex V7, Blanco Rubi, and Cundinamarca 410) and W103, V3, CO113, ND203, A498, and CO106",CAN,Breeding material,CG-SynB(S) C7
PI 613064,27,27,False,,"Synthesized from F2 of crosses between high altitude races from Colombian Andes (Rocamex V7, Blanco Rubi, and Cundinamarca 410) and W103, V3, CO113, ND203, A498, and CO106",CAN,Breeding material,CG-SynB(HS) C18
PI 613065,27,27,False,,Cycle O was from the 5th recombination of a population developed at Penn State Univ. in 1961 by crossing some 1400 accessions from the world collection with Golden Cross Bantam sweet corn,CAN,Breeding material,CG-SynC(S) C3
PI 613066,27,27,False,,"Wigor is an early European dent variety, which may have originated from the population Wisconsin 25 (LWK personal communication). Excellent GCA",CAN,Breeding material,CG-Wigor CO
PI 613067,27,27,False,,"Wigor is an early European dent variety, which may have originated from the population Wisconsin 25 (LWK personal communication). Excellent GCA",CAN,Breeding material,CG-Wigor(S)C3
PI 613068,27,27,False,,"Wigor is an early European dent variety, which may have originated from the population Wisconsin 25 (LWK personal communication). Excellent GCA",CAN,Breeding material,CG-Wigor(RRS) C7
PI 613069,27,27,False,,Population represents the highest performing level of the A set of populations in the Hierarchical Open-ended Population Enrichment (HOPE) breeding system.,CAN,Breeding material,CG-HOPE Elite A (RRS) C6
PI 613070,27,27,False,,Population represents the highest performing level of the B set of populations in the Hierarchical Open-ended Population Enrichment (HOPE) breeding system,CAN,Breeding material,CG-HOPE Elite B (RRS) C6
PI 613071,27,27,False,,"Synthesized from 18 elite inbreds (A665, A632, A634, A635, A664, A669, B14A, B37, B73, CH591-23, CH586-12, CH591-36, CM105, CM174, H84, MS153, N28, SD24) from the BSSS heterotic pattern. CO263 used as the source of earliness",CAN,Breeding material,CG-Stiff Stalk CO
PI 613072,27,27,False,,"Synthesized from 18 elite inbreds (A665, A632, A634, A635, A664, A669, B14A, B37, B73, CH591-23, CH586-12, CH591-36, CM105, CM174, H84, MS153, N28, SD24) from the BSSS heterotic pattern. CO263 used as the source of earliness",CAN,Breeding material,CG-Stiff Stalk (RRS) C5
PI 613073,27,27,False,,"Synthesized from 18 elite inbreds (A665, A632, A634, A635, A664, A669, B14A, B37, B73, CH591-23, CH586-12, CH591-36, CM105, Cm174, H84, MS153, N28, SD24) from the BSSS heterotic pattern. CO263 was used as the source of earliness",CAN,Breeding material,CG-Stiff Stalk(S) C5
PI 613074,27,27,False,,"Synthesized from 18 elite inbreds (A665, A632, A634, A635, A664, A669, B14A, B37, B73, CH591-23, CH586-12, Ch591-36, CM105, CM174, H84, MS153, N28, SD24) from the BSSS heterotic pattern. CO263 was used as the source of earliness",CAN,Breeding material,CG-Stiff Stalk (Combined S & RRS) C4
PI 613075,27,27,False,,"Synthesized from 26 elite inbreds (A619, A661, A662, A663, A666, A667, A668, CH24, CH661-17, CH663-8, MS71, Oh545, Oh551, Pa762, SD23, SDp310, Va26, Va35, W64AHt, W117HHt, W153RHt, W406, CH671-7, CH671-28, H99, Mo17Ht) and 1 hybrid, Mo17Ht x WI53RHt, from the Lancaster heterotic pattern. Ox553 used as the source of earliness",CAN,Breeding material,CG-Lancaster CO
PI 613076,27,27,False,,"Synthesized from 26 elite inbreds (A619, A661, A662, A663, A666, A667, A668, CH24, CH661-17, CH663-8, MS71, Oh545, Oh551, Pa762, SD23, SDp310, Va26, Va35, W64AHt, W117HHT, W153Rht, W406, CH671-7, CH671-28, H99, Mo17Ht) and 1 hybrid, Mo17Ht x W153RHt, from the Lancaster heterotic pattern. Ox553 used as the source of earliness",CAN,Breeding material,CG-Lancaster (RRS) C5
PI 613077,27,27,False,,"Synthesized from 26 elite inbreds (A619, A661, A662, A663, A666, A667, A668, CH24, CH661-17, Ch663-8, MS71, Oh545, Oh551, Pa762, SD23, SDp310, Va26, Va35, W64AHt, W117HHt, W153RHt, W406, CH671-7, CH671-28, H99, Mo17Ht) and 1 hybrid, Mo17Ht x WI53RHt, from the Lancaster heterotic pattern. Ox553 used as the source of earliness",CAN,Breeding material,CG-Lancaster (S) C5
PI 613078,27,27,False,,"Synthesized from 26 elite inbreds (A619, A661, A662, A663, A666, A667, A668, CH24, CH661-17, CH663-8, MS71, Oh545, Oh551, Pa762, SD23, SDp310, Va26, Va35, W64AHt, W117HHt, W153RHt, W406, CH671-7, CH671-28, H99, Mo17Ht) and 1 hybrid, Mo17Ht x WI53RHt, from the Lancaster heterotic pattern. Ox553 used as the source of earliness",CAN,Breeding material,CG-Lancaster (combined S & RRS) C4
PI 613079,27,27,False,,"Synthesized from 6 inbreds (F120, CG6, [CO113)CO113 x (R x BR)-1) CO113-3-1-1], Przy Bioia (1468), Malapolanka(1488), Bodenii 1-2-2 (1500)) selected on the basis of reduced susceptibility to first brood corn borer and complementary to CG-CBII IRRS)",CAN,Breeding material,CG-CBI (RRS) C5
PI 613080,27,27,False,,"Synthesized from 11 inbreds (CM169, CM139, RB262, RC150, CG11, CG13, A385, CM40-3, A498, Wigor-2-1-2, 3W-775-127-sib-7-6-1) selected on the basis of reduced susceptibility to first brood corn borer and complementary to CG-CBI (RRS)",CAN,Breeding material,CG-CBII (RRS) C5
PI 613081,27,27,False,,"Synthesized from 12 commercial hybrids that exhibited drought tolerance: PAG SX 111, Pioneer 3949, Pioneer 3859, Pioneer 3978, Pioneer 3975A, Pioneer 3950, Pickseed 2599, Pickseed 2550, Martyn 8061, First Line 1626, First Line 1636 (OX713), Rothwell OX715. After CO, the population was divided into an A and B side for RRS; CO265 was the tester used to determine A side.",CAN,Breeding material,CG-Cross Canada Gene Pool CO
PI 613082,27,27,False,,"Synthesized from 12 commercial hybrids that exhibited drought tolerance: PAG SX 111, Pioneer 3949, Pioneer 3859, Pioneer 3978, Pioneer 3975A, Pioneer 3950, Pickseed 2599, Pickseed 2550, Martyn 8061, First Line 1626, First Line 1636 (OX713), Rothwell OX715. After CO, the population was divided into an A and B side for RRS; CO265 was the tester used to determine A side",CAN,Breeding material,CG-Cross Canada Gene Pool A (RRS) C3
PI 613083,27,27,False,,"Synthesized from 12 commerical hybrids that exhibited drought tolerance: PAG SX 111, Pioneer 3949, Pioneer 3859, Pioneer 3978, Pioneeer 3975A, Pioneer 3950, Pickseed 2599, Pickseed 2550, Martyn 8061, First Line 1626, First Line 1636 (OX713), Rothwell OX715. After CO, the population was divided into an A and B side for RRS; CO265 was the tester used to determine A side",CAN,Breeding material,CG-Cross Canada Gene Pool B (RRS) C3
PI 613084,27,27,False,,"Synthesized from 15 elite Guelph inbreds (CG) and one advanced line (94ET13). CG33, CG36, CG39, CG55, CG56, CG58, CG59, CG61, CG62, CG66, CG69, CG76, CG82, CG83, CG85",CAN,Breeding material,CG-SynGA CO
PI 613085,27,27,False,,"Synthesized from 14 elite Guelph inbreds (CG). CG40, CG42, CG44, CG57, CG63, CG64, CG65, CG67, CG68, CG70, CG71, CG72, CG80, CG87",CAN,Breeding material,CG-SynGB CO
PI 613086,27,27,False,,"Open-pollinated flint population from Germany that has been adapted for Guelph, Ontario, Canada, maturity",CAN,Breeding material,CG-Schindelmsieser(S) C4
PI 613087,27,27,False,,"OhS4(S) (C1) developed from BS4 at the Ohio Agric. Res. and Development Ctr. Crossed onto CG-SynA-NL, sib-mated for several generations and mass selected for earliness. CG-SynA-NL is an early version of CG-SynA developed initially by mass selection for earliness for 7 cycles at New Liskeard ON (1900 CHU). Later cycles used modified ear-to-row selection",CAN,Breeding material,CG-[OhS4(S) (C1) x CG-SynA-NL]
PI 613088,27,27,False,,"OhS3(S) (C1) was developed from BS3 at the Ohio Agricultural Res. and Development Ctr. It was crossed onto CG-SynA-NL, sib-mated for several generations and mass selected for earliness. CG-SynA-NL is an early version of CG-SynA developed initially by mass selection for earliness for 7 cycles at New Liskeard ON (1900 CHU). Later cycles used modified ear-to-row selection",CAN,Breeding material,CG-[OhS3(S) (C1) x CG-SynA-NL]
PI 613089,27,27,False,,"BS2 was developed at Iowa State Univ. from ETO Composite, a Colombian composite, and 6 early Corn Belt inbreds. It was crossed onto CG-Syn-A-NL, sib-mated for several generations and mass selected for earliness. CG-SynA-NL is an early version of CG-SynA developed initially by mass selection for earliness for 7 cycles at New Liskeard ON (1900 CHU). Later cycles mused modified ear-to-row selection",CAN,Breeding material,CG-[BS2 x CG-SynA-NL]
PI 613090,27,27,False,,"BS16 was developed at Iowa State Univ. by mass selection for adaptation in ETO Composite, a Colombian composite. It was crossed onto CG-SYnA-NL, sib-mated for several generations and mass selected for earliness. CG-SynA-NL is an early version of CG-SynA developed initially by mass selection for earliness for 7 cycles at New Liskeard ON (1900 CHU). Later cycles used modified ear-to-row selection",CAN,Breeding material,CG-[BS16 x CG-SynA-NL]
PI 613091,27,27,False,,F1 (Mexican Dent x CG-SynA-NL) x BC1 (CG-SYnA-NL recurrent parent) and mass selected for earliness. Results in approx. 37.5% exotic germplasm,CAN,Breeding material,CG-[Mexican Dent x CG-SynA-NL]
PI 613092,27,27,False,,F1 (Cateto Flint x CG-SynA-NL) x BC1 (CG-SynA-NL recurrent parent) and mass selected for earliness. Results in approx. 37.5% exotic germplasm,CAN,Breeding material,CG-[Cateto Flint x CG-SynA-NL]
PI 613093,27,27,False,,Originally developed by Cargill and released publicly as Cargill North Temperate Zone Coroico (PI 451692). The CG version underwent 4 generations of sib-matings for earliness,CAN,Breeding material,CG-Coroico Flour
PI 613094,27,27,False,,Originally developed by Cargill and released publicly as Cargill North Temperate Zone Cuzco (PI 451693). The CG version underwent 4 generations of sibbing for earliness in which approximately 60 out of 200 plants were selected.,CAN,Breeding material,CG-Cuzco Flour
PI 613095,27,27,False,,Originally developed by Cargill and released publicly as Cargill North Temperate Zone Cateto (PI 451694). The CG version underwent 8 generations of sibbing for earliness,CAN,Breeding material,CG-Cateto Flint
PI 613096,27,27,False,,Originally developed by Cargill and released publicly as Cargill North Temperate Zone Caribbean Flint-Dent (PI 451690). The CG version underwent 8 generations of sib-matings for earliness,CAN,Breeding material,CG-Caribbean Flint
PI 613143,17,17,False,Maize.Group.PVP,PHN18 X PH84A specifically PHN18/PH84A)WGXF423232X.  Variety PH84A was derived by pedigree selection from the single cross hybrid PHW52 (PVP Certificate Number 8800215) X PHP38 (PVP Certificate Number 9000250).,USA,Cultivar,PH5CT
PI 613144,17,17,False,Maize.Group.PVP,PH1P5 X PHR03 specifically PH1P5/PHR03)WGX52313X.  Variety PH1P5 was derived from the single cross hybrid PHT60 (PVP Certificate No. 8800219) X PHJ65 (PVP Certificate No. 9000245).,USA,Cultivar,PH5D6
PI 613148,17,17,False,Maize.Group.PVP,PH55C X PHTE4 specifically PH55C/PHTE4)XC031 W2X.,USA,Cultivar,PH54H
PI 613149,17,17,False,Maize.Group.PVP,PH44A<6PH2V9-2211-)X412KXEX.  PH44A was the recurrent parent and PH2V9 was the donor parent in six backcrosses.  Plants were selected for waxy endosperm with a PH44A type plant.  Variety PH2V9 was developed by the backcross breeding method. The recurrent parent for PH2V9 was variety PHBW8 (PVP Certificate Number 9200079) and the donor parent for PH2V9 was a source of the gene for waxy endosperm which produces nearly 100% amylopectin type starch.   ,USA,Cultivar,PH8V0
PI 613150,25,25,False,Maize.Group.PVP,PH79A<5PH2V9-211)X4K2X. PHJ8R was develeopd by the backcrossing breeding method followed by pedigree selection. The recurrent parent was PH79A. The donor parent was PH2V9.,USA,Cultivar,PHJ8R
PI 613151,27,27,False,Maize.Group.PVP,PHHB9/PHAG6)NXB33241X. PH3DT was developed from the single cross hybrid PHHB9 x PHAG6.,USA,Cultivar,PH3DT
PI 613152,27,27,False,Maize.Group.PVP,PHHB9/PH37C)XA13121X. PH2JR was developed from the single cross hybrid PHHB9 x PH37C.,USA,Cultivar,PH2JR
PI 613153,25,25,False,Maize.Group.PVP,PHR41<2PHN46)5249211X. PH0KT was developed by the backcrossing breeding method followed by pedigree selection. Variety PHR41 was the recurrent parent. Variety PHN46 was the donor parent.,USA,Cultivar,PH0KT
PI 613154,25,25,False,Maize.Group.PVP,PHKM0/PHT50)X91122132X. PH48V was developed from the single cross hybrid PHMKO x PHT50 using the pedigree method of plant breeding.,USA,Cultivar,PH48V
PI 613347,18,18,False,,,USA,Breeding material,C.999393
PI 613348,18,18,False,,,USA,Breeding material,C.999411
PI 613349,18,18,False,,,USA,Breeding material,C.999446
PI 613350,18,18,False,,,USA,Breeding material,C.999463
PI 613351,18,18,False,,,USA,Breeding material,C.999487
PI 613352,18,18,False,,,USA,Breeding material,GS10(R)C4
PI 613596,27,27,False,Maize.Group.PVP,PHTD5/PH14E)XA01W11W5X. PH51H was developed from the single cross hybrid PHTD5 x PH14E using the pedigree method of plant breeding.,USA,Cultivar,PH51H
PI 613597,25,25,False,Maize.Group.PVP,PHP02/PHRF1)XA265K11KX. PH4PV was developed from the single cross hybrid PHP02 x PHRF1 using the pedigree method of plant breeding.,USA,Cultivar,PH4PV
PI 613598,27,27,False,Maize.Group.PVP,PHFR8/PHTD5)XC51W21WA22X. PH1GD was developed from the single cross hybrid PHFR8 x PHTD5 using the pedigree method of plant breeding.,USA,Cultivar,PH1GD
PI 613599,27,27,False,Maize.Group.PVP,PHTD5/PH14E)X41W21W3X. PH50P was developed from the single cross hybrid PHTD5 x PH14E using the pedigree method of plant breeding.,USA,Cultivar,PH50P
PI 613615,27,27,False,Maize.Group.PVP,PHR63/PHND1)X52121X. PH3HH was develeopd from the single cross hybrid PHR63 x PHND1 using the pedigree method of plant breeding.,USA,Cultivar,PH3HH
PI 613616,25,25,False,Maize.Group.PVP,PHR03 X PHN46 specifically PHR03/PHN46)XC8112224X. PH1BC was develeopd from the single cross hyrbid PHR03 x PHN46.,USA,Cultivar,PH1BC
PI 613617,25,25,False,Maize.Group.PVP,PHR03/PHN46)XAF811112X. PH2EJ was developed from the single cross hyrbid PHR03 using the pedigree method of plant breeding.,USA,Cultivar,PH2EJ
PI 613622,25,25,False,Maize.Group.PVP,PHKM5<2PHFA5)C7911X. PH3PG was developed from the single cross hybrid PHKM5 x PHFAS using the backcrossing and pedigree methods of plant breeding.,USA,Cultivar,PH3PG
PI 613623,27,27,False,Maize.Group.PVP,PHKM5<2PHRE1)7632X. PH4TW was developed from the single cross hybrid PHKM5 x PHRE1 using the backcrossing and pedigree method of plant breeding.,USA,Cultivar,PH4TW
PI 613626,27,27,False,Maize.Group.PVP,PHKM5<PHRE1)7322X. PH4TV was developed from the single cross hyrbid PHKM5 x PHRE1 using the backcrossing and pedigree method of plant breeding.,USA,Cultivar,PH4TV
PI 614120,27,27,False,Maize.Group.PVP,"The inbred line GF9120 was crossed to the inbred line NL054B in Union City, Tennessee.",USA,Cultivar,GF6150
PI 614122,27,27,False,Maize.Group.PVP,"The inbred line FBLL was crossed to RQAA8 in Marion, Ohio.",USA,Cultivar,WDHQ11
PI 614123,27,27,False,Maize.Group.PVP,The inbred line IBC15 was crossed to inbred line 3IBZ2.,USA,Cultivar,86ISI26
PI 614124,27,27,False,Maize.Group.PVP,The inbred line IBC15 was crossed to inbred line 3IBZ2.,USA,Cultivar,86ISI27
PI 614125,27,27,False,Maize.Group.PVP,FBLL was crossed to a line derived from Pioneer hybrid 3394.,USA,Cultivar,22DHQ3
PI 614126,27,27,False,Maize.Group.PVP,(LH119 x S1067A) x FBLA.  DeKalb proprietary line S1067A is descended from B14 and SD5.,USA,Cultivar,87ATD2
PI 614127,27,27,False,Maize.Group.PVP,The inbred line 2FACC was crossed to inbred line FBLL.,USA,Cultivar,17DHD16
PI 614128,27,27,False,Maize.Group.PVP,The inbred line 01IBH2 was crossed to inbred line MBZA.,USA,Cultivar,01HGI4
PI 614129,27,27,False,Maize.Group.PVP,The inbred line 01IBH2 was crossed to inbred line MM501D.,USA,Cultivar,01IUL6
PI 614130,27,27,False,Maize.Group.PVP,The inbred line 01IBH2 was crossed to inbred line 3IIH6.,USA,Cultivar,17INI30
PI 614131,27,27,False,Maize.Group.PVP,The inbred line 81BRB1 was crossed to RQAA8.,USA,Cultivar,17QFB1
PI 614132,27,27,False,Maize.Group.PVP,The inbred line 3IIH6 was crossed to the inbred line 94KBZ1.,USA,Cultivar,94INK1A
PI 614134,27,27,False,Maize.Group.PVP,The inbred line WDAQ2 was crossed to a line derived from Pioneer hybrid 3394.,USA,Cultivar,4SCQ3
PI 614138,27,27,False,Maize.Group.PVP,The inbred lines 3IBZ2 and 3IIH6 were crossed.,USA,Cultivar,91ISI5
PI 614139,27,27,False,Maize.Group.PVP,The inbred 01IBH2 was crossed to inbred MBWZ.,USA,Cultivar,01HFI3
PI 614140,27,27,False,Maize.Group.PVP,01IBH2 / (MM402A / MM501D),USA,Cultivar,16IUL2
PI 614142,33,77,False,Maize.GEM.Group1.All-GEM-Releases,(Piura 144:PI 503806 x B94)\\\B94 S1,USA,Cultivar,GEMS-0001
PI 614734,25,87,False,Maize.Group.Ames.Panel.Post.2010,"Derived from Virgin Island population PI 504148.  PI 504148 is a CIMMYT synthetic based on collection location called Saint Croix Group 3 that contains SCRO 1, SCRO 2, and SCRO 3.  Collection SCRO 1 is race Saint Croix, SCRO 2 is race Chandelle, and SCRO 3 is a mix of races Early Caribbean and Saint Croix.",USA,Breeding material,Oh1VI
PI 614735,26,26,False,,"Original population = bulk of equal numbers of seed from three crosses of PI 340856 with G12#in, GT114 and ZC2451(P)C3, and ZC2451(P) x GT114. Result of six cycles of S1 recurrent selection for high maysin.",USA,Breeding material,EPM6
PI 614736,26,26,False,,"Original population = bulk of equal numbers of seed from chain crosses among seven single crosses involving the inbreds Ab618, Akd24, GT112, GT114, H30 and Tx501. Result of six cycles of S1 recurrent selection of high maysin.",USA,Breeding material,SIM6
PI 614819,27,43,False,Maize.Group.Ames.Panel.2010,Developed from Tuxpan by selfing for eight generations while selecting for resistance to aflatoxin accumulation,USA,Breeding material,Mp715
PI 614820,26,28,False,Maize.Group.Ames.Panel.2010,Developed by selfing within a cross between Mp708 and Mp78:518 (an unreleased line derived from Antigua Gpo. 2 and Republica Dominica Gpo. 1),USA,Breeding material,Mp716
PI 614856,17,17,False,Maize.Group.PVP,M42618 was developed from the cross of Pioneer Brand 3861 x WK743 using the pedigree method of breeding. Selfing and selection were conducted for six generations in the development of M42518. ,USA,Cultivar,M42618
PI 614857,17,17,False,Maize.Group.PVP,This line was developed from selfing the F1 generation of commercial hybrid Pioneer Brand 3751. A standard pedigree ear-row method of breeding was used. Selfing and selection were conducted for six generations.,USA,Cultivar,NR401
PI 614864,17,17,False,Maize.Group.PVP,,USA,Cultivar,JCR503
PI 614865,25,25,False,Maize.Group.PVP.Expiring.2024,,USA,Cultivar,820Y
PI 614865 Parent 1,26,26,False,Maize.Group.PVP,,USA,Cultivar,AC 66288
PI 614865 Parent 2,26,26,False,Maize.Group.PVP,,USA,Cultivar,AC 145
PI 614870,16,45,False,Maize.Group.PVP,"PHP51 X PHRB4 specifically PHP51/PHRB4)XA2112131. Varieties PHP51 and PH4B4 are proprietary inbred lines of Pioneer Hi-Bred International, Inc. PHP51 was derived by pedigree selection from a local commercial variety called Contibrasil 805.  The variety PHRB4 was derived by pedigre selection from a source that was 50% La Maquina 7422, 37.5% TDWNYMILD, and 12.5% Illinois Low Ear. The pedigree method of breeding was use.  Selfing and selection were practiced within from the above hybrid for nine generations using pedigree selection. During line development, crosses were made to inbred testers for the purpose of estimating the line's combining ability. Yield trials were grown at Itumbiara as well as other Pioneer research locations.",BRA,Cultivar,PH26N
PI 614871,27,41,False,Maize.Group.PVP,,USA,Cultivar,PH3AV
PI 614872,27,41,False,Maize.Group.PVP,,USA,Cultivar,PH36E
PI 614874,27,27,False,Maize.Group.PVP,85-857 x FR1064,USA,Cultivar,7SH382
PI 614875,27,27,False,Maize.Group.PVP,6RC608*4RC405,USA,Cultivar,6RC172
PI 615077,16,16,False,Maize.Group.PVP,"This line was developed from the single cross hybrid PHT9H x PHR33 using the pedigree selection method of plant breeding. Selfing was practiced from the above hybrid for 11 generations using pedigree selection. Yield trials were grown at Santa Cruz, Brazil as well as other Pioneer research locations in the United States.",BRA,Cultivar,PH0R8
PI 615078,27,27,False,Maize.Group.PVP,Pioneer brand hybrid 3751,USA,Cultivar,NP2052
PI 615526,26,26,False,,"Derived by selfing a selected full-sib family from the tropical population MBITA, developed by CYMMIT, Mexico, with multiple borer resistance to fall armyworm, southwestern corn borer and ECB. Line advanced ear-to-row by self-pollination to S5.",USA,Breeding material,N547
PI 615531,15,15,False,Maize.Group.PVP,LH85 X 912,USA,Cultivar,NP2167
PI 615567,17,17,False,Maize.Group.PVP,(794 X H8431) X H8431,USA,Cultivar,NP2174
PI 615697,25,26,False,,,NIC,Wild material,Iltis 30919
PI 618590,17,17,False,Maize.Group.PVP,LH246 was developed from the single cross LH195 x LH198 by selfing and using the pedigree system of plant breeding.,USA,Cultivar,LH246
PI 618591,17,18,False,Maize.Group.PVP,(LH210)(LH212Ht x LH218),USA,Cultivar,LH254
PI 618593,15,15,False,Maize.Group.PVP,(LH195 x LH199) x (LH194 x LH198),USA,Cultivar,LH310
PI 618594,15,15,False,Maize.Group.PVP,"The single cross LH167 x LH172 was backcrossed to LH172, then selfed and the pedigree system of plant breeding was used to develop LH320.",USA,Cultivar,LH320
PI 618810,26,26,False,,"Derived from three cycles of recurrent mass selection from a population developed in Tifton, GA and coded as ZC 2451#(P)C3, which is a selected purple phenotype of the land race Zapalote Chico, originally from Oaxaca, Mexico and held at CIMMYT as Oaxaca Gpo.35.  
OAXA GP35 (CIMMYTMA 132) is a composite formed in 1960 using landrace collections OAX 36, OAX 48, OAX 50, OAX 51, OAX 52, OAX 53, OAX 54, OAX 55, OAX 70, and OAX 103.  These collections were of the Zapalote Chico Race and were collected in similar situations.",USA,Cultivar,Zapalote Chico 2451F
PI 619054,15,15,False,Maize.Group.PVP,,USA,Cultivar,I181664
PI 619055,17,17,False,Maize.Group.PVP,,USA,Cultivar,I026458
PI 619060,17,17,False,Maize.Group.PVP,,USA,Cultivar,I015011
PI 619062,17,17,False,Maize.Group.PVP,,USA,Cultivar,I014738
PI 619063,17,17,False,Maize.Group.PVP,,USA,Cultivar,I362697
PI 619065,17,17,False,Maize.Group.PVP,,USA,Cultivar,GF6151
PI 619067,27,27,False,Maize.Group.PVP,MM402A/MM501D)01IBH2,USA,Cultivar,16IUL6
PI 619069,17,18,False,Maize.Group.PVP,,USA,Cultivar,3327
PI 619185,25,25,False,,,KOR,Cultivar,Black
PI 619186,25,25,False,,,KOR,Cultivar,Coffee
PI 619187,25,25,False,,,KOR,Cultivar,Red
PI 619188,25,25,False,,,KOR,Cultivar,White
PI 619189,25,25,False,,,KOR,Cultivar,Yellow
PI 619193,15,15,False,Maize.Group.PVP,LH194 x LH197,USA,Cultivar,LH239
PI 619403,16,16,False,Maize.Group.PVP,,USA,Cultivar,PH6WR
PI 619404,15,15,False,Maize.Group.PVP,,USA,Cultivar,PH4V6
PI 619405,17,17,False,Maize.Group.PVP,,USA,Cultivar,PH7CH
PI 619406,17,17,False,Maize.Group.PVP,,USA,Cultivar,PH5TG
PI 619407,17,17,False,Maize.Group.PVP,,USA,Cultivar,PH4GP
PI 619414,17,17,False,Maize.Group.PVP,PHP38 X (PHHB9 X PHAG6) specifically PHP38*PHHB9/PHAG6)X75225X ,USA,Cultivar,PH5W4
PI 619415,17,17,False,Maize.Group.PVP,,USA,Cultivar,PH6WG
PI 619416,27,41,False,Maize.Group.PVP,PH05G X PH07D specifically PH05G/PH07D)X6222X,USA,Cultivar,PH726
PI 619417,17,17,False,Maize.Group.PVP,,USA,Cultivar,PH7CP
PI 619420,17,17,False,Maize.Group.PVP,,USA,Cultivar,PH581
PI 619421,17,17,False,Maize.Group.PVP,,USA,Cultivar,PH3PV
PI 619422,17,17,False,Maize.Group.PVP,,USA,Cultivar,PH77V
PI 619423,17,17,False,Maize.Group.PVP,,USA,Cultivar,PH6KW
PI 619424,17,17,False,Maize.Group.PVP,,USA,Cultivar,PH5WB
PI 619425,17,17,False,Maize.Group.PVP,,USA,Cultivar,PH6ME
PI 619429,28,71,False,Maize.Group.Ames.Panel.2010,Pob65-2-1-2-1-1-B-#-B-B,USA,Breeding material,Tx802
PI 619430,18,34,False,Maize.Group.Ames.Panel.2010,Pob63-17-1-1-1-1-1-#-#-B-B,USA,Breeding material,Tx807
PI 619431,18,33,False,Maize.Group.Ames.Panel.2010,(Mo17/Pob67)-2-2-2-1-1-#-#-B-B,USA,Breeding material,Tx811
PI 619435,25,25,False,,This sugary l population was bred in Hawaii thru 13 cycles of recurrent full-sib selection from crosses in 1975 of 12 tropical su1 composites bred in Hawaii with 10 elite SX su1 temperate hybrids.,USA,Cultivar,NE-EDRsu1
PI 619594,17,17,False,Maize.Group.PVP,,USA,Cultivar,PH5DR
PI 619595,17,17,False,Maize.Group.PVP,,USA,Cultivar,PH6JM
PI 619596,17,17,False,Maize.Group.PVP,,USA,Cultivar,PH76B
PI 619597,17,17,False,Maize.Group.PVP,,USA,Cultivar,PH48F
PI 619600,17,17,False,Maize.Group.PVP,,USA,Cultivar,CI9805
PI 619601,17,17,False,Maize.Group.PVP,,USA,Cultivar,W60028
PI 620780,42,45,False,,,MEX,Landrace,Chihuahua 230
PI 620787,17,20,False,,,MEX,Landrace,Durango 84
PI 620796,29,29,False,,,MEX,Landrace,Guanajuato 187
PI 620797,18,21,False,,,MEX,Landrace,Guerrero 1
PI 620798,17,20,False,,,MEX,Landrace,Guerrero 21
PI 620803,17,20,False,,,MEX,Landrace,Guerrero 120
PI 620804,29,29,False,,,MEX,Landrace,Guerrero 197
PI 620806,18,20,False,,,MEX,Landrace,Guerrero 263
PI 620813,17,20,False,,,MEX,Landrace,Guerrero 304
PI 620814,17,20,False,,,MEX,Landrace,Guerrero 336
PI 620816,18,35,False,,,MEX,Landrace,Guerrero 338
PI 620817,17,19,False,,,MEX,Landrace,Guerrero 339
PI 620829,41,51,False,,,MEX,Landrace,Mexico 176
PI 620833,18,22,False,,,MEX,Landrace,Michoacan 108
PI 620835,16,19,False,,,MEX,Landrace,Michoacan 127
PI 620837,17,20,False,,,MEX,Landrace,Morelos 3
PI 620839,29,29,False,,,MEX,Landrace,Nayarit 225
PI 620843,28,28,False,,,MEX,Landrace,Oaxaca 99
PI 620849,29,29,False,,,MEX,Landrace,Puebla 199
PI 620856,18,21,False,,,MEX,Landrace,Sinaloa 20
PI 628334,27,27,False,Maize.Group.PVP,5727/5972,USA,Cultivar,5750
PI 628347,27,27,False,Maize.Group.PVP,PHAA0/PHBM0)XB134W2X,USA,Cultivar,PH54M
PI 628349,27,27,False,Maize.Group.PVP,PHP02/PH06N)X122K2X,USA,Cultivar,PH7JB
PI 628350,27,27,False,Maize.Group.PVP,PHP02/PH06N)XTA041K1X,USA,Cultivar,PH7JD
PI 628373,18,19,False,,,MEX,Landrace,Aguascalientes 60
PI 628394,17,18,False,,,MEX,Landrace,Chihuahua 81
PI 628395,17,18,False,,,MEX,Landrace,Chihuahua 42
PI 628400,17,18,False,,,MEX,Landrace,Coahuila 48
PI 628401,17,18,False,,,MEX,Landrace,Coahuila 70
PI 628402,17,18,False,,,MEX,Landrace,Coahuila 75
PI 628403,18,19,False,,,MEX,Landrace,Coahuila 77
PI 628404,18,19,False,,,MEX,Landrace,Coahuila 86
PI 628405,17,18,False,,,MEX,Landrace,Coahuila 87
PI 628415,17,18,False,,,MEX,Landrace,Durango 268
PI 628418,16,16,False,,,MEX,Landrace,Guanajuato 11
PI 628419,16,17,False,,,MEX,Landrace,Guanajuato 17
PI 628428,18,18,False,,,MEX,Landrace,Guanajuato 181
PI 628429,17,18,False,,,MEX,Landrace,Guerrero 28
PI 628431,17,18,False,,,MEX,Landrace,Guerrero 228
PI 628432,16,17,False,,,MEX,Landrace,Guerrero 234
PI 628439,17,18,False,,,MEX,Landrace,Hidalgo 67
PI 628443,17,18,False,,,MEX,Landrace,Jalisco 1A
PI 628444,16,17,False,,,MEX,Landrace,Jalisco 88
PI 628445,25,25,False,,,MEX,Landrace,Jalisco 131
PI 628446,63,64,False,,,MEX,Landrace,Jalisco 133
PI 628449,17,28,False,,,MEX,Landrace,Mexico 342
PI 628451,17,18,False,,,MEX,Landrace,Mexico 701
PI 628457,17,18,False,,,MEX,Landrace,Nayarit 104
PI 628459,17,18,False,,,MEX,Landrace,Nayarit 183
PI 628460,62,71,False,,,MEX,Landrace,Nayarit 185
PI 628461,17,18,False,,,MEX,Landrace,Nayarit 232
PI 628463,17,18,False,,,MEX,Landrace,Nayarit 318
PI 628467,17,18,False,,,MEX,Landrace,Oaxaca 38
PI 628468,18,19,False,,,MEX,Landrace,Oaxaca 41
PI 628476,17,18,False,,,MEX,Landrace,Oaxaca 104
PI 628479,17,18,False,,,MEX,Landrace,Oaxaca 210
PI 628481,17,17,False,,,MEX,Landrace,Puebla 216
PI 628482,17,18,False,,,MEX,Landrace,Puebla 223
PI 628493,17,18,False,,,MEX,Landrace,San Luis Potosi 1
PI 628495,17,18,False,,,MEX,Landrace,San Luis Potosi 4
PI 628496,17,18,False,,,MEX,Landrace,San Luis Potosi 10
PI 628499,18,19,False,,,MEX,Landrace,San Luis Potosi 53
PI 628504,17,18,False,,,MEX,Landrace,Tamaulipas 140
PI 628509,20,21,False,,,MEX,Landrace,Veracruz 48
PI 628510,19,20,False,,,MEX,Landrace,Veracruz 66
PI 628515,17,18,False,,,MEX,Landrace,Yucatan 141
PI 628519,17,18,False,,,MEX,Landrace,Zacatecas 174
PI 628982,27,27,False,Maize.Group.PVP,LH213/LH210)LH213,USA,Cultivar,LH255
PI 628983,27,27,False,Maize.Group.PVP,LH185/LH168)LH185,USA,Cultivar,LH289
PI 628984,27,27,False,Maize.Group.PVP,LH167/LH185,USA,Cultivar,LH321
PI 628985,27,27,False,Maize.Group.PVP,LH172/LH186)LH172,USA,Cultivar,LH322
PI 628991,27,27,False,Maize.Group.PVP,Y9017/H8431)H8431,USA,Cultivar,NP2222
PI 628992,27,27,False,Maize.Group.PVP,984/H8431,USA,Cultivar,NP2316
PI 629007,27,27,False,Maize.Group.PVP,F5 predecessor of NP2103 x SSS bulk,USA,Cultivar,NP2276
PI 629129,17,18,False,,,MEX,Landrace,Chiapas 354
PI 629130,27,27,False,,,MEX,Landrace,Chiapas 383
PI 629134,17,18,False,,,MEX,Landrace,Chiapas 619
PI 629135,18,19,False,,,MEX,Landrace,Chiapas 642
PI 629139,17,18,False,,,MEX,Landrace,Chihuahua 105
PI 629141,17,18,False,,,MEX,Landrace,Chihuahua 270
PI 629146,17,18,False,,,MEX,Landrace,Coahuila 17
PI 629147,62,63,False,,,MEX,Landrace,Coahuila 21
PI 629151,17,18,False,,,MEX,Landrace,Colima 26
PI 629155,16,17,False,,,MEX,Landrace,Durango 100
PI 629156,18,19,False,,,MEX,Landrace,Durango 120
PI 629157,40,41,False,,,MEX,Landrace,Durango 137
PI 629164,17,18,False,,,MEX,Landrace,Guanajuato 80
PI 629165,17,18,False,,,MEX,Landrace,Guanajuato 87
PI 629168,17,18,False,,,MEX,Landrace,Guanajuato 193
PI 629170,17,18,False,,,MEX,Landrace,Guerrero 7
PI 629172,17,18,False,,,MEX,Landrace,Guerrero 137
PI 629173,16,17,False,,,MEX,Landrace,Guerrero 145
PI 629174,16,17,False,,,MEX,Landrace,Guerrero 214
PI 629176,17,18,False,,,MEX,Landrace,Guerrero 256
PI 629177,17,18,False,,,MEX,Landrace,Guerrero 298
PI 629178,18,33,False,,,MEX,Landrace,Guerrero 302
PI 629179,18,33,False,,,MEX,Landrace,Guerrero 315
PI 629183,17,32,False,,,MEX,Landrace,Jalisco 2
PI 629184,17,18,False,,,MEX,Landrace,Jalisco 3
PI 629185,17,18,False,,,MEX,Landrace,Jalisco 16
PI 629187,17,18,False,,,MEX,Landrace,Jalisco 34
PI 629191,27,27,False,,,MEX,Landrace,Jalisco 65
PI 629194,25,25,False,,,MEX,Landrace,Jalisco 127
PI 629199,17,18,False,,,MEX,Landrace,Jalisco 230
PI 629201,17,18,False,,,MEX,Landrace,Jalisco 506
PI 629202,49,49,False,,,MEX,Landrace,Jalisco 631
PI 629204,18,19,False,,,MEX,Landrace,Mexico 75
PI 629218,18,19,False,,,MEX,Landrace,Michoacan 54
PI 629219,18,19,False,,,MEX,Landrace,Michoacan 63
PI 629225,17,18,False,,,MEX,Landrace,Michoacan 285
PI 629230,17,18,False,,,MEX,Landrace,Nayarit 58
PI 629231,17,18,False,,,MEX,Landrace,Nayarit 158
PI 629237,17,18,False,,,MEX,Landrace,Oaxaca 103
PI 629239,17,18,False,,,MEX,Landrace,Oaxaca 187
PI 629240,17,18,False,,,MEX,Landrace,Oaxaca 202
PI 629242,17,18,False,,,MEX,Landrace,Puebla 2
PI 629245,40,41,False,,,MEX,Landrace,Puebla 93
PI 629246,26,26,False,,,MEX,Landrace,Puebla 209
PI 629247,18,19,False,,,MEX,Landrace,Puebla 230
PI 629248,17,18,False,,,MEX,Landrace,Puebla 232
PI 629250,17,18,False,,,MEX,Landrace,Queretaro 11
PI 629253,18,19,False,,,MEX,Landrace,San Luis Potosi 49
PI 629255,41,42,False,,,MEX,Landrace,Sinaloa 78
PI 629256,17,18,False,,,MEX,Landrace,Sinaloa 107
PI 629262,26,26,False,,,MEX,Landrace,Zacatecas 40
PI 629263,26,26,False,,,MEX,Landrace,Zacatecas 42
PI 629294,17,17,False,,"During 1969-1978 several cycles fo recurrent selection were performed on a germplasm base (U.S., Andean, and European)  and named Cold Tolerant Composite, CTC-1. Phenotypic recurrent selection for field cold-tolerance in early spring plantings and early silking for 4 cycles was followed by 3 cycles of progeny test selection using seedlings in growth chambers at 4.5 deg-15.5 deg daily range. Some tests were for general combining ability for cold-tolerance in diallele, and topcrosses to the Swiss variety Rheintaler. Some of these were added to the breeding pool, and this recombination became this selection in 1978.",USA,Breeding material,ESCT-1C-C2 Syn 2 FC-85
PI 630936,27,27,False,Maize.Group.PVP,Hybrid 3394 x LH74,USA,Cultivar,LH331
PI 630944,26,26,False,Maize.Group.PVP,"SYN 9ZF)#A3N92N23N5142X; SYN 9ZF made with 4 inbreds: DK105, D503, PHH95, PHJ57",FRA,Cultivar,PH0GC
PI 631079,27,27,False,Maize.Group.PVP,Hybrid 3162 x LH132,USA,Cultivar,LH247
PI 631356,27,27,False,Maize.Group.PVP,G104.P3394/G104,USA,Cultivar,N10018
PI 631364,27,27,False,Maize.Group.PVP,D149/D171)XA9K62K54K23K3X,USA,Cultivar,PH5FW
PI 631365,27,27,False,Maize.Group.PVP,PH42B/PH07D)XWBJ21K12K1X,USA,Cultivar,PH6WA
PI 631366,27,27,False,Maize.Group.PVP,PH1BC/PH32C)X5112212,USA,Cultivar,PH70R
PI 631367,27,27,False,Maize.Group.PVP,PH54B/PH16F)16XD15212X,USA,Cultivar,PH76T
PI 631368,27,27,False,Maize.Group.PVP,PHAJ0/PHPP8)X31K11K1X,USA,Cultivar,PH7AB
PI 631369,27,27,False,Maize.Group.PVP,PH16F X PHPP8)X82W12W12W234X,USA,Cultivar,PH7BW
PI 631370,27,27,False,Maize.Group.PVP,PHN18/PH09B)X132K2X,USA,Cultivar,PH87H
PI 631371,27,27,False,Maize.Group.PVP,PH24E/PH1CA)XA4K12K1X,USA,Cultivar,PH8CW
PI 631372,27,27,False,Maize.Group.PVP,PH1CA/PH32C)XB7K13K1,USA,Cultivar,PH8DB
PI 631373,27,27,False,Maize.Group.PVP,PH05G/PHG47)XA51W3121X,USA,Cultivar,PH91C
PI 631374,27,27,False,Maize.Group.PVP,PHME2/PH1K2)XB44K11K1,USA,Cultivar,PH94T
PI 631375,27,27,False,Maize.Group.PVP,PH1K1/PH1K2)X92K24K22K1#,USA,Cultivar,PH951
PI 631377,27,27,False,Maize.Group.PVP,P3751)X1121211,USA,Cultivar,E24018
PI 631378,27,27,False,Maize.Group.PVP,G104.LH198/G104,USA,Cultivar,N16028
PI 631380,27,27,False,Maize.Group.PVP,PH37C*PHFFV/PH84A)X32241X,USA,Cultivar,PH6CF
PI 631381,27,27,False,Maize.Group.PVP,PH42B/PH09B)X83312,USA,Cultivar,PH705
PI 631382,27,27,False,Maize.Group.PVP,PH0WD/PH40C)X653K11KX,USA,Cultivar,PH876
PI 631383,27,27,False,Maize.Group.PVP,PH05H/PH0N7)XA5132X,USA,Cultivar,PH8KG
PI 631384,27,27,False,Maize.Group.PVP,PH06B/PH02T)XA5431X,USA,Cultivar,PH8PG
PI 631385,27,27,False,Maize.Group.PVP,PH21B/PH54B)XC81K32K1X,USA,Cultivar,PH9AH
PI 631393,17,18,False,Maize.Group.PVP,"NDSM (M) C1-1-1-1-1-1-2.  The original NDSM synthetic contained thirteen lines including ND250, ND101, CM153, A654, ND468, A664, PA363, ND363, W59E, ND8RF, CM105, ND245, and ND247.",USA,Cultivar,ND291
PI 631394,17,19,False,Maize.Group.PVP,NDSCD(M)C8-3-2-1-1-1-1.  The original NDSCD synthetic was formed from crossing two synthetics NDSC and NDSD.,USA,Cultivar,ND2000
PI 631444,28,29,False,Maize.Group.Ames.Panel.2010,Tennessee Synthetic One-18#-2-1-1-1-1-1-1-1-1-1.,USA,Breeding material,T270
PI 632266,27,27,False,Maize.Group.PVP,PH63A/PH09B)NX53211X,USA,Cultivar,PH6MN
PI 632413,30,31,False,Maize.Group.GEMs.Top.Releases,Selected from GEM FS8(A)S:S09 population.,USA,Cultivar,GEMS-0002
PI 632599,26,26,False,Maize.Group.PVP.Expiring.2025,(H8540 X 899) X 993. H8540 was developed from a cross of (LH38 X 761) X 761.  Inbred 761 was developed by selfing in Pioneer 3901 hybrid. 899 = NP899 and 993 = NP 993.,USA,Cultivar,NP2315
PI 632746,28,31,False,Maize.Group.Ames.Panel.2010,(B97 x B99)-047-1-1-1-1-1-1,USA,Breeding material,B116
PI 633542,27,27,False,Maize.Group.PVP,PH16F x PHPP8,USA,Cultivar,PH51K
PI 633543,27,27,False,Maize.Group.PVP,PH10J/PH07D)X7321,USA,Cultivar,PH86T
PI 633544,27,27,False,Maize.Group.PVP,PH09B/PH2BM)X31231,USA,Cultivar,PH890
PI 633545,27,27,False,Maize.Group.PVP,PH42B/PH3RC)XB02121,USA,Cultivar,PHAPV
PI 633546,27,27,False,Maize.Group.PVP,PH185/PH05GXA621114X,USA,Cultivar,PHB6V
PI 633549,27,27,False,Maize.Group.PVP,PHGG7/PHKM5)X152141X,USA,Cultivar,PH183
PI 633550,27,27,False,Maize.Group.PVP,PHTD5/PH46A)XB53311X,USA,Cultivar,PH3PR
PI 633551,27,27,False,Maize.Group.PVP,PHWT1/PHGG6)X22152,USA,Cultivar,PH58C
PI 633552,27,27,False,Maize.Group.PVP,PHH9B/PH84A)LXA612X,USA,Cultivar,PH5DP
PI 633553,27,27,False,Maize.Group.PVP,PH02T/PH4B5)ZX9123X,USA,Cultivar,PH6HR
PI 633554,27,27,False,Maize.Group.PVP,PHBF0/PHTD5)XA14322X,USA,Cultivar,PH77P
PI 633555,27,27,False,Maize.Group.PVP,PH1CA/PH32C)X422K1X,USA,Cultivar,PH87P
PI 633556,27,27,False,Maize.Group.PVP,PHAA0/PH0CK)XB23K12K2X,USA,Cultivar,PH9AR
PI 633557,27,27,False,Maize.Group.PVP,PH1B5/PH2BB)CX42211,USA,Cultivar,PHB18
PI 633558,27,27,False,Maize.Group.PVP,PH185/PH0AV)X12211X,USA,Cultivar,PHB5R
PI 633559,27,27,False,Maize.Group.PVP,PH1W2/PH0AV)XT84131X,USA,Cultivar,PHBAB
PI 633569,27,28,False,Maize.Group.PVP,The single cross FR1064/LH242 was back-crossed to FR1064.,USA,Cultivar,A60059
PI 633570,27,27,False,Maize.Group.PVP,CR24/LH181,USA,Cultivar,W23129
PI 633574,25,25,False,Maize.Group.PVP,(PHFW4<5PHP38<4B73+gene for ECB resistance)24x)/(PHK05<5PHJ90<4B73+gene for ECB resistance)38X),USA,,
PI 633574 Parent 1,26,26,False,Maize.Group.PVP,,USA,,
PI 633574 Parent 2,25,25,False,Maize.Group.PVP,,USA,,
PI 633727,18,21,False,Maize.Group.Ames.Panel.2010,Inbred line developed from a four-way cross with 50% tropical germplasm (NB611 x Valle 411) x (NB611 x Venezuela 733).,USA,Breeding material,Tx202
PI 633728,18,20,False,Maize.Group.Ames.Panel.2010,"Derived from a single cross, Tx802 x Tx804.",USA,Breeding material,Tx203
PI 633838,17,18,False,Maize.Group.Ames.Panel.Post.2010,(Tx61M/5*Tx6252)-1-B-B-B.,USA,Breeding material,Tx110
PI 633839,18,21,False,Maize.Group.Ames.Panel.2010,(K55/3*B73)-1-B-B-B-B.,USA,Breeding material,Tx114
PI 633840,31,62,False,Maize.Group.Ames.Panel.2010,((K55/3*B73)-B-B-B)/B73-1-B-B.,USA,Breeding material,Tx714
PI 633841,16,24,False,Maize.Group.Ames.Panel.Post.2010,(TX6252/B73)-1-1-2-1-1-2-1-B-B.,USA,Breeding material,Tx732
PI 633842,25,47,False,,P3165-1-8-1-1-1-B-B-B.,USA,Breeding material,Tx745
PI 633843,24,39,False,Maize.Group.Ames.Panel.Post.2010,(Tx601/2*Mo17)-1-2-1-1-1-1-1-B-B.,USA,Breeding material,Tx770
PI 633844,25,41,False,Maize.Group.Ames.Panel.2010,(RR/2*4521).,USA,Breeding material,Tx772
PI 633924,29,31,False,Maize.Group.Ames.Panel.2010,[A632/(T232/Mp339-S6)-S2]//A632-F2-2-1-1-1-1-1-1-1.,USA,Breeding material,T272
PI 634004,27,27,False,Maize.Group.PVP,GSC1/FR1141)-X-7-1-1-1-1-1-2-X,USA,Cultivar,W69079
PI 634206,28,31,False,Maize.Group.Ames.Panel.2010,"S6 selection from NC33/B52 under half-sib recurrent selection for resistance to European corn borer (Ostrinia nubilalis) second-generation damage (ECB2). NC33 (PI 608538, Cokes Prolific) is susceptible to ECB2 while B52 (PI 550454) is highly resistant.",USA,Breeding material,Mo48
PI 634207,28,31,False,Maize.Group.Ames.Panel.2010,"S6 selection similarly derived as Mo48, but from a synthetic of Mo ECB selection 1 through Mo ECB selection 6 crossed in all combinations to three exotic Cargill populations: Cargill 4 (adapted Caribbean material), Mexico 2, and Mexico 3. Six cycles of S1 recurrent selection for ECB2 resistance were followed with a cross to MpSWCB#4 (resistant to the southwestern corn borer, Diatraea grandiosella) and four more cycles vs. ECB2.",USA,Breeding material,Mo49
PI 634211,28,30,False,Maize.Group.Ames.Panel.2010,(B97 x B99)-024-1-1-2-1-1,USA,Breeding material,B117
PI 634212,28,30,False,Maize.Group.Ames.Panel.2010,(B97 x B99)-024-1-1-2-1-2-1,USA,Breeding material,B118
PI 635122,16,16,False,Maize.Group.Ames.Panel.2010,"Derived from cross between maize variety grown in Tanzania, called Nat'l var. and an IITA maize streak virus resistant population (TZSR), formed by intercrossing four populations including TZB, TZPB, POP 21 and POP22.",NGA,Breeding material,TZMI 711
PI 635123,16,16,False,Maize.Group.Ames.Panel.2010,Selected from a cross between a mid-altitude inbred line (TZMI501) from IITA and an inbred line from CIMMYT (ZSR 923 Sr bulk),NGA,Breeding material,TZMI 712
PI 635124,16,31,False,Maize.Group.Ames.Panel.2010,Selected from cross between a mid-altitude inbred line (TZMI501) from IITA and an inbred line from CIMMYT (ZSR 923 S4 bulk).,NGA,Breeding material,TZMI 713
PI 635125,16,18,False,Maize.Group.Ames.Panel.2010,Extracted from a cross between two mid-altitude adapted inbred lines from IITA (87014 and Z28).,NGA,Breeding material,TZMI 714
PI 635126,15,15,False,Maize.Group.Ames.Panel.2010,Extracted from a cross between two mid-altitude adapted inbred lines from IITA (87014 and Z28).,NGA,Breeding material,TZMI 715
PI 635127,16,32,False,Maize.Group.Ames.Panel.2010,Extracted from cross between two mid-altitude adapted inbred lines (88069 and 87366) from IITA.,NGA,Breeding material,TZMI 716
PI 635128,15,44,False,Maize.Group.Ames.Panel.2010,Developed from cross between two mid-altitude adapted inbred lines (89258 and Z28) from IITA.,NGA,Breeding material,TZMI 717
PI 635129,16,18,False,Maize.Group.Ames.Panel.2010,Selected from cross between two mid-altitude adapted inbred lines (89302 and Z28) from IITA.,NGA,Breeding material,TZMI 718
PI 635130,16,42,False,Maize.Group.Ames.Panel.2010,Derived from cross between two mid-altitude adapted inbred lines with flint grain texture (TZMI101 and TZMI501).,NGA,Breeding material,TZMI 719
PI 635131,16,17,False,Maize.Group.Ames.Panel.2010,Derived from cross between two mid-altitude adapted inbred lines with flint grain texture (TZMI101 and TZMI501).,NGA,Breeding material,TZMI 720
PI 635134,16,17,False,Maize.Group.Ames.Panel.2010,Derived from cross between two mid-altitude adapted inbred lines with flint grain texture (TZI101 and TZMI501).,NGA,Breeding material,TZMI 723
PI 635135,16,46,False,Maize.Group.Ames.Panel.2010,Derived from cross between two mid-altitude adapted inbred lines with flint grain texture (TZMI101 and TZMI501).,NGA,Breeding material,TZMI 724
PI 635136,16,60,False,Maize.Group.Ames.Panel.2010,Developed from cross between two mid-altitude adapted inbred lines (87036 and 87923) from IITA.,NGA,Breeding material,TZMI 725
PI 635137,16,17,False,Maize.Group.Ames.Panel.2010,"Extracted from a population, Coca SR, developed at IITA.",NGA,Breeding material,TZMI 726
PI 635138,16,45,False,Maize.Group.Ames.Panel.2010,"Extracted from a population, Early-W-SR, developed at IITA.",NGA,Breeding material,TZMI 727
PI 635139,16,44,False,Maize.Group.Ames.Panel.2010,Derived from a population developed at CIMMYT (POP43-SR).,NGA,Breeding material,TZMI 728
PI 635140,16,17,False,Maize.Group.Ames.Panel.2010,Derived from a population developed at CIMMYT (POP43-S4).,NGA,Breeding material,TZMI 729
PI 635141,16,32,False,Maize.Group.Ames.Panel.2010,Derived from a cross of an inbred line from IITA (TZMI407) with a line from CIMMYT (8232/TZMSR-W/ZM607).,NGA,Breeding material,TZMI 730
PI 636476,24,25,False,,This population was developed by eight cycles of reciprocal recurrent full-sib selection from NB_0.  This population attains 50% silk emergence in approximately 1500 heat units.,USA,Breeding material,NB[RFS_NS]1_8
PI 636477,25,25,False,,This population was developed by eight cycles of reciprocal recurrent full-sib selection from NB_0.  This population attains 50% silk emergence in approximately 1575 heat units.,USA,Breeding material,NB[RFS_NS]2_8
PI 636478,25,25,False,,This population was developed by eight cycles of reciprocal recurrent full-sib selection from NB_0.  This population attains 50% silk emergence in approximately 1550 heat units.,USA,Breeding material,NB[RFS_NS]3_8
PI 636479,25,25,False,,"This population was developed by eight cycles of reciprocal recurrent full-sib selection from the Nebraska Stiff Stalk population, NS_0.  This population reaches 50% silk emergence in approximately 1475 heat units.",USA,Breeding material,NS[RFS_NB]1_8
PI 636480,25,25,False,,"This population was developed by eight cycles of reciprocal recurrent full-sib selection from the Nebraska Stiff Stalk population, NS_0.  This population reaches 50% silk emergence in approximately 1600 heat units.",USA,Breeding material,NS[RFS_NB]2_8
PI 636481,25,25,False,,"This population was developed by eight cycles of reciprocal recurrent full-sib selection from the Nebraska Stiff Stalk population, NS_0.  This population reaches 50% silk emergence in approximately 1525 heat units.",USA,Breeding material,NS[RFS_NB]3_8
PI 636482,25,25,False,,"This population was developed by eight cycles of S1 per se selection from the Nebraska Stiff Stalk population, NS_0.  This population reaches 50% silk emergence in approximately 1515 heat units.",USA,Breeding material,NS[S1]1_8
PI 636483,25,25,False,,"This population was developed by eight cycles of S1 per se selection from the Nebraska Stiff Stalk population, NS_0.  This population reaches 50% silk emergence in approximately 1480 heat units.",USA,Breeding material,NS[S1]2_8
PI 636484,25,25,False,,"This population was developed by eight cycles of S1 per se selection from the Nebraska Stiff Stalk population, NS_0.  This population reaches 50% silk emergence in approximately 1460 heat units.",USA,Breeding material,NS[S1]3_8
PI 636485,25,25,False,,This population was developed by eight cycles of S1 selection from NB_0.  This population reaches 50% silking in approximately 1525 heat units.,USA,Breeding material,NB[S1]1_8
PI 636486,25,25,False,,This population was developed by eight cycles of S1 selection from NB_0.  This population reaches 50% silking in approximately 1525 heat units.,USA,Breeding material,NB[S1]2_8
PI 636487,25,25,False,,This population was developed by eight cycles of S1 selection from NB_0.  This population reaches 50% silking in approximately 1475 heat units.,USA,Breeding material,NB[S1]3_8
PI 636493,26,26,False,,NDSAB,USA,Breeding material,NDSAB(MER-FS)C13
PI 636502,26,27,False,,BSLE(M-L)C30 was selected from Iowa Long Ear Synthetic after 30 generations of mass selection for greater ear length.,USA,Breeding material,BSLE(M-L)C30
PI 638549,29,32,False,Maize.Group.Ames.Panel.2010,NCLNB_02)-139A-2-1-3-1-1,USA,Breeding material,N551
PI 638553,25,27,False,Maize.Group.Ames.Panel.2010,DE(BSSS)C2-420-3-2-1-1-1-1-1,USA,Breeding material,DE5
PI 638594,28,30,False,Maize.Group.Ames.Panel.2010,T167/T173-F2-S7,USA,Breeding material,T175
PI 639037,30,30,False,Maize.GEM.Group1.All-GEM-Releases,(DK212T x S11)-1-1,USA,Cultivar,GEMS-0004
PI 639038,30,59,False,Maize.GEM.Group1.All-GEM-Releases,(DK212T x S11)-1-1,USA,Cultivar,GEMS-0005
PI 639039,30,59,False,Maize.GEM.Group1.All-GEM-Releases,(DK212T x S11)-1-1-1-1,USA,Cultivar,GEMS-0006
PI 639040,30,30,False,Maize.GEM.Group1.All-GEM-Releases,(DK212T x S11)-1-1,USA,Cultivar,GEMS-0009
PI 639041,30,30,False,Maize.GEM.Group1.All-GEM-Releases,(DK212T x S11)-1-1,USA,Cultivar,GEMS-0010
PI 639042,27,52,False,Maize.GEM.Group1.All-GEM-Releases,(DK212T x S11)-1-1,USA,Cultivar,GEMS-0011
PI 639044,27,27,False,Maize.GEM.Group1.All-GEM-Releases,(DK888 x S11)-1-1,USA,Cultivar,GEMS-0013
PI 639045,27,52,False,Maize.GEM.Group1.All-GEM-Releases,(DK888 x S11)-1-1,USA,Cultivar,GEMS-0015
PI 639046,27,90,False,Maize.GEM.Group1.All-GEM-Releases,(DK888 x S11)-1-1,USA,Cultivar,GEMS-0017
PI 639048,27,27,False,Maize.GEM.Group1.All-GEM-Releases,(DK888 x S11)-1-1,USA,Cultivar,GEMS-0019
PI 639049,30,30,False,Maize.GEM.Group1.All-GEM-Releases,(DK888 x S11)-1-1,USA,Cultivar,GEMS-0020
PI 639050,30,30,False,Maize.GEM.Group1.All-GEM-Releases,(DK888 xS11)-1-1-1-1,USA,Cultivar,GEMS-0021
PI 639052,30,30,False,Maize.GEM.Group1.All-GEM-Releases,(DK888 x S11)-1-1,USA,Cultivar,GEMS-0024
PI 639053,27,51,False,Maize.GEM.Group1.All-GEM-Releases,(DKXL370A x S11)-1-1,USA,Cultivar,GEMS-0028
PI 639055,30,30,False,Maize.GEM.Group1.All-GEM-Releases,(DKXL380xS11)-1-1.  GEM full pedigree for origin lot: 2258-03_XL380_S11_F2S4_71/97_Bulk/98 .,USA,Cultivar,GEMS-0030
PI 639056,30,30,False,Maize.GEM.Group1.All-GEM-Releases,(DKXL380 x S11)-1-1.  GEM full pedigree for origin lot: 2282-01_XL380_S11_F2S4_9226-Blk26/00 .,USA,Cultivar,GEMS-0031
PI 639111,27,53,False,Maize.Group.Ames.Panel.2010,S2 progeny line (G24-4-5)  arising from the cross between OhS3267LAN and W552.  The S2 line from which Oh605 was selected was one of the selected lines that were recombined to form the OhS12 cycle 1 population.  The line is unique in having a high proportion (25%) of its pedigree attributable to Native American land races from Arizona.,USA,Breeding material,Oh605
PI 639497,30,30,False,Maize.GEM.Group1.All-GEM-Releases,PE001 x N16 Cr1-B-44-B-B-B,USA,Cultivar,GEMN-0033
PI 639498,27,89,False,Maize.GEM.Group1.All-GEM-Releases,PE001 x N16 Cr1-B-172-B-B-B,USA,Cultivar,GEMN-0035
PI 639499,30,30,False,Maize.GEM.Group1.All-GEM-Releases,PE001 x N16 Cr1-B-176-B-B-B,USA,Cultivar,GEMN-0036
PI 639500,30,32,False,Maize.GEM.Group1.All-GEM-Releases,PE001 x N16 Cr1-B-181-B-B-B,USA,Cultivar,GEMN-0037
PI 639501,28,28,False,Maize.GEM.Group1.All-GEM-Releases,PE001 x N16 Cr1-B-239-B-B-B,USA,Cultivar,GEMN-0039
PI 639502,30,30,False,Maize.GEM.Group1.All-GEM-Releases,PE001 x N16 Cr1-B-431-B-B-B,USA,Cultivar,GEMN-0040
PI 639503,30,30,False,Maize.GEM.Group1.All-GEM-Releases,PE001 x N16 Cr1-B-521-B-B-B,USA,Cultivar,GEMN-0041
PI 639504,30,30,False,Maize.GEM.Group1.All-GEM-Releases,PE001 x N16 Cr1-B-705-B-B-B,USA,Cultivar,GEMN-0042
PI 639505,27,87,False,Maize.GEM.Group1.All-GEM-Releases,PE001 x N16 Cr1-B-857-B-B-B,USA,Cultivar,GEMN-0043
PI 639685,26,28,False,Maize.Group.Ames.Panel.2010,Developed by pedigree breeding method from the breeding cross AR01150:N0406,USA,Breeding material,Tx204
PI 639686,26,28,False,Maize.Group.Ames.Panel.2010,Developed by pedigree breeding method from the breeding cross AR01150:N0406,USA,Breeding material,Tx205
PI 639919,17,17,False,Maize.Group.Ames.Panel.2010,(Mp420 × Tx601)-16–1-1–3-1–1-1–1-B.  Developed form a cross of Mp420 and Tx601 through eight generations of self-pollination and selection for reduced levels of aflatoxin contamination.,USA,Breeding material,Mp717
PI 639926,17,32,False,Maize.Group.Ames.Panel.2010,"Derived from a composite TZL COMP.1-W formed by crossing TZB-SR with 7 Striga resistant inbred lines, TZI 11, TZI 9, TZI 12, TZI 13, TZI 17, TZI 24, TZI 30. The composite has undergone 6 cycles of recurrent selection under artificial infestation with S. hermonithica at 2 locations in Nigeria.",NGA,Breeding material,TZSTRI102
PI 639927,16,45,False,Maize.Group.Ames.Panel.2010,"Derived from a composite TZL COMP.1-W formed by crossing TZB-SR with 7 Striga resistant inbred lines, TZI 11, TZI 9, TZI 12, TZI 13, TZI 17, TZI 24, TZI 30. The composite has undergone 6 cycles of recurrent selection under artificial infestation with S. hermonithica at 2 locations in Nigeria.",NGA,Breeding material,TZSTRI103
PI 639928,18,35,False,Maize.Group.Ames.Panel.2010,"Extracted from BC4 population involving selected accession of teosinte (Zea diploperennis) supporting little or no S. hermonthica emergence as donor parent. Z. diploperennis accession crossed to tropical maize adapted to W.& Central Africa. F1 backcrossed to 9022-13, TZL COMP 1, SUWAN 1-SR, STR SYN-W to form Z. diploperennis BC4 pop.",NGA,Breeding material,TZSTRI104
PI 639929,18,62,False,Maize.Group.Ames.Panel.2010,"Extracted from BC4 population involving selected accession of teosinte (Zea diploperennis) supporting little or no S. hermonthica emergence as donor parent. Z. diploperennis accession crossed to tropical maize adapted to W.& Central Africa. F1 backcrossed to 9022-13, TZL COMP 1, SUWAN 1-SR, STR SYN-W to form Z. diploperennis BC4 pop.",NGA,Breeding material,TZSTRI105
PI 639930,17,46,False,Maize.Group.Ames.Panel.2010,"Extracted from BC4 population involving selected accession of teosinte (Zea diploperennis) supporting little or no S. hermonthica emergence as donor parent. Z. diploperennis accession crossed to tropical maize adapted to W.& Central Africa. F1 backcrossed to 9022-13, TZL COMP 1, SUWAN 1-SR, STR SYN-W to form Z. diploperennis BC4 pop.",NGA,Breeding material,TZSTRI106
PI 639931,17,18,False,Maize.Group.Ames.Panel.2010,"Extracted from BC4 population involving selected accession of teosinte (Zea diploperennis) supporting little or no S. hermonthica emergence as donor parent. Z. diploperennis accession crossed to tropical maize adapted to W.& Central Africa. F1 backcrossed to 9022-13, TZL COMP 1, SUWAN 1-SR, STR SYN-W to form Z. diploperennis BC4 pop.",NGA,Breeding material,TZSTRI107
PI 639932,17,32,False,Maize.Group.Ames.Panel.2010,"Extracted from BC4 population involving selected accession of teosinte (Zea diploperennis) supporting little or no S. hermonthica emergence as donor parent. Z. diploperennis accession crossed to tropical maize adapted to W.& Central Africa. F1 backcrossed to 9022-13, TZL COMP 1, SUWAN 1-SR, STR SYN-W to form Z. diploperennis BC4 pop.",NGA,Breeding material,TZSTRI108
PI 639933,17,31,False,Maize.Group.Ames.Panel.2010,"Derived from 2 synthetics (STR SYN-W, STR SYN-Y) developed by inter-crossing 4 white, 4 yellow endosperm Striga resistant maize inbred lines. Synthetics improved for resistance to Striga under artificial infestation with S. hermonthica.",NGA,Breeding material,TZSTRI109
PI 639934,16,30,False,Maize.Group.Ames.Panel.2010,"Derived from 2 synthetics (STR SYN-W, STR SYN-Y) developed by inter-crossing 4 white, 4 yellow endosperm Striga resistant maize inbred lines. Synthetics improved for resistance to Striga under artificial infestation with S. hermonthica.",NGA,Breeding material,TZSTRI110
PI 639935,17,47,False,Maize.Group.Ames.Panel.2010,"Derived from 2 synthetics (STR SYN-W, STR SYN-Y) developed by inter-crossing 4 white, 4 yellow endosperm Striga resistant maize inbred lines. Synthetics improved for resistance to Striga under artificial infestation with S. hermonthica.",NGA,Breeding material,TZSTRI111
PI 639936,17,33,False,Maize.Group.Ames.Panel.2010,"Derived from early maturing (95 d) composite formed by crossing TZESR-W C3 with 8 Striga resistant inbred lines (TZI 9, TZI 13, TZI 14, TZE COMP5, TZI 17, TZI 25, TZI 26, TZI 30). Composite has undergone 7 cycles of recurrent selection under artificial infestation with S. hermonthica.",NGA,Breeding material,TZSTRI112
PI 639937,16,31,False,Maize.Group.Ames.Panel.2010,"Derived from early maturing (95 d) composite formed by crossing TZESR-W C3 with 8 Striga resistant inbred lines (TZI 9, TZI 13, TZI 14, TZE COMP5, TZI 17, TZI 25, TZI 26, TZI 30). Composite has undergone 7 cycles of recurrent selection under artificial infestation with S. hermonthica.",NGA,Breeding material,TZSTRI113
PI 639938,17,33,False,Maize.Group.Ames.Panel.2010,"Derived from early maturing (95 d) composite formed by crossing TZESR-W C3 with 8 Striga resistant inbred lines (TZI 9, TZI 13, TZI 14, TZE COMP5, TZI 17, TZI 25, TZI 26, TZI 30). Composite has undergone 7 cycles of recurrent selection under artificial infestation with S. hermonthica.",NGA,Breeding material,TZSTRI114
PI 639939,17,28,False,Maize.Group.Ames.Panel.2010,"Derived from early maturing (95 d) composite formed by crossing TZESR-W C3 with 8 Striga resistant inbred lines (TZI 9, TZI 13, TZI 14, TZE COMP5, TZI 17, TZI 25, TZI 26, TZI 30). Composite has undergone 7 cycles of recurrent selection under artificial infestation with S. hermonthica.",NGA,Breeding material,TZSTRI115
PI 639940,17,51,False,Maize.Group.Ames.Panel.2010,"Derived from early maturing (95 d) composite formed by crossing TZESR-W C3 with 8 Striga resistant inbred lines (TZI 9, TZI 13, TZI 14, TZE COMP5, TZI 17, TZI 25, TZI 26, TZI 30). Composite has undergone 7 cycles of recurrent selection under artificial infestation with S. hermonthica.",NGA,Breeding material,TZSTRI116
PI 639941,17,67,False,Maize.Group.Ames.Panel.2010,"Derived from early maturing (95 d) composite formed by crossing TZESR-W C3 with 8 Striga resistant inbred lines (TZI 9, TZI 13, TZI 14, TZE COMP5, TZI 17, TZI 25, TZI 26, TZI 30). Composite has undergone 7 cycles of recurrent selection under artificial infestation with S. hermonthica.",NGA,Breeding material,TZSTRI117
PI 639942,16,16,False,Maize.Group.Ames.Panel.2010,Selected from a cross between two mid-altitude adapted inbred lines (TZMI101 and TZMI501) from IITA.,NGA,Breeding material,TZSTRI118
PI 639944,17,30,False,Maize.Group.Ames.Panel.2010,Selected from a cross between two mid-altitude adapted inbred lines (TZMI101 and TZMI501) from IITA.,NGA,Breeding material,TZSTRI120
PI 639945,17,19,False,Maize.Group.Ames.Panel.2010,"Extracted from a broad based maize streak virus resistant mid-altitude population, TZMSR, formed from crosses between lowland maize streak virus resistant populations and mid-altitude germplasm from Eastern and Southern Africa as well as other germplasm sources from CIMMYT and the temperate zone.",NGA,Breeding material,TZSTRI121
PI 639946,17,40,False,Maize.Group.Ames.Panel.2010,"Selected from a cross between two mid-altitude adapted inbred lines (90301, 87036) from IITA.",NGA,Breeding material,TZSTRI122
PI 639947,17,44,False,Maize.Group.Ames.Panel.2010,Selected from a cross between two mid-altitude adapted inbred lines (87036 and 89274) from IITA.,NGA,Breeding material,TZSTRI123
PI 639948,17,17,False,Maize.Group.Ames.Panel.2010,Selected from a cross between two mid-altitude adapted inbred lines (87036 and 89274) from IITA.,NGA,Breeding material,TZSTRI124
PI 639949,17,42,False,Maize.Group.Ames.Panel.2010,Selected from a cross between a mid-altitude synthetic (SynB) and an inbred line (87036) from IITA.,NGA,Breeding material,TZSTRI125
PI 639950,17,41,False,Maize.Group.Ames.Panel.2010,"Selected from a cross between two mid-altitude adapted inbred lines (88091, 90156) from IITA.",NGA,Breeding material,TZSTRI126
PI 641061,16,18,False,Maize.Group.Ames.Panel.2010,TZE-W Pop C0 S6 INB 1-2-4,NGA,Breeding material,TZEI 1
PI 641062,16,16,False,Maize.Group.Ames.Panel.2010,TZE-W Pop x 1368 STR S6 INB 2,NGA,Breeding material,TZEI 2
PI 641066,16,31,False,Maize.Group.Ames.Panel.2010,TZE-W Pop x 1368 STR S6 INB 13,NGA,Breeding material,TZEI 6
PI 641067,16,17,False,Maize.Group.Ames.Panel.2010,WEC STR S7 INB 12,NGA,Breeding material,TZEI 7
PI 641068,16,32,False,Maize.Group.Ames.Panel.2010,TZE-Y Pop C0 S6 INB 62-3-3,NGA,Breeding material,TZEI 8
PI 641069,16,33,False,Maize.Group.Ames.Panel.2010,TZE-Y Pop C0 S6 INB 66,NGA,Breeding material,TZEI 9
PI 641070,16,17,False,Maize.Group.Ames.Panel.2010,TZE-Y Pop STR S7 INB 152,NGA,Breeding material,TZEI 10
PI 641071,16,31,False,Maize.Group.Ames.Panel.2010,TZE-Comp 5-Y C6 S6 INB 8,NGA,Breeding material,TZEI 11
PI 641072,16,43,False,Maize.Group.Ames.Panel.2010,TZE-Comp 5-Y C6 S6 INB 10,NGA,Breeding material,TZEI 12
PI 641073,16,41,False,Maize.Group.Ames.Panel.2010,TZE-Comp 5-Y C6 S6 INB 12,NGA,Breeding material,TZEI 13
PI 641074,16,17,False,Maize.Group.Ames.Panel.2010,TZE-Comp 5-Y C6 S6 INB 21,NGA,Breeding material,TZEI 14
PI 641075,16,31,False,Maize.Group.Ames.Panel.2010,TZE-Comp 5-Y C6 S6 INB 25,NGA,Breeding material,TZEI 15
PI 641076,16,17,False,Maize.Group.Ames.Panel.2010,TZE-Comp 5-Y C6 S6 INB 31,NGA,Breeding material,TZEI 16
PI 641224,28,50,False,Maize.Group.Ames.Panel.2010,Suwan1C7 S4 #6 S2 #2,USA,Breeding material,Hi42
PI 641225,28,55,False,Maize.Group.Ames.Panel.2010,Suwan1C S4 #6 S3 #3 S1 #1,USA,Breeding material,Hi43
PI 641226,27,48,False,Maize.Group.Ames.Panel.2010,Hi31*Ki14) S6 #5,USA,Breeding material,Hi44
PI 641229,28,49,False,Maize.Group.Ames.Panel.2010,B73*B37MR) BC3*Mp68) BC5) *B73) BC7 #2,USA,Breeding material,Hi47
PI 641230,27,49,False,Maize.Group.Ames.Panel.2010,CM116S6*Hi31) BC5) S2 #4,USA,Breeding material,Hi48
PI 641232,28,39,False,Maize.Group.Ames.Panel.2010,Fla2AT113S3#4*Hi31) BC4 S3 #2,USA,Breeding material,Hi50
PI 641234,24,58,False,Maize.Group.Ames.Panel.2010,Fla2BT106#1S1#2*Hi31) BC5 S2 #3,USA,Breeding material,Hi52
PI 641235,26,26,False,Maize.Group.Ames.Panel.Post.2010,ICAL210 S2 #1 S1 #1 S3 #3,USA,Breeding material,Hi53
PI 641236,26,38,False,Maize.Group.Ames.Panel.Post.2010,ICAL221br2*Hi31) BC2 S2 #8,USA,Breeding material,Hi54
PI 641238,28,48,False,Maize.Group.Ames.Panel.2010,H632F*G103) BC4 S2 #2 S1 #2 ** (** G103 = RIL from Hi31*Hi58),USA,Breeding material,Hi56
PI 641239,25,33,False,Maize.Group.Ames.Panel.Post.2010,Ku1409*Hi31) BC6 S2 #2,USA,Breeding material,Hi57
PI 641240,26,42,False,Maize.Group.Ames.Panel.Post.2010,Ku1414*Hi31) BC4 S3 #1,USA,Breeding material,Hi58
PI 641242,28,55,False,Maize.Group.Ames.Panel.2010,Mo17*G103) BC4 S5 #3 ** (** G103 = RIL from Hi31*Hi58),USA,Breeding material,Hi60
PI 641243,27,54,False,Maize.Group.Ames.Panel.2010,N3*Hi31) BC5 #2 S6 #1,USA,Breeding material,Hi61
PI 641244,28,56,False,Maize.Group.Ames.Panel.2010,Pi17 #3 S2 #2 **** (**** Original line segrated Mv gene),USA,Breeding material,Hi62
PI 641245,28,43,False,Maize.Group.Ames.Panel.2010,Pi23 #2 S3 #2 S1 #2 **** (**** Original line segrated Mv gene).  Pi23 is an early Philipine line used in the first publicly released Philippine single cross hybrid Pi17 x Pi23 (known as IPB 911).  It was selected from a population derived from Pioneer 3228.,USA,Breeding material,Hi63
PI 641246,27,35,False,Maize.Group.Ames.Panel.2010,Pi31 #8 **** (****Original line segrated Mv gene),USA,Breeding material,Hi64
PI 641247,28,50,False,Maize.Group.Ames.Panel.2010,Tx601 #4 S2 #3 **** (**** Original line segregated Mv gene),USA,Breeding material,Hi65
PI 641248,23,24,False,Maize.Group.Ames.Panel.2010,TZi4#2S1 *G103) BC4 S4 #3 ** (** G103 = RIL from Hi31*Hi58),USA,Breeding material,Hi66
PI 641249,28,56,False,Maize.Group.Ames.Panel.2010,TZi8#5 *G103) BC4 S2 #5 ** (** G103 = RIL from Hi31*Hi58),USA,Breeding material,Hi67
PI 641250,18,18,False,,TZi23 S3 #7 **** (**** Original line segregated Mv gene),USA,Breeding material,Hi68
PI 641251,16,17,False,Maize.Group.Ames.Panel.2010,TZEE-W SR BC5 x 1368 STR S7 INB 35,NGA,Breeding material,TZEEI 1
PI 641252,16,17,False,Maize.Group.Ames.Panel.2010,TZEE-W SR BC5 X 1368 STR S7 INB 40,NGA,Breeding material,TZEEI 2
PI 641253,16,18,False,Maize.Group.Ames.Panel.2010,TZEE-W SR BC5 X 1368 STR S7 INB 76,NGA,Breeding material,TZEEI 3
PI 641254,16,17,False,Maize.Group.Ames.Panel.2010,TZEE-W SR BC5 X 1368 STR S7 INB 85,NGA,Breeding material,TZEEI 4
PI 641255,16,17,False,Maize.Group.Ames.Panel.2010,TZEE-W SR BC5 X 1368 STR S7 INB 91,NGA,Breeding material,TZEEI 5
PI 641256,16,16,False,Maize.Group.Ames.Panel.2010,TZEE-W SR BC5 X 1368 STR S7 INB 100,NGA,Breeding material,TZEEI 6
PI 641257,16,17,False,Maize.Group.Ames.Panel.2010,TZEE-W SR BC5 X 1368 STR S6 INB 55A-1-2,NGA,Breeding material,TZEEI 7
PI 641258,16,28,False,Maize.Group.Ames.Panel.2010,TZEE-W SR BC5 X 1368 STR S6 INB 55B-1-2,NGA,Breeding material,TZEEI 8
PI 641260,16,31,False,Maize.Group.Ames.Panel.2010,TZEE-W Pop X LDS6 (Set A) INB 21,NGA,Breeding material,TZEEI 11
PI 641261,16,18,False,Maize.Group.Ames.Panel.2010,TZEE-W Pop X LDS6 (Set A) INB 37,NGA,Breeding material,TZEEI 13
PI 641262,16,18,False,Maize.Group.Ames.Panel.2010,TZEE-W Pop X LDS6 (Set A) INB 26,NGA,Breeding material,TZEEI 14
PI 641263,16,16,False,Maize.Group.Ames.Panel.2010,TZEE-W Pop X LDS6 (Set A) INB 27,NGA,Breeding material,TZEEI 16
PI 641264,16,17,False,Maize.Group.Ames.Panel.2010,TZEE-W Pop X LDS6 (Set A) INB 41,NGA,Breeding material,TZEEI 17
PI 641709,25,25,False,,"Developed by intermating 3 selected sub-populations of the original B synthetic, which was synthesized by open-pollination in isolation of the following 32 inbred lines: A, A374, A375, C.C. 16, C.C. 5, C.C. 7, I198,1234, Ill.5120, Ill.530,Ill.90, Ill.A-48, Ill.D6, Ill.K, Ill.L, Ill.R4, ITE701, K4, M14, Oh04, Oh26-14, Oh28, Oh40b, Oh51A, Oh54-14, Oh608B, Os426, P8, Pr, Tr, US4-8, and US540.",USA,Breeding material,NB 0
PI 641710,25,25,False,,"Developed from the Iowa Stiff Stalk population formed with equal contributions from each of the following 16 inbreds: A3G-3-1-3, CI187-2, CI540, CI617, F1B1-7-1, I159, 1224, Ill.12E, Ill.Hy, Ind.461-3, Ind.Ah83, Ind.Tr9-1-1-6, LE23 and Oh3167B, Os420, and WD456.",USA,Breeding material,NS 0
PI 641711,16,16,False,,Population 63 SR,GHA,Cultivar,OBATANPA GH
PI 642762,30,55,False,Maize.Group.GEMs.Top.Releases,2250-01_XL370A_S11_F2S4_9214-Blk21/00,USA,Cultivar,GEMS-0027
PI 642763,26,40,False,Maize.GEM.Group1.All-GEM-Releases,2011-01_SE32_S17_F2S4_9148-Blk22/00,USA,Cultivar,GEMS-0003
PI 642764,26,26,False,Maize.GEM.Group1.All-GEM-Releases,2127-01_DK888_S11_F2S4_9181-Blk21/00,USA,Cultivar,GEMS-0014
PI 642765,30,30,False,Maize.GEM.Group1.All-GEM-Releases,2132-03_DK888_S11_F2S4_9187-Blk22/00,USA,Cultivar,GEMS-0016
PI 642767,26,79,False,Maize.Group.GEMs.Top.Releases,2283-01_XL380_S11_F2S4_9229-Blk20/00,USA,Cultivar,GEMS-0032
PI 643420,27,41,False,Maize.GEM.Group1.All-GEM-Releases,"Selection for high amylose modifier genes began in 1997 at Truman State when a sister-line hybrid H99ae x OH43 ae (provided by Dr. David Glover, Purdue University) was used as a male in crosses with many sources of exotic maize germplasm.  These included several hundred plant introductions including 70 accessions from the Latin American Maize Project (LAMP). Our results revealed  several plant introductions that contributed high amylose modifiers raising amylose levels to at least 70% in the F3 kernels. Only lines from GUAT209:S13 x (H99ae x OH43ae) were found to survive inbreeding and therefore used in subsequent breeding studies while the others were dropped.  GUAT209:S13 is a 50% tropical exotic derived from crossing the LAMP accession Guatemala 209 (PI 498583) to a proprietary stiff stalk inbred from a private GEM cooperator designated as company 13.  Guatemala 209 is a yellow flint population from the tropical race, Tus n. The original GUAT209:S13 F1 seed was planted in a winter nursery in Puerto Rico; F1 plants produced ears segregating F2 seeds in the expected 3:1 phenotypic ratio for normal and ae-type kernels.  Mutant ae F2 kernels were visually selected and used to establish F2 plants producing homozygous ae F2 ears (F3 seed) in the summer of 1998 at Kirksville, MO.   For each (H99ae x OH43ae) x exotic cross, grain samples from at least three F2 ears were analyzed for starch amylose using a colorimetric iodine-amylose procedure (Williams, 1958) following starch extraction and purification.  Remnant grain samples were used for inbreeding in order to attempt to fix the modifiers.  GEMS-0067 is currently maintained as an S4 line from GUAT209:S13 x (H99ae x OH43ae).",USA,Cultivar,GEMS-0067
PI 644026,25,25,False,Maize.Group.Ames.Panel.2010,"Developed by seven generations of self-pollination from a maize population GT-MAS:gk (PI561859) (McMillian et al., 1993). This maize population was derived and selected from a visibly segregating hybrid ear that was infected by Aspergillus flavus (Widstrom et al., 1987) for reduced aflatoxin contamination. McMillian et al. (1993) released this maize population GT-MAS:gk as a source of resistance to aflatoxin accumulation.",USA,Breeding material,GT601 (AM-1)
PI 644027,25,25,False,Maize.Group.Ames.Panel.2010,"Developed by seven generations of self-pollination from a maize population GT-MAS:gk (PI561859) (McMillian et al., 1993). This maize population was derived and selected from a visibly segregating hybrid ear that was infected by Aspergillus flavus (Widstrom et al., 1987) for reduced aflatoxin contamination. McMillian et al. (1993) released this maize population GT-MAS:gk as a source of resistance to aflatoxin accumulation.",USA,Breeding material,GT602 (AM-2)
PI 644060,24,24,False,,,USA,Breeding material,CRW3 (S1) C6
PI 645583,32,33,False,,,USA,Landrace,Bronze Beauty
PI 645584,22,24,False,,,USA,Landrace,Sehsapsing (Delaware Indian)
PI 645585,32,34,False,,,USA,Landrace,Puhwem (Delaware Indian)
PI 645700,17,18,False,,,MEX,Landrace,Aguascalientes 84
PI 645701,17,18,False,,,MEX,Landrace,Aguascalientes 85
PI 645711,18,19,False,,,MEX,Landrace,Chihuahua 3
PI 645713,17,18,False,,,MEX,Landrace,Chihuahua 44
PI 645719,17,18,False,,,MEX,Landrace,Chihuahua 64
PI 645727,17,18,False,,,MEX,Landrace,Chiapas 3
PI 645735,17,18,False,,,MEX,Landrace,Chiapas 89
PI 645737,17,18,False,,,MEX,Landrace,Chiapas 149
PI 645738,17,18,False,,,MEX,Landrace,Chiapas 154
PI 645746,18,19,False,,,MEX,Landrace,Chiapas 387
PI 645747,17,18,False,,,MEX,Landrace,Chiapas 554
PI 645748,17,17,False,,,MEX,Landrace,Chiapas 638
PI 645750,17,18,False,,,MEX,Landrace,Coahuila 22
PI 645754,17,18,False,,,MEX,Landrace,Coahuila 73
PI 645774,16,17,False,,,MEX,Landrace,Guerrero 131
PI 645775,16,17,False,,,MEX,Landrace,Guerrero 252
PI 645776,18,19,False,,,MEX,Landrace,Guerrero 281
PI 645777,16,17,False,,,MEX,Landrace,Guerrero 296
PI 645778,25,25,False,,,MEX,Landrace,Guerrero 335
PI 645780,17,17,False,,,MEX,Landrace,Guerrero 349
PI 645804,25,25,False,,,MEX,Landrace,Guanajuato 191
PI 645815,18,19,False,,,MEX,Landrace,Hidalgo 72
PI 645837,48,48,False,,,MEX,Landrace,Jalisco 129
PI 645841,39,55,False,,,MEX,Landrace,Jalisco 142
PI 645845,54,54,False,,,MEX,Landrace,Jalisco 154
PI 645894,39,40,False,,,MEX,Landrace,Michoacan 66
PI 645899,17,18,False,,,MEX,Landrace,Michoacan 166
PI 645909,17,24,False,,,MEX,Landrace,Michoacan 307
PI 645919,18,19,False,,,MEX,Landrace,Morelos 147
PI 645922,63,64,False,,,MEX,Landrace,Nayarit 6
PI 645923,17,32,False,,,MEX,Landrace,Nayarit 55
PI 645925,39,40,False,,,MEX,Landrace,Nayarit 191
PI 645926,17,32,False,,,MEX,Landrace,Nayarit 205
PI 645927,17,18,False,,,MEX,Landrace,Nayarit 300
PI 645928,17,18,False,,,MEX,Landrace,Oaxaca 1
PI 645930,43,44,False,,,MEX,Landrace,Oaxaca 28
PI 645932,17,18,False,,,MEX,Landrace,Oaxaca 61
PI 645933,17,18,False,,,MEX,Landrace,Oaxaca 62
PI 645936,16,17,False,,,MEX,Landrace,Oaxaca 128
PI 645937,17,18,False,,,MEX,Landrace,Oaxaca 133
PI 645939,15,15,False,,,MEX,Landrace,Oaxaca 144
PI 645941,17,33,False,,,MEX,Landrace,Oaxaca 197
PI 645947,18,19,False,,,MEX,Landrace,Oaxaca 283
PI 645951,18,19,False,,,MEX,Landrace,Oaxaca 317
PI 645956,17,18,False,,,MEX,Landrace,Oaxaca 415
PI 645959,25,25,False,,,MEX,Landrace,Oaxaca 570
PI 645960,18,19,False,,,MEX,Landrace,Puebla 3
PI 645962,16,17,False,,,MEX,Landrace,Puebla 13
PI 645975,17,18,False,,,MEX,Landrace,Puebla 222
PI 645978,17,17,False,,,MEX,Landrace,Puebla 285
PI 645984,39,43,False,,,MEX,Landrace,Puebla 552
PI 645993,48,48,False,,,MEX,Landrace,Puebla 864
PI 645998,16,30,False,,,MEX,Landrace,Queretaro 67
PI 646002,16,16,False,,,MEX,Landrace,Quintana Roo 14
PI 646007,15,15,False,,,MEX,Landrace,San Luis Potosi 3A
PI 646010,17,18,False,,,MEX,Landrace,San Luis Potosi 29
PI 646012,17,18,False,,,MEX,Landrace,San Luis Potosi 45
PI 646013,17,18,False,,,MEX,Landrace,San Luis Potosi 59
PI 646014,18,19,False,,,MEX,Landrace,San Luis Potosi 103
PI 646017,25,25,False,,,MEX,Landrace,Tamaulipas 3
PI 646057,25,25,False,,,MEX,Landrace,Tlaxcala 251
PI 646061,16,17,False,,,MEX,Landrace,Veracruz 58
PI 646069,26,26,False,,,MEX,Landrace,Veracruz 311
PI 646072,25,25,False,,,MEX,Landrace,Veracruz 359
PI 646075,17,18,False,,,MEX,Landrace,Veracruz 491
PI 646098,17,18,False,,,MEX,Landrace,Zacatecas 95
PI 646105,62,62,False,,,MEX,Landrace,Zacatecas 182
PI 648423,28,30,False,Maize.Group.Ames.Panel.2010,"Maize lines elevated in methionine were generated by crossing inbred lines A632, B73 and Mo17 to a high-methionine donor parent, BSSS53.  A632, B73 and Mo17, yellow endosperm corn-belt dent lines, were the recurrent parents in the backcross scheme.  The converted A632, B73 and Mo17 lines (3-5 backcrosses) have 11%, 22% and 50% elevated methionine levels, respectively.  BSSS53 is a random line isolate from the Iowa Stiff Stalk Synthetic population.",USA,Breeding material,58611 Inbred A632
PI 648424,28,30,False,Maize.Group.Ames.Panel.2010,"Maize lines elevated in methionine were generated by crossing inbred lines A632, B73 and Mo17 to a high-methionine donor parent, BSSS53.  A632, B73 and Mo17, yellow endosperm corn-belt dent lines, were the recurrent parents in the backcross scheme.  The converted A632, B73 and Mo17 lines (3-5 backcrosses) have 11%, 22% and 50% elevated methionine levels, respectively.  BSSS53 is a random line isolate from the Iowa Stiff Stalk Synthetic population.",USA,Breeding material,58609 A632 (Meth) Bc5S4
PI 648425,28,30,False,Maize.Group.Ames.Panel.2010,"Maize lines elevated in methionine were generated by crossing inbred lines A632, B73 and Mo17 to a high-methionine donor parent, BSSS53.  A632, B73 and Mo17, yellow endosperm corn-belt dent lines, were the recurrent parents in the backcross scheme.  The converted A632, B73 and Mo17 lines (3-5 backcrosses) have 11%, 22% and 50% elevated methionine levels, respectively.  BSSS53 is a random line isolate from the Iowa Stiff Stalk Synthetic population.",USA,Breeding material,58610 A632 (Meth) Bc5S4
PI 648426,29,31,False,Maize.Group.Ames.Panel.2010,"Maize lines elevated in methionine were generated by crossing inbred lines A632, B73 and Mo17 to a high-methionine donor parent, BSSS53.  A632, B73 and Mo17, yellow endosperm corn-belt dent lines, were the recurrent parents in the backcross scheme.  The converted A632, B73 and Mo17 lines (3-5 backcrosses) have 11%, 22% and 50% elevated methionine levels, respectively.  BSSS53 is a random line isolate from the Iowa Stiff Stalk Synthetic population.",USA,Breeding material,High Methionine B73
PI 648427,29,31,False,Maize.Group.Ames.Panel.2010,"Maize lines elevated in methionine were generated by crossing inbred lines A632, B73 and Mo17 to a high-methionine donor parent, BSSS53.  A632, B73 and Mo17, yellow endosperm corn-belt dent lines, were the recurrent parents in the backcross scheme.  The converted A632, B73 and Mo17 lines (3-5 backcrosses) have 11%, 22% and 50% elevated methionine levels, respectively.  BSSS53 is a random line isolate from the Iowa Stiff Stalk Synthetic population.",USA,Breeding material,58613 B73 (Meth) Bc5S4
PI 648428,27,53,False,Maize.Group.Ames.Panel.2010,"Maize lines elevated in methionine were generated by crossing inbred lines A632, B73 and Mo17 to a high-methionine donor parent, BSSS53.  A632, B73 and Mo17, yellow endosperm corn-belt dent lines, were the recurrent parents in the backcross scheme.  The converted A632, B73 and Mo17 lines (3-5 backcrosses) have 11%, 22% and 50% elevated methionine levels, respectively.  BSSS53 is a random line isolate from the Iowa Stiff Stalk Synthetic population.",USA,Breeding material,58614 B73 (Meth) Bc5S4
PI 648429,28,30,False,Maize.Group.Ames.Panel.2010,"Maize lines elevated in methionine were generated by crossing inbred lines A632, B73 and Mo17 to a high-methionine donor parent, BSSS53.  A632, B73 and Mo17, yellow endosperm corn-belt dent lines, were the recurrent parents in the backcross scheme.  The converted A632, B73 and Mo17 lines (3-5 backcrosses) have 11%, 22% and 50% elevated methionine levels, respectively.  BSSS53 is a random line isolate from the Iowa Stiff Stalk Synthetic population.",USA,Breeding material,58615 B73 (Methionine) Bc5S4
PI 648430,29,32,False,Maize.Group.Ames.Panel.2010,"Maize lines elevated in methionine were generated by crossing inbred lines A632, B73 and Mo17 to a high-methionine donor parent, BSSS53.  A632, B73 and Mo17, yellow endosperm corn-belt dent lines, were the recurrent parents in the backcross scheme.  The converted A632, B73 and Mo17 lines (3-5 backcrosses) have 11%, 22% and 50% elevated methionine levels, respectively.  BSSS53 is a random line isolate from the Iowa Stiff Stalk Synthetic population.",USA,Breeding material,High Methionine Mo17
PI 648431,27,29,False,Maize.Group.Ames.Panel.2010,"Maize lines elevated in methionine were generated by crossing inbred lines A632, B73 and Mo17 to a high-methionine donor parent, BSSS53.  A632, B73 and Mo17, yellow endosperm corn-belt dent lines, were the recurrent parents in the backcross scheme.  The converted A632, B73 and Mo17 lines (3-5 backcrosses) have 11%, 22% and 50% elevated methionine levels, respectively.  BSSS53 is a random line isolate from the Iowa Stiff Stalk Synthetic population.",USA,Breeding material,58802 Mo17 (Meth) BcS3
PI 648432,29,46,False,Maize.Group.Ames.Panel.2010,"Maize lines elevated in methionine were generated by crossing inbred lines A632, B73 and Mo17 to a high-methionine donor parent, BSSS53.  A632, B73 and Mo17, yellow endosperm corn-belt dent lines, were the recurrent parents in the backcross scheme.  The converted A632, B73 and Mo17 lines (3-5 backcrosses) have 11%, 22% and 50% elevated methionine levels, respectively.  BSSS53 is a random line isolate from the Iowa Stiff Stalk Synthetic population.",USA,Breeding material,58803 Mo17 (Meth) BcS3
PI 648433,27,29,False,Maize.Group.Ames.Panel.2010,"Maize lines elevated in methionine were generated by crossing inbred lines A632, B73 and Mo17 to a high-methionine donor parent, BSSS53.  A632, B73 and Mo17, yellow endosperm corn-belt dent lines, were the recurrent parents in the backcross scheme.  The converted A632, B73 and Mo17 lines (3-5 backcrosses) have 11%, 22% and 50% elevated methionine levels, respectively.  BSSS53 is a random line isolate from the Iowa Stiff Stalk Synthetic population.",USA,Breeding material,58804 Mo17 (Meth) BcS3
PI 651530,16,18,False,Maize.GEM.Group1.All-GEM-Releases,AR03056:N09-182-001-B-B-B-SIB,USA,Cultivar,GEMN-0088
PI 651531,16,18,False,Maize.GEM.Group1.All-GEM-Releases,CHIS740:S1411a-783-002-B-B-SIB,USA,Cultivar,GEMS-0091
PI 651532,16,16,False,Maize.GEM.Group1.All-GEM-Releases,CUBA164:S2012-444-001-B-B-SIB,USA,Cultivar,GEMS-0092
PI 651533,16,17,False,Maize.Group.GEMs.Top.Releases,CUBA164:S2012-966-001-B-B-SIB,USA,Cultivar,GEMS-0093
PI 651534,17,18,False,Maize.Group.GEMs.Top.Releases,FS8B(T):N11a-087-001-B-B-SIB,USA,Cultivar,GEMN-0097
PI 651535,16,17,False,Maize.Group.GEMs.Top.Releases,FS8B(T):N11a-110-001-B-B-SIB,USA,Cultivar,GEMN-0098
PI 651536,16,18,False,Maize.GEM.Group1.All-GEM-Releases,UR11003:S0302-937-001-B-B-SIB,USA,Cultivar,GEMS-0100
PI 651537,16,17,False,Maize.GEM.Group1.All-GEM-Releases,BARBGP2:N08a18-332-001-B-B-B-SIB,USA,Cultivar,GEMN-0110
PI 651538,16,16,False,Maize.GEM.Group1.All-GEM-Releases,CH05015:N1204-057-001-B-B-SIB,USA,Cultivar,GEMN-0111
PI 651539,16,17,False,Maize.GEM.Group1.All-GEM-Releases,CH05015:N1502-086-001-B-B-B-SIB,USA,Cultivar,GEMN-0112
PI 651540,16,16,False,Maize.Group.GEMs.Top.Releases,CHIS775:S1911b-120-001-B-B-SIB,USA,Cultivar,GEMS-0113
PI 651541,16,17,False,Maize.Group.GEMs.Top.Releases,DKB844:S1601-073-001-B-B-SIB,USA,Cultivar,GEMS-0115
PI 651542,16,16,False,Maize.GEM.Group1.All-GEM-Releases,DKB844:S1601-003-002-B-B-SIB,USA,Cultivar,GEMS-0116
PI 651543,16,16,False,Maize.GEM.Group1.All-GEM-Releases,DREP150:N2011d-624-001-B-B-SIB,USA,Cultivar,GEMN-0117
PI 651544,16,17,False,Maize.GEM.Group1.All-GEM-Releases,UR11003:S0302-1011-001-B-B-SIB,USA,Cultivar,GEMS-0118
PI 651545,16,17,False,Maize.GEM.Group1.All-GEM-Releases,AR17056:N2025-574-001-B-B-SIB,USA,Cultivar,GEMN-0174
PI 652866,15,15,False,,"Derived in 1967 from the Maize Genetic Coop's stock 65F-409-1/410-1 on a dent background. Crossed in Thailand with a Rockefeller Foundation o2 composite. Following 2 cycles of recurrent mass selection in Thailand, it was crossed with an o2 sister-line hybrid of B37 x H84 and backcrossed. The genetic makeup approximately 3/8 Thai composite, 3/8 genetic stock and 2/8 B27/H84 (3/8 tropical, 5/8 temperate).",USA,Breeding material,HiC1
PI 652867,15,15,False,,"Composite based on hybrids with perennial teosinte, Zea diploperennis, followed by 5 cycles of recurrent selection. 11 inbreds (Hi25 to Hi35) were crossed by Srinivasan with perennial teosinte as male parent. These highly-tillered hybrids (average 5.4 tillers) were backcrossed to the 11 parents (4 temperate and 7 tropical). Backcrosses separated into A & B groups that were inter-crossed in 1987 to establish the composite which has been advanced by recurrent mass selection for 5 generations.",USA,Breeding material,HiC2
PI 652868,19,33,False,,"A composite with 24 cycles of breeding, designed as a tropical ""Indian corn"" with an assortment of genes affecting plant and kernel color. A variegated-pericarp (p-vv) genetic stock was crossed with tropical inbred Hi27 and hybrids were crossed with a temperate ""Indian corn"" composite of Dr. H.E. Brewbaker in 1969. Following 3 cycles of selection, the population was crossed to a Hawaiian population with monogenic resistance to turcicum blight and common rust, then backcrossed 4 times selecting for rust and blight immunity. The monogenic immunities did not survive evolution of the pathogens in Hawaii but composite continued to be advanced for agronomic traits through 17 generations. In 2002 was crossed with a variegated (p-vv) commercial popcorn, backcrossed twice, and advanced through 3 cycles of recurrent mass selection.",USA,Breeding material,HiC3
PI 652869,15,15,False,,"Inbred parents: B77, CM103, CIMMYT11ES, Hi28, Hi34, Hi53, Hi54, Hi56, Hi61, ICAL29, ICAL36, ICAL219, ICAL220 and INV534. Later evaluations showed resistance of B77 to be racially specific; other inbreds had racially non-specific tolerance. Population advanced by recurrent mass selection for 6 cycles in Hawaii. Newly identified or improved inbreds with high blight tolerance were crossed with this synthetic in 2006. Inbreds in 2nd series included new versions of Hi28, Hi34, Hi53, Hi56 together with Hi40, Hi48, Hi49, Hi51, Hi52, Hi57, Hi58, Hi61. Population advanced for 2 more cycles under blight infections prior to release.",USA,Breeding material,HiS1
PI 652870,15,15,False,,"Group A parents: CIMMYT A21, CIMMYT T11, Hi33, Hi47, Hi49, ICAL221, INV534 and Ky226 crossed in 1986 with Group B parents: B77, CI66, CM103, H55, Hi26, Hi28, Hi29, Hi31, Hi34. Parentage was about 50% temperate and performance should optimize in subtropical regions like Hawaii. Advanced threough 6 cycles of recurrent selection.",USA,Breeding material,HiS2
PI 652871,15,15,False,,"Inbred parents with general resistance to Southern rust (Puccinia polysora): CIMMYTT-11, Fla2AT115, Hi34, ICAL210, ICAL219, ICAL223, INV138, INV534, Ki9, MIT2, Narino330, SC55, TZi10, TZi11, TZi12, TZi14, TZi15 and TZi30 (1 temperate; 18 tropical). The intercrossed population was advanced by recurrent mass selection for 3 cycles in Hawaii with emphasis on improvement ofagronomic traits.",USA,Breeding material,HiS3
PI 652872,15,15,False,,"Inbred parents chosen for general resistance to common rust: B84, CIMMYT T11, CM118, Fla2AT115, Hi28, Hi32, Hi33, Hi34, Hi40, Hi41, Hi57, Hi58, ICA27, ICA219, ICA223, MIT2, Narino 330 and Oh43 (5 terperate, 13 tropical). The intercrossed population was advanced by recurrent mass selection for 9 cycles in Hawaii with emphasis on improvement of agronomic traits.",USA,Breeding material,HiS4
PI 652873,15,15,False,,"Inbred parents for general resistance to Southern blight: Fla2AT114, Fla2AT115, Fla2AT116, Fla2BT73, Fla2BT106, Hi35, Hi39, Hi57, Hi58, ICAL221, INV534, TZi3, TZi5, TZi11 (5 temperate, 9 tropical). The intercrossed population was advanced by recurrent mass selection for 6 cycles in Hawaii with emphasis on improvement of agronomic traits.",USA,Breeding material,HiS5
PI 652874,15,15,False,,"Inbred parents: CML223, CML295, FW1, FW6, Hi26, Hi28, Hi34, Hi41, Hi42, Hi43, Hi44, Hi45, Hi46, Hi47, Hi49, Hi50, Hi51, Hi52, Hi53, Hi54, Hi56, Hi57, Hi58, Hi59, Hi60, Hi61, Hi62, Hi63, Hi64, Hi65, Hi66, Hi67, Hi68, KS23 (3 sublines), MF6 ad ZH1 (10 temperate, 28 tropical). Parentage included 10 temperate and 28 tropical inbreds. All were resistant to Maize Mosaic Virus and to other diseases common in our breeding nurseries. The intercrossed population has been advanced by recurrent mass selection for 4 cycles in Hawaii, in which two involved stratified sampling for ear weights.",USA,Breeding material,HiS6
PI 652887,25,25,False,,{[A632/(T232/Mp339)]-S6/[B73/Ga209-S2//(B37/Mo18W-S3//B73)-S6]}-S9,USA,Breeding material,T177
PI 654048,18,21,False,Maize.Group.Ames.Panel.2010,TZAR101 was derived from a cross of involving a tropical inbred line with low aflatoxin production (1368) to a temperate aflatoxin resistant genotypes (GT-MAS:gk).,NGA,Breeding material,TZAR101
PI 654049,18,33,False,Maize.Group.Ames.Panel.2010,TZAR102 was derived from a cross of involving a tropical maize inbred line with low aflatoxin production (1368) to an aflatoxin resistant temperate inbred line (MI82).,NGA,Breeding material,TZAR102
PI 654050,18,20,False,Maize.Group.Ames.Panel.2010,TZAR103 was derived from a cross of involving a tropical maize inbred line with low aflatoxin production (1368) to an aflatoxin resistant temperate inbred line (MI82).,NGA,Breeding material,TZAR103
PI 654051,28,87,False,Maize.Group.Ames.Panel.2010,TZAR104 was extracted from a backcross involving aflatoxin resistant temperate genotype (GT-MAS:gk) as a recurrent parent and a tropical inbred line (KU1414-SR) as a non-recurrent parent.,NGA,Breeding material,TZAR104
PI 654052,16,62,False,Maize.Group.Ames.Panel.2010,TZAR105 was developed from a backcross involving aflatoxin resistant temperate maize inbred line (MP420) as a recurrent parent and a tropical inbred line (4001) as a non-recurrent parent.,NGA,Breeding material,TZAR105
PI 654053,28,59,False,Maize.Group.Ames.Panel.2010,TZAR106 was developed from a backcross involving aflatoxin resistant temperate maize inbred line (MP420) as a recurrent parent and a tropical inbred line (4001) as a non-recurrent parent.,NGA,Breeding material,TZAR106
PI 654407,15,15,False,,TZE-W Pop DT STR C4,NGA,Breeding material,TZE-W Pop DT STR C4
PI 654408,15,15,False,,TZE-Y Pop DT STR C4,NGA,Breeding material,TZE-Y Pop DT STR C4
PI 658071,26,29,False,Maize.GEM.Group1.All-GEM-Releases,AR17056:N2035-421-001-B-B-B,USA,Cultivar,GEMN-0138
PI 658072,26,28,False,Maize.GEM.Group1.All-GEM-Releases,AR17056:N2035-473-001-B-B-B,USA,Cultivar,GEMN-0139
PI 658073,16,18,False,Maize.GEM.Group1.All-GEM-Releases,BR51675:N0620-033-001-B-B-B,USA,Cultivar,GEMN-0140
PI 658074,16,18,False,Maize.GEM.Group1.All-GEM-Releases,BR51675:N0620-053-001-B-B-B,USA,Cultivar,GEMN-0141
PI 658076,26,29,False,Maize.Group.GEMs.Top.Releases,MDI022:N2120-284-001-B-B-B,USA,Cultivar,GEMN-0144
PI 658079,26,41,False,Maize.Group.GEMs.Top.Releases,NEI9004:S2818-025-001-B-B-B,USA,Cultivar,GEMS-0147
PI 658080,26,28,False,Maize.GEM.Group1.All-GEM-Releases,NEI9004:S2818-376-001-B-B-B,USA,Cultivar,GEMS-0148
PI 658083,26,29,False,Maize.GEM.Group1.All-GEM-Releases,AR13026:N08b15-086-B-B-SIB,USA,Cultivar,GEMN-0155
PI 658084,26,29,False,Maize.GEM.Group1.All-GEM-Releases,BR51721:N2012-098-002-B-B-SIB,USA,Cultivar,GEMN-0156
PI 658085,26,28,False,Maize.Group.GEMs.Top.Releases,BR51721:N2012-164-002-B-B-SIB,USA,Cultivar,GEMN-0157
PI 658086,16,18,False,Maize.GEM.Group1.All-GEM-Releases,BR51721:N2012-397-001-B-B-SIB,USA,Cultivar,GEMN-0158
PI 658087,16,17,False,Maize.GEM.Group1.All-GEM-Releases,CASH:N1410-018-001-B-B-SIB,USA,Cultivar,GEMN-0159
PI 658090,16,18,False,Maize.GEM.Group1.All-GEM-Releases,CUBA117:S1542-057-002-B-B-SIB,USA,Cultivar,GEMS-0162
PI 659665,25,26,False,,"Developed by 7 generations of self-pollination from a maize population GT-MAS:gk (PI 561859). This population was derived from a visibly segregating commercial hybrid ear (a Pioneer hybrid) for infection by Aspergillus flavus and selected for resistance to the fungal infection and reduced aflatoxin contamination, which was released as a source of resistance to aflatoxin accumulation.",USA,Breeding material,GT603
PI 659678,16,17,False,Maize.GEM.Group1.All-GEM-Releases,DK212T:N11a12-191-001-B-B-B,USA,Cultivar,GEMN-0114
PI 659679,16,16,False,Maize.Group.GEMs.Top.Releases,BR52060:S0210-143-001-B-B-B,USA,Cultivar,GEMS-0142
PI 659680,26,42,False,Maize.GEM.Group1.All-GEM-Releases,UR05017:S0415-187-001-B-B-B,USA,Cultivar,GEMS-0150
PI 659681,16,17,False,Maize.GEM.Group1.All-GEM-Releases,CUBA164:S2012-456-001-B-B-SIB,USA,Cultivar,GEMS-0163
PI 660676,25,25,False,,{[A632/(T232/Mp339)]-S6 / [B73/Ga209-S2//(B37/Mo18W-S3//B73)-S6]}- S9,USA,Breeding material,T274
PI 662045,15,16,False,Maize.Group.Ames.Panel.Post.2010,(Mp715 x Va35)-1-3-4-2-3-1-1-1--B,USA,Breeding material,Mp718
PI 662046,15,16,False,Maize.Group.Ames.Panel.Post.2010,(Mp715 x Va35)-1-3-4-2-3-2-1-1--B,USA,Breeding material,Mp719
PI 662937,25,40,False,,((Tx772 x T246) x Tx772)-7-2-B-B-B-B-B-B-B,USA,Breeding material,Tx736
PI 662938,16,17,False,,"Selected from a single population of segregating S3 plants derived from a mixture of Agricomseeds' (Bolivia) heterotic groups A, C and E (LAMA2002-10-1-B-B-B)",USA,Breeding material,Tx739
PI 662939,15,16,False,,"Selected from a single population of segregating S3 plants derived from a mixture of Agricomseeds' (Bolivia) heterotic groups A, C and E (LAMA2002-12-1-B-B-B)",USA,Breeding material,Tx740
PI 665687,26,26,False,,"Oh VRS-l is a synthetic maize population developed as a virus resistance resource. Ten inbred lines Pa405, OhIEP, Pall, Ohl VI, Cuba (Compuesto Cuba #551), Dominican Republic (PI484035), Mp705, Kp291, HIX4231, and B73 formed the synthetic and one cycle ofSl recurrent selection completed. One hundred Sllines were evaluated for resistance to MDMV-A, SCMV, and MCDV and 20 lines selected using a rank and replace method. The selected S 1 lines were intermated and random mated to produce the released population.",USA,Breeding material,OhVRS-C1
PI 670116,25,40,False,,"GT888 resulted from cross between DK888, by a proprietary, non-stiff stalk temperate inbred producing DK888:N11, which was inbred for 2 cycles via ear-to-row; S1 and S2 families were test crossed and evaluated for yield. Selected S2 families were selfed to make S3 bulks, coded as DK888:N11F1S3 2141-002-034-B. Two more ear-to-row selfings via ear-to- were produced in GA, and selected for aflatoxin resistance followed by 3 generations of bulking to produce DK888:N11F1S3 2141-002-034-B-002-001-B3.",USA,Breeding material,GT888
PI 671796,26,26,False,,BQPM10 [B99 x CLRQ 00502]-F2)-08-02-01-01-02-B,USA,Breeding material,BQPM10
PI 671797,16,16,False,,BQPM11 [B100 x CLQ 06901]-F2)-02-04-01-01-01-B,USA,Breeding material,BQPM11
PI 671798,15,15,False,,BQPM12 [CLQ 06901 x B98]-F2)-04-01-01-01-01-B,USA,Breeding material,BQPM12
PI 671799,16,16,False,,BQPM13 [CLQ 06901 x B97]-F2)-02-03-03-01-02-B,USA,Breeding material,BQPM13
PI 671800,16,16,False,,BQPM14 [CLQ 06901 x B97]-F2)-08-01-01-01-03-B,USA,Breeding material,BQPM14
PI 671801,16,16,False,,BQPM16 [CLQ 06901 x B98]-F2)-06-01-01-02-01-B,USA,Breeding material,BQPM16
PI 671802,16,16,False,,BQPM17 [CLQ 06901 x B113]-F2)-02-01-01-01-01-B,USA,Breeding material,BQPM17
PI 673348,16,16,False,,BQPM17 [CLQ 06901 x B113]-F2)-02-01-01-01-01-B,USA,Breeding material,BQPM15
PI 674107,16,16,False,,Developed from Germplasm Enhancement of Maize (GEM) Project germplasm,USA,Breeding material,NY195
PI 674108,16,16,False,,Developed from Germplasm Enhancement of Maize (GEM) Project germplasm,USA,Breeding material,NY212
PI 674109,16,16,False,,Developed from Germplasm Enhancement of Maize (GEM) Project germplasm,USA,Breeding material,NY215
PI 674110,16,16,False,,Developed from Germplasm Enhancement of Maize (GEM) Project germplasm,USA,Breeding material,NY266
PI 674441,26,26,False,Maize.Group.Ames.Panel.Post.2010,Modified W23 that has been sequenced.,USA,Breeding material,W23 bz2 Walbot
PI 674442,21,21,False,,,USA,Landrace,Shoepeg Yellow Dent
PI 674443,31,32,False,,,USA,Landrace,Shoepeg
PI 674445,24,38,False,Maize.Group.Ames.Panel.Post.2010,,USA,Cultivar,W22 (C1; R-r:std) Brink
PI 675374,16,16,False,,CUBA 117:S1520-388-1-B and ND2000,USA,Breeding material,NDEarlyGEM3
PI 675375,16,16,False,,SCR01 :N1310-265-1-B-B ND2000,USA,Breeding material,NDEarlyGEM4
PI 675376,16,16,False,,BR52051 :N04-70-1 ND2000,USA,Breeding material,NDEarlyGEM5
PI 675377,16,16,False,,DKB844:S1601-507-1-B-B and ND2000,USA,Breeding material,NDEarlyGEM10
PI 675378,16,16,False,,AR 16026:S 17-66-1-B and ND2000,USA,Breeding material,NDEarlyGEM21a
PI 675379,16,16,False,,AR16026:S17-66-1-B and ND2000,USA,Breeding material,NDEarlyGEM21b
PI 675380,16,16,False,,AR 16026:S 17-66-1-8 and ND2000,USA,Breeding material,NDEarlyGEM21c
PI 675381,16,16,False,,CHOSOO 15:N12-123-1-B-B ND2000,USA,Breeding material,NDEarlyGEM22a
PI 675383,16,16,False,,FS8B(T): N1802-35-1-8-8 ND2000,USA,Breeding material,NDEarlyGEM26
PI 676961,27,27,False,,,USA,Landrace,Florident Yellow
PI 677128,25,25,False,Maize.Group.Ames.Panel.Post.2010,,USA,Breeding material,B73 RefGen_v4
PI 677346,16,16,False,,"Maize inbred line Bo23 was selected for germination at low temperature from the F2 of the single cross B73 x IAB078. After the accomplishment of four cycles of full-sib recurrent selection, three generations of selection in inbreeding were made according to the pedigree procedure. Subsequently, the advancement in inbreeding was made up to S9 just by taking the ear with the best seed set.",ITA,Breeding material,Bo23
PI 685781,26,26,False,Maize.GEM.Group1.All-GEM-Releases,2089-01_DK212T_S11_F2S4_9160-Blk22/00,USA,Cultivar,GEMS-0007
PI 685782,26,26,False,Maize.GEM.Group1.All-GEM-Releases,2109-01_DK212T_S11_F2S4_63/97_Bulk/97-98,USA,Cultivar,GEMS-0008
PI 685784,30,32,False,Maize.GEM.Group1.All-GEM-Releases,CH05015:N12-20-1-B-B,USA,Cultivar,GEMN-0044
PI 685785,27,53,False,Maize.GEM.Group1.All-GEM-Releases,CH05015:N12-140-1-B-B,USA,Cultivar,GEMN-0045
PI 685786,31,32,False,Maize.GEM.Group1.All-GEM-Releases,CH05015:N15-8-1-B-B,USA,Cultivar,GEMN-0046
PI 685787,30,31,False,Maize.GEM.Group1.All-GEM-Releases,UR13085:N0215-14-1-B-B,USA,Cultivar,GEMN-0047
PI 685788,30,31,False,Maize.Group.GEMs.Top.Releases,DKXL370:N11a20-31-1-B-B,USA,Cultivar,GEMN-0048
PI 685789,30,30,False,Maize.Group.GEMs.Top.Releases,DKB844:S1601-512-1-B,USA,Cultivar,GEMS-0049
PI 685790,30,30,False,Maize.Group.GEMs.Top.Releases,DKB844:S1601-517-1-B,USA,Cultivar,GEMS-0050
PI 685791,30,30,False,Maize.GEM.Group1.All-GEM-Releases,CUBA164:S2008a-83-1-B,USA,Cultivar,GEMS-0051
PI 685792,30,31,False,Maize.GEM.Group1.All-GEM-Releases,CUBA164:S2008a-326-1-B,USA,Cultivar,GEMS-0052
PI 685793,30,30,False,Maize.GEM.Group1.All-GEM-Releases,CUBA164:S15-192-2-B,USA,Cultivar,GEMS-0053
PI 685794,30,31,False,Maize.GEM.Group1.All-GEM-Releases,AR16035:S02-450-1-B,USA,Cultivar,GEMS-0054
PI 685795,30,31,False,Maize.GEM.Group1.All-GEM-Releases,AR16035:S02-443-1-B-B,USA,Cultivar,GEMS-0055
PI 685796,30,31,False,Maize.GEM.Group1.All-GEM-Releases,FS8B(T):N1809-946-1-B,USA,Cultivar,GEMN-0056
PI 685797,30,30,False,Maize.GEM.Group1.All-GEM-Releases,AR01150:N04-545-1-B,USA,Cultivar,GEMN-0057
PI 685798,30,55,False,Maize.GEM.Group1.All-GEM-Releases,AR01150:N04-696-1-B,USA,Cultivar,GEMN-0058
PI 685799,31,31,False,Maize.GEM.Group1.All-GEM-Releases,SCRO1:N1310-398-1-B,USA,Cultivar,GEMN-0059
PI 685800,31,32,False,Maize.GEM.Group1.All-GEM-Releases,CHIS775:N1912-519-1-B-B,USA,Cultivar,GEMN-0060
PI 685801,30,30,False,Maize.Group.GEMs.Top.Releases,AR16026:S17-10-1-B-B,USA,Cultivar,GEMS-0061
PI 685802,30,30,False,Maize.GEM.Group1.All-GEM-Releases,AR16026:S17-16-1-B-B,USA,Cultivar,GEMS-0062
PI 685803,30,30,False,Maize.GEM.Group1.All-GEM-Releases,CUBA164:S1511b-325-1-B-B,USA,Cultivar,GEMS-0063
PI 685804,30,30,False,Maize.GEM.Group1.All-GEM-Releases,CUBA164:S1511b-249-1-B-B,USA,Cultivar,GEMS-0064
PI 685805,30,30,False,Maize.GEM.Group1.All-GEM-Releases,CUBA117:S1520-41-1-B-B,USA,Cultivar,GEMS-0065
PI 685806,30,30,False,Maize.Group.GEMs.Top.Releases,CUBA117:S1520-52-1-B-B,USA,Cultivar,GEMS-0066
PI 685807,26,26,False,Maize.GEM.Group1.All-GEM-Releases,AR16026:S1704-153-001-B-B,USA,Cultivar,GEMS-0068
PI 685808,26,27,False,Maize.GEM.Group1.All-GEM-Releases,AR16035:S19-161-001-B-B-B,USA,Cultivar,GEMS-0069
PI 685809,26,46,False,Maize.GEM.Group1.All-GEM-Releases,CH05015:N12-183-001-B-B-SIB-SIB,USA,Cultivar,GEMN-0070
PI 685810,16,17,False,Maize.GEM.Group1.All-GEM-Releases,CH05015:N15-003-001-B-B-SIB-SIB,USA,Cultivar,GEMN-0071
PI 685811,26,51,False,Maize.Group.GEMs.Top.Releases,CHIS775:S1911b-439-001-B-B-B-B,USA,Cultivar,GEMS-0072
PI 685812,26,27,False,Maize.GEM.Group1.All-GEM-Releases,CUBA117:S15-372-001-B-B-B,USA,Cultivar,GEMS-0073
PI 685813,16,17,False,Maize.GEM.Group1.All-GEM-Releases,CUBA164:S1517-163-001-B-B,USA,Cultivar,GEMS-0074
PI 685814,16,17,False,Maize.GEM.Group1.All-GEM-Releases,CUBA164:S1517-241-002-B-B-B,USA,Cultivar,GEMS-0075
PI 685815,26,28,False,Maize.GEM.Group1.All-GEM-Releases,DKB844:N11b-118-001-B-B-B,USA,Cultivar,GEMN-0076
PI 685817,16,17,False,Maize.GEM.Group1.All-GEM-Releases,FS8A(S):S09-362-001-B-B-B,USA,Cultivar,GEMS-0078
PI 685818,16,17,False,Maize.GEM.Group1.All-GEM-Releases,FS8B(S):S0316-802-001-B-B,USA,Cultivar,GEMS-0079
PI 685820,16,17,False,Maize.GEM.Group1.All-GEM-Releases,FS8B(T):N1802-382-001-B-B,USA,Cultivar,GEMN-0081
PI 685821,16,17,False,Maize.GEM.Group1.All-GEM-Releases,FS8B(T):N1802-525-001-B-B,USA,Cultivar,GEMN-0082
PI 685822,26,66,False,Maize.GEM.Group1.All-GEM-Releases,GUAT209:N1925-081-001-B-B,USA,Cultivar,GEMN-0083
PI 685823,16,17,False,Maize.GEM.Group1.All-GEM-Releases,PASCO14:S0105-198-001-B-B,USA,Cultivar,GEMS-0084
PI 685824,26,27,False,Maize.GEM.Group1.All-GEM-Releases,UR01089:S0525-519-001-B-B-B,USA,Cultivar,GEMS-0085
PI 685825,16,17,False,Maize.GEM.Group1.All-GEM-Releases,UR10001:S1813-257-001-B-B,USA,Cultivar,GEMS-0086
PI 685831,26,27,False,Maize.Group.GEMs.Top.Releases,DKXL370:N11a20-322-001-B-B-Sib-B,USA,Cultivar,GEMN-0096
PI 685833,15,15,False,Maize.GEM.Group1.All-GEM-Releases,DK212T:S11b-007-B-B,USA,Cultivar,GEMS-0101
PI 685834,15,15,False,Maize.GEM.Group1.All-GEM-Releases,DK888:S11b-001-B,USA,Cultivar,GEMS-0102
PI 685835,15,15,False,Maize.GEM.Group1.All-GEM-Releases,DK888:N11(95)-B-027-010-B,USA,Cultivar,GEMN-0103
PI 685836,15,15,False,Maize.Group.GEMs.Top.Releases,DK888:N11(95)-B-027-012-B,USA,Cultivar,GEMN-0104
PI 685837,15,15,False,Maize.GEM.Group1.All-GEM-Releases,DK888:N11(95)-B-027-015-B-B,USA,Cultivar,GEMN-0105
PI 685838,15,29,False,Maize.GEM.Group1.All-GEM-Releases,DK888:N11(95)-B-022-007-B-B,USA,Cultivar,GEMN-0106
PI 685839,15,29,False,Maize.GEM.Group1.All-GEM-Releases,DK888:N11(95)-B-022-012-B-B,USA,Cultivar,GEMN-0107
PI 685840,15,15,False,Maize.GEM.Group1.All-GEM-Releases,DK888:N11(95)-B-027-001-B,USA,Cultivar,GEMN-0108
PI 685841,25,39,False,Maize.GEM.Group1.All-GEM-Releases,DKXL380:N11-B-015-003-B-B,USA,Cultivar,GEMN-0109
PI 685842,15,29,False,Maize.GEM.Group1.All-GEM-Releases,CHS775:N19-042-001-B-B,USA,Cultivar,GEMN-0119
PI 685843,15,29,False,Maize.GEM.Group1.All-GEM-Releases,CHS775:N19-042-003-B-B-B,USA,Cultivar,GEMN-0120
PI 685844,15,15,False,Maize.GEM.Group1.All-GEM-Releases,CHS775:N19-027-010-B,USA,Cultivar,GEMN-0121
PI 685845,15,15,False,Maize.GEM.Group1.All-GEM-Releases,CHS775:N19-093-002-B,USA,Cultivar,GEMN-0122
PI 685846,15,15,False,Maize.GEM.Group1.All-GEM-Releases,CHS775:N19-030-011-B,USA,Cultivar,GEMN-0123
PI 685847,15,29,False,Maize.Group.GEMs.Top.Releases,DK212T:N11-B-003-001-B-B-B,USA,Cultivar,GEMN-0124
PI 685848,25,39,False,Maize.GEM.Group1.All-GEM-Releases,DK888:S11-B-029-011-B,USA,Cultivar,GEMS-0125
PI 685850,15,15,False,Maize.GEM.Group1.All-GEM-Releases,DK888:N11(95)-B-017-001-B,USA,Cultivar,GEMN-0127
PI 685851,15,15,False,Maize.GEM.Group1.All-GEM-Releases,DKXL370:N11-B-005-002-B,USA,Cultivar,GEMN-0128
PI 685852,15,15,False,Maize.GEM.Group1.All-GEM-Releases,DKXL370:N11-B-005-006-B,USA,Cultivar,GEMN-0129
PI 685853,15,15,False,Maize.GEM.Group1.All-GEM-Releases,DKXL370:N11-B-005-010-B,USA,Cultivar,GEMN-0130
PI 685854,15,15,False,Maize.GEM.Group1.All-GEM-Releases,DKXL370:N11-B-005-011,USA,Cultivar,GEMN-0131
PI 685855,15,15,False,Maize.GEM.Group1.All-GEM-Releases,DKXL370:N11-B-005-021-B,USA,Cultivar,GEMN-0132
PI 685856,15,15,False,Maize.GEM.Group1.All-GEM-Releases,DKXL370:N11-B-029-002-B,USA,Cultivar,GEMN-0133
PI 685857,15,29,False,Maize.GEM.Group1.All-GEM-Releases,DKXL380:N11-B-010-017-B-B-B,USA,Cultivar,GEMN-0134
PI 685858,15,15,False,Maize.Group.GEMs.Top.Releases,DKXL380:N11-B-007-025-B,USA,Cultivar,GEMN-0135
PI 685859,15,29,False,Maize.GEM.Group1.All-GEM-Releases,DKXL380:N11-B-007-028-B-B,USA,Cultivar,GEMN-0136
PI 685861,15,15,False,Maize.GEM.Group1.All-GEM-Releases,CHIS775:N19-042-001-003-B-B-B-B,USA,Cultivar,GEMN-0151
PI 685862,15,15,False,Maize.GEM.Group1.All-GEM-Releases,DK212T:N11-B-016-005-B-B-B,USA,Cultivar,GEMN-0152
PI 685863,15,15,False,Maize.GEM.Group1.All-GEM-Releases,DKXL380:N11-B-007-027-B-B-B-B,USA,Cultivar,GEMN-0153
PI 685864,16,30,False,Maize.GEM.Group1.All-GEM-Releases,DK212T:N11-B-003-022-B-B-B,USA,Cultivar,GEMN-0164
PI 685865,16,16,False,Maize.GEM.Group1.All-GEM-Releases,DK888:N11(95)-B-022-001-026-B-B,USA,Cultivar,GEMN-0165
PI 685866,16,16,False,Maize.GEM.Group1.All-GEM-Releases,DK888:N11(95)-B-027-001-008-B-B,USA,Cultivar,GEMN-0166
PI 685867,16,16,False,Maize.GEM.Group1.All-GEM-Releases,DK888:N11(95)-B-027-001-018-B-B,USA,Cultivar,GEMN-0167
PI 685868,16,16,False,Maize.GEM.Group1.All-GEM-Releases,DK888:N11(95)-B-027-001-019-B,USA,Cultivar,GEMN-0168
PI 685869,16,16,False,Maize.GEM.Group1.All-GEM-Releases,DK888:N11(95)-B-027-001-027-B,USA,Cultivar,GEMN-0169
PI 685870,16,16,False,Maize.GEM.Group1.All-GEM-Releases,DK888:N11(95)-B-027-001-030-B,USA,Cultivar,GEMN-0170
PI 685872,16,30,False,Maize.GEM.Group1.All-GEM-Releases,DK888:N11(95)-B-027-001-040-B,USA,Cultivar,GEMN-0172
PI 685873,16,58,False,Maize.GEM.Group1.All-GEM-Releases,DK888:N11(95)-B-027-012-009-B,USA,Cultivar,GEMN-0173
PI 685875,16,31,False,Maize.GEM.Group1.All-GEM-Releases,CUBA164:S2008c-289-001-B-B-SIB,USA,Cultivar,GEMS-0176
PI 685876,26,28,False,Maize.Group.GEMs.Top.Releases,DK888:N11a08a-395-001-B-B-SIB,USA,Cultivar,GEMN-0177
PI 685877,26,28,False,Maize.Group.GEMs.Top.Releases,DK888:N11a08a-440-001-B-B-SIB,USA,Cultivar,GEMN-0178
PI 685889,26,27,False,Maize.Group.GEMs.Top.Releases,SCROGP3:N2017-172-001-B-B-SIB,USA,Cultivar,GEMN-0192
PI 685891,16,31,False,Maize.GEM.Group1.All-GEM-Releases,DK888:N11(95)-B-27-1-11-B,USA,Cultivar,GEMN-0194
PI 685892,16,17,False,Maize.GEM.Group1.All-GEM-Releases,DK888:N11(95)-B-27-1-15-B,USA,Cultivar,GEMN-0195
PI 685893,16,17,False,Maize.GEM.Group1.All-GEM-Releases,DK888:N11(95)-B-3-1-1-B,USA,Cultivar,GEMN-0196
PI 685894,16,17,False,Maize.GEM.Group1.All-GEM-Releases,DK888:N11(95)-2-21-8-B-B,USA,Cultivar,GEMN-0197
PI 685895,16,17,False,Maize.GEM.Group1.All-GEM-Releases,DK212T:N11-40-1-7-B,USA,Cultivar,GEMN-0198
PI 685897,26,27,False,Maize.Group.GEMs.Top.Releases,,USA,Cultivar,GEMS-0200
PI 685898,15,15,False,Maize.GEM.Group1.All-GEM-Releases,BR105:S1612-057-001-B-B-SIB and BR105:S1612-057-001-B-B-SIB-SIB,USA,Cultivar,GEMS-0201
PI 685900,15,30,False,Maize.GEM.Group1.All-GEM-Releases,CUBA164:S2008dF44-012-001-B-B-SIB and CUBA164:S2008dF44-012-001-B-B-SIB-SIB,USA,Cultivar,GEMS-0203
PI 685903,16,16,False,Maize.Group.GEMs.Top.Releases,BR51403(PE001):N16-B-44-4-1-1C-1-B,USA,Cultivar,GEMN-0207
PI 685904,16,16,False,Maize.GEM.Group1.All-GEM-Releases,BR51403(PE001):N16-B-44-4-1-2G-3-B,USA,Cultivar,GEMN-0208
PI 685905,16,16,False,Maize.GEM.Group1.All-GEM-Releases,BR51721(RN07):N20-B-17-2-B,USA,Cultivar,GEMN-0209
PI 685906,16,16,False,Maize.GEM.Group1.All-GEM-Releases,CL-G1607(CML420):N11-8-1-7-B,USA,Cultivar,GEMN-0210
PI 685907,16,16,False,Maize.GEM.Group1.All-GEM-Releases,DK888:N11-B-27-12-B-7-B,USA,Cultivar,GEMN-0212
PI 685908,16,16,False,Maize.GEM.Group1.All-GEM-Releases,DKXL380:N11-B-7-10-B-2-B,USA,Cultivar,GEMN-0213
PI 685909,16,16,False,Maize.GEM.Group1.All-GEM-Releases,MDI022:N21-B-2-3-B,USA,Cultivar,GEMN-0214
PI 685910,16,16,False,Maize.Group.GEMs.Top.Releases,NS1:S08-6-1-2-B,USA,Cultivar,GEMS-0215
PI 685911,16,16,False,Maize.GEM.Group1.All-GEM-Releases,PASCO14:N11b-B-1-2-B,USA,Cultivar,GEMN-0216
PI 685912,16,16,False,Maize.GEM.Group1.All-GEM-Releases,DK888:N11-B-27-1-B-1-B,USA,Cultivar,GEMN-0217
PI 685914,25,54,False,Maize.Group.GEMs.Top.Releases,(CUBA164:S2012-459-001-B/GEMS-0002)-B-B-031-B-B-SIB,USA,Cultivar,GEMS-0219
PI 685915,25,54,False,Maize.Group.GEMs.Top.Releases,(GEMS-0113/GEMS-0091)-B-058-001-B-B-SIB,USA,Cultivar,GEMS-0220
PI 685964,15,16,False,Maize.Group.GEMs.Top.Releases,BR105:N16-043-001,USA,Cultivar,GEMN-0271
PI 685985,26,26,False,Maize.Group.PVP,AC04 X AC03,USA,Cultivar,781 ULTRA
PI 685985 Parent 1,15,15,False,Maize.Group.PVP,,USA,Cultivar,AC04
PI 685985 Parent 2,15,15,False,Maize.Group.PVP,,USA,Cultivar,AC03
PI 685987,26,61,False,Maize.Group.Ames.Panel.2010,CUBA164:S2012-966-001-B wx,USA,Cultivar,GEMS-0185
PI 685988,26,59,False,Maize.Group.Ames.Panel.2010,DKXL370:N11a20-036-002-B wx,USA,Cultivar,GEMN-0186
PI 685989,25,39,False,Maize.Group.Ames.Panel.2010,AR16035:S02-615-001-B wx,USA,Cultivar,GEMS-0206
PI 685991,27,57,False,Maize.GEM.Group2.All-BGEM-Releases,(ALTIPLANO BOV903/PHZ51)/PHZ51 #002-(2n)-003-001-001-B,USA,Cultivar,BGEM-0001-N
PI 685992,27,32,False,Maize.GEM.Group2.All-BGEM-Releases,(ALTIPLANO BOV903/PHB47)/PHB47 #004-(2n)-002-001-B,USA,Cultivar,BGEM-0011-S
PI 685993,27,32,False,Maize.GEM.Group2.All-BGEM-Releases,(ANCASHINO ANC102/PHB47)/PHB47 #002-(2n)-001-002-B,USA,Cultivar,BGEM-0015-S
PI 685994,27,32,False,Maize.GEM.Group2.All-BGEM-Releases,(ANDAQUI CAQ307 FT/PHB47)/PHB47 #005-(2n)-001-001-B,USA,Cultivar,BGEM-0023-S
PI 685995,27,32,False,Maize.GEM.Group2.All-BGEM-Releases,((Blanco Blandito - ECU 523/PHB47  B)/PHB47)-(2n)-001-001-001-B,USA,Cultivar,BGEM-0044-S
PI 685996,27,32,False,Maize.GEM.Group2.All-BGEM-Releases,(BOFO DGO123/PHZ51)/PHZ51 #002-(2n)-001-001-B,USA,Cultivar,BGEM-0045-N
PI 685997,27,32,False,Maize.GEM.Group2.All-BGEM-Releases,(CHANDELLE CUB68 CI/PHZ51)/PHZ51 #004-(2n)-001-001-B,USA,Cultivar,BGEM-0063-N
PI 685998,27,32,False,Maize.GEM.Group2.All-BGEM-Releases,(CRISTALINO AMAR AR21004/PHB47)/PHB47 #005-(2n)-004-001-B,USA,Cultivar,BGEM-0080-S
PI 685999,27,32,False,Maize.GEM.Group2.All-BGEM-Releases,(CUZCO CUZ217/PHZ51)/PHZ51 #002-(2n)-001-001-B,USA,Cultivar,BGEM-0085-N
PI 686000,27,32,False,Maize.GEM.Group2.All-BGEM-Releases,(DULCILLO DEL NO SON57/PHZ51)/PHZ51 #002-(2n)-003-001-B,USA,Cultivar,BGEM-0089-N
PI 686001,27,32,False,Maize.GEM.Group2.All-BGEM-Releases,(EARLY CARIBBEAN MAR9/PHB47)/PHB47 #001-(2n)-002-001-B,USA,Cultivar,BGEM-0097-S
PI 686002,27,32,False,Maize.GEM.Group2.All-BGEM-Releases,(PHB47/GORDO [CHH131]{CIMYT})-B-B-SIB-011-001-001-(2n)-008-001-B,USA,Cultivar,BGEM-0118-S
PI 686003,27,32,False,Maize.GEM.Group2.All-BGEM-Releases,((Jora - ANC 1/PHZ51 B)/PHZ51)-(2n)-002-001-B,USA,Cultivar,BGEM-0121-N
PI 686004,27,32,False,Maize.GEM.Group2.All-BGEM-Releases,(PHZ51/KCELO BOV948)/PHZ51 #001-(2n)-002-001-B,USA,Cultivar,BGEM-0140-N
PI 686005,27,32,False,Maize.GEM.Group2.All-BGEM-Releases,(PHB47/MISHCA ECU321)/PHB47 #004-(2n)-002-001-B,USA,Cultivar,BGEM-0156-S
PI 686006,27,32,False,Maize.GEM.Group2.All-BGEM-Releases,(MONTANA NAR625/PHB47)/PHB47 #003-(2n)-002-002-B,USA,Cultivar,BGEM-0158-S
PI 686007,27,32,False,Maize.GEM.Group2.All-BGEM-Releases,(MORADO BOV567/PHB47)/PHB47 #003-(2n)-002-001-B,USA,Cultivar,BGEM-0164-S
PI 686008,27,32,False,Maize.GEM.Group2.All-BGEM-Releases,(MORADO BOV567/PHB47)/PHB47 #003-(2n)-003-001-B,USA,Cultivar,BGEM-0165-S
PI 686009,27,32,False,Maize.GEM.Group2.All-BGEM-Releases,(MORADO CANTENO LIM55/PHB47)/PHB47 #002-(2n)-002-001-B,USA,Cultivar,BGEM-0172-S
PI 686010,27,32,False,Maize.GEM.Group2.All-BGEM-Releases,(PHB47/(PHB47/OLOTON [GUA383]{CIMYT}))-SIB-005-001-001-(2n)-003-001-B,USA,Cultivar,BGEM-0179-S
PI 686011,27,57,False,Maize.GEM.Group2.All-BGEM-Releases,(ONAVENO SON24/PHB47)/PHB47 #004-(2n)-001-001-B,USA,Cultivar,BGEM-0188-S
PI 686012,27,56,False,Maize.GEM.Group2.All-BGEM-Releases,(PATILLO GRANDE BOV649/PHZ51)/PHZ51 #006-(2n)-003-001-B,USA,Cultivar,BGEM-0196-N
PI 686013,27,57,False,Maize.GEM.Group2.All-BGEM-Releases,(PIRA TOL405/PHZ51)/PHZ51 #002-(2n)-001-001-B,USA,Cultivar,BGEM-0202-N
PI 686014,27,32,False,Maize.GEM.Group2.All-BGEM-Releases,(PHZ51/PISAN BOV344)/PHZ51 #002-(2n)-002-001-B,USA,Cultivar,BGEM-0209-N
PI 686015,27,32,False,Maize.GEM.Group2.All-BGEM-Releases,BR105:N(PHZ51)(PHZ51)-(2n)-003-001-B,USA,Cultivar,BGEM-0228-N
PI 686016,27,32,False,Maize.GEM.Group2.All-BGEM-Releases,((Tuxpeño - GUA 456/PHZ51 B)/PHZ51)-(2n)-002-001-B,USA,Cultivar,BGEM-0235-N
PI 686017,27,32,False,Maize.GEM.Group2.All-BGEM-Releases,(YUNGUENO BOV362/PHZ51)/PHZ51 #005-(2n)-002-001-001-B,USA,Cultivar,BGEM-0247-N
PI 686018,27,32,False,Maize.GEM.Group2.All-BGEM-Releases,(YUNGUENO BOV362/PHB47)/PHB47 #001-(2n)-001-001-B,USA,Cultivar,BGEM-0250-S
PI 686019,27,32,False,Maize.GEM.Group2.All-BGEM-Releases,(YUNQUILANO F AND ECU710/PHB47)/PHB47 #007-(2n)-001-001-B,USA,Cultivar,BGEM-0252-S
PI 686020,27,56,False,Maize.GEM.Group2.All-BGEM-Releases,((Tuxpeño Norteño - CHH287/PHB47 B)/PHB47)-(2n)-001-001-B,USA,Cultivar,BGEM-0262-S
PI 686032,26,41,False,,NC7 X F6,USA,Breeding material,Ames 34130
PI 686033,25,40,False,,M14 x Local Variety,USA,Breeding material,Ames 34131
PI 686034,26,27,False,Maize.Group.Ames.Panel.2010,,USA,Breeding material,Ab24E
PI 686036,26,28,False,Maize.Group.Ames.Panel.2010,GT175 X F6,USA,Breeding material,Ab26A
PI 686037,31,83,False,Maize.Set.Inbred.Diversity.282.Plus.NAM.Parents,GT152 X 38-11,USA,Breeding material,Ab28A
PI 686038,25,40,False,,Origin unknown.,USA,Breeding material,Ames 34132
PI 686039,25,40,False,,F1E1E-4 x K155,USA,Breeding material,Ames 34133
PI 686040,25,93,False,,NC82 x T204.  NC82 is a North Carolina State public line derived from Jarvis Golden Prolific.  T204 is a Tennessee public line derived from  (ExL) X Florida Laguna 916.,USA,Breeding material,Ab408
PI 686041,25,40,False,,"Originated from the ""B"" cycle of Florida's recurrent selection program.",USA,Breeding material,Ames 34134
PI 686042,25,40,False,,"Originated from the ""C"" cycle of Alabama's recurrent selection program.",USA,Breeding material,Ames 34135
PI 686043,25,40,False,,Ab8 x T202,USA,Breeding material,Ames 34136
PI 686044,25,40,False,,GT3 x F3,USA,Breeding material,Ames 34137
PI 686045,25,40,False,,,USA,Breeding material,Ames 34142
PI 686046,25,37,False,,"Originated from the ""B"" cycle of Florida's recurrent selection program.",USA,Breeding material,Ames 34138
PI 686047,25,40,False,,L101 x GT169a,USA,Breeding material,Ames 34140
PI 686048,25,40,False,,,USA,Breeding material,Ames 34143
PI 686049,25,40,False,,"Originated from the ""C"" cycle of Alabama's recurrent selection program.",USA,Breeding material,Ames 34141
PI 686051,25,37,False,,Amber Pearl,USA,Breeding material,A1-6
PI 686052,27,52,False,Maize.Group.Ames.Panel.Post.2010,Amber Pearl,USA,Breeding material,HP302
PI 686053,27,27,False,Maize.Group.Ames.Panel.Post.2010,Unknown,USA,Breeding material,HP304W
PI 686054,25,40,False,,Supergold x Amber Pearl,USA,Breeding material,HP62-49
PI 686055,25,40,False,,,,Breeding material,H5505
PI 686056,28,53,False,Maize.Group.Ames.Panel.2010,,USA,Breeding material,IA 28
PI 686058,25,25,False,Maize.Group.Ames.Panel.2010,,USA,Breeding material,IA 61
PI 686060,19,23,False,Maize.Group.Ames.Panel.2010,,USA,Breeding material,IDS61
PI 686061,28,46,False,Maize.Group.Ames.Panel.2010,,USA,Breeding material,IDS62
PI 686062,38,716,False,Maize.Set.Inbred.Diversity.282.Plus.NAM.Parents,South American,USA,Breeding material,IDS69
PI 686064,27,29,False,Maize.Group.Ames.Panel.2010,,USA,Breeding material,MINN #5
PI 686076,15,15,False,,,MTQ,Landrace,Martinique 2
PI 686077,16,29,False,,,MTQ,Landrace,Martinique 3
PI 686078,15,15,False,,,MTQ,Landrace,Martinique 6
PI 686079,15,15,False,,,MTQ,Landrace,Martinique 9
PI 686080,15,15,False,,,MTQ,Landrace,Martinique 10
PI 690242,27,38,False,Maize.GEM.Group2.All-BGEM-Releases,(ARAGUITO VEN678/PHB47)/PHB47 #005-(2n)-003,USA,Cultivar,BGEM-0029-S
PI 690243,27,38,False,Maize.GEM.Group2.All-BGEM-Releases,(ARAGUITO VEN678/PHB47)/PHB47 #006-(2n)-008,USA,Cultivar,BGEM-0036-S
PI 690244,27,38,False,Maize.GEM.Group2.All-BGEM-Releases,((Arizona - LIB 16/PHB47)/PHB47)-(2n)-001,USA,Cultivar,BGEM-0041-S
PI 690245,27,38,False,Maize.GEM.Group2.All-BGEM-Releases,((Avati Moroti Guapi - PAG 139/PHB47)/PHB47)-(2n)-003,USA,Cultivar,BGEM-0042-S
PI 690246,27,38,False,Maize.GEM.Group2.All-BGEM-Releases,(BOFO DGO123/PHB47)/PHB47 #002-(2n)-003,USA,Cultivar,BGEM-0048-S
PI 690247,27,38,False,Maize.GEM.Group2.All-BGEM-Releases,(CAMELIA CHI411/PHB47)/PHB47 #005-(2n)-002,USA,Cultivar,BGEM-0055-S
PI 690248,27,38,False,Maize.GEM.Group2.All-BGEM-Releases,(CAMELIA CHI411/PHB47)/PHB47 #005-(2n)-003,USA,Cultivar,BGEM-0056-S
PI 690249,27,38,False,Maize.GEM.Group2.All-BGEM-Releases,(PHB47/CON PUNT CUZ13)/PHB47 #005-(2n)-001,USA,Cultivar,BGEM-0068-S
PI 690250,27,38,False,Maize.GEM.Group2.All-BGEM-Releases,(CON NORT ZAC161/PHB47)/PHB47 #004-(2n)-001,USA,Cultivar,BGEM-0071-S
PI 690251,27,38,False,Maize.GEM.Group2.All-BGEM-Releases,((Cubano dentado - BOV 585/PHB47)/PHB47)-(2n)-001,USA,Cultivar,BGEM-0083-S
PI 690252,27,38,False,Maize.GEM.Group2.All-BGEM-Releases,(DULCILLO DEL NO SON57/PHZ51)/PHZ51 #002-(2n)-002,USA,Cultivar,BGEM-0088-N
PI 690253,27,38,False,Maize.GEM.Group2.All-BGEM-Releases,(PHB47/GORDO [CHH131]{CIMYT})-B-B-SIB-011-001-001-(2n)-005,USA,Cultivar,BGEM-0115-S
PI 690254,27,38,False,Maize.GEM.Group2.All-BGEM-Releases,(KARAPAMPA BOV978/PHZ51)/PHZ51 #001-(2n)-001,USA,Cultivar,BGEM-0123-N
PI 690255,27,38,False,Maize.GEM.Group2.All-BGEM-Releases,(KARAPAMPA BOV978/PHZ51)/PHZ51 #003-(2n)-004,USA,Cultivar,BGEM-0127-N
PI 690256,27,38,False,Maize.GEM.Group2.All-BGEM-Releases,(PHB47/KCELO BOV948)/PHB47 #003-(2n)-002,USA,Cultivar,BGEM-0150-S
PI 690257,27,38,False,Maize.GEM.Group2.All-BGEM-Releases,(PHZ51/MISHC ECU321)/PHZ51 #004-(2n)-003,USA,Cultivar,BGEM-0152-N
PI 690258,27,38,False,Maize.GEM.Group2.All-BGEM-Releases,(MONTANA NAR625/PHB47)/PHB47 #006-(2n)-003,USA,Cultivar,BGEM-0161-S
PI 690259,27,38,False,Maize.GEM.Group2.All-BGEM-Releases,(PHZ51/(PHZ51/MOROCHO APC67) #001-(2n))-001,USA,Cultivar,BGEM-0174-N
PI 690260,27,38,False,Maize.GEM.Group2.All-BGEM-Releases,(ONAVENO SON24/PHZ51)/PHZ51 #004-(2n)-001,USA,Cultivar,BGEM-0182-N
PI 690261,27,38,False,Maize.GEM.Group2.All-BGEM-Releases,((Patillo - ECU 417/PHZ51)/PHZ51)-(2n)-002,USA,Cultivar,BGEM-0190-N
PI 690262,27,39,False,Maize.GEM.Group2.All-BGEM-Releases,(PHZ51/PISAN BOV344)/PHZ51 #001-(2n)-004,USA,Cultivar,BGEM-0205-N
PI 690263,27,38,False,Maize.GEM.Group2.All-BGEM-Releases,(SG HUANCAV JUN164/PHZ51)/PHZ51 #005-(2n)-001,USA,Cultivar,BGEM-0223-N
PI 690264,27,39,False,Maize.GEM.Group2.All-BGEM-Releases,((Semi dentado paulista - PAG I/PHB47)/PHB47)-(2n)-002,USA,Cultivar,BGEM-0226-S
PI 690265,27,38,False,Maize.GEM.Group2.All-BGEM-Releases,((Vandeño - GRO 96/PHB47)/PHB47)-(2n)-001,USA,Cultivar,BGEM-0236-S
PI 690266,27,38,False,Maize.GEM.Group2.All-BGEM-Releases,(YUCATAN TOL389 ICA/PHZ51)/PHZ51 #005-(2n)-001,USA,Cultivar,BGEM-0239-N
PI 690267,27,39,False,Maize.GEM.Group2.All-BGEM-Releases,(YUCATAN TOL389 ICA/PHB47)/PHB47 #002-(2n)-001,USA,Cultivar,BGEM-0243-S
PI 690268,27,39,False,Maize.GEM.Group2.All-BGEM-Releases,((Chirimito - VEN 703/PHB47)/PHB47)-(2n)-001,USA,Cultivar,BGEM-0255-S
PI 690270,27,38,False,Maize.GEM.Group2.All-BGEM-Releases,((Capio rosado - ARG 460/PHB47)/PHB47)-(2n)-001,USA,Cultivar,BGEM-0265-S
PI 690271,27,38,False,Maize.GEM.Group2.All-BGEM-Releases,((PHB47/Tuxpeño - VER 143)/PHB47)-(2n)-002,USA,Cultivar,BGEM-0272-S
PI 690360,27,38,False,Maize.Group.Ames.Panel.2010,Indian Chief,USA,Breeding material,NC7
PI 690362,28,115,False,Maize.Set.Inbred.Diversity.282.Plus.NAM.Parents,Weekley's Improved,USA,Breeding material,NC33
PI 690363,29,47,False,Maize.Group.Ames.Panel.2010,Jarvis Golden Prolific,USA,Breeding material,NC83
PI 690364,26,40,False,Maize.Group.Ames.Panel.2010,Latham Yellow,USA,Breeding material,NC87
PI 690366,16,16,False,Maize.Group.Ames.Panel.Post.2010,Yellow Horsetooth,USA,Breeding material,NC216
PI 690367,18,21,False,Maize.Group.Ames.Panel.2010,Funk 12 x Funk 158,USA,Breeding material,NC220
PI 690372,17,18,False,Maize.Group.Ames.Panel.2010,T204(Huffman x Ilinois Low Ear),USA,Breeding material,NC234
PI 690374,30,114,False,Maize.Set.Inbred.Diversity.282.Plus.NAM.Parents,(GT112 x NC601)GT112.  The pedigree of NC601 is [commercial hybrid containing Va39] br2.,USA,Breeding material,NC238
PI 690375,17,18,False,Maize.Group.Ames.Panel.2010,(L578^3 x NC601)L578  The pedigree of NC601 is [commercial hybrid containing Va39] br2.,USA,Breeding material,NC240A
PI 690377,18,19,False,Maize.Group.Ames.Panel.2010,NC222^3 x NC226,USA,Breeding material,NC244
PI 690378,20,23,False,Maize.Group.Ames.Panel.2010,(GT112^2 x Huffman) x (GT112 x Synthetic),USA,Breeding material,NC246
PI 690380,28,33,False,Maize.Group.Ames.Panel.2010,Derived from TZ*2/3/NC 248/NC 246)/2/C103 by ear to row selfing.  TZ is a cross between McNair inbred lines 14 and 18. Those lines derived from Coker811A x C103^4.,USA,Breeding material,NC258A
PI 690381,29,95,False,Maize.Set.Inbred.Diversity.282.Plus.NAM.Parents,(Mo44 x Mo17) Mo44 ^3,USA,Breeding material,NC260
PI 690382,28,31,False,Maize.Group.Ames.Panel.2010,Derived directly from TZ by ear to row selfing.  TZ is McNair 14 X McNair 18,USA,Breeding material,NC262A
PI 690383,18,22,False,Maize.Group.Ames.Panel.2010,Derived directly from TZ by ear to row selfing.  TZ is McNair 14 X McNair 18,USA,Breeding material,NC262B
PI 690384,29,32,False,Maize.Group.Ames.Panel.2010,(B73 x NC250) B73,USA,Breeding material,NC268A
PI 690389,30,34,False,Maize.Group.Ames.Panel.2010,McNair inbred lines 14 x 18 (largely C103 origin); derived from the same S4 family as NC290A.,USA,Breeding material,NC290
PI 690393,29,96,False,Maize.Set.Inbred.Diversity.282.Plus.NAM.Parents,Pioneer X105A x H-5,USA,Breeding material,NC296
PI 690394,29,45,False,Maize.Set.Inbred.Diversity.282.Plus.NAM.Parents,Pioneer X105A x H-5,USA,Breeding material,NC296A
PI 690396,33,76,False,Maize.Set.Inbred.Diversity.282.Plus.NAM.Parents,Line from Pioneer X105A x line from (Pioneer X306B x H-5),USA,Breeding material,NC300
PI 690397,31,73,False,Maize.Set.Inbred.Diversity.282.Plus.NAM.Parents,Ear-to-row selfing from F8 generation of (Pioneer X105A x H-5) x H101,USA,Breeding material,NC302
PI 690398,31,74,False,Maize.Set.Inbred.Diversity.282.Plus.NAM.Parents,Ear-to-row selfing from F2 generation of (Pioneer X105A x H-5) x H101.,USA,Breeding material,NC304
PI 690399,31,50,False,Maize.Set.Inbred.Diversity.282.Plus.NAM.Parents,B73^2 x NC250,USA,Breeding material,NC306
PI 690400,30,73,False,Maize.Set.Inbred.Diversity.282.Plus.NAM.Parents,B73^2 x NC250,USA,Breeding material,NC308
PI 690402,32,50,False,Maize.Set.Inbred.Diversity.282.Plus.NAM.Parents,B73^2 x NC250,USA,Breeding material,NC312
PI 690403,32,76,False,Maize.Set.Inbred.Diversity.282.Plus.NAM.Parents,B73 x NC250,USA,Breeding material,NC314
PI 690404,32,50,False,Maize.Set.Inbred.Diversity.282.Plus.NAM.Parents,B73Ht1 rhm1 x NC250,USA,Breeding material,NC316
PI 690406,31,49,False,Maize.Set.Inbred.Diversity.282.Plus.NAM.Parents,SC76^4 x B52,USA,Breeding material,NC320
PI 690407,33,53,False,Maize.Set.Inbred.Diversity.282.Plus.NAM.Parents,SC76^4 x B52; derived from same S2 parent as NC318.,USA,Breeding material,NC322
PI 690408,28,75,False,Maize.Set.Inbred.Diversity.282.Plus.NAM.Parents,B73 x NC250; shares same S6 family as NC270.,USA,Breeding material,NC324
PI 690411,33,54,False,Maize.Set.Inbred.Diversity.282.Plus.NAM.Parents,"(B73 x NC250) x B73^3; shares a common BC3F1 family with NC292, NC326, and NC330.",USA,Breeding material,NC330
PI 690412,33,54,False,Maize.Set.Inbred.Diversity.282.Plus.NAM.Parents,Sister line to NC334 and derivative of SC76 x B52,USA,Breeding material,NC332
PI 690413,32,51,False,Maize.Set.Inbred.Diversity.282.Plus.NAM.Parents,Sister line to NC332 and derivative of SC76 x B52,USA,Breeding material,NC334
PI 690414,32,51,False,Maize.Set.Inbred.Diversity.282.Plus.NAM.Parents,Derived from Pioneer 105A x H5. Both are hybrids.,USA,Breeding material,NC336
PI 690415,32,49,False,Maize.Set.Inbred.Diversity.282.Plus.NAM.Parents,Derived from an experimental line from Pioneer X105A x H5 crossed with an experimental line derived from Pioneer 304B x Agroceres 504,USA,Breeding material,NC338
PI 690419,31,99,False,Maize.Set.Inbred.Diversity.282.Plus.NAM.Parents,Derived from cross of Pioneer X105A and H5,USA,Breeding material,NC346
PI 690420,32,74,False,Maize.Set.Inbred.Diversity.282.Plus.NAM.Parents,Derived from the cross of an experimental line sharing the same pedigree as NC296 with an experimental line derived from Agroceres 155.,USA,Breeding material,NC348
PI 690421,32,51,False,Maize.Set.Inbred.Diversity.282.Plus.NAM.Parents,Derived from Pioneer 105A x H5. Both are hybrids.,USA,Breeding material,NC352
PI 690422,32,50,False,Maize.Set.Inbred.Diversity.282.Plus.NAM.Parents,Derived from an experimental line sharing the pedigree of NC296 crossed to an experimental line derived from Pioneer X304A x H101,USA,Breeding material,NC354
PI 690424,32,61,False,Maize.Set.Inbred.Diversity.282.Plus.NAM.Parents,Derived from single-cross between an experimental line of all-tropical origin and NC262,USA,Breeding material,NC360
PI 690425,32,50,False,Maize.Set.Inbred.Diversity.282.Plus.NAM.Parents,Derived from a single-cross between an experimental line of all-tropical origin and NC262,USA,Breeding material,NC362
PI 690426,33,76,False,Maize.Set.Inbred.Diversity.282.Plus.NAM.Parents,Derived from single-cross between an experimental line of all-tropical origin and NC262,USA,Breeding material,NC364
PI 690427,32,49,False,Maize.Set.Inbred.Diversity.282.Plus.NAM.Parents,FS8A(T),USA,Breeding material,NC366
PI 690429,32,49,False,Maize.Set.Inbred.Diversity.282.Plus.NAM.Parents,Ear-to-row selfing from SC76 x B52,USA,Breeding material,NC370
PI 690430,32,50,False,Maize.Set.Inbred.Diversity.282.Plus.NAM.Parents,Ear-to-row selfing of B73 x Pa91.,USA,Breeding material,NC372
PI 690574,27,77,False,Maize.Set.Inbred.Diversity.282.Plus.NAM.Parents,"Population 21: P 21C5HC133-1-B-ff-### .  Population 21 is also named Tuxpeno-1 and its components are Tuxpeno race collections Veracruz 48, Veracruz 143, Veracruz 174, Michoacan 137, Michoacan 166, V-520C, Colima Group 1-Mix.1, and 16 families from the tropical late white dent pool (Pool 24).",MEX,Breeding material,CML 5
PI 690576,17,32,False,Maize.Set.Inbred.Diversity.282.Plus.NAM.Parents,"Population 21: P 21C5HC219-3-2-2-3-#-7-1-B-4-1-B .  Population 21 is also named Tuxpeno-1 and its components are Tuxpeno race collections Veracruz 48, Veracruz 143, Veracruz 174, Michoacan 137, Michoacan 166, V-520C, Colima Group 1-Mix.1, and 16 families from the tropical late white dent pool (Pool 24).",MEX,Breeding material,CML 11
PI 690577,17,75,False,Maize.Set.Inbred.Diversity.282.Plus.NAM.Parents,"Population 21: P 21.TUXP.SEQ.-35-4-3-B-ff .  Population 21 is also named Tuxpeno-1 and its components are Tuxpeno race collections Veracruz 48, Veracruz 143, Veracruz 174, Michoacan 137, Michoacan 166, V-520C, Colima Group 1-Mix.1, and 16 families from the tropical late white dent pool (Pool 24).",MEX,Breeding material,CML 14
PI 690578,15,44,False,Maize.Group.Ames.Panel.2010,"Population 22: P 22HC100(S2)-20-3-BBB-ff-BBB .  Population 22 is also named Mezcla Tropical Blanco and its components are Tuxpeno, ETO* Blanco, Antigua group 2 white sel., (Mix.1-Colima group 1)-ETO, Pfister hybrids, Compuesto Centro Americano, Lineas de El Salvador, V520C, Nicarillo Se. Blanca, and 13 families from the tropical late white dent pool (Pool 24).",MEX,Breeding material,CML 16
PI 690579,16,31,False,Maize.Set.Inbred.Diversity.282.Plus.NAM.Parents,"Population 45: P 43.AC7643-17-1-1-BBB-ff-#-BBB .  Population 45 is also named Amarillo Bajio and its components are Inbred lines from Purdue University, US 13, Pfizer hybrids 347, 381, 383, 409, 418, Hixanth., CBC Nebraska, Iowa stiff stalk synthetic, Tuxpe?o, Cuban flints, Puerto Rico composite, and collections from Dominican Republic.",MEX,Breeding material,CML 45
PI 690580,16,31,False,Maize.Group.Ames.Panel.2010,Pool 24: G 24(TSR)-29-B-ff-####-BBB .  Pool 24 is also named Tropical late white dent (TLWD) and its components are mainly Tuxpeno materials from Mexico and late maturity materials from Central America.,MEX,Breeding material,CML 56
PI 690581,17,46,False,Maize.Set.Inbred.Diversity.282.Plus.NAM.Parents,"Population 21: P 21C5F57-1-1-3-B1#B1-B1#B1-B1 .  Population 21 is also named Tuxpeno-1 and its components are Tuxpeno race collections Veracruz 48, Veracruz 143, Veracruz 174, Michoacan 137, Michoacan 166, V-520C, Colima Group 1-Mix.1, and 16 families from the tropical late white dent pool (Pool 24).",MEX,Breeding material,CML 61
PI 690582,27,49,False,Maize.Set.Inbred.Diversity.282.Plus.NAM.Parents,"Pool 32: G32C19MH32-1-#1-5-1-### .  Pool 32 is also named Subtropical Temperate Intermediate White Dent and its components are white dent segregates from largely the same germplasm used to form Pool 31 whose components are white flint segregates from Comp. Ecuador, Argentina, India, and Mexico; Pool 32; Pool 33; and various materials from Mexico, the US Corn Belt, Brazil, Uruguay, Argentina, China, Pakistan, Yugoslavia, Lebanon, Guatemala, Venezuela, Peru, Cuba Antigua, and Dominican Republic. Some downy mildew resistant germplasm. ",MEX,Breeding material,CML 77
PI 690583,15,29,False,Maize.Group.Ames.Panel.2010,G32-C19-HS32-1-#-1-5-1-B,MEX,Breeding material,CML 78
PI 690585,28,59,False,Maize.Set.Inbred.Diversity.282.Plus.NAM.Parents,"Population 42: P 42C4HC123-3-2-2-2-## .  Population 42 is also named ETO Illinois and its components are ETO and Illinois/US Corn Belt components. ETO was developed at Estacion Experimental Tulio Ospina, Medellin, Colombia. ETO originates from 11 ears that trace to crosses of Colombia 1 (Blanco Comun, Blanco de Urrao) and Venezuela 1 (Cuban Yellow flints) with recombined germplasm from Argentina, Brazil, Cuba, Mexico, Puerto Rico, USA and Venezuela. ETO blanco was derived from white kernel segregates from ETO amarillo. The Illinois component includes seven inbred lines with monogenic resistant to P. sorghi and 18 with monogenic resistant to E. turcicum.",MEX,Breeding material,CML 92
PI 690588,28,59,False,Maize.Set.Inbred.Diversity.282.Plus.NAM.Parents,Population 62: [EV8762-SR]-17-1-BB-#-BBBB-B,MEX,Breeding material,CML 154
PI 690598,16,54,False,Maize.Set.Inbred.Diversity.282.Plus.NAM.Parents,"Population 21: P 21C6S1MH177-2-B-4-2-1-BB-f .  Population 21 is also named Tuxpeno-1 and its components are Tuxpeno race collections Veracruz 48, Veracruz 143, Veracruz 174, Michoacan 137, Michoacan 166, V-520C, Colima Group 1-Mix.1, and 16 families from the tropical late white dent pool (Pool 24).",MEX,Breeding material,CML 261
PI 690600,16,40,False,Maize.Set.Inbred.Diversity.282.Plus.NAM.Parents,Population 43: (43*PORILLO8043)-5-1-2-2-BB-F .  Population 43 is also named La Posta and its components is a Tuxpeno synthetic composed of 16 inbred lines.,MEX,Breeding material,CML 281
PI 690603,15,29,False,Maize.Group.Ames.Panel.Post.2010,P28TSR-33-3-3-B-1-2-B,MEX,Breeding material,CML 291
PI 690604,15,29,False,Maize.Group.Ames.Panel.Post.2010,SINTAMTSR-93-2-2-2-2-B,MEX,Breeding material,CML 294
PI 690607,28,58,False,Maize.Set.Inbred.Diversity.282.Plus.NAM.Parents,"Population 500: S89500 F2-2-2-2-B*5 .  Population 500 is also named Intermediate White Dent-1 and its components are S2 lines from DeKalb and Northrup King commercial hybrids, South Asia Pop.-3 x Suwan 1, Pool 32 S1 lines with resistance to E. turcicum, Pool 20 S2 lines with resistance to Phyllachora maydis, and a few advanced inbred lines from Populations 42 and 44 and Pool 32.",MEX,Breeding material,CML 311
PI 690608,28,72,False,Maize.Set.Inbred.Diversity.282.Plus.NAM.Parents,"Population 600: P600c0F14-2-1-2-B*4 .  Population 600 is also named Late White Dent-1 and its components are S2 and S3 lines from DeKalb and Northrup King commercial hybrids, S2 from 3Mo72 (Missouri), Pool 32 S1 lines with resistance to E. turcicum, Pool 24 S2 lines with resistance to Phyllachora maydis, and an advanced line from Pool 32 C19.",MEX,Breeding material,CML 314
PI 690609,28,73,False,Maize.Set.Inbred.Diversity.282.Plus.NAM.Parents,"Population 502: P 502c0F1-1-3-1-B*4 .  Population 502 is also named Subtropical Intermediate White Heterotic Group ""B"" and its components are 30 S4 and S5 intermediate-maturing white lines from commercial hybrids DeKalb B807, B810, B830, and B840; Northrup King XT1033, XT1055, XT1057, and XT1059; Cargill North. Temp. Zona Mex. Dent; Pool 32 x Cornell 6006; and Kansas City 12 x Pool 31.",MEX,Breeding material,CML 321
PI 690616,15,27,False,Maize.Group.Ames.Panel.2010,(TL8645)/(P47/MP78-518)-B-24-1-1-4-1-3-B,MEX,Breeding material,CML 336
PI 690619,15,15,False,Maize.Group.Ames.Panel.2010,LAPOSTASEQ-C3-FS17-1-2-3-2-1-B,MEX,Breeding material,CML 343
PI 690620,15,37,False,Maize.Group.Ames.Panel.Post.2010,HTBA89 136-5-1-2TL-1-4-2TL-B-1TL-B-#-#,MEX,Breeding material,CML 349
PI 690621,15,27,False,Maize.Group.Ames.Panel.2010,MBRETW-F2-56-1-1-1-B-B-6-B,MEX,Breeding material,CML 371
PI 690628,15,29,False,Maize.Group.Ames.Panel.Post.2010,LAPOSTASEQ-C0-B*3-12-1-1-B,MEX,Breeding material,CML 405
PI 690630,16,16,False,Maize.Group.Ames.Panel.Post.2010,((CML242/CML176)/CML242/CML242/CML242)QPM-B*3-4-B,MEX,Breeding material,CML 524
PI 690631,25,39,False,Maize.Group.Ames.Panel.Post.2010,((CML244//CML176)/CML244/CML244/CML244)QPM-1-B-1-B,MEX,Breeding material,CML 525
PI 690632,16,16,False,Maize.Group.Ames.Panel.Post.2010,((CML246//CML176)/CML246/CML246/CML246)QPM-B*3-3-B,MEX,Breeding material,CML 526
PI 690633,15,15,False,Maize.Group.Ames.Panel.Post.2010,((CML349/CML176)/CML349/CML349/CML349)QPM-B*3-4-B,MEX,Breeding material,CML 527
PI 690634,16,16,False,Maize.Group.Ames.Panel.Post.2010,((CML352/CML176)/CML352/CML352/CML352)QPM-1-BTL-3-1TL-B-BTL-B-B-13-B,MEX,Breeding material,CML 528
PI 690635,16,16,False,Maize.Group.Ames.Panel.Post.2010,((CML354/CML176)/CML354/CML354/CML354)QPM-B*3-11-B,MEX,Breeding material,CML 529
PI 690637,16,17,False,Maize.Group.Ames.Panel.Post.2010,SA6-C4-FS10-11-2-4-3-2-B,MEX,Breeding material,CML 531
PI 690638,16,17,False,Maize.Group.Ames.Panel.Post.2010,SA6-C4-FS1-8-2-3-3-1-B,MEX,Breeding material,CML 532
PI 690640,16,16,False,Maize.Group.Ames.Panel.Post.2010,SA4-C4-FS40-7-1-2-2-1-2-1-B,MEX,Breeding material,CML 534
PI 690641,16,17,False,Maize.Group.Ames.Panel.Post.2010,SA4-C4-FS86-13-1-2-5-2-1-2-B,MEX,Breeding material,CML 535
PI 690672,29,29,False,,,USA,Landrace,Wilbur's Rhode Island Flint
PI 690677,17,17,False,,,USA,Landrace,Carpenter's Rhode Island Flint
PI 690678,19,19,False,,,USA,Landrace,King Phillip's Rhode Island Flint
PI 690679,20,21,False,,,USA,Landrace,Canada Yellow Flint
PI 690681,34,34,False,,,USA,Landrace,6-Nations
PI 690686,27,28,False,,,USA,Landrace,Aunt Mary's Sweet Corn
PI 690687,29,29,False,,,USA,Landrace,White Flour Corn
PI 692200,27,52,False,Maize.Iowa.Stiff.Stalk.Inbreds,Reid Early Dent (Troyer strain),USA,Breeding material,Tr 9-1-1-6
PI 692201,28,75,False,Maize.Iowa.Stiff.Stalk.Inbreds,Reid Yellow Dent,USA,Breeding material,Fe
PI 693038,16,16,False,Maize.GEM.Group2.All-BGEM-Releases,(ANDAQUI CAQ307 FT/PHB47)/PHB47 #007-(2n)-002-001-B,USA,Cultivar,BGEM-0025-S
PI 693039,16,16,False,Maize.GEM.Group2.All-BGEM-Releases,(ARAGUITO VEN678/PHB47)/PHB47 #006-(2n)-009-001-B,USA,Cultivar,BGEM-0037-S
PI 693040,16,16,False,Maize.GEM.Group2.All-BGEM-Releases,((Arizona - LIB 16/PHZ51 B)/PHZ51)-(2n)-002-001-B,USA,Cultivar,BGEM-0039-N
PI 693041,16,16,False,Maize.GEM.Group2.All-BGEM-Releases,(CANDELA ECU531/PHB47)/PHB47 #003-(2n)-001-001-B,USA,Cultivar,BGEM-0059-S
PI 693042,16,16,False,Maize.GEM.Group2.All-BGEM-Releases,((Capio rosado - ARG 460/PHZ51)/PHZ51)-(2n)-001-002-B,USA,Cultivar,BGEM-0061-N
PI 693043,16,16,False,Maize.GEM.Group2.All-BGEM-Releases,(CON NORT ZAC161/PHB47)/PHB47 #005-(2n)-001,USA,Cultivar,BGEM-0073-S
PI 693044,16,16,False,Maize.GEM.Group2.All-BGEM-Releases,(CRISTALINO AMAR AR21004/PHB47)/PHB47 #005-(2n)-003-001-B,USA,Cultivar,BGEM-0079-S
PI 693045,16,16,False,Maize.GEM.Group2.All-BGEM-Releases,(DULCILLO DE NO SON57/PHB47)/PHB47 #005-(2n)-003-001-B,USA,Cultivar,BGEM-0094-S
PI 693046,16,16,False,Maize.GEM.Group2.All-BGEM-Releases,(EARLY CARIBBEAN MAR9/PHB47)/PHB47 #006-(2n)-002,USA,Cultivar,BGEM-0099-S
PI 693047,16,16,False,Maize.GEM.Group2.All-BGEM-Releases,(ELOTES OCCIDENT NAY29/PHZ51)/PHZ51 #004-(2n)-004-001-B,USA,Cultivar,BGEM-0107-N
PI 693048,16,16,False,Maize.GEM.Group2.All-BGEM-Releases,((Jora - ANC 1/PHZ51 B)/PHZ51)-(2n)-003-001-B,USA,Cultivar,BGEM-0122-N
PI 693049,16,16,False,Maize.GEM.Group2.All-BGEM-Releases,(KARAPAMPA BOV978/PHB47)/PHB47 #005-(2n)-003-001-B,USA,Cultivar,BGEM-0137-S
PI 693050,16,16,False,Maize.GEM.Group2.All-BGEM-Releases,CUBA164:N(PHZ51)(PHZ51)-(2n)-002-001-B,USA,Cultivar,BGEM-0157-N
PI 693051,16,16,False,Maize.GEM.Group2.All-BGEM-Releases,(MOROCHO APUC77/PHB47)/PHB47 #003-(2n)-001-001-B,USA,Cultivar,BGEM-0175-S
PI 693052,16,16,False,Maize.GEM.Group2.All-BGEM-Releases,(PHB47/(PHB47/OLOTON [GUA383]{CIMYT}))-SIB-005-001-001-(2n)-001-001-B,USA,Cultivar,BGEM-0178-S
PI 693053,16,16,False,Maize.GEM.Group2.All-BGEM-Releases,(PATILLO BOV493/PHZ51)/PHZ51 #001-(2n)-001-001-B,USA,Cultivar,BGEM-0191-N
PI 693054,16,16,False,Maize.GEM.Group2.All-BGEM-Releases,(PHB47/PERLA ANC23)/PHB47 #002-(2n)-001-001-B,USA,Cultivar,BGEM-0200-S
PI 693055,16,16,False,Maize.GEM.Group2.All-BGEM-Releases,(PHB47/PISAN BOV344)/PHB47 #003-(2n)-001,USA,Cultivar,BGEM-0213-S
PI 693056,16,16,False,Maize.GEM.Group2.All-BGEM-Releases,(POJ CHICO BOV800/PHZ51)/PHZ51 #006-(2n)-001-001-B,USA,Cultivar,BGEM-0216-N
PI 693057,16,16,False,Maize.GEM.Group2.All-BGEM-Releases,(POJ CHICO BOV800/PHB47)/PHB47 #002-(2n)-001-001-B,USA,Cultivar,BGEM-0218-S
PI 693058,16,16,False,Maize.GEM.Group2.All-BGEM-Releases,((Tehua - CHS29/PHB47 B)/PHB47)-(2n)-003-001-B,USA,Cultivar,BGEM-0233-S
PI 693059,16,16,False,Maize.GEM.Group2.All-BGEM-Releases,(YUCATAN TOL389 ICA/PHZ51)/PHZ51 #005-(2n)-002-001-B,USA,Cultivar,BGEM-0240-N
PI 693060,16,16,False,Maize.GEM.Group2.All-BGEM-Releases,(YUCATAN TOL389 ICA/PHB47)/PHB47 #003-(2n)-001-002-001-B,USA,Cultivar,BGEM-0244-S
PI 693061,16,16,False,Maize.GEM.Group2.All-BGEM-Releases,(YUNGUENO BOV362/PHZ51)/PHZ51 #006-(2n)-002-001-B,USA,Cultivar,BGEM-0248-N
PI 693062,16,16,False,Maize.GEM.Group2.All-BGEM-Releases,((Chandelle - VEN 409/PHB47 B)/PHB47)-(2n)-001-001-B,USA,Cultivar,BGEM-0254-S
PI 693063,16,16,False,Maize.GEM.Group2.All-BGEM-Releases,((Chirimito - VEN 703/PHZ51 B)/PHZ51)-(2n)-001-001-B,USA,Cultivar,BGEM-0256-N
PI 693064,16,16,False,Maize.GEM.Group2.All-BGEM-Releases,((Culli - ARG 471/PHB47 B)/PHB47)-(2n)-001-001-B,USA,Cultivar,BGEM-0257-S
PI 693065,16,16,False,Maize.GEM.Group2.All-BGEM-Releases,((Culli - ARG 471/PHB47 B)/PHB47)-(2n)-002-001-B,USA,Cultivar,BGEM-0258-S
PI 693066,16,16,False,Maize.GEM.Group2.All-BGEM-Releases,((Tepecintle - GUA 65/PHB47 B)/PHB47)-(2n)-001-001-B,USA,Cultivar,BGEM-0261-S
PI 693067,16,16,False,Maize.GEM.Group2.All-BGEM-Releases,((Tuxpeño Norteño - CHH287/PHB47 B)/PHB47)-(2n)-002-001-B,USA,Cultivar,BGEM-0263-S
PI 693068,16,16,False,,,MEX,Landrace,Yucatan 96
PI 693069,16,16,False,,,MEX,Landrace,Yucatan 138
PI 693323,31,42,False,Maize.Set.Inbred.Diversity.282.Plus.NAM.Parents,T61 x NC37,USA,Breeding material,GA209
PI 693335,30,36,False,Maize.Set.Inbred.Diversity.282.Plus.NAM.Parents,Va17 x C103 Backcross,USA,Breeding material,Va22
PI 693336,34,67,False,Maize.Set.Inbred.Diversity.282.Plus.NAM.Parents,WD x W22,USA,Breeding material,W182B Goodman-Buckler
PI 693340,31,98,False,Maize.Set.Inbred.Diversity.282.Plus.NAM.Parents,N28 X H91,USA,Cultivar,H100
PI 693349,27,93,False,Maize.Set.Inbred.Diversity.282.Plus.NAM.Parents,A21 x W185,CAN,Breeding material,CMV3
PI 693350,28,91,False,Maize.Set.Inbred.Diversity.282.Plus.NAM.Parents,Cuban variety of the race Coastal Tropical Flint.,CUB,Breeding material,A6
PI 693351,28,80,False,Maize.Set.Inbred.Diversity.282.Plus.NAM.Parents,Kroonstad Robyn X Leaming Yellow Dent,ZAF,Breeding material,A441-5
PI 693352,30,48,False,Maize.Set.Inbred.Diversity.282.Plus.NAM.Parents,B73,USA,Breeding material,B73Htrhm
PI 693359,27,59,False,Maize.Set.Inbred.Diversity.282.Plus.NAM.Parents,INRA 258 (double cross hybrid of (W33 x F115) x (F7 x EP1),CAN,Breeding material,CO255
PI 693360,28,67,False,Maize.Set.Inbred.Diversity.282.Plus.NAM.Parents,BO60W(A166N X B556Y-B560Y)B557Y,ZAF,Breeding material,D940Y
PI 693364,28,82,False,Maize.Set.Inbred.Diversity.282.Plus.NAM.Parents,"Multi cross including Whatley, Cuban, garric, Creole, and Other)",USA,Breeding material,GT112
PI 693366,29,68,False,Maize.Set.Inbred.Diversity.282.Plus.NAM.Parents,Teko Yellow X Natal Yellow Horsetooth,ZAF,Breeding material,I137TN
PI 693382,18,55,False,Maize.Set.Inbred.Diversity.282.Plus.NAM.Parents,Suwan 1(S)C4-S8-19-5 (2028),THA,Breeding material,Ki14
PI 693383,29,73,False,Maize.Set.Inbred.Diversity.282.Plus.NAM.Parents,KS6(S)C2-S8-366 (Kei9102),THA,Breeding material,Ki44
PI 693384,28,54,False,Maize.Set.Inbred.Diversity.282.Plus.NAM.Parents,"North Carolina version of Hi27.  Hi27 pedigree is: sister line (MV conversion) of CM104(India), (=ATheo 21(B)#).",USA,Breeding material,Hi27 Goodman-Buckler
PI 693386,28,54,False,Maize.Set.Inbred.Diversity.282.Plus.NAM.Parents,L97 x A71,USA,Breeding material,CI 91B Goodman-Buckler
PI 693387,29,56,False,Maize.Set.Inbred.Diversity.282.Plus.NAM.Parents,Selected from (Oh7 x 'Stiff Stalk Synthetic' gamete).,USA,Breeding material,N7A Goodman-Buckler
PI 693388,28,53,False,Maize.Set.Inbred.Diversity.282.Plus.NAM.Parents,(L317 x 33-16) 33-16 ^2,USA,Breeding material,CI 7 Goodman-Buckler
PI 693391,29,80,False,Maize.Set.Inbred.Diversity.282.Plus.NAM.Parents,B68^2.HtN  HtN is a donor containing a major gene for resistance to Helminthosporium turcicum tracing to a variety of Pepitilla.,ZAF,Breeding material,A214N Goodman-Buckler
PI 693392,18,21,False,Maize.Set.Inbred.Diversity.282.Plus.NAM.Parents,Recovered blight resistant strain of B2.,USA,Breeding material,CI 28A Goodman-Buckler
PI 693393,29,57,False,Maize.Set.Inbred.Diversity.282.Plus.NAM.Parents,Hastings White Prolific x Florida Flint,USA,Breeding material,F6 Goodman-Buckler
PI 693394,27,51,False,Maize.Set.Inbred.Diversity.282.Plus.NAM.Parents,Ill.B10 X W25,USA,Breeding material,W22 Goodman-Buckler
PI 693396,30,83,False,Maize.Set.Inbred.Diversity.282.Plus.NAM.Parents,Honey June X Mexican June,USA,Breeding material,81-1
PI 693400,31,62,False,Maize.Set.Inbred.Diversity.282.Plus.NAM.Parents,(Whately Yellow x Tennessee Red Cob) Young,USA,Breeding material,SC357
PI 693403,17,29,False,Maize.Set.Inbred.Diversity.282.Plus.NAM.Parents,Mexico 13,AUS,Breeding material,Q6199
PI 693870,20,21,False,,,USA,Cultivar,Bentley White
PI 693874,24,85,False,,,USA,Breeding material,L 578D
PI 693876,29,48,False,Maize.Group.Ames.Panel.2010,WD x WF9,USA,Breeding material,ND468
PI 693877,29,35,False,Maize.Group.Ames.Panel.2010,Oh51A x ND230^3,USA,Breeding material,ND407
PI 693879,27,46,False,Maize.Group.Ames.Panel.2010,15-28 X H (Rustler X Holbert Yellow Dent),USA,Breeding material,A385
PI 693880,27,45,False,Maize.Group.Ames.Panel.2010,A90 X Wf9,USA,Breeding material,A652
PI 693881,27,93,False,Maize.Group.Ames.Panel.2010,[(Mo21A x C.I.64) x (Oh28 x Oh51A)],USA,Breeding material,H60
PI 693882,26,109,False,Maize.Set.Inbred.Diversity.282.Plus.NAM.Parents,Wisconsin #25,USA,Breeding material,WD
PI 693883,27,100,False,Maize.Group.Ames.Panel.2010,PI 217408 (Longfellow Flint) Northern North American 8 Row Flint.,USA,Breeding material,MR14 (Longfellow Flint)
PI 693884,27,53,False,Maize.Set.Inbred.Diversity.282.Plus.NAM.Parents,ND203 x B14,USA,Breeding material,A641 Goodman-Buckler
PI 693885,25,39,False,Maize.Group.Ames.Panel.2010,JAL 142 (S6) Race Palomero de Jalisco. INIFAP accession MEX 2847.,USA,Cultivar,MR15 (Palomero de Jalisco)
PI 693886,25,39,False,Maize.Group.Ames.Panel.2010,CUN 465 (NRC) Race Pollo.,USA,Cultivar,MR26 (Pollo)
PI 694012,29,48,False,Maize.Group.Ames.Panel.2010,,USA,Cultivar,W3607
PI 694028,15,15,False,,,USA,Landrace,W Woodle Yellow Dent
PI 694029,15,15,False,,,USA,Landrace,J Coward Mixed Dent
PI 694030,15,15,False,,,USA,Landrace,L Moody Mixed Dent
PI 694031,17,17,False,,,USA,Landrace,Q H Mixed Dent
PI 694032,17,17,False,,,USA,Landrace,W. S. Hughes Mixed Dent
PI 694033,15,15,False,,,USA,Landrace,J Carraway White Dent
PI 694034,15,15,False,,,USA,Landrace,Wise White Dent
PI 694035,15,15,False,,,USA,Landrace,J J Allen White Dent
PI 694036,15,15,False,,,USA,Landrace,J C Daniel Yellow Dent
PI 694063,19,23,False,Maize.Group.Ames.Panel.2010,(6-5 X CI11b) CI11b (6-5 is a Lancaster line),USA,Breeding material,CI 1
PI 694064,25,41,False,Maize.Group.Ames.Panel.2010,(CI24 x CI540) CI24,USA,Breeding material,CI 3
PI 694065,28,32,False,Maize.Group.Ames.Panel.2010,,USA,Breeding material,C.I. 20
PI 694066,17,19,False,Maize.Group.Ames.Panel.2010,U.S. Selection 119 (strain of Boone Co. White),USA,Breeding material,CI 23
PI 694067,26,28,False,Maize.Group.Ames.Panel.2010,Boone County White,USA,Breeding material,C.I. 24
PI 694068,18,20,False,Maize.Group.Ames.Panel.2010,CI 2 x 23R4,USA,Breeding material,CI 27
PI 694070,28,48,False,Maize.Group.Ames.Panel.2010,Recovered blight resistant B2,USA,Breeding material,C.I. 28b
PI 694071,19,23,False,Maize.Group.Ames.Panel.2010,Recovered blight resistant B2,USA,Breeding material,C.I. 28c
PI 694072,18,20,False,Maize.Group.Ames.Panel.2010,Ky114 x WF9^3,USA,Breeding material,CI 29B
PI 694073,28,31,False,Maize.Group.Ames.Panel.2010,Os420 x NC34,USA,Breeding material,C.I. 30
PI 694074,28,32,False,Maize.Group.Ames.Panel.2010,L317 x L97,USA,Breeding material,C.I. 32
PI 694075,19,23,False,Maize.Group.Ames.Panel.2010,,USA,Breeding material,C.I. 34
PI 694076,28,32,False,Maize.Group.Ames.Panel.2010,38-11 x NC34 giving a recovered strain of 38-11,USA,Breeding material,CI 38B
PI 694077,18,19,False,Maize.Group.Ames.Panel.2010,Recovered strain of Os420,USA,Breeding material,CI 40A
PI 694079,28,58,False,Maize.Group.Ames.Panel.2010,(Hy x Mo21A) -B3 -#3-S3-1-2-1 giving a Recovered blight resistant Hy,USA,Breeding material,CI 42A
PI 694080,18,21,False,Maize.Group.Ames.Panel.2010,L97 x Oh07^2,USA,Breeding material,C.I. 44
PI 694081,18,20,False,Maize.Group.Ames.Panel.2010,(Mo21A x R4) x (NC34 x R4),USA,Breeding material,C.I. 45
PI 694082,28,55,False,Maize.Group.Ames.Panel.2010,,USA,Breeding material,C.I. 46
PI 694083,18,19,False,Maize.Group.Ames.Panel.2010,Mo21A x Ky49^4,USA,Breeding material,C.I. 49a
PI 694084,28,31,False,Maize.Group.Ames.Panel.2010,,USA,Breeding material,C.I. 70
PI 694085,27,55,False,Maize.Group.Ames.Panel.2010,,USA,Breeding material,C.I. 72
PI 694086,28,46,False,Maize.Group.Ames.Panel.2010,,USA,Breeding material,C.I. 74
PI 694087,28,80,False,Maize.Group.Ames.Panel.2010,,USA,Breeding material,C.I. 75
PI 694088,18,21,False,Maize.Group.Ames.Panel.2010,Pd2287-1 x R39,USA,Breeding material,C.I. 82a
PI 694089,28,57,False,Maize.Group.Ames.Panel.2010,Pd2287-1 x R39,USA,Breeding material,C.I. 82b
PI 694090,18,21,False,Maize.Group.Ames.Panel.2010,Blight resistant strain isolated from (Pd2287-2 x CI 20),USA,Breeding material,C.I. 83a
PI 694091,28,33,False,Maize.Group.Ames.Panel.2010,,USA,Breeding material,C.I. 84b
PI 694092,28,31,False,Maize.Group.Ames.Panel.2010,Blight resistant strain isolated from (Np3197-1 x CI 14),USA,Breeding material,C.I. 85b
PI 694093,27,30,False,Maize.Group.Ames.Panel.2010,Blight resistant isolated strain from (B3510 x R35),USA,Breeding material,C.I. 86b
PI 694094,28,31,False,Maize.Group.Ames.Panel.2010,Blight resistant strain isolated from (GAL467 x T528),USA,Breeding material,C.I. 88a
PI 694095,28,32,False,Maize.Group.Ames.Panel.2010,Blight resistant isolated strain from (L97 x Tr),USA,Breeding material,C.I. 89b
PI 694096,19,22,False,Maize.Group.Ames.Panel.2010,Blight resistant strain isolated from (L97 x M14),USA,Breeding material,C.I. 90a
PI 694099,27,54,False,Maize.Group.Ames.Panel.2010,(CI24 x CI540) CI24,USA,Breeding material,C.I. 91c
PI 694101,27,53,False,Maize.Group.Ames.Panel.2010,CI15 x L97,USA,Breeding material,C.I. 93a
PI 694102,28,33,False,Maize.Group.Ames.Panel.2010,Recovered strain of L317,USA,Breeding material,C.I. 317b
PI 695076,26,123,False,,,USA,Breeding material,ILLINOIS LOW OIL-LOT I
PI 695077,29,29,False,,,USA,Breeding material,ILLINOIS HIGH OIL
PI 695386,15,15,False,Maize.GEM.Group1.All-GEM-Releases,(GEMN-0104/GEMN-0097)-070-003-B,USA,Cultivar,GEMN-0310
PI 695387,16,30,False,Maize.GEM.Group1.All-GEM-Releases,BR106:S42-063-002-B,USA,Cultivar,GEMS-0311
PI 695388,15,15,False,Maize.GEM.Group1.All-GEM-Releases,PASCO14:S11a-128-003-B,USA,Cultivar,GEMS-0312
PI 698312,18,19,False,,DK888 Hybrid.,THA,Breeding material,DK888(C0)
PI 698313,18,19,False,,DK222T Hybrid.,THA,Breeding material,DK222T(C0)
PI 698314,22,36,False,,XL370A Hybrid.,BRA,Breeding material,XL370A(C0)
PI 698315,20,21,False,,XL380 Hybrid.,BRA,Breeding material,XL380(C0)
PI 698316,20,21,False,,XL212 Hybrid.,BRA,Breeding material,XL212(C0)
PI 698317,18,19,False,,B830 Hybrid.,MEX,Breeding material,B830(C0)
PI 698318,18,19,False,,B844 Hybrid.,MEX,Breeding material,B844(C0)
PI 698328,22,22,False,,Shoe Peg,USA,Landrace,Country Gentleman
PI 698329,25,25,False,,,USA,Cultivar,Gills Golden Early Market
PI 698331,28,47,False,,,USA,Landrace,Golden Midget
PI 698332,25,25,False,,,USA,Landrace,Stowalls Evergreen
PI 698333,28,47,False,,,USA,Landrace,White Midget
PI 698334,17,17,False,,,USA,Landrace,Oregon Evergreen
PI 698336,17,17,False,,,USA,Landrace,Howling Mob
PI 698338,27,54,False,,,USA,Landrace,Barden Wonder Bantam
PI 698339,18,18,False,,,USA,Landrace,Blands Extra Early
PI 698598,16,16,False,Maize.GEM.Group1.All-GEM-Releases,ATL100:N(LH82)(GEMN-0097)-090-001-002%SIB%SIB,USA,Cultivar,GEMN-0309
PI 698599,16,16,False,Maize.GEM.Group1.All-GEM-Releases,(GEMS-0162/GEMS-0227)-040-002-001-001%SIB%SIB,USA,Cultivar,GEMS-0303
PI 698600,16,16,False,Maize.GEM.Group1.All-GEM-Releases,(GEMS-0162/GEMS-0227)-046-001-001-002%SIB%SIB,USA,Cultivar,GEMS-0304
PI 698601,16,16,False,Maize.GEM.Group1.All-GEM-Releases,(GEMS-0227/PHP38)-018-001-001-001%SIB%SIB,USA,Cultivar,GEMS-0305
PI 698602,16,16,False,Maize.GEM.Group1.All-GEM-Releases,((LH195/KO679Y)/GEMS-0227)-010-001-002-002%SIB%SIB,USA,Cultivar,GEMS-0306
PI 698603,16,16,False,Maize.GEM.Group1.All-GEM-Releases,((PHB47/CML373)/GEMS-0162)-SIB-053-002-002%SIB%SIB,USA,Cultivar,GEMS-0307
PI 698604,16,16,False,Maize.GEM.Group1.All-GEM-Releases,((PHB47/CML373)/GEMS-0162)-SIB-086-001-001%SIB%SIB,USA,Cultivar,GEMS-0308
PI 698952,28,32,False,Maize.Group.Ames.Panel.2010,Selection from Minnesota 22-35 (Funk Yellow Dent),USA,Breeding material,H5
PI 698953,28,30,False,Maize.Group.Ames.Panel.2010,CI187-2 x ITE701,USA,Breeding material,H10
PI 698957,29,32,False,Maize.Group.Ames.Panel.2010,Johnson County White,USA,Breeding material,H22w
PI 698958,28,30,False,Maize.Group.Ames.Panel.2010,Pride of Saline,USA,Breeding material,H23
PI 698959,28,56,False,Maize.Group.Ames.Panel.2010,Johnson County White,USA,Breeding material,H25W
PI 698960,28,30,False,Maize.Group.Ames.Panel.2010,White M14,USA,Breeding material,H26w
PI 698961,28,32,False,Maize.Group.Ames.Panel.2010,White L,USA,Breeding material,H27w
PI 698962,28,31,False,Maize.Group.Ames.Panel.2010,(K60 x Hy) x Hy,USA,Breeding material,H28
PI 698963,28,31,False,Maize.Group.Ames.Panel.2010,White 205-2,USA,Breeding material,H29
PI 698964,27,30,False,Maize.Group.Ames.Panel.2010,(K64 x 38-11)38-11^2,USA,Breeding material,H30w
PI 698965,25,59,False,Maize.Group.Ames.Panel.Post.2010,Illinois Low Oil,USA,Breeding material,H31W
PI 698966,28,32,False,Maize.Group.Ames.Panel.2010,(Oh28 x M14)M14,USA,Breeding material,H41
PI 698968,28,31,False,Maize.Group.Ames.Panel.2010,(I205 x WF9)WF9,USA,Breeding material,H45
PI 698969,28,30,False,Maize.Group.Ames.Panel.2010,(R2 x WF9)WF9,USA,Breeding material,H46
PI 698970,28,32,False,Maize.Group.Ames.Panel.2010,(38-11 x Mo21A)38-11^2,USA,Breeding material,H50
PI 698971,28,32,False,Maize.Group.Ames.Panel.2010,(38-11 x Mo21A)38-11,USA,Breeding material,H51
PI 698973,28,33,False,Maize.Group.Ames.Panel.2010,(Hy X Mo21A)Hy2^2,USA,Breeding material,H55
PI 698976,28,31,False,Maize.Group.Ames.Panel.2010,(NC34 x Oh51A)Oh51A,USA,Breeding material,H73
PI 698977,18,23,False,Maize.Group.Ames.Panel.2010,Oh43 x CI90A,USA,Breeding material,H88
PI 698978,28,52,False,Maize.Group.Ames.Panel.Post.2010,B14 x GE440,USA,Breeding material,H89
PI 698979,27,27,False,Maize.Group.Ames.Panel.Post.2010,,USA,Breeding material,H92
PI 698980,28,55,False,Maize.Group.Ames.Panel.2010,(B37 x GE440)B37^4 Ht,USA,Breeding material,H93
PI 698982,28,31,False,Maize.Group.Ames.Panel.2010,Oh43 x Hy,USA,Breeding material,H98
PI 698983,28,31,False,Maize.Group.Ames.Panel.2010,H88 x H95,USA,Breeding material,H101
PI 698984,28,80,False,Maize.Group.Ames.Panel.2010,H26 x A619 ^4,USA,Cultivar,H104W
PI 698985,28,57,False,Maize.Group.Ames.Panel.2010,H28 x H84 ^3.,USA,Breeding material,H106w
PI 698986,28,31,False,Maize.Group.Ames.Panel.2010,,USA,Breeding material,H107
PI 698987,17,20,False,Maize.Group.Ames.Panel.2010,(Mo17 x H99) Mo17,USA,Breeding material,H108
PI 698988,18,20,False,Maize.Group.Ames.Panel.2010,(Mo17 x H99) Mo17,USA,Breeding material,H109
PI 698989,27,45,False,Maize.Group.Ames.Panel.2010,[(H99 X H98) X H98],USA,Cultivar,H112
PI 698992,16,17,False,Maize.Group.Ames.Panel.2010,B73 X H100,USA,Cultivar,H119
PI 698995,18,20,False,Maize.Group.Ames.Panel.2010,(B73 X H84) B73,USA,Cultivar,H123
PI 698997,26,26,False,,,USA,Landrace,Gigi Hill
PI 698998,26,51,False,,,USA,Landrace,Katie Wheeler
PI 698999,25,49,False,,,CAN,Landrace,Six Nations Blue
PI 699063,20,20,False,,,USA,Cultivar,Moore's Open Pollinated
PI 699066,23,24,False,,,USA,Cultivar,National Long Ear
PI 699068,24,27,False,,"The population was formed by systematically intercrossing eight populations in a diallel mating design.  The eight populations in the diallel were formed by crossing the F1 hybrid B73 X Va14 by eight populations used to develop VS1 synthetic.  Those populations were (B73 X Va17)H84, (B73 X Va17)H100, (B73 X Va17}B73, (B14A X Va17}H100, (B14A X Va17}H93, (B14A X Va17)Va17, (B14A X Va17)N28, and (B14A X Va17)H84.  The approximate proportion of each inbred to this population is Va14(25%), Va17(16%), B73(33%), B14A(8%), H100(6%), H84(3%), N28(3%) and H93(3%).  Va14 was used because it has gray leaf spot resistance and is closely related to Va17.",USA,Breeding material,CIMMYTMA 24066
PI 699077,32,35,False,,,USA,Cultivar,Yellow Neal Paymaster
PI 699083,17,20,False,,,USA,Breeding material,VIRGINIA MEXICAN DENT SYNTHETIC
PI 699085,20,21,False,,,USA,Cultivar,Blue Grain
PI 699086,15,16,False,,,USA,Cultivar,Charlie Kirby-Towns County
PI 699089,20,29,False,,,USA,Cultivar,Knightin 8-Row
PI 699090,22,25,False,,,USA,Cultivar,Legg Prolific
PI 699091,19,20,False,,,USA,Cultivar,Little Cob Mitchell
PI 699411,23,23,False,,,USA,Landrace,Carswell Yellow
PI 699415,16,31,False,,,USA,Cultivar,Moore White Open-Pollinated
PI 699416,25,39,False,,,USA,Cultivar,Carroll Moore Open-Pollinated
PI 699417,15,15,False,,,USA,Cultivar,Stacys Favorite Open-Pollinated
PI 699418,16,31,False,,,USA,Cultivar,Shockley Open Pollinated
PI 699419,15,15,False,,,USA,Cultivar,Moore Yellow Open-Pollinated
PI 699420,15,15,False,,,USA,Cultivar,Hayes Golden
PI 699421,15,15,False,,,USA,Cultivar,Midland Yellow Dent
PI 699422,17,17,False,,,USA,Landrace,Pride of Kansas
PI 699423,21,21,False,,,USA,Landrace,Franklin Yellow Dent
PI 699424,18,18,False,,,USA,Landrace,St. Charles White
PI 699425,15,15,False,,,USA,Cultivar,Bloody Butcher
PI 699426,18,18,False,,,USA,Landrace,Denco
PI 699427,15,15,False,,,USA,Cultivar,Mexican June
PI 699428,25,39,False,,,USA,Landrace,Squaw Dent
PI 699429,15,15,False,,,USA,Landrace,South Dakota Indian Corn
PI 699430,15,15,False,,,USA,Landrace,Blue Indian Corn
PI 699432,28,28,False,,,USA,Landrace,Early Surprise
PI 699433,25,25,False,,,USA,Landrace,Early Golden
PI 699434,25,25,False,,,USA,Landrace,Golden Early Market
PI 699436,27,27,False,,,USA,Landrace,Golden Dawn
PI 699437,27,28,False,,,USA,Landrace,Jacques
PI 700786,18,18,False,,POP 35,MEX,Cultivar,Pop 35(C4)
PI 700787,16,16,False,,"""IITA/CIMMYT developed this maize streak resistant population
from Suwan 1 in a backcross project. Suwan is a broad base population developed
by Kasetsart University, Bankok, Thailand. Components are mainly elite Caribbean
varieties but Tuxpeno, Salvadoreno and USA germplasm was also included in the
original Population (Thai Compo #1). After three cycles of S1 selection, a backcross
project (HC3) was completed to obtain downy mildew resistance with Philippine
DMRI and DMR5 as sources of resistance to develop Suwan 1. Subsequent cycles
of S1 selection were completed with emphasis on gram yield and other desirable
characters."" (Gebrekidan, B. 1990. Maize Improvement, Production and
Protection in Eastern and Southern Africa: Proceedings of the Third Eastern and
Southern Africa Regional Maize Workshop. Nairobi, Kenya.)",NGA,Cultivar,Suwan 1-SR
PI 700788,16,16,False,,,COL,Cultivar,ICA 156
PI 700790,27,89,False,Maize.Group.Ames.Panel.2010,Manitoba Yellow Flint,USA,Breeding material,ND30
PI 700791,25,116,False,Maize.Group.Ames.Panel.2010,Falconer,USA,Breeding material,ND5
PI 700793,17,33,False,Maize.Group.Ames.Panel.2010,Falconer,USA,Breeding material,ND211
PI 700794,18,22,False,Maize.Group.Ames.Panel.2010,"4 County White, yellow rec.",USA,Breeding material,ND-B8
PI 700796,18,22,False,Maize.Group.Ames.Panel.2010,A375 x ND203,USA,Breeding material,ND376
PI 700797,29,58,False,Maize.Group.Ames.Panel.2010,WF9 x WD,USA,Breeding material,ND474
PI 700798,28,58,False,Maize.Group.Ames.Panel.2010,(K55 x aeK) x (K55^6)sel.,USA,Breeding material,Mo301ae
PI 700799,27,52,False,Maize.Group.Ames.Panel.2010,(CI21E x aeK) x (CI21WE^3)sel.,USA,Breeding material,Mo303ae
PI 700800,27,53,False,Maize.Group.Ames.Panel.2010,(Oh7A x aeK) x (O7A^5)sel.,USA,Breeding material,Mo304ae
PI 700801,28,33,False,Maize.Group.Ames.Panel.2010,(Mo3 x aeK) x (Mo3^4) selection.,USA,Breeding material,Mo305ae
PI 700802,27,55,False,Maize.Group.Ames.Panel.2010,(C17 x aeK) x (C17^3)sel.,USA,Breeding material,Mo308ae
PI 700803,28,55,False,Maize.Group.Ames.Panel.2010,(Mo8W x aeK) x (Mo8w^2)sel.,USA,Breeding material,Mo311ae
PI 700804,28,56,False,Maize.Group.Ames.Panel.2010,(T202 x aeK) x (T202^3)sel.,USA,Breeding material,Mo312ae
PI 700805,27,79,False,Maize.Group.Ames.Panel.2010,(CI42A x aeK) x (CI42^4)sel.,USA,Breeding material,Mo313ae
PI 700806,28,55,False,Maize.Group.Ames.Panel.2010,(CI38B x aeK) x (CI38B^5)sel.,USA,Breeding material,Mo314ae
PI 700942,26,40,False,Maize.Group.Ames.Panel.2010,South Carolina Composite,USA,Breeding material,SC375
PI 700943,19,25,False,,,USA,Breeding material,GA152
PI 700944,20,36,False,,,USA,Breeding material,GA212
PI 700945,30,69,False,,,USA,Breeding material,GA219
PI 700946,20,22,False,,,USA,Breeding material,GA222
PI 700947,28,42,False,,,USA,Breeding material,GE19
PI 700949,20,25,False,,,USA,Breeding material,GE72
PI 700951,28,44,False,,,USA,Breeding material,GE281
PI 700952,19,32,False,,,USA,Breeding material,GE293
PI 700953,18,34,False,,,USA,Breeding material,GE311
PI 700954,17,33,False,,,USA,Breeding material,GE317
PI 700955,20,24,False,,,USA,Breeding material,GE335
PI 700956,16,17,False,,,USA,Breeding material,GT150
PI 700960,25,52,False,,,USA,Breeding material,L690
PI 701403,15,15,False,Maize.GEM.Group1.All-GEM-Releases,((GEMS-0162/PHP38)/GEMS-0227)-206-001-001,USA,Cultivar,GEMS-0313
PI 701404,15,15,False,Maize.GEM.Group1.All-GEM-Releases,((GEMS-0227/Ki14)/12)-080-001-002,USA,Cultivar,GEMS-0314
PI 701405,15,15,False,Maize.GEM.Group1.All-GEM-Releases,(GEMS-0227/(Mp494/GEMS-0002)-001-002-001-001)-SIB-138-001-002,USA,Cultivar,GEMS-0315
PI 701406,15,15,False,Maize.GEM.Group1.All-GEM-Releases,((KO679Y/GEMS-0030)/12)-090-001-001,USA,Cultivar,GEMS-0316
PI 701407,15,15,False,Maize.GEM.Group1.All-GEM-Releases,(GEMN-0097/(GEMN-0140/GEMN-0130))-002-001-002,USA,Cultivar,GEMN-0317
PI 701408,15,15,False,Maize.GEM.Group1.All-GEM-Releases,(GEMN-0097/TF-2-0-T3-P74-G121)-147-001-002,USA,Cultivar,GEMN-0318
PI 701409,15,15,False,Maize.GEM.Group1.All-GEM-Releases,Ki14:N4212-185-001-002,USA,Cultivar,GEMN-0319
PI 701842,26,62,False,Maize.Group.Ames.Panel.2010,(C112-1 x Oh920) x (Ill.A x Ill.B),USA,Breeding material,Oh28
PI 702799,23,40,False,Maize.Set.Inbred.Diversity.282.Plus.NAM.Parents,Iowa Stiff Stalk Synthetic (BSSS),USA,Breeding material,MS153 Goodman-Buckler
PI 702800,18,18,False,Maize.Group.Ames.Panel.2010,,USA,Breeding material,B37 T
PI 702801,32,35,False,Maize.Group.Ames.Panel.2010,,USA,Breeding material,B37 TRf
PI 702802,26,26,False,Maize.Group.Ames.Panel.2010,,USA,Breeding material,C103 T
PI 702803,33,46,False,Maize.Group.Ames.Panel.2010,,USA,Breeding material,Mo17T
PI 702804,28,28,False,Maize.Group.Ames.Panel.2010,,USA,Breeding material,Oh43 T
PI 702805,28,28,False,Maize.Group.Ames.Panel.2010,,USA,Breeding material,Oh43 TRf
PI 702806,15,16,False,Maize.Group.Ames.Panel.2010,,USA,Breeding material,W64A T
PI 702807,28,29,False,Maize.Group.Ames.Panel.2010,,USA,Breeding material,Wf9 T
PI 702808,29,60,False,Maize.Group.Ames.Panel.2010,,USA,Breeding material,A632HT
PI 702809,32,65,False,Maize.Group.Ames.Panel.2010,,USA,Breeding material,A619Ht1
PI 702810,33,52,False,Maize.Group.Ames.Panel.2010,,USA,Breeding material,A619Ht2
PI 702811,32,51,False,Maize.Group.Ames.Panel.2010,,USA,Breeding material,A619Ht3
PI 702812,24,32,False,Maize.Group.Ames.Panel.Post.2010,{65 x13(2) -1}-5-1-1-1,AUS,Breeding material,AusTRCF 305793
PI 702813,25,56,False,Maize.Group.Ames.Panel.Post.2010,{65 x13(2) -1}-6-1-1-1,AUS,Breeding material,AusTRCF 305794
PI 702814,28,38,False,Maize.Group.Ames.Panel.2010,{G.W x13(4) -0-0-2W}-1Y-1-1,AUS,Breeding material,AusTRCF 305795
PI 702815,24,32,False,Maize.Group.Ames.Panel.Post.2010,{50x21(2)-1}-3-1-1-1,AUS,Breeding material,AusTRCF 305798
PI 702816,28,38,False,Maize.Group.Ames.Panel.2010,,AUS,Breeding material,AusTRCF 305801
PI 702817,28,38,False,Maize.Group.Ames.Panel.2010,,AUS,Breeding material,AusTRCF 305802
PI 702818,28,38,False,Maize.Group.Ames.Panel.2010,{25 x 2(2)-1}-1-1-1-2-1,AUS,Breeding material,AusTRCF 305803
PI 702819,27,50,False,Maize.Group.Ames.Panel.2010,{49x61(3)-1-sibbed}-1-3-1,AUS,Breeding material,AusTRCF 305806
PI 702820,24,33,False,Maize.Group.Ames.Panel.Post.2010,,AUS,Breeding material,68
PI 702821,27,36,False,Maize.Group.Ames.Panel.2010,{gn12xGs12}-5-1-2-1-1,AUS,Breeding material,AusTRCF 305816
PI 702823,28,39,False,Maize.Group.Ames.Panel.2010,{PX75}-B-2-4-2-1-1,AUS,Breeding material,AusTRCF 305819
PI 702824,28,38,False,Maize.Group.Ames.Panel.2010,{{{ XL81 x HC}-sibbed} x HC} -3-2-1-2-1-1-1,AUS,Breeding material,AusTRCF 305821
PI 702825,27,37,False,Maize.Group.Ames.Panel.2010,{Va96}-1-2-1-1-1-1,AUS,Breeding material,AusTRCF 305822
PI 702826,27,37,False,Maize.Group.Ames.Panel.2010,{XL80}-B-1-1-1-1,AUS,Breeding material,AusTRCF 305823
PI 702827,25,34,False,,{XL80}-B-1-2-2-1,AUS,Breeding material,AusTRCF 305824
PI 702828,27,79,False,Maize.Group.Ames.Panel.2010,{Mo18WxGP12678(R)}-B-1-1-2-1,AUS,Breeding material,Gn 159
PI 702829,25,33,False,,{Exp 16)-2-1-1-1,AUS,Breeding material,Gn 163
PI 702830,28,42,False,Maize.Group.Ames.Panel.2010,{Gn43(WX)xK303}-1(W)-2-1-2-(WX),AUS,Breeding material,AusTRCF 305829
PI 702831,24,24,False,Maize.Group.Ames.Panel.Post.2010,{{Gn43(WX)xK303}xGN43(WX)}-5-1-1-2-1-1,AUS,Breeding material,AusTRCF 305830
PI 702832,28,40,False,Maize.Group.Ames.Panel.2010,{K301-1}-2-1-1-1-1(WX)-1(WX),AUS,Breeding material,AusTRCF 305831
PI 702833,28,38,False,Maize.Group.Ames.Panel.2010,{{{IALO78xGP12678}-2sibbed}xGP12678}-2-2-1-1-1-1,AUS,Breeding material,AusTRCF 305833
PI 702834,28,38,False,Maize.Group.Ames.Panel.2010,{MES44xGn32}-b-1-1-1-1-1,AUS,Breeding material,AusTRCF 305834
PI 702835,28,38,False,Maize.Group.Ames.Panel.2010,{K301xGn22wx}-1w(WX)-1-1-3-2-1,AUS,Breeding material,AusTRCF 305835
PI 702836,27,29,False,Maize.Group.Ames.Panel.2010,{K301xGn22wx}-1w(WX)-1-1-1-2-1,AUS,Breeding material,AusTRCF 305836
PI 702837,25,57,False,Maize.Group.Ames.Panel.Post.2010,{PX75}-B-1-4-1-1-1,AUS,Breeding material,AusTRCF 305837
PI 702838,28,44,False,Maize.Group.Ames.Panel.2010,{<{{{38-11(WX) x CJ(2)}-sibbed(WX)}xB73(2)}-sibbed (WX)>xB73(2)}-(WX),AUS,Breeding material,AusTRCF 305839
PI 702839,28,38,False,Maize.Group.Ames.Panel.2010,{GP12678(CR)xGn22wx(2)}-1-3-1-1,AUS,Breeding material,AusTRCF 305840
PI 702840,27,38,False,Maize.Group.Ames.Panel.2010,{{{{38-11(WX)xKE31(2)}-sibbed (WX)}xMO17(2)}-sibbed (WX) >xM017(2)-sibbed(WX)}xMo17(2) >-(WX),AUS,Breeding material,AusTRCF 305846
PI 702841,29,47,False,Maize.Group.Ames.Panel.2010,{{{{{{38-11(WX)xCJ(2)-sibbed (WX)}xMO17(2)}-sibbed (WX)>}xMO17(2)}-sibbed (WX)}xMO17(2)-(WX),AUS,Breeding material,AusTRCF 305849
PI 702842,28,38,False,Maize.Group.Ames.Panel.2010,{{{38-11(WX)xCJ2}-sibbed wx}xMo17(2)}-1-1-1-1-2-1,AUS,Breeding material,AusTRCF 306065
PI 702843,17,34,False,,{Flat Red}-1-1-1A-1-1-1-1,AUS,Breeding material,AusTRCF 306067
PI 702844,28,44,False,Maize.Group.Ames.Panel.2010,{68 02/02 mod > YI(2)}-1-2-2-1-2 02/02-1 02/02,AUS,Breeding material,AusTRCF 306068
PI 702845,26,27,False,Maize.Group.Ames.Panel.2010,{68 02/02 modx{X181x68}-B-1-2-2-4sibbed}(2)} -4-1-2-1-1-1,AUS,Breeding material,AusTRCF 306234
PI 702846,28,44,False,Maize.Group.Ames.Panel.2010,{{{38-11(WX) xCJ(2)}-sibbed (WX)}xB73(2)}-2 norm-1-1-1-2-1-1,AUS,Breeding material,AusTRCF 306235
PI 702847,28,41,False,Maize.Group.Ames.Panel.2010,{{{{Gn43(WX)xK303}xGn43(WX)}-5sibbed-1sibbed-1sibbed}-6x{y/y}-4-1-1,AUS,Breeding material,AusTRCF 306236
PI 702848,27,65,False,Maize.Group.Ames.Panel.2010,{{{{Gn43(WX)xK303}xGn43(WX)}-5sibbed-2sibbed-1sibbed}-2xMo18W}-1-1-1,AUS,Breeding material,AusTRCF 306237
PI 702850,28,41,False,Maize.Group.Ames.Panel.2010,{{Gn43(WX)xK303}-1(W)sibbed-1sibbed-1sibbed}-5x{y/y}-1-1-1,AUS,Breeding material,AusTRCF 306239
PI 702851,28,44,False,Maize.Group.Ames.Panel.2010,{Gn43(WX)xK64)-1-1-1,AUS,Breeding material,AusTRCF 306240
PI 702852,28,44,False,Maize.Group.Ames.Panel.2010,{{Gn43(WX)xK303}-1wsibbed-2sibbed-1sibbed}-3x(y/y)-1-1-1,AUS,Breeding material,AusTRCF 306241
PI 702853,28,41,False,Maize.Group.Ames.Panel.2010,{{Gn43(WX)xK303}-1wsibbed-2sibbed-1sibbed}-4x(y/y)-3-1-1,AUS,Breeding material,AusTRCF 306242
PI 702854,25,33,False,,{{Gn43(WX)xK303}-2w(WX)sibbed-1sibbed-1sibbed}-2xMo18W}-2-1-1,AUS,Breeding material,AusTRCF 306243
PI 702855,27,47,False,Maize.Group.Ames.Panel.2010,{{Gn43(WX)xK303}-2w(WX)sibbed-1sibbed-1sibbed}-2xMo18W}-6-1-1,AUS,Breeding material,AusTRCF 306244
PI 702856,27,43,False,Maize.Group.Ames.Panel.2010,{{{Gn43(WX)xK303}-2w(WX)sibbed-1sibbed-1sibbed}-2xMo18W}-7-1-1,AUS,Breeding material,AusTRCF 306245
PI 702857,28,37,False,Maize.Group.Ames.Panel.2010,49/GH96A-3-2-1-1-1,AUS,Breeding material,AusTRCF 306254
PI 702858,27,36,False,Maize.Group.Ames.Panel.2010,{HC x NC240} x HC-1-1-2-1-1,AUS,Breeding material,AusTRCF 306256
PI 702859,28,38,False,Maize.Group.Ames.Panel.2010,R5687-2-1-1-4-1-1-1,AUS,Breeding material,AusTRCF 306257
PI 702860,27,43,False,Maize.Group.Ames.Panel.2010,R5687-2-1-6-2-2-1,AUS,,
PI 702861,27,37,False,Maize.Group.Ames.Panel.2010,FF37 {11-2-1-1-1-2}M-1-2(D)-3-4-2-1-2-1,AUS,Breeding material,AusTRCF 306261
PI 702862,28,44,False,Maize.Group.Ames.Panel.2010,NN47/2(O)-3-1-3-1-2-1,AUS,Breeding material,AusTRCF 306264
PI 702863,28,30,False,Maize.Group.Ames.Panel.2010,{From Yellow Tuxpan Seln.1(O).}-Fitzroy probably involved.,AUS,Breeding material,AusTRCF 306269
PI 702864,28,40,False,Maize.Group.Ames.Panel.2010,{{{CJ x W1537 bm3}-2-1-1-1-1sibbed}-3 x CJ}-4-2-1,AUS,Breeding material,AusTRCF 306273
PI 702865,28,39,False,Maize.Group.Ames.Panel.2010,{{{CJ x W1537 bm3}-2-1-1-2}-4 x CJ}-1-1-1-1,AUS,Breeding material,AusTRCF 306274
PI 702866,27,40,False,Maize.Group.Ames.Panel.2010,{{{CJ x W153Rbm3}-2-1-1-2}-4 x CJ}-2-1-1-1,AUS,Breeding material,AusTRCF 306276
PI 702867,28,40,False,Maize.Group.Ames.Panel.2010,{{{CJ x W153Rbm3}-2-1-2-2sibbed}-2 x CJ}-1-1-1-1,AUS,Breeding material,AusTRCF 306280
PI 702868,27,46,False,Maize.Group.Ames.Panel.2010,{{{CJ x W153Rbm3}-2-1-2-2sibbed}-2 x CJ}-1-2-1-1,AUS,Breeding material,AusTRCF 306281
PI 702869,27,39,False,Maize.Group.Ames.Panel.2010,{CJ x[ { CJ x W153Rbm3}-2-1-1-1-1sibbed]}-1-1-1-1,AUS,Breeding material,AusTRCF 306282
PI 702870,28,28,False,Maize.Group.Ames.Panel.2010,{CJ x [ { CJ x W153R bm3}-2-1-1-1-1sibbed]}-1-2-2-1,AUS,Breeding material,AusTRCF 306285
PI 702871,29,41,False,Maize.Group.Ames.Panel.2010,{CJ x [ { CJ x W153Rbm3}-2-1-1-1-1sibbed]}-2-1-1-1,AUS,Breeding material,AusTRCF 306286
PI 702872,28,40,False,Maize.Group.Ames.Panel.2010,{{{{CJ x A619bm3} x CJ}-6-1-3sibbed}-4 x CJ}-1-1-1-1,AUS,Breeding material,AusTRCF 306290
PI 702873,28,44,False,Maize.Group.Ames.Panel.2010,{{{CJ x W64Abm3} x CJ-}8-2-1-2sibbed}-2-1-1-1,AUS,Breeding material,AusTRCF 306293
PI 702874,28,40,False,Maize.Group.Ames.Panel.2010,{{{{CJ x W64Abm3} x CJ}-8-2-1}-3 x CJ}-1-1-1-1,AUS,Breeding material,AusTRCF 306295
PI 702875,28,41,False,Maize.Group.Ames.Panel.2010,{{{{CJ x W64Abm3}x CJ}-8-2-1}-3 x CJ}-1-1-2-1,AUS,Breeding material,AusTRCF 306296
PI 702876,28,39,False,Maize.Group.Ames.Panel.2010,{{{{CJ x W64Abm3}-2-1-1-3}-6 x CJ}-1-1-1-1,AUS,Breeding material,AusTRCF 306301
PI 702877,27,38,False,Maize.Group.Ames.Panel.2010,GP12678 x[{A632bm3 x GP12678}-6-1-2sibbed]}-2-1-1-1-1,AUS,Breeding material,AusTRCF 306302
PI 702878,27,41,False,Maize.Group.Ames.Panel.2010,{GP12678 x[{A632bm3 x GP12678}-6-1-2sibbed]}-2-1-2-1-1,AUS,Breeding material,AusTRCF 306303
PI 702879,27,40,False,Maize.Group.Ames.Panel.2010,{GP12678 x[{A632bm3 x GP12678}-6-1-2sibbed]}-2-1-3-1-1,AUS,Breeding material,AusTRCF 306304
PI 702880,28,40,False,Maize.Group.Ames.Panel.2010,[GP12678 x{A632bm3 x GP12678}]-6-1-1-1sibbed}-3sibbed x GP12678}-1-1-1,AUS,Breeding material,AusTRCF 306306
PI 702881,27,39,False,Maize.Group.Ames.Panel.2010,[GP12678 x{A632 bm3 x GP12678}]-6-1-1-1sibbed}-3 x GP12678}-4-1-1,AUS,Breeding material,AusTRCF 306307
PI 702882,28,41,False,Maize.Group.Ames.Panel.2010,[GP12678 x{A632 bm3 x GP12678}]-6-1-1-1sibbed}-3 x GP12678}-6-1-1,AUS,Breeding material,AusTRCF 306308
PI 702883,27,40,False,Maize.Group.Ames.Panel.2010,[GP12678 x{A632 bm3 x GP12678}]-6-1-1-1sibbed}-3 x GP12678}-6-2-1,AUS,Breeding material,AusTRCF 306309
PI 702884,28,39,False,Maize.Group.Ames.Panel.2010,[GP12678 x{A632 bm3 x GP12678}]-6-1-1-1sibbed}-4 x GP12678}-2-1-1,AUS,Breeding material,AusTRCF 306310
PI 702885,27,37,False,Maize.Group.Ames.Panel.2010,{{A619bm3 x Gn 14(2)}-2}-3-1-3-1-1,AUS,Breeding material,AusTRCF 306312
PI 702886,25,49,False,,{{A619bm3 x Gn 14(2)}-2}-3-3-1-1-1,AUS,Breeding material,AusTRCF 306313
PI 702887,28,30,False,Maize.Group.Ames.Panel.2010,{{A619bm3 x Gn 14(2)}-2}-5-1-2-2-1,AUS,Breeding material,AusTRCF 306316
PI 702888,24,34,False,Maize.Group.Ames.Panel.Post.2010,{{A619bm3 x Gn 14(2)}-2}-2-1-2-3-1,AUS,Breeding material,AusTRCF 306318
PI 702889,27,29,False,Maize.Group.Ames.Panel.2010,A619bm3 x Gn 14(2)}-3-5-1-1-1-1,AUS,Breeding material,AusTRCF 306319
PI 702890,28,40,False,Maize.Group.Ames.Panel.2010,{OH43bm3 x Gn 14(2)}-1-5-1-2-1-1,AUS,Breeding material,AusTRCF 306321
PI 702891,28,40,False,Maize.Group.Ames.Panel.2010,{OH43bm3 x Gn 14(2)}-1-5-2-1-1-1,AUS,Breeding material,AusTRCF 306322
PI 702892,28,50,False,Maize.Group.Ames.Panel.2010,{{OH43bm3 x Gn 14(2)}-3}-3-1-1-1-1,AUS,Breeding material,AusTRCF 306323
PI 702893,28,42,False,Maize.Group.Ames.Panel.2010,{{OH43bm3 x Gn 14(2)}-3}-3-1-2-1-1,AUS,Breeding material,AusTRCF 306324
PI 702894,25,25,False,,{{OH43bm3 x Gn 14(2)}-3}-4-1-1-1-1,AUS,Breeding material,AusTRCF 306325
PI 702895,27,28,False,Maize.Group.Ames.Panel.2010,{A632bm3 x Gn 16(2)}-1-2-1-3-1-1,AUS,Breeding material,AusTRCF 306327
PI 702896,25,25,False,,{{Gn79 x W64Abm3}x GN79}-1-2-1-2-1-1,AUS,Breeding material,AusTRCF 306332
PI 702897,28,30,False,Maize.Group.Ames.Panel.2010,{{Gn79 x W64Abm3}x GN79}-1-3-1-1-1-1,AUS,Breeding material,AusTRCF 306333
PI 702898,28,29,False,Maize.Group.Ames.Panel.2010,{W64Abm3 x Gn32}-1-1-1-1-1,AUS,Breeding material,AusTRCF 306335
PI 702899,28,29,False,Maize.Group.Ames.Panel.2010,{W64Abm3 x Gn32}-3-1-2-1-1,AUS,Breeding material,AusTRCF 306337
PI 702900,25,25,False,,{W64Abm3 x Gn32}-4-3-2-1-1,AUS,Breeding material,AusTRCF 306342
PI 702902,29,30,False,Maize.Group.Ames.Panel.2010,{A619bm3 x Gn33}-2-1-2-2-1,AUS,Breeding material,AusTRCF 306344
PI 702903,28,30,False,Maize.Group.Ames.Panel.2010,{A619bm3 x Gn33}-3-1-1-1-1,AUS,Breeding material,AusTRCF 306345
PI 702904,28,30,False,Maize.Group.Ames.Panel.2010,{A619bm3 x Gn33}-6-1-1-1-1,AUS,Breeding material,AusTRCF 306346
PI 702905,29,31,False,Maize.Group.Ames.Panel.2010,{A632bm3 x GP12678}-3 x Gn22wx]-2-2-1-1-1 [A632bm3 x GP12678}-3 x Gn22wx]-2-2-1-1-1,AUS,Breeding material,AusTRCF 306347
PI 702906,29,39,False,Maize.Group.Ames.Panel.2010,[A632bm3 x Gp12678}-3 x Gn22wx]-2-2-1-2-1 [A632bm3 x GP12678}-3 x Gn22wx]-2-2-1-1-1,AUS,Breeding material,AusTRCF 306348
PI 702907,29,30,False,Maize.Group.Ames.Panel.2010,{A619bm3 x Gn23wx)-4-1-2-1-1 [A632bm3 x GP12678}-3 x Gn22wx]-2-2-1-1-1,AUS,Breeding material,AusTRCF 306350
PI 702908,28,43,False,Maize.Group.Ames.Panel.2010,{{A619bm3 x HB}-2sibbed-2sibbed x HB}-2-1-1-1 {{A619bm3 x HB}-2sibbed-2sibbed x HB}-2-1-1-1,AUS,Breeding material,AusTRCF 306352
PI 702909,28,37,False,Maize.Group.Ames.Panel.2010,{{A619bm3 x HB}-2sibbed-2sibbed x HB}-2-1-2-1 {{A619bm3 x HB}-2sibbed-2sibbed x HB}-2-1-2-1,AUS,Breeding material,AusTRCF 306353
PI 702910,28,43,False,Maize.Group.Ames.Panel.2010,{{A619bm3 x HB}-2sibbed-2sibbed x HB}-2-1-3-1 {{A619bm3 x HB}-2sibbed-2sibbed x HB}-2-1-3-1,AUS,Breeding material,AusTRCF 306354
PI 702911,29,40,False,Maize.Group.Ames.Panel.2010,{{A619bm3 x HB}-2sibbed-2sibbed x HB}-3-2-1-1 {{A619bm3 x HB}-2sibbed-2sibbed x HB}-3-2-1-1,AUS,Breeding material,AusTRCF 306355
PI 702912,27,42,False,Maize.Group.Ames.Panel.2010,{{A619bm3 x HB(2)}-6}-3-1-1-1-1 {{A619bm3 x HB}-2sibbed-2sibbed x HB}-3-2-1-1,AUS,Breeding material,AusTRCF 306356
PI 702913,29,30,False,Maize.Group.Ames.Panel.2010,{{A619bm3 x HB(2)}-6}-3-1-1-2-1 {{A619bm3 x HB}-2sibbed-2sibbed x HB}-3-2-1-1,AUS,Breeding material,AusTRCF 306357
PI 704920,16,16,False,Maize.GEM.Group1.All-GEM-Releases,KO679Y/GEMS-0030//794-015-001-001-B-SIB,USA,Cultivar,GEMS-0322
PI 704921,16,16,False,Maize.GEM.Group1.All-GEM-Releases,GEMS-0219//GEMS-0147/GEMS-0227-SIB-B-122-001-B-SIB,USA,Cultivar,GEMS-0323
PI 704922,16,16,False,Maize.GEM.Group1.All-GEM-Releases,GEMS-0227/Ki14//41-002-001-001-B-SIB,USA,Cultivar,GEMS-0324
PI 704923,16,16,False,Maize.GEM.Group1.All-GEM-Releases,PHN46//GEMN-0130/Mp494///41-002-001-001-B-SIB,USA,Cultivar,GEMN-0325
PI 705063,16,17,False,,,USA,Cultivar,Wheaton Yellow Dent
PI 705065,33,36,False,,,USA,Cultivar,Argentine Pop
PI 705067,34,43,False,,,USA,Cultivar,Strawberry Pop
PI 705122,16,16,False,Maize.GEM.Group1.All-GEM-Releases,La Posta Sequia C7 F71-1-1-1-2-B*4:S40a-B-31-B,USA,Cultivar,GEMS-0320
PI 705123,16,16,False,Maize.GEM.Group1.All-GEM-Releases,La Posta Sequia C7 F71-1-1-1-2-B*4:S40b-B-18-B,USA,Cultivar,GEMS-0321
PI 705125,28,29,False,,,USA,Landrace,Aunt Mary's
PI 705129,30,55,False,,,USA,Landrace,Hooker's Sweet Indian
PI 705130,31,34,False,,,USA,Landrace,Red
PI 705132,30,54,False,,,USA,Landrace,Tuscarora
PI 705137,27,27,False,,,USA,Landrace,Campbell
PI 705173,15,15,False,,,GUY,Landrace,Guyana 806
PI 705175,15,15,False,,,LCA,Landrace,Saint Lucia 3
PI 705181,16,16,False,,,BRA,Breeding material,Compuesto Centroamericano A
PI 705229,22,22,False,,,MEX,Landrace,Guanajuato 165
PI 705660,15,15,False,,,MEX,Landrace,BENZ 485
PI 705661,16,17,False,,,MEX,Landrace,BENZ 488
PI 705663,16,16,False,,,MEX,Landrace,BENZ 499
PI 705665,16,16,False,,,MEX,Landrace,BENZ 561
PI 705666,15,15,False,,,MEX,Landrace,BENZ 588
PI 705667,15,15,False,,,MEX,Landrace,BENZ 593
PI 705668,26,26,False,,,MEX,Landrace,BENZ 638
PI 705669,16,30,False,,,MEX,Landrace,BENZ 649
PI 705670,40,40,False,,,MEX,Landrace,BENZ 659
PI 705671,16,16,False,,,MEX,Landrace,Oaxaca 569
PI 705672,16,31,False,,,MEX,Landrace,BENZ 669
PI 705673,15,29,False,,,MEX,Landrace,BENZ 671
PI 705674,15,29,False,,,MEX,Landrace,BENZ 672
PI 705675,15,29,False,,,MEX,Landrace,BENZ 681
PI 705676,15,29,False,,,MEX,Landrace,BENZ 682
PI 705677,15,15,False,,,MEX,Landrace,BENZ 684
PI 705680,17,17,False,,,MEX,Landrace,BENZ 713
PI 705684,25,25,False,,,MEX,Landrace,BENZ 729
PI 705686,16,16,False,,,MEX,Landrace,BENZ 737
PI 705692,16,30,False,,,MEX,Landrace,BENZ 750
PI 705693,16,16,False,,,MEX,Landrace,BENZ 751
PI 705700,25,25,False,,,MEX,Landrace,BENZ 861
PI 705711,16,16,False,,,MEX,Landrace,BENZ 881
PI 705713,44,45,False,,,MEX,Landrace,BENZ 889
PI 705720,25,25,False,,,MEX,Landrace,BENZ 929
PI 705722,16,17,False,,,MEX,Landrace,BENZ 935
PI 705723,15,29,False,,,MEX,Landrace,BENZ 936
PI 705727,32,32,False,,,MEX,Landrace,BENZ 945
PI 705739,27,75,False,,,USA,Breeding material,BSSS(HT)C5
PI 705740,25,25,False,,"Half early selections from CG-Cuzco and half Cuzco 321, Cuzco 363, Apurimac 29, Apurimac 230, Puno 19, FER-0104, Synthetic 636.  The genetics are more then 96% Andean by pedigree.",USA,Breeding material,Andean Composite
PI 705742,24,24,False,,Narrow selection for earliness from CIMMYT drought tolerant Tuxpeno populations.,USA,Breeding material,DTPY Early Selection
PI 705743,25,44,False,,Selection from this Conico accession.,USA,Breeding material,Mex 207 Early Selection
PI 705744,25,25,False,,"Composite that is half Pob. 900 and Mex 207 and half A619E, A632E, A634E, A662E, CK61E, W117E.  Pedigree is half northern corn belt and half Mexican Highland.",USA,Breeding material,Mexident
PI 705745,25,50,False,,Narrow selection for earliness from CIMMYT drought tolerant Tuxpeno populations.,USA,Breeding material,Pool 18 Sequia CyF2 Early Selection
PI 705746,25,25,False,,,USA,Breeding material,Ross Early Flint
PI 705747,25,57,False,,,USA,Breeding material,Thomas Jefferson
PI 705748,25,25,False,,,USA,Landrace,Hurst Reid Yellow Dent
PI 705751,17,33,False,Maize.Group.Ames.Panel.2010,T61 x NC37,USA,Breeding material,GA215
PI 705752,20,20,False,,,USA,Cultivar,Tennessee Smut
PI 705753,16,58,False,,,USA,Landrace,Gourdseed
PI 705754,19,22,False,Maize.Group.Ames.Panel.2010,(B73 x NC244) B73,USA,Breeding material,NC276
PI 705755,28,56,False,Maize.Group.Ames.Panel.2010,(McNair 14 x 18) x [(NC248 x NC2460) x C103],USA,Breeding material,NC286
PI 705757,25,39,False,,Ex139 x LH38,USA,Cultivar,LH170
PI 705761,19,21,False,Maize.Group.Ames.Panel.2010,(B73 x Pa91) B73 ^2,USA,Breeding material,NC284
PI 706268,16,16,False,,"A synthetic of Antigua 4 and Antigua 5 (CIMMYTMA 1351 and CIMMYTMA 3859).
",ATG,Breeding material,Antigua Group 1
PI 706271,17,17,False,,"A synthetic consisting of RDOM 10D, 11D, 18D, 35D, 41D, 43D, 45D, 46D, 55D, 56D, 62D, 63D, 64D, 65D, 69D, 70D, 74D)",DOM,Breeding material,Dominican Republic Group 1
PI 706278,28,30,False,,,AUT,Landrace,Austria 2
PI 706279,26,26,False,,,AUT,Landrace,Austria 78
PI 706280,16,16,False,,,BOL,Landrace,Bolivia 322
PI 706281,15,29,False,,,BOL,Landrace,Bolivia 1037
PI 706282,17,17,False,,,BRA,Landrace,Brazil 200
PI 706283,19,19,False,,,MEX,Landrace,Campeche 77
PI 706284,19,19,False,,,MEX,Landrace,Coahuila 56
PI 706285,19,19,False,,,MEX,Landrace,Guerrero 171
PI 706286,19,19,False,,,MEX,Landrace,Guerrero 218
PI 706287,16,16,False,,,HND,Landrace,Honduras 114
PI 706288,38,49,False,,,MEX,Landrace,Michoacan 214
PI 706289,19,19,False,,,NPL,Landrace,Nepal 2908
PI 706290,16,16,False,,,MEX,Landrace,Oaxaca 11
PI 706291,19,19,False,,,PAN,Landrace,Panama 113
PI 706292,26,27,False,,,URY,Landrace,Uruguay 106A
PI 706293,15,15,False,,,MEX,Landrace,Yucatan 1
PI 706294,19,19,False,,,MEX,Landrace,Yucatan 8
PI 706295,19,19,False,,,MEX,Landrace,Yucatan 56
PI 706296,19,19,False,,,MEX,Landrace,Yucatan 104
PI 706297,19,19,False,,,MEX,Landrace,Yucatan 134
PI 706298,15,15,False,,,MEX,Landrace,Yucatan 144
PI 706308,26,27,False,,,URY,Landrace,Uruguay 637
PI 706309,25,26,False,,,URY,Landrace,Uruguay 639
PI 706310,25,40,False,,,URY,Landrace,Uruguay 671
PI 706320,25,26,False,,,URY,Landrace,Uruguay 1143
PI 706323,25,26,False,,,URY,Landrace,Uruguay 1155
PI 706330,26,27,False,,,URY,Landrace,Uruguay 22A
PI 706335,26,27,False,,,URY,Landrace,Uruguay 44A
PI 706342,26,27,False,,,URY,Landrace,Uruguay 89A
PI 706343,25,26,False,,,URY,Landrace,Uruguay 102
PI 706350,25,26,False,,,URY,Landrace,Uruguay 174
PI 706354,25,26,False,,,URY,Landrace,Uruguay 1107
PI 706355,15,15,False,,,HTI,Landrace,Haiti 6
PI 706356,15,15,False,,,HTI,Landrace,Haiti 10
PI 706357,15,15,False,,,TTO,Landrace,Trinidad 5
PI 706358,15,15,False,,,VEN,Landrace,Venezuela 664
PI 706359,15,15,False,,,VEN,Landrace,Venezuela 460
PI 706360,15,29,False,,BRAZIL 810 ,GUY,Landrace,Guyana Group 3
PI 706361,35,41,False,,,USA,Landrace,Burro Mountain
PI 706530,18,18,False,Maize.GEM.Group1.All-GEM-Releases,GEMS-0220/CML373//R3212Z-069-002-001-B-SIB-SIB,USA,Cultivar,GEMS-0326
PI 706531,18,18,False,Maize.GEM.Group1.All-GEM-Releases,GEMS-0227/CML373//R3212Z-087-002-001-B-SIB-SIB,USA,Cultivar,GEMS-0327
PI 706532,18,18,False,Maize.GEM.Group1.All-GEM-Releases,GEMS-0227/Ki14//GEMS-0218-040-001-001-B-SIB-SIB,USA,Cultivar,GEMS-0328
PI 706533,18,18,False,Maize.GEM.Group1.All-GEM-Releases,GEMS-0227/Ki14//PHW51-005-001-001-B-SIB-SIB,USA,Cultivar,GEMS-0329
PI 706548,24,24,False,,Open pollinated isolation increase from a single seed of blue corn found in Ames 21080.,USA,Landrace,Mandan Corn
PI 706549,25,25,False,,,USA,Landrace,Illiniwek Flour Tamaroa White
PI 706550,25,26,False,,,USA,Landrace,Illiniwek Flour Tamaroa Red Striped
PI 706551,24,37,False,Maize.Group.Ames.Panel.Post.2010,,USA,Breeding material,B68HTN
PI 706552,27,54,False,Maize.Group.Ames.Panel.2010,,USA,Breeding material,Pa91HT1
PI 706553,27,53,False,Maize.Group.Ames.Panel.2010,,USA,Breeding material,Pa91HT2
PI 706554,27,55,False,Maize.Group.Ames.Panel.2010,,USA,Breeding material,Pa91HT3
PI 706555,28,46,False,Maize.Group.Ames.Panel.2010,,USA,Breeding material,W64A ae
PI 706556,28,45,False,Maize.Group.Ames.Panel.2010,,USA,Breeding material,W64A ae/wx
PI 706558,19,50,False,Maize.Set.Inbred.Diversity.282.Plus.NAM.Parents,,THA,Breeding material,Ki9
PI 706563,25,25,False,,,USA,Landrace,Hawkin's Prolific (Malot Strain)
PI 706564,25,25,False,,,USA,Landrace,Holcombe Strain (Malot Strain)
PI 706565,15,57,False,Maize.Group.Ames.Panel.Post.2010,,USA,Breeding material,Mp462D
PI 706568,28,43,False,Maize.Group.Ames.Panel.2010,Midland Variety,USA,Breeding material,K11
PI 706571,15,30,False,Maize.Group.Ames.Panel.2010,,USA,Breeding material,MP305
PI 706572,16,32,False,Maize.Group.Ames.Panel.2010,,USA,Breeding material,MP462
PI 706746,17,17,False,,,USA,Landrace,Mexican June (Safford Strain)
PI 706747,28,31,False,,,USA,Landrace,Mexican June (Duncan Strain)
PI 706748,27,27,False,,,USA,Breeding material,Mexican June (Northern Arizona Strain)
PI 706749,27,27,False,,,USA,Breeding material,Mexican June (Arizona Strain)
PI 706750,26,26,False,,,USA,Breeding material,Mexican June (Northern Mexico Strain)
PI 706751,28,29,False,,,USA,Landrace,Mexican June (Texas Strain)
PI 706752,27,27,False,,,USA,Breeding material,ARIZONA 115
PI 706753,27,29,False,,,USA,Breeding material,ARIZONA 116
PI 706754,27,27,False,,,USA,Breeding material,ARIZONA 117
PI 706755,26,26,False,,,USA,Breeding material,ARIZONA 118
PI 706756,27,27,False,,,USA,Breeding material,ARIZONA 119
PI 706757,27,27,False,,,USA,Breeding material,ARIZONA 120
PI 706758,26,26,False,,,USA,Breeding material,ARIZONA 121
PI 706759,27,27,False,,,USA,Breeding material,ARIZONA 122
PI 706760,27,27,False,,,USA,Breeding material,ARIZONA 123
PI 706761,27,27,False,,,USA,Breeding material,ARIZONA 124
PI 706762,27,27,False,,,USA,Breeding material,ARIZONA 125
PI 706763,27,27,False,,,USA,Breeding material,ARIZONA 126
PI 706764,27,27,False,,,USA,Breeding material,ARIZONA 127
PI 706765,27,27,False,,,USA,Breeding material,ARIZONA 128
PI 706766,27,27,False,,,USA,Breeding material,ARIZONA 129
PI 706767,25,49,False,,,USA,Landrace,ARIZONA 130
PI 706768,27,27,False,,,USA,Breeding material,ARIZONA 131
PI 706769,27,27,False,,,USA,Breeding material,ARIZONA 132
PI 706770,26,26,False,,,USA,Breeding material,ARIZONA 133
PI 706771,16,16,False,,,USA,Breeding material,ARIZONA 134
PI 706773,27,27,False,,,USA,Breeding material,ARIZONA 061
PI 706774,27,27,False,,,USA,Breeding material,ARIZONA 063
PI 706775,27,28,False,,,USA,Breeding material,ARIZONA 064
PI 706776,27,27,False,,,USA,Breeding material,ARIZONA 066
PI 706777,27,27,False,,,USA,Breeding material,ARIZONA 067
PI 706778,25,39,False,,,USA,Breeding material,ARIZONA 069
PI 706779,27,27,False,,,USA,Breeding material,ARIZONA 075
PI 706780,25,25,False,,,USA,Breeding material,ARIZONA 086
PI 706781,27,27,False,,,USA,Breeding material,ARIZONA 088
PI 706782,25,39,False,,,USA,Breeding material,ARIZONA 093
PI 706783,25,49,False,,,USA,Breeding material,ARIZONA 095
PI 706784,26,50,False,,,USA,Breeding material,ARIZONA 096
PI 706785,27,27,False,,,USA,Breeding material,ARIZONA 100
PI 706786,17,17,False,,,USA,Breeding material,ARIZONA 135
PI 706787,24,24,False,,H99 x FR177,USA,Cultivar,FR20A
PI 706788,24,24,False,,Oh43 x Oh07,USA,Cultivar,FR3
PI 706789,24,24,False,,Derived from CBS #3,USA,Cultivar,FR16
PI 706790,24,24,False,,C103 x Va35,USA,Cultivar,FR13A
PI 706791,24,24,False,,N28(2) x Rt1,USA,Cultivar,FR15
PI 706792,24,24,False,,Derived from B73,USA,Cultivar,FR15A
PI 706793,24,24,False,,Derived from Mo17,USA,Cultivar,FR22
PI 706794,24,24,False,,FR619 x A635,USA,Cultivar,FR31
PI 706795,24,24,False,,Derived from B14,USA,Cultivar,FR140
PI 706796,24,24,False,,Derived from Oh51,USA,Cultivar,FR51A
PI 706797,24,24,False,,"Derived from Oh43, NSSS",USA,Cultivar,FR52
PI 706798,24,24,False,,FRB73 x 75-R120,USA,Cultivar,FR1010
PI 706799,24,24,False,,FR123 x FR177,USA,Cultivar,FR328
PI 706800,24,24,False,,Pioneer 3709,USA,Cultivar,FR399
PI 706801,24,24,False,,Derived from C103,USA,Cultivar,FR4326
PI 706802,24,24,False,,FR634 x FR31,USA,Cultivar,FR902
PI 706803,24,24,False,,FRB73 x FR30,USA,Cultivar,FR986
PI 706804,24,24,False,,Derived from B73,USA,Cultivar,FR1128
PI 706805,24,24,False,,Derived from B14,USA,Cultivar,FR1420
PI 706806,24,24,False,,Pioneer 3382,USA,Cultivar,FR2115
PI 706807,24,24,False,,A632Rp x FR632 (5),USA,Cultivar,FR2156
PI 706808,24,24,False,,A632Rp x FR632 (5),USA,Cultivar,FR2164
PI 706809,24,24,False,,Derived from B14/Oh43,USA,Cultivar,FR3027
PI 706810,24,24,False,,FR27rhm Selection,USA,Cultivar,FR34
PI 706811,24,24,False,,FR23 derivative,USA,Cultivar,FR495
PI 706812,24,24,False,,CM105 x N28,USA,Cultivar,FR088
PI 706813,24,24,False,,Derived from C103,USA,Cultivar,FR36
PI 706814,24,24,False,,B84 x B73,USA,Cultivar,FR41
PI 706815,24,24,False,,Mo17 (2) x A654,USA,Cultivar,FR667
PI 706816,24,24,False,,Derived from B73,USA,Cultivar,FR1016
PI 706817,24,24,False,,FR1141 derivative,USA,Cultivar,FR1075
PI 706818,24,24,False,,FR1141 derivative,USA,Cultivar,FR1087
PI 706819,24,24,False,,Derived from B73,USA,Cultivar,FR1096
PI 706820,24,24,False,,Derived from Pio3901,USA,Cultivar,FR1912
PI 706822,24,24,False,,Derived from Mo17,USA,Cultivar,FR2510
PI 706823,24,24,False,,Derived from B73,USA,Cultivar,FR254
PI 706824,24,24,False,,Derived from B73,USA,Cultivar,FR264
PI 706825,24,24,False,,Derived from Oh43,USA,Cultivar,FR3100
PI 706826,24,24,False,,B73 x FR16,USA,Cultivar,FR405
PI 706827,24,24,False,,Derived from B73,USA,Cultivar,FR993
PI 706828,24,24,False,,Derived from B73,USA,Cultivar,FR1029
PI 706829,24,24,False,,Derived from B73,USA,Cultivar,FR1074
PI 706830,24,24,False,,Derived from B73,USA,Cultivar,FR1086
PI 706831,24,24,False,,Derived from Mo17. Early.,USA,Cultivar,FR1094
PI 706832,24,24,False,,Derived from B73,USA,Cultivar,FR1106
PI 706833,24,24,False,,Derived from B73,USA,Cultivar,FR113
PI 706834,24,24,False,,B68 x FR3019,USA,Cultivar,FR460
PI 706835,24,24,False,,FR22 derivative,USA,Cultivar,FR481
PI 706836,24,24,False,,Derived from Pio3906,USA,Cultivar,FR180
PI 706837,24,24,False,,Derived from Mo17. Early.,USA,Cultivar,FR2174
PI 706838,24,24,False,,Derived from B73,USA,Cultivar,FR2312
PI 706839,24,24,False,,Derived from B73,USA,Cultivar,FR2686
PI 706840,24,24,False,,Derived from B73,USA,Cultivar,FR2687
PI 706841,24,24,False,,Derived from Mo17,USA,Cultivar,FR3129
PI 706842,24,24,False,,Derived from Mo17,USA,Cultivar,FR3146
PI 706843,24,24,False,,Derived from B14,USA,Cultivar,FR1246
PI 706844,24,24,False,,Derived from B14,USA,Cultivar,FR1405
PI 706845,24,24,False,,Derived from Mo17,USA,Cultivar,FR733
PI 706846,24,24,False,,Derived from Mo17,USA,Cultivar,FR767
PI 706847,24,24,False,,Derived from B73,USA,Cultivar,FR8340
PI 706848,24,24,False,,Derived from B73,USA,Cultivar,FR9020
PI 706849,24,24,False,,B73 x B84,USA,Cultivar,FR9630
PI 706850,24,24,False,,Derived from B14,USA,Cultivar,FR130
PI 706851,24,24,False,,LH38,USA,Cultivar,LH38 IAMS
PI 706852,25,39,False,,LH38,USA,Cultivar,LH38 WX
PI 706853,25,25,False,,LH39,USA,Cultivar,LH39 IAMS
PI 706854,24,38,False,,LH39,USA,Cultivar,LH39 WX
PI 706855,24,38,False,,Va26 x L120,USA,Cultivar,LH40
PI 706856,24,38,False,,Va26 x L120,USA,Cultivar,LH41
PI 706857,24,38,False,,A619 x L120,USA,Cultivar,LH43
PI 706858,25,39,False,,Oh43 SYN RGII,USA,Cultivar,LH171
PI 706859,25,39,False,,A619 x L120,USA,Cultivar,LH98
PI 706860,25,39,False,,A619 x L120,USA,Cultivar,LH102
PI 706862,24,38,False,,LH38(4) X A619Ht,USA,Cultivar,LH107
PI 706864,25,39,False,,LH7 x LH38,USA,Cultivar,LH110
PI 707960,28,28,False,,,USA,Cultivar,Bauer Yellow Dent
PI 707961,24,24,False,,,USA,Breeding material,TSI (TENN. MAIZE GERMPLASM)
PI 707963,24,24,False,,,USA,Breeding material,Dekalb Semi-Dwarf
PI 707964,28,32,False,Maize.Group.Ames.Panel.2010,Hastings Prolific,USA,Breeding material,GE440
PI 707965,29,88,False,Maize.Set.Inbred.Diversity.282.Plus.NAM.Parents,Smith (old Florida Variety),USA,Breeding material,F44 Goodman-Buckler
PI 707966,26,50,False,Maize.Group.Ames.Panel.2010,Cocke Prolific,USA,Breeding material,Mp307
PI 707967,19,19,False,,,USA,Cultivar,Blue Fox Flour Corn
PI 707968,26,66,False,,,USA,Landrace,Country Gentleman Sweet OP
PI 707969,16,16,False,,,USA,Landrace,Strawberry Popcorn
PI 707970,17,17,False,,,USA,Landrace,Ornamental Corn
PI 707971,16,30,False,,,USA,Landrace,Golden Bantam
PI 707974,31,34,False,Maize.Group.Ames.Panel.2010,,USA,Breeding material,89S4083
PI 707975,30,35,False,Maize.Group.Ames.Panel.2010,,USA,Breeding material,89S4098
PI 707976,28,28,False,Maize.Group.Ames.Panel.2010,,USA,Breeding material,89S4107
PI 707977,20,24,False,Maize.Group.Ames.Panel.2010,,USA,Breeding material,89S4110
PI 707978,17,20,False,Maize.Group.Ames.Panel.2010,,USA,Breeding material,89S4117
PI 707979,29,35,False,Maize.Group.Ames.Panel.2010,,USA,Breeding material,89S4125
PI 707980,29,32,False,Maize.Group.Ames.Panel.2010,,USA,Breeding material,89S4127
PI 707981,29,31,False,Maize.Group.Ames.Panel.2010,,USA,Breeding material,89S4145
PI 707982,30,36,False,Maize.Group.Ames.Panel.2010,,USA,Breeding material,89S4154
PI 707985,26,42,False,,,USA,Landrace,Northern Ute
PI 708145,16,17,False,,,COL,Landrace,COSTENO AMARILLO
PI 708147,17,31,False,,,COL,Landrace,COSTENO SEGREGATIONS
PI 708148,17,31,False,,,COL,Landrace,PUYA AMARILLO
PI 708149,17,18,False,,,COL,Landrace,PUYA BLANCO
PI 708150,18,19,False,,,COL,Landrace,CARIACO AMARILLO
PI 708151,17,30,False,,,COL,Landrace,PUYA GRANDE AMARILLO
PI 708162,17,17,False,,,MEX,Landrace,CACAHUACINTLE
PI 708165,18,19,False,,,MEX,Landrace,VANDENO
PI 708167,19,20,False,,,MEX,Landrace,ZAPALOTE GRANDE
PI 708172,23,25,False,,,MEX,Landrace,CHAPALOTE
PI 708175,17,18,False,,,MEX,Landrace,TEPECINTLE
PI 708177,24,24,False,,,MEX,Landrace,ARROCILLO AMARILLO
PI 708178,17,18,False,,,MEX,Landrace,CELAYA
PI 708179,17,18,False,,,MEX,Landrace,ZAPALOTE CHICO
PI 708180,16,17,False,,,MEX,Landrace,NAL-TEL
PI 708182,16,16,False,,,MEX,Landrace,PEPITILLA
PI 708184,25,25,False,,,USA,Breeding material,South African-American Synthetic
PI 708185,25,25,False,,,USA,Breeding material,Sweepstakes Synthetic
PI 708186,25,25,False,,,USA,Breeding material,Early Synthetic 2
PI 708187,25,25,False,,,USA,Breeding material,Intermediate Synthetic
PI 708188,25,25,False,,,USA,Breeding material,Early Synthetic
PI 708189,16,16,False,,,GUF,Landrace,French Guiana 793
PI 708510,27,52,False,,,USA,Landrace,Miami White Flour
PI 708511,26,26,False,,One generation inbred developed from 3 copper colored ears segregated from PI 213758.,USA,Landrace,Shawnee Copper
PI 708512,30,86,False,Maize.Group.Ames.Panel.2010,Outcross in line from 176A.,USA,Breeding material,38-11
PI 708514,25,26,False,,,USA,Cultivar,Bantam Crosby
PI 708515,27,54,False,Maize.Group.Ames.Panel.2010,A632 +/sh2,USA,Breeding material,A632 +/sh2
PI 708516,27,42,False,Maize.Group.Ames.Panel.2010,A632 sh2/sh2,USA,Breeding material,A632 sh2/sh2
PI 708517,27,43,False,Maize.Group.Ames.Panel.2010,A632 su/su,USA,Breeding material,A632 su/su
PI 708518,28,55,False,Maize.Group.Ames.Panel.2010,B84 +/su,USA,Breeding material,B84 +/su
PI 708519,28,31,False,Maize.Group.Ames.Panel.2010,Mo17 +/su,USA,Breeding material,Mo17 +/su
PI 708522,28,80,False,Maize.Group.Ames.Panel.2010,A632.75 A1 A2 C1 R1-r B1 Pl1,USA,Breeding material,A632.75 A1 A2 C1 R1-r B1 Pl1
PI 708523,26,26,False,,,USA,Breeding material,Washonge Corn
PI 708524,28,52,False,Maize.Group.Ames.Panel.Post.2010,,CZE,Breeding material,CE-777
PI 708525,17,17,False,,,USA,Breeding material,Iowa Tuson Composite (M) C1
PI 708526,17,17,False,,Derived from Iowa Tuson Composite (M) C2,USA,Breeding material,Iowa Tuson Composite (M) C3
PI 708527,17,17,False,,Derived from Iowa Tuson Composite (M) C4,USA,Breeding material,Iowa Tuson Composite (M) C5
PI 708528,17,17,False,,Derived from Iowa Tuson Composite (M) C6,USA,Breeding material,Iowa Tuson Composite (M) C7
PI 708529,17,17,False,,Derived from Iowa Tuson Composite (M) C8,USA,Breeding material,Iowa Tuson Composite (M) C9
PI 708530,28,28,False,Maize.Group.Ames.Panel.Post.2010,B73 o2o2,USA,Breeding material,B73 o2o2
PI 708531,24,24,False,Maize.Group.Ames.Panel.Post.2010,Va25 x T204,USA,Breeding material,T246
PI 708532,24,39,False,Maize.Group.Ames.Panel.Post.2010,,USA,Breeding material,T35
PI 708533,24,24,False,Maize.Group.Ames.Panel.Post.2010,,USA,Breeding material,Tx76
PI 708534,24,24,False,Maize.Group.Ames.Panel.Post.2010,,USA,Breeding material,Tx130
PI 708535,25,40,False,Maize.Group.Ames.Panel.Post.2010,Tx601 white conversion; Tx601 derived from Yellow Tuxpan,USA,Breeding material,Tx601w
PI 708536,24,24,False,Maize.Group.Ames.Panel.Post.2010,,USA,Breeding material,Tx760
PI 708537,24,24,False,Maize.Group.Ames.Panel.Post.2010,,USA,Breeding material,Tx768
PI 708538,24,53,False,Maize.Group.Ames.Panel.Post.2010,,USA,Breeding material,Tx803
PI 708539,25,25,False,Maize.Group.Ames.Panel.Post.2010,Composite of Tx325 and 7 cornbelt dents,USA,Breeding material,Tx6252
PI 708540,24,25,False,,"25 NAM founders( B97, CML103, CML228, CML247, CML277, CML322, CML333, CML52, CML69, HP301, Il14H, Ki11, Ki3, Ky21, M162W, M37W, Mo18W, Ms71, NC350, NC358, Oh43, Oh7B, P39(Goodman-Buckler), Tx303, Tzi8) plus B73 and Mo17 intercrossed with BC1 populations of 11 Zea mays subsp. parviglumis gametes crossed and backcrossed with B73.  The expected parentage of this population is 38% B73, 2% each other maize inbred, and 12% teosinte.  This population has been random mated 7 times.",USA,Breeding material,Zea Synthetic
PI 708541,16,16,False,,,USA,Cultivar,Nalo Orange
PI 708542,40,54,False,,,MEX,Landrace,Sinaloa 2
PI 708625,31,56,False,,,CAN,Landrace,Six Nations Oksweken Flour Corn
PI 708637,32,32,False,,,USA,Landrace,Yellow Creole
PI 708641,26,27,False,,,FIN,Breeding material,Wiurula Synthetic
PI 708642,24,24,False,,,USA,Landrace,Cherokee Flour Corn
PI 708645,26,26,False,,,USA,Cultivar,Baby Blue
PI 708646,26,26,False,,,USA,Cultivar,Pink Bo Peep
PI 708648,25,41,False,,,USA,Landrace,Lee's Original
PI 708649,25,26,False,,,USA,Cultivar,Yukon Chief
PI 708650,27,43,False,,,USA,Cultivated material,West Branch Sweepstakes
PI 708656,25,50,False,,,USA,Cultivar,Sweet Baby Blue
PI 708662,26,26,False,,,USA,Breeding material,Coroico sh2 @@@@##(NCLB)
PI 708663,26,26,False,,,USA,Breeding material,Cuzco suse####
PI 708664,26,26,False,,,USA,Breeding material,Red @@@rc# (NCLB)
PI 708665,16,16,False,,Karapampa accessions X Painted Mountain F3,USA,Breeding material,Karapampa/Painted Mountain Composite
